subset	class_name	label	filename	class_relative_path	dataset_relative_path
train	Airport	0	airport_108.tif	Airport/airport_108.tif	AID_20/train/Airport/airport_108.tif
train	Airport	0	airport_116.tif	Airport/airport_116.tif	AID_20/train/Airport/airport_116.tif
train	Airport	0	airport_121.tif	Airport/airport_121.tif	AID_20/train/Airport/airport_121.tif
train	Airport	0	airport_122.tif	Airport/airport_122.tif	AID_20/train/Airport/airport_122.tif
train	Airport	0	airport_13.tif	Airport/airport_13.tif	AID_20/train/Airport/airport_13.tif
train	Airport	0	airport_132.tif	Airport/airport_132.tif	AID_20/train/Airport/airport_132.tif
train	Airport	0	airport_133.tif	Airport/airport_133.tif	AID_20/train/Airport/airport_133.tif
train	Airport	0	airport_140.tif	Airport/airport_140.tif	AID_20/train/Airport/airport_140.tif
train	Airport	0	airport_147.tif	Airport/airport_147.tif	AID_20/train/Airport/airport_147.tif
train	Airport	0	airport_158.tif	Airport/airport_158.tif	AID_20/train/Airport/airport_158.tif
train	Airport	0	airport_159.tif	Airport/airport_159.tif	AID_20/train/Airport/airport_159.tif
train	Airport	0	airport_164.tif	Airport/airport_164.tif	AID_20/train/Airport/airport_164.tif
train	Airport	0	airport_166.tif	Airport/airport_166.tif	AID_20/train/Airport/airport_166.tif
train	Airport	0	airport_169.tif	Airport/airport_169.tif	AID_20/train/Airport/airport_169.tif
train	Airport	0	airport_171.tif	Airport/airport_171.tif	AID_20/train/Airport/airport_171.tif
train	Airport	0	airport_176.tif	Airport/airport_176.tif	AID_20/train/Airport/airport_176.tif
train	Airport	0	airport_179.tif	Airport/airport_179.tif	AID_20/train/Airport/airport_179.tif
train	Airport	0	airport_18.tif	Airport/airport_18.tif	AID_20/train/Airport/airport_18.tif
train	Airport	0	airport_180.tif	Airport/airport_180.tif	AID_20/train/Airport/airport_180.tif
train	Airport	0	airport_181.tif	Airport/airport_181.tif	AID_20/train/Airport/airport_181.tif
train	Airport	0	airport_184.tif	Airport/airport_184.tif	AID_20/train/Airport/airport_184.tif
train	Airport	0	airport_186.tif	Airport/airport_186.tif	AID_20/train/Airport/airport_186.tif
train	Airport	0	airport_189.tif	Airport/airport_189.tif	AID_20/train/Airport/airport_189.tif
train	Airport	0	airport_19.tif	Airport/airport_19.tif	AID_20/train/Airport/airport_19.tif
train	Airport	0	airport_192.tif	Airport/airport_192.tif	AID_20/train/Airport/airport_192.tif
train	Airport	0	airport_194.tif	Airport/airport_194.tif	AID_20/train/Airport/airport_194.tif
train	Airport	0	airport_198.tif	Airport/airport_198.tif	AID_20/train/Airport/airport_198.tif
train	Airport	0	airport_207.tif	Airport/airport_207.tif	AID_20/train/Airport/airport_207.tif
train	Airport	0	airport_238.tif	Airport/airport_238.tif	AID_20/train/Airport/airport_238.tif
train	Airport	0	airport_24.tif	Airport/airport_24.tif	AID_20/train/Airport/airport_24.tif
train	Airport	0	airport_241.tif	Airport/airport_241.tif	AID_20/train/Airport/airport_241.tif
train	Airport	0	airport_248.tif	Airport/airport_248.tif	AID_20/train/Airport/airport_248.tif
train	Airport	0	airport_25.tif	Airport/airport_25.tif	AID_20/train/Airport/airport_25.tif
train	Airport	0	airport_252.tif	Airport/airport_252.tif	AID_20/train/Airport/airport_252.tif
train	Airport	0	airport_253.tif	Airport/airport_253.tif	AID_20/train/Airport/airport_253.tif
train	Airport	0	airport_257.tif	Airport/airport_257.tif	AID_20/train/Airport/airport_257.tif
train	Airport	0	airport_259.tif	Airport/airport_259.tif	AID_20/train/Airport/airport_259.tif
train	Airport	0	airport_263.tif	Airport/airport_263.tif	AID_20/train/Airport/airport_263.tif
train	Airport	0	airport_268.tif	Airport/airport_268.tif	AID_20/train/Airport/airport_268.tif
train	Airport	0	airport_269.tif	Airport/airport_269.tif	AID_20/train/Airport/airport_269.tif
train	Airport	0	airport_270.tif	Airport/airport_270.tif	AID_20/train/Airport/airport_270.tif
train	Airport	0	airport_279.tif	Airport/airport_279.tif	AID_20/train/Airport/airport_279.tif
train	Airport	0	airport_28.tif	Airport/airport_28.tif	AID_20/train/Airport/airport_28.tif
train	Airport	0	airport_282.tif	Airport/airport_282.tif	AID_20/train/Airport/airport_282.tif
train	Airport	0	airport_290.tif	Airport/airport_290.tif	AID_20/train/Airport/airport_290.tif
train	Airport	0	airport_295.tif	Airport/airport_295.tif	AID_20/train/Airport/airport_295.tif
train	Airport	0	airport_296.tif	Airport/airport_296.tif	AID_20/train/Airport/airport_296.tif
train	Airport	0	airport_3.tif	Airport/airport_3.tif	AID_20/train/Airport/airport_3.tif
train	Airport	0	airport_301.tif	Airport/airport_301.tif	AID_20/train/Airport/airport_301.tif
train	Airport	0	airport_303.tif	Airport/airport_303.tif	AID_20/train/Airport/airport_303.tif
train	Airport	0	airport_306.tif	Airport/airport_306.tif	AID_20/train/Airport/airport_306.tif
train	Airport	0	airport_307.tif	Airport/airport_307.tif	AID_20/train/Airport/airport_307.tif
train	Airport	0	airport_309.tif	Airport/airport_309.tif	AID_20/train/Airport/airport_309.tif
train	Airport	0	airport_312.tif	Airport/airport_312.tif	AID_20/train/Airport/airport_312.tif
train	Airport	0	airport_313.tif	Airport/airport_313.tif	AID_20/train/Airport/airport_313.tif
train	Airport	0	airport_326.tif	Airport/airport_326.tif	AID_20/train/Airport/airport_326.tif
train	Airport	0	airport_327.tif	Airport/airport_327.tif	AID_20/train/Airport/airport_327.tif
train	Airport	0	airport_330.tif	Airport/airport_330.tif	AID_20/train/Airport/airport_330.tif
train	Airport	0	airport_336.tif	Airport/airport_336.tif	AID_20/train/Airport/airport_336.tif
train	Airport	0	airport_340.tif	Airport/airport_340.tif	AID_20/train/Airport/airport_340.tif
train	Airport	0	airport_352.tif	Airport/airport_352.tif	AID_20/train/Airport/airport_352.tif
train	Airport	0	airport_36.tif	Airport/airport_36.tif	AID_20/train/Airport/airport_36.tif
train	Airport	0	airport_360.tif	Airport/airport_360.tif	AID_20/train/Airport/airport_360.tif
train	Airport	0	airport_38.tif	Airport/airport_38.tif	AID_20/train/Airport/airport_38.tif
train	Airport	0	airport_4.tif	Airport/airport_4.tif	AID_20/train/Airport/airport_4.tif
train	Airport	0	airport_57.tif	Airport/airport_57.tif	AID_20/train/Airport/airport_57.tif
train	Airport	0	airport_63.tif	Airport/airport_63.tif	AID_20/train/Airport/airport_63.tif
train	Airport	0	airport_65.tif	Airport/airport_65.tif	AID_20/train/Airport/airport_65.tif
train	Airport	0	airport_70.tif	Airport/airport_70.tif	AID_20/train/Airport/airport_70.tif
train	Airport	0	airport_71.tif	Airport/airport_71.tif	AID_20/train/Airport/airport_71.tif
train	Airport	0	airport_9.tif	Airport/airport_9.tif	AID_20/train/Airport/airport_9.tif
train	Airport	0	airport_99.tif	Airport/airport_99.tif	AID_20/train/Airport/airport_99.tif
train	BareLand	1	bareland_100.tif	BareLand/bareland_100.tif	AID_20/train/BareLand/bareland_100.tif
train	BareLand	1	bareland_106.tif	BareLand/bareland_106.tif	AID_20/train/BareLand/bareland_106.tif
train	BareLand	1	bareland_108.tif	BareLand/bareland_108.tif	AID_20/train/BareLand/bareland_108.tif
train	BareLand	1	bareland_111.tif	BareLand/bareland_111.tif	AID_20/train/BareLand/bareland_111.tif
train	BareLand	1	bareland_113.tif	BareLand/bareland_113.tif	AID_20/train/BareLand/bareland_113.tif
train	BareLand	1	bareland_116.tif	BareLand/bareland_116.tif	AID_20/train/BareLand/bareland_116.tif
train	BareLand	1	bareland_121.tif	BareLand/bareland_121.tif	AID_20/train/BareLand/bareland_121.tif
train	BareLand	1	bareland_13.tif	BareLand/bareland_13.tif	AID_20/train/BareLand/bareland_13.tif
train	BareLand	1	bareland_131.tif	BareLand/bareland_131.tif	AID_20/train/BareLand/bareland_131.tif
train	BareLand	1	bareland_134.tif	BareLand/bareland_134.tif	AID_20/train/BareLand/bareland_134.tif
train	BareLand	1	bareland_136.tif	BareLand/bareland_136.tif	AID_20/train/BareLand/bareland_136.tif
train	BareLand	1	bareland_137.tif	BareLand/bareland_137.tif	AID_20/train/BareLand/bareland_137.tif
train	BareLand	1	bareland_140.tif	BareLand/bareland_140.tif	AID_20/train/BareLand/bareland_140.tif
train	BareLand	1	bareland_149.tif	BareLand/bareland_149.tif	AID_20/train/BareLand/bareland_149.tif
train	BareLand	1	bareland_154.tif	BareLand/bareland_154.tif	AID_20/train/BareLand/bareland_154.tif
train	BareLand	1	bareland_166.tif	BareLand/bareland_166.tif	AID_20/train/BareLand/bareland_166.tif
train	BareLand	1	bareland_172.tif	BareLand/bareland_172.tif	AID_20/train/BareLand/bareland_172.tif
train	BareLand	1	bareland_177.tif	BareLand/bareland_177.tif	AID_20/train/BareLand/bareland_177.tif
train	BareLand	1	bareland_178.tif	BareLand/bareland_178.tif	AID_20/train/BareLand/bareland_178.tif
train	BareLand	1	bareland_182.tif	BareLand/bareland_182.tif	AID_20/train/BareLand/bareland_182.tif
train	BareLand	1	bareland_185.tif	BareLand/bareland_185.tif	AID_20/train/BareLand/bareland_185.tif
train	BareLand	1	bareland_19.tif	BareLand/bareland_19.tif	AID_20/train/BareLand/bareland_19.tif
train	BareLand	1	bareland_195.tif	BareLand/bareland_195.tif	AID_20/train/BareLand/bareland_195.tif
train	BareLand	1	bareland_198.tif	BareLand/bareland_198.tif	AID_20/train/BareLand/bareland_198.tif
train	BareLand	1	bareland_201.tif	BareLand/bareland_201.tif	AID_20/train/BareLand/bareland_201.tif
train	BareLand	1	bareland_203.tif	BareLand/bareland_203.tif	AID_20/train/BareLand/bareland_203.tif
train	BareLand	1	bareland_211.tif	BareLand/bareland_211.tif	AID_20/train/BareLand/bareland_211.tif
train	BareLand	1	bareland_212.tif	BareLand/bareland_212.tif	AID_20/train/BareLand/bareland_212.tif
train	BareLand	1	bareland_218.tif	BareLand/bareland_218.tif	AID_20/train/BareLand/bareland_218.tif
train	BareLand	1	bareland_221.tif	BareLand/bareland_221.tif	AID_20/train/BareLand/bareland_221.tif
train	BareLand	1	bareland_223.tif	BareLand/bareland_223.tif	AID_20/train/BareLand/bareland_223.tif
train	BareLand	1	bareland_235.tif	BareLand/bareland_235.tif	AID_20/train/BareLand/bareland_235.tif
train	BareLand	1	bareland_238.tif	BareLand/bareland_238.tif	AID_20/train/BareLand/bareland_238.tif
train	BareLand	1	bareland_241.tif	BareLand/bareland_241.tif	AID_20/train/BareLand/bareland_241.tif
train	BareLand	1	bareland_246.tif	BareLand/bareland_246.tif	AID_20/train/BareLand/bareland_246.tif
train	BareLand	1	bareland_258.tif	BareLand/bareland_258.tif	AID_20/train/BareLand/bareland_258.tif
train	BareLand	1	bareland_26.tif	BareLand/bareland_26.tif	AID_20/train/BareLand/bareland_26.tif
train	BareLand	1	bareland_265.tif	BareLand/bareland_265.tif	AID_20/train/BareLand/bareland_265.tif
train	BareLand	1	bareland_266.tif	BareLand/bareland_266.tif	AID_20/train/BareLand/bareland_266.tif
train	BareLand	1	bareland_270.tif	BareLand/bareland_270.tif	AID_20/train/BareLand/bareland_270.tif
train	BareLand	1	bareland_283.tif	BareLand/bareland_283.tif	AID_20/train/BareLand/bareland_283.tif
train	BareLand	1	bareland_291.tif	BareLand/bareland_291.tif	AID_20/train/BareLand/bareland_291.tif
train	BareLand	1	bareland_304.tif	BareLand/bareland_304.tif	AID_20/train/BareLand/bareland_304.tif
train	BareLand	1	bareland_37.tif	BareLand/bareland_37.tif	AID_20/train/BareLand/bareland_37.tif
train	BareLand	1	bareland_4.tif	BareLand/bareland_4.tif	AID_20/train/BareLand/bareland_4.tif
train	BareLand	1	bareland_43.tif	BareLand/bareland_43.tif	AID_20/train/BareLand/bareland_43.tif
train	BareLand	1	bareland_5.tif	BareLand/bareland_5.tif	AID_20/train/BareLand/bareland_5.tif
train	BareLand	1	bareland_55.tif	BareLand/bareland_55.tif	AID_20/train/BareLand/bareland_55.tif
train	BareLand	1	bareland_57.tif	BareLand/bareland_57.tif	AID_20/train/BareLand/bareland_57.tif
train	BareLand	1	bareland_58.tif	BareLand/bareland_58.tif	AID_20/train/BareLand/bareland_58.tif
train	BareLand	1	bareland_6.tif	BareLand/bareland_6.tif	AID_20/train/BareLand/bareland_6.tif
train	BareLand	1	bareland_7.tif	BareLand/bareland_7.tif	AID_20/train/BareLand/bareland_7.tif
train	BareLand	1	bareland_71.tif	BareLand/bareland_71.tif	AID_20/train/BareLand/bareland_71.tif
train	BareLand	1	bareland_78.tif	BareLand/bareland_78.tif	AID_20/train/BareLand/bareland_78.tif
train	BareLand	1	bareland_81.tif	BareLand/bareland_81.tif	AID_20/train/BareLand/bareland_81.tif
train	BareLand	1	bareland_82.tif	BareLand/bareland_82.tif	AID_20/train/BareLand/bareland_82.tif
train	BareLand	1	bareland_83.tif	BareLand/bareland_83.tif	AID_20/train/BareLand/bareland_83.tif
train	BareLand	1	bareland_84.tif	BareLand/bareland_84.tif	AID_20/train/BareLand/bareland_84.tif
train	BareLand	1	bareland_86.tif	BareLand/bareland_86.tif	AID_20/train/BareLand/bareland_86.tif
train	BareLand	1	bareland_9.tif	BareLand/bareland_9.tif	AID_20/train/BareLand/bareland_9.tif
train	BareLand	1	bareland_90.tif	BareLand/bareland_90.tif	AID_20/train/BareLand/bareland_90.tif
train	BareLand	1	bareland_98.tif	BareLand/bareland_98.tif	AID_20/train/BareLand/bareland_98.tif
train	BaseballField	2	baseballfield_1.tif	BaseballField/baseballfield_1.tif	AID_20/train/BaseballField/baseballfield_1.tif
train	BaseballField	2	baseballfield_106.tif	BaseballField/baseballfield_106.tif	AID_20/train/BaseballField/baseballfield_106.tif
train	BaseballField	2	baseballfield_107.tif	BaseballField/baseballfield_107.tif	AID_20/train/BaseballField/baseballfield_107.tif
train	BaseballField	2	baseballfield_112.tif	BaseballField/baseballfield_112.tif	AID_20/train/BaseballField/baseballfield_112.tif
train	BaseballField	2	baseballfield_115.tif	BaseballField/baseballfield_115.tif	AID_20/train/BaseballField/baseballfield_115.tif
train	BaseballField	2	baseballfield_119.tif	BaseballField/baseballfield_119.tif	AID_20/train/BaseballField/baseballfield_119.tif
train	BaseballField	2	baseballfield_121.tif	BaseballField/baseballfield_121.tif	AID_20/train/BaseballField/baseballfield_121.tif
train	BaseballField	2	baseballfield_131.tif	BaseballField/baseballfield_131.tif	AID_20/train/BaseballField/baseballfield_131.tif
train	BaseballField	2	baseballfield_133.tif	BaseballField/baseballfield_133.tif	AID_20/train/BaseballField/baseballfield_133.tif
train	BaseballField	2	baseballfield_135.tif	BaseballField/baseballfield_135.tif	AID_20/train/BaseballField/baseballfield_135.tif
train	BaseballField	2	baseballfield_143.tif	BaseballField/baseballfield_143.tif	AID_20/train/BaseballField/baseballfield_143.tif
train	BaseballField	2	baseballfield_147.tif	BaseballField/baseballfield_147.tif	AID_20/train/BaseballField/baseballfield_147.tif
train	BaseballField	2	baseballfield_15.tif	BaseballField/baseballfield_15.tif	AID_20/train/BaseballField/baseballfield_15.tif
train	BaseballField	2	baseballfield_172.tif	BaseballField/baseballfield_172.tif	AID_20/train/BaseballField/baseballfield_172.tif
train	BaseballField	2	baseballfield_175.tif	BaseballField/baseballfield_175.tif	AID_20/train/BaseballField/baseballfield_175.tif
train	BaseballField	2	baseballfield_181.tif	BaseballField/baseballfield_181.tif	AID_20/train/BaseballField/baseballfield_181.tif
train	BaseballField	2	baseballfield_183.tif	BaseballField/baseballfield_183.tif	AID_20/train/BaseballField/baseballfield_183.tif
train	BaseballField	2	baseballfield_188.tif	BaseballField/baseballfield_188.tif	AID_20/train/BaseballField/baseballfield_188.tif
train	BaseballField	2	baseballfield_19.tif	BaseballField/baseballfield_19.tif	AID_20/train/BaseballField/baseballfield_19.tif
train	BaseballField	2	baseballfield_193.tif	BaseballField/baseballfield_193.tif	AID_20/train/BaseballField/baseballfield_193.tif
train	BaseballField	2	baseballfield_201.tif	BaseballField/baseballfield_201.tif	AID_20/train/BaseballField/baseballfield_201.tif
train	BaseballField	2	baseballfield_210.tif	BaseballField/baseballfield_210.tif	AID_20/train/BaseballField/baseballfield_210.tif
train	BaseballField	2	baseballfield_212.tif	BaseballField/baseballfield_212.tif	AID_20/train/BaseballField/baseballfield_212.tif
train	BaseballField	2	baseballfield_214.tif	BaseballField/baseballfield_214.tif	AID_20/train/BaseballField/baseballfield_214.tif
train	BaseballField	2	baseballfield_24.tif	BaseballField/baseballfield_24.tif	AID_20/train/BaseballField/baseballfield_24.tif
train	BaseballField	2	baseballfield_28.tif	BaseballField/baseballfield_28.tif	AID_20/train/BaseballField/baseballfield_28.tif
train	BaseballField	2	baseballfield_3.tif	BaseballField/baseballfield_3.tif	AID_20/train/BaseballField/baseballfield_3.tif
train	BaseballField	2	baseballfield_32.tif	BaseballField/baseballfield_32.tif	AID_20/train/BaseballField/baseballfield_32.tif
train	BaseballField	2	baseballfield_39.tif	BaseballField/baseballfield_39.tif	AID_20/train/BaseballField/baseballfield_39.tif
train	BaseballField	2	baseballfield_4.tif	BaseballField/baseballfield_4.tif	AID_20/train/BaseballField/baseballfield_4.tif
train	BaseballField	2	baseballfield_42.tif	BaseballField/baseballfield_42.tif	AID_20/train/BaseballField/baseballfield_42.tif
train	BaseballField	2	baseballfield_43.tif	BaseballField/baseballfield_43.tif	AID_20/train/BaseballField/baseballfield_43.tif
train	BaseballField	2	baseballfield_48.tif	BaseballField/baseballfield_48.tif	AID_20/train/BaseballField/baseballfield_48.tif
train	BaseballField	2	baseballfield_52.tif	BaseballField/baseballfield_52.tif	AID_20/train/BaseballField/baseballfield_52.tif
train	BaseballField	2	baseballfield_63.tif	BaseballField/baseballfield_63.tif	AID_20/train/BaseballField/baseballfield_63.tif
train	BaseballField	2	baseballfield_64.tif	BaseballField/baseballfield_64.tif	AID_20/train/BaseballField/baseballfield_64.tif
train	BaseballField	2	baseballfield_67.tif	BaseballField/baseballfield_67.tif	AID_20/train/BaseballField/baseballfield_67.tif
train	BaseballField	2	baseballfield_77.tif	BaseballField/baseballfield_77.tif	AID_20/train/BaseballField/baseballfield_77.tif
train	BaseballField	2	baseballfield_79.tif	BaseballField/baseballfield_79.tif	AID_20/train/BaseballField/baseballfield_79.tif
train	BaseballField	2	baseballfield_85.tif	BaseballField/baseballfield_85.tif	AID_20/train/BaseballField/baseballfield_85.tif
train	BaseballField	2	baseballfield_88.tif	BaseballField/baseballfield_88.tif	AID_20/train/BaseballField/baseballfield_88.tif
train	BaseballField	2	baseballfield_89.tif	BaseballField/baseballfield_89.tif	AID_20/train/BaseballField/baseballfield_89.tif
train	BaseballField	2	baseballfield_98.tif	BaseballField/baseballfield_98.tif	AID_20/train/BaseballField/baseballfield_98.tif
train	BaseballField	2	baseballfield_99.tif	BaseballField/baseballfield_99.tif	AID_20/train/BaseballField/baseballfield_99.tif
train	Beach	3	beach_100.tif	Beach/beach_100.tif	AID_20/train/Beach/beach_100.tif
train	Beach	3	beach_102.tif	Beach/beach_102.tif	AID_20/train/Beach/beach_102.tif
train	Beach	3	beach_103.tif	Beach/beach_103.tif	AID_20/train/Beach/beach_103.tif
train	Beach	3	beach_104.tif	Beach/beach_104.tif	AID_20/train/Beach/beach_104.tif
train	Beach	3	beach_106.tif	Beach/beach_106.tif	AID_20/train/Beach/beach_106.tif
train	Beach	3	beach_11.tif	Beach/beach_11.tif	AID_20/train/Beach/beach_11.tif
train	Beach	3	beach_112.tif	Beach/beach_112.tif	AID_20/train/Beach/beach_112.tif
train	Beach	3	beach_120.tif	Beach/beach_120.tif	AID_20/train/Beach/beach_120.tif
train	Beach	3	beach_124.tif	Beach/beach_124.tif	AID_20/train/Beach/beach_124.tif
train	Beach	3	beach_129.tif	Beach/beach_129.tif	AID_20/train/Beach/beach_129.tif
train	Beach	3	beach_130.tif	Beach/beach_130.tif	AID_20/train/Beach/beach_130.tif
train	Beach	3	beach_143.tif	Beach/beach_143.tif	AID_20/train/Beach/beach_143.tif
train	Beach	3	beach_145.tif	Beach/beach_145.tif	AID_20/train/Beach/beach_145.tif
train	Beach	3	beach_157.tif	Beach/beach_157.tif	AID_20/train/Beach/beach_157.tif
train	Beach	3	beach_158.tif	Beach/beach_158.tif	AID_20/train/Beach/beach_158.tif
train	Beach	3	beach_159.tif	Beach/beach_159.tif	AID_20/train/Beach/beach_159.tif
train	Beach	3	beach_163.tif	Beach/beach_163.tif	AID_20/train/Beach/beach_163.tif
train	Beach	3	beach_169.tif	Beach/beach_169.tif	AID_20/train/Beach/beach_169.tif
train	Beach	3	beach_180.tif	Beach/beach_180.tif	AID_20/train/Beach/beach_180.tif
train	Beach	3	beach_181.tif	Beach/beach_181.tif	AID_20/train/Beach/beach_181.tif
train	Beach	3	beach_184.tif	Beach/beach_184.tif	AID_20/train/Beach/beach_184.tif
train	Beach	3	beach_185.tif	Beach/beach_185.tif	AID_20/train/Beach/beach_185.tif
train	Beach	3	beach_192.tif	Beach/beach_192.tif	AID_20/train/Beach/beach_192.tif
train	Beach	3	beach_196.tif	Beach/beach_196.tif	AID_20/train/Beach/beach_196.tif
train	Beach	3	beach_198.tif	Beach/beach_198.tif	AID_20/train/Beach/beach_198.tif
train	Beach	3	beach_199.tif	Beach/beach_199.tif	AID_20/train/Beach/beach_199.tif
train	Beach	3	beach_217.tif	Beach/beach_217.tif	AID_20/train/Beach/beach_217.tif
train	Beach	3	beach_218.tif	Beach/beach_218.tif	AID_20/train/Beach/beach_218.tif
train	Beach	3	beach_219.tif	Beach/beach_219.tif	AID_20/train/Beach/beach_219.tif
train	Beach	3	beach_225.tif	Beach/beach_225.tif	AID_20/train/Beach/beach_225.tif
train	Beach	3	beach_238.tif	Beach/beach_238.tif	AID_20/train/Beach/beach_238.tif
train	Beach	3	beach_241.tif	Beach/beach_241.tif	AID_20/train/Beach/beach_241.tif
train	Beach	3	beach_245.tif	Beach/beach_245.tif	AID_20/train/Beach/beach_245.tif
train	Beach	3	beach_253.tif	Beach/beach_253.tif	AID_20/train/Beach/beach_253.tif
train	Beach	3	beach_254.tif	Beach/beach_254.tif	AID_20/train/Beach/beach_254.tif
train	Beach	3	beach_257.tif	Beach/beach_257.tif	AID_20/train/Beach/beach_257.tif
train	Beach	3	beach_263.tif	Beach/beach_263.tif	AID_20/train/Beach/beach_263.tif
train	Beach	3	beach_268.tif	Beach/beach_268.tif	AID_20/train/Beach/beach_268.tif
train	Beach	3	beach_269.tif	Beach/beach_269.tif	AID_20/train/Beach/beach_269.tif
train	Beach	3	beach_27.tif	Beach/beach_27.tif	AID_20/train/Beach/beach_27.tif
train	Beach	3	beach_272.tif	Beach/beach_272.tif	AID_20/train/Beach/beach_272.tif
train	Beach	3	beach_276.tif	Beach/beach_276.tif	AID_20/train/Beach/beach_276.tif
train	Beach	3	beach_278.tif	Beach/beach_278.tif	AID_20/train/Beach/beach_278.tif
train	Beach	3	beach_282.tif	Beach/beach_282.tif	AID_20/train/Beach/beach_282.tif
train	Beach	3	beach_287.tif	Beach/beach_287.tif	AID_20/train/Beach/beach_287.tif
train	Beach	3	beach_292.tif	Beach/beach_292.tif	AID_20/train/Beach/beach_292.tif
train	Beach	3	beach_294.tif	Beach/beach_294.tif	AID_20/train/Beach/beach_294.tif
train	Beach	3	beach_3.tif	Beach/beach_3.tif	AID_20/train/Beach/beach_3.tif
train	Beach	3	beach_301.tif	Beach/beach_301.tif	AID_20/train/Beach/beach_301.tif
train	Beach	3	beach_307.tif	Beach/beach_307.tif	AID_20/train/Beach/beach_307.tif
train	Beach	3	beach_312.tif	Beach/beach_312.tif	AID_20/train/Beach/beach_312.tif
train	Beach	3	beach_316.tif	Beach/beach_316.tif	AID_20/train/Beach/beach_316.tif
train	Beach	3	beach_328.tif	Beach/beach_328.tif	AID_20/train/Beach/beach_328.tif
train	Beach	3	beach_330.tif	Beach/beach_330.tif	AID_20/train/Beach/beach_330.tif
train	Beach	3	beach_332.tif	Beach/beach_332.tif	AID_20/train/Beach/beach_332.tif
train	Beach	3	beach_341.tif	Beach/beach_341.tif	AID_20/train/Beach/beach_341.tif
train	Beach	3	beach_342.tif	Beach/beach_342.tif	AID_20/train/Beach/beach_342.tif
train	Beach	3	beach_345.tif	Beach/beach_345.tif	AID_20/train/Beach/beach_345.tif
train	Beach	3	beach_346.tif	Beach/beach_346.tif	AID_20/train/Beach/beach_346.tif
train	Beach	3	beach_351.tif	Beach/beach_351.tif	AID_20/train/Beach/beach_351.tif
train	Beach	3	beach_354.tif	Beach/beach_354.tif	AID_20/train/Beach/beach_354.tif
train	Beach	3	beach_36.tif	Beach/beach_36.tif	AID_20/train/Beach/beach_36.tif
train	Beach	3	beach_366.tif	Beach/beach_366.tif	AID_20/train/Beach/beach_366.tif
train	Beach	3	beach_368.tif	Beach/beach_368.tif	AID_20/train/Beach/beach_368.tif
train	Beach	3	beach_372.tif	Beach/beach_372.tif	AID_20/train/Beach/beach_372.tif
train	Beach	3	beach_382.tif	Beach/beach_382.tif	AID_20/train/Beach/beach_382.tif
train	Beach	3	beach_387.tif	Beach/beach_387.tif	AID_20/train/Beach/beach_387.tif
train	Beach	3	beach_389.tif	Beach/beach_389.tif	AID_20/train/Beach/beach_389.tif
train	Beach	3	beach_46.tif	Beach/beach_46.tif	AID_20/train/Beach/beach_46.tif
train	Beach	3	beach_54.tif	Beach/beach_54.tif	AID_20/train/Beach/beach_54.tif
train	Beach	3	beach_58.tif	Beach/beach_58.tif	AID_20/train/Beach/beach_58.tif
train	Beach	3	beach_60.tif	Beach/beach_60.tif	AID_20/train/Beach/beach_60.tif
train	Beach	3	beach_68.tif	Beach/beach_68.tif	AID_20/train/Beach/beach_68.tif
train	Beach	3	beach_76.tif	Beach/beach_76.tif	AID_20/train/Beach/beach_76.tif
train	Beach	3	beach_79.tif	Beach/beach_79.tif	AID_20/train/Beach/beach_79.tif
train	Beach	3	beach_8.tif	Beach/beach_8.tif	AID_20/train/Beach/beach_8.tif
train	Beach	3	beach_83.tif	Beach/beach_83.tif	AID_20/train/Beach/beach_83.tif
train	Beach	3	beach_89.tif	Beach/beach_89.tif	AID_20/train/Beach/beach_89.tif
train	Beach	3	beach_92.tif	Beach/beach_92.tif	AID_20/train/Beach/beach_92.tif
train	Beach	3	beach_99.tif	Beach/beach_99.tif	AID_20/train/Beach/beach_99.tif
train	Bridge	4	bridge_1.tif	Bridge/bridge_1.tif	AID_20/train/Bridge/bridge_1.tif
train	Bridge	4	bridge_100.tif	Bridge/bridge_100.tif	AID_20/train/Bridge/bridge_100.tif
train	Bridge	4	bridge_102.tif	Bridge/bridge_102.tif	AID_20/train/Bridge/bridge_102.tif
train	Bridge	4	bridge_107.tif	Bridge/bridge_107.tif	AID_20/train/Bridge/bridge_107.tif
train	Bridge	4	bridge_119.tif	Bridge/bridge_119.tif	AID_20/train/Bridge/bridge_119.tif
train	Bridge	4	bridge_126.tif	Bridge/bridge_126.tif	AID_20/train/Bridge/bridge_126.tif
train	Bridge	4	bridge_133.tif	Bridge/bridge_133.tif	AID_20/train/Bridge/bridge_133.tif
train	Bridge	4	bridge_135.tif	Bridge/bridge_135.tif	AID_20/train/Bridge/bridge_135.tif
train	Bridge	4	bridge_137.tif	Bridge/bridge_137.tif	AID_20/train/Bridge/bridge_137.tif
train	Bridge	4	bridge_14.tif	Bridge/bridge_14.tif	AID_20/train/Bridge/bridge_14.tif
train	Bridge	4	bridge_146.tif	Bridge/bridge_146.tif	AID_20/train/Bridge/bridge_146.tif
train	Bridge	4	bridge_153.tif	Bridge/bridge_153.tif	AID_20/train/Bridge/bridge_153.tif
train	Bridge	4	bridge_154.tif	Bridge/bridge_154.tif	AID_20/train/Bridge/bridge_154.tif
train	Bridge	4	bridge_156.tif	Bridge/bridge_156.tif	AID_20/train/Bridge/bridge_156.tif
train	Bridge	4	bridge_17.tif	Bridge/bridge_17.tif	AID_20/train/Bridge/bridge_17.tif
train	Bridge	4	bridge_176.tif	Bridge/bridge_176.tif	AID_20/train/Bridge/bridge_176.tif
train	Bridge	4	bridge_178.tif	Bridge/bridge_178.tif	AID_20/train/Bridge/bridge_178.tif
train	Bridge	4	bridge_179.tif	Bridge/bridge_179.tif	AID_20/train/Bridge/bridge_179.tif
train	Bridge	4	bridge_181.tif	Bridge/bridge_181.tif	AID_20/train/Bridge/bridge_181.tif
train	Bridge	4	bridge_188.tif	Bridge/bridge_188.tif	AID_20/train/Bridge/bridge_188.tif
train	Bridge	4	bridge_19.tif	Bridge/bridge_19.tif	AID_20/train/Bridge/bridge_19.tif
train	Bridge	4	bridge_192.tif	Bridge/bridge_192.tif	AID_20/train/Bridge/bridge_192.tif
train	Bridge	4	bridge_193.tif	Bridge/bridge_193.tif	AID_20/train/Bridge/bridge_193.tif
train	Bridge	4	bridge_20.tif	Bridge/bridge_20.tif	AID_20/train/Bridge/bridge_20.tif
train	Bridge	4	bridge_201.tif	Bridge/bridge_201.tif	AID_20/train/Bridge/bridge_201.tif
train	Bridge	4	bridge_205.tif	Bridge/bridge_205.tif	AID_20/train/Bridge/bridge_205.tif
train	Bridge	4	bridge_221.tif	Bridge/bridge_221.tif	AID_20/train/Bridge/bridge_221.tif
train	Bridge	4	bridge_223.tif	Bridge/bridge_223.tif	AID_20/train/Bridge/bridge_223.tif
train	Bridge	4	bridge_224.tif	Bridge/bridge_224.tif	AID_20/train/Bridge/bridge_224.tif
train	Bridge	4	bridge_24.tif	Bridge/bridge_24.tif	AID_20/train/Bridge/bridge_24.tif
train	Bridge	4	bridge_243.tif	Bridge/bridge_243.tif	AID_20/train/Bridge/bridge_243.tif
train	Bridge	4	bridge_244.tif	Bridge/bridge_244.tif	AID_20/train/Bridge/bridge_244.tif
train	Bridge	4	bridge_254.tif	Bridge/bridge_254.tif	AID_20/train/Bridge/bridge_254.tif
train	Bridge	4	bridge_255.tif	Bridge/bridge_255.tif	AID_20/train/Bridge/bridge_255.tif
train	Bridge	4	bridge_258.tif	Bridge/bridge_258.tif	AID_20/train/Bridge/bridge_258.tif
train	Bridge	4	bridge_259.tif	Bridge/bridge_259.tif	AID_20/train/Bridge/bridge_259.tif
train	Bridge	4	bridge_262.tif	Bridge/bridge_262.tif	AID_20/train/Bridge/bridge_262.tif
train	Bridge	4	bridge_268.tif	Bridge/bridge_268.tif	AID_20/train/Bridge/bridge_268.tif
train	Bridge	4	bridge_277.tif	Bridge/bridge_277.tif	AID_20/train/Bridge/bridge_277.tif
train	Bridge	4	bridge_279.tif	Bridge/bridge_279.tif	AID_20/train/Bridge/bridge_279.tif
train	Bridge	4	bridge_289.tif	Bridge/bridge_289.tif	AID_20/train/Bridge/bridge_289.tif
train	Bridge	4	bridge_29.tif	Bridge/bridge_29.tif	AID_20/train/Bridge/bridge_29.tif
train	Bridge	4	bridge_291.tif	Bridge/bridge_291.tif	AID_20/train/Bridge/bridge_291.tif
train	Bridge	4	bridge_296.tif	Bridge/bridge_296.tif	AID_20/train/Bridge/bridge_296.tif
train	Bridge	4	bridge_297.tif	Bridge/bridge_297.tif	AID_20/train/Bridge/bridge_297.tif
train	Bridge	4	bridge_298.tif	Bridge/bridge_298.tif	AID_20/train/Bridge/bridge_298.tif
train	Bridge	4	bridge_3.tif	Bridge/bridge_3.tif	AID_20/train/Bridge/bridge_3.tif
train	Bridge	4	bridge_31.tif	Bridge/bridge_31.tif	AID_20/train/Bridge/bridge_31.tif
train	Bridge	4	bridge_313.tif	Bridge/bridge_313.tif	AID_20/train/Bridge/bridge_313.tif
train	Bridge	4	bridge_315.tif	Bridge/bridge_315.tif	AID_20/train/Bridge/bridge_315.tif
train	Bridge	4	bridge_321.tif	Bridge/bridge_321.tif	AID_20/train/Bridge/bridge_321.tif
train	Bridge	4	bridge_322.tif	Bridge/bridge_322.tif	AID_20/train/Bridge/bridge_322.tif
train	Bridge	4	bridge_327.tif	Bridge/bridge_327.tif	AID_20/train/Bridge/bridge_327.tif
train	Bridge	4	bridge_334.tif	Bridge/bridge_334.tif	AID_20/train/Bridge/bridge_334.tif
train	Bridge	4	bridge_339.tif	Bridge/bridge_339.tif	AID_20/train/Bridge/bridge_339.tif
train	Bridge	4	bridge_352.tif	Bridge/bridge_352.tif	AID_20/train/Bridge/bridge_352.tif
train	Bridge	4	bridge_356.tif	Bridge/bridge_356.tif	AID_20/train/Bridge/bridge_356.tif
train	Bridge	4	bridge_359.tif	Bridge/bridge_359.tif	AID_20/train/Bridge/bridge_359.tif
train	Bridge	4	bridge_43.tif	Bridge/bridge_43.tif	AID_20/train/Bridge/bridge_43.tif
train	Bridge	4	bridge_48.tif	Bridge/bridge_48.tif	AID_20/train/Bridge/bridge_48.tif
train	Bridge	4	bridge_5.tif	Bridge/bridge_5.tif	AID_20/train/Bridge/bridge_5.tif
train	Bridge	4	bridge_52.tif	Bridge/bridge_52.tif	AID_20/train/Bridge/bridge_52.tif
train	Bridge	4	bridge_57.tif	Bridge/bridge_57.tif	AID_20/train/Bridge/bridge_57.tif
train	Bridge	4	bridge_59.tif	Bridge/bridge_59.tif	AID_20/train/Bridge/bridge_59.tif
train	Bridge	4	bridge_61.tif	Bridge/bridge_61.tif	AID_20/train/Bridge/bridge_61.tif
train	Bridge	4	bridge_62.tif	Bridge/bridge_62.tif	AID_20/train/Bridge/bridge_62.tif
train	Bridge	4	bridge_67.tif	Bridge/bridge_67.tif	AID_20/train/Bridge/bridge_67.tif
train	Bridge	4	bridge_7.tif	Bridge/bridge_7.tif	AID_20/train/Bridge/bridge_7.tif
train	Bridge	4	bridge_76.tif	Bridge/bridge_76.tif	AID_20/train/Bridge/bridge_76.tif
train	Bridge	4	bridge_87.tif	Bridge/bridge_87.tif	AID_20/train/Bridge/bridge_87.tif
train	Bridge	4	bridge_88.tif	Bridge/bridge_88.tif	AID_20/train/Bridge/bridge_88.tif
train	Bridge	4	bridge_92.tif	Bridge/bridge_92.tif	AID_20/train/Bridge/bridge_92.tif
train	Center	5	center_1.tif	Center/center_1.tif	AID_20/train/Center/center_1.tif
train	Center	5	center_10.tif	Center/center_10.tif	AID_20/train/Center/center_10.tif
train	Center	5	center_100.tif	Center/center_100.tif	AID_20/train/Center/center_100.tif
train	Center	5	center_101.tif	Center/center_101.tif	AID_20/train/Center/center_101.tif
train	Center	5	center_106.tif	Center/center_106.tif	AID_20/train/Center/center_106.tif
train	Center	5	center_109.tif	Center/center_109.tif	AID_20/train/Center/center_109.tif
train	Center	5	center_119.tif	Center/center_119.tif	AID_20/train/Center/center_119.tif
train	Center	5	center_123.tif	Center/center_123.tif	AID_20/train/Center/center_123.tif
train	Center	5	center_127.tif	Center/center_127.tif	AID_20/train/Center/center_127.tif
train	Center	5	center_13.tif	Center/center_13.tif	AID_20/train/Center/center_13.tif
train	Center	5	center_130.tif	Center/center_130.tif	AID_20/train/Center/center_130.tif
train	Center	5	center_136.tif	Center/center_136.tif	AID_20/train/Center/center_136.tif
train	Center	5	center_137.tif	Center/center_137.tif	AID_20/train/Center/center_137.tif
train	Center	5	center_143.tif	Center/center_143.tif	AID_20/train/Center/center_143.tif
train	Center	5	center_145.tif	Center/center_145.tif	AID_20/train/Center/center_145.tif
train	Center	5	center_149.tif	Center/center_149.tif	AID_20/train/Center/center_149.tif
train	Center	5	center_151.tif	Center/center_151.tif	AID_20/train/Center/center_151.tif
train	Center	5	center_155.tif	Center/center_155.tif	AID_20/train/Center/center_155.tif
train	Center	5	center_159.tif	Center/center_159.tif	AID_20/train/Center/center_159.tif
train	Center	5	center_163.tif	Center/center_163.tif	AID_20/train/Center/center_163.tif
train	Center	5	center_172.tif	Center/center_172.tif	AID_20/train/Center/center_172.tif
train	Center	5	center_174.tif	Center/center_174.tif	AID_20/train/Center/center_174.tif
train	Center	5	center_181.tif	Center/center_181.tif	AID_20/train/Center/center_181.tif
train	Center	5	center_187.tif	Center/center_187.tif	AID_20/train/Center/center_187.tif
train	Center	5	center_190.tif	Center/center_190.tif	AID_20/train/Center/center_190.tif
train	Center	5	center_192.tif	Center/center_192.tif	AID_20/train/Center/center_192.tif
train	Center	5	center_194.tif	Center/center_194.tif	AID_20/train/Center/center_194.tif
train	Center	5	center_198.tif	Center/center_198.tif	AID_20/train/Center/center_198.tif
train	Center	5	center_2.tif	Center/center_2.tif	AID_20/train/Center/center_2.tif
train	Center	5	center_206.tif	Center/center_206.tif	AID_20/train/Center/center_206.tif
train	Center	5	center_209.tif	Center/center_209.tif	AID_20/train/Center/center_209.tif
train	Center	5	center_234.tif	Center/center_234.tif	AID_20/train/Center/center_234.tif
train	Center	5	center_250.tif	Center/center_250.tif	AID_20/train/Center/center_250.tif
train	Center	5	center_258.tif	Center/center_258.tif	AID_20/train/Center/center_258.tif
train	Center	5	center_28.tif	Center/center_28.tif	AID_20/train/Center/center_28.tif
train	Center	5	center_29.tif	Center/center_29.tif	AID_20/train/Center/center_29.tif
train	Center	5	center_3.tif	Center/center_3.tif	AID_20/train/Center/center_3.tif
train	Center	5	center_32.tif	Center/center_32.tif	AID_20/train/Center/center_32.tif
train	Center	5	center_34.tif	Center/center_34.tif	AID_20/train/Center/center_34.tif
train	Center	5	center_40.tif	Center/center_40.tif	AID_20/train/Center/center_40.tif
train	Center	5	center_51.tif	Center/center_51.tif	AID_20/train/Center/center_51.tif
train	Center	5	center_6.tif	Center/center_6.tif	AID_20/train/Center/center_6.tif
train	Center	5	center_60.tif	Center/center_60.tif	AID_20/train/Center/center_60.tif
train	Center	5	center_62.tif	Center/center_62.tif	AID_20/train/Center/center_62.tif
train	Center	5	center_63.tif	Center/center_63.tif	AID_20/train/Center/center_63.tif
train	Center	5	center_69.tif	Center/center_69.tif	AID_20/train/Center/center_69.tif
train	Center	5	center_77.tif	Center/center_77.tif	AID_20/train/Center/center_77.tif
train	Center	5	center_78.tif	Center/center_78.tif	AID_20/train/Center/center_78.tif
train	Center	5	center_85.tif	Center/center_85.tif	AID_20/train/Center/center_85.tif
train	Center	5	center_89.tif	Center/center_89.tif	AID_20/train/Center/center_89.tif
train	Center	5	center_94.tif	Center/center_94.tif	AID_20/train/Center/center_94.tif
train	Center	5	center_99.tif	Center/center_99.tif	AID_20/train/Center/center_99.tif
train	Church	6	church_10.tif	Church/church_10.tif	AID_20/train/Church/church_10.tif
train	Church	6	church_100.tif	Church/church_100.tif	AID_20/train/Church/church_100.tif
train	Church	6	church_104.tif	Church/church_104.tif	AID_20/train/Church/church_104.tif
train	Church	6	church_112.tif	Church/church_112.tif	AID_20/train/Church/church_112.tif
train	Church	6	church_119.tif	Church/church_119.tif	AID_20/train/Church/church_119.tif
train	Church	6	church_12.tif	Church/church_12.tif	AID_20/train/Church/church_12.tif
train	Church	6	church_121.tif	Church/church_121.tif	AID_20/train/Church/church_121.tif
train	Church	6	church_123.tif	Church/church_123.tif	AID_20/train/Church/church_123.tif
train	Church	6	church_125.tif	Church/church_125.tif	AID_20/train/Church/church_125.tif
train	Church	6	church_128.tif	Church/church_128.tif	AID_20/train/Church/church_128.tif
train	Church	6	church_133.tif	Church/church_133.tif	AID_20/train/Church/church_133.tif
train	Church	6	church_137.tif	Church/church_137.tif	AID_20/train/Church/church_137.tif
train	Church	6	church_138.tif	Church/church_138.tif	AID_20/train/Church/church_138.tif
train	Church	6	church_146.tif	Church/church_146.tif	AID_20/train/Church/church_146.tif
train	Church	6	church_147.tif	Church/church_147.tif	AID_20/train/Church/church_147.tif
train	Church	6	church_151.tif	Church/church_151.tif	AID_20/train/Church/church_151.tif
train	Church	6	church_152.tif	Church/church_152.tif	AID_20/train/Church/church_152.tif
train	Church	6	church_153.tif	Church/church_153.tif	AID_20/train/Church/church_153.tif
train	Church	6	church_155.tif	Church/church_155.tif	AID_20/train/Church/church_155.tif
train	Church	6	church_156.tif	Church/church_156.tif	AID_20/train/Church/church_156.tif
train	Church	6	church_162.tif	Church/church_162.tif	AID_20/train/Church/church_162.tif
train	Church	6	church_163.tif	Church/church_163.tif	AID_20/train/Church/church_163.tif
train	Church	6	church_168.tif	Church/church_168.tif	AID_20/train/Church/church_168.tif
train	Church	6	church_193.tif	Church/church_193.tif	AID_20/train/Church/church_193.tif
train	Church	6	church_200.tif	Church/church_200.tif	AID_20/train/Church/church_200.tif
train	Church	6	church_203.tif	Church/church_203.tif	AID_20/train/Church/church_203.tif
train	Church	6	church_210.tif	Church/church_210.tif	AID_20/train/Church/church_210.tif
train	Church	6	church_211.tif	Church/church_211.tif	AID_20/train/Church/church_211.tif
train	Church	6	church_220.tif	Church/church_220.tif	AID_20/train/Church/church_220.tif
train	Church	6	church_221.tif	Church/church_221.tif	AID_20/train/Church/church_221.tif
train	Church	6	church_229.tif	Church/church_229.tif	AID_20/train/Church/church_229.tif
train	Church	6	church_233.tif	Church/church_233.tif	AID_20/train/Church/church_233.tif
train	Church	6	church_235.tif	Church/church_235.tif	AID_20/train/Church/church_235.tif
train	Church	6	church_238.tif	Church/church_238.tif	AID_20/train/Church/church_238.tif
train	Church	6	church_33.tif	Church/church_33.tif	AID_20/train/Church/church_33.tif
train	Church	6	church_35.tif	Church/church_35.tif	AID_20/train/Church/church_35.tif
train	Church	6	church_38.tif	Church/church_38.tif	AID_20/train/Church/church_38.tif
train	Church	6	church_43.tif	Church/church_43.tif	AID_20/train/Church/church_43.tif
train	Church	6	church_49.tif	Church/church_49.tif	AID_20/train/Church/church_49.tif
train	Church	6	church_50.tif	Church/church_50.tif	AID_20/train/Church/church_50.tif
train	Church	6	church_58.tif	Church/church_58.tif	AID_20/train/Church/church_58.tif
train	Church	6	church_68.tif	Church/church_68.tif	AID_20/train/Church/church_68.tif
train	Church	6	church_8.tif	Church/church_8.tif	AID_20/train/Church/church_8.tif
train	Church	6	church_82.tif	Church/church_82.tif	AID_20/train/Church/church_82.tif
train	Church	6	church_83.tif	Church/church_83.tif	AID_20/train/Church/church_83.tif
train	Church	6	church_85.tif	Church/church_85.tif	AID_20/train/Church/church_85.tif
train	Church	6	church_9.tif	Church/church_9.tif	AID_20/train/Church/church_9.tif
train	Church	6	church_95.tif	Church/church_95.tif	AID_20/train/Church/church_95.tif
train	Commercial	7	commercial_1.tif	Commercial/commercial_1.tif	AID_20/train/Commercial/commercial_1.tif
train	Commercial	7	commercial_10.tif	Commercial/commercial_10.tif	AID_20/train/Commercial/commercial_10.tif
train	Commercial	7	commercial_101.tif	Commercial/commercial_101.tif	AID_20/train/Commercial/commercial_101.tif
train	Commercial	7	commercial_106.tif	Commercial/commercial_106.tif	AID_20/train/Commercial/commercial_106.tif
train	Commercial	7	commercial_113.tif	Commercial/commercial_113.tif	AID_20/train/Commercial/commercial_113.tif
train	Commercial	7	commercial_117.tif	Commercial/commercial_117.tif	AID_20/train/Commercial/commercial_117.tif
train	Commercial	7	commercial_125.tif	Commercial/commercial_125.tif	AID_20/train/Commercial/commercial_125.tif
train	Commercial	7	commercial_134.tif	Commercial/commercial_134.tif	AID_20/train/Commercial/commercial_134.tif
train	Commercial	7	commercial_137.tif	Commercial/commercial_137.tif	AID_20/train/Commercial/commercial_137.tif
train	Commercial	7	commercial_140.tif	Commercial/commercial_140.tif	AID_20/train/Commercial/commercial_140.tif
train	Commercial	7	commercial_145.tif	Commercial/commercial_145.tif	AID_20/train/Commercial/commercial_145.tif
train	Commercial	7	commercial_150.tif	Commercial/commercial_150.tif	AID_20/train/Commercial/commercial_150.tif
train	Commercial	7	commercial_152.tif	Commercial/commercial_152.tif	AID_20/train/Commercial/commercial_152.tif
train	Commercial	7	commercial_162.tif	Commercial/commercial_162.tif	AID_20/train/Commercial/commercial_162.tif
train	Commercial	7	commercial_166.tif	Commercial/commercial_166.tif	AID_20/train/Commercial/commercial_166.tif
train	Commercial	7	commercial_167.tif	Commercial/commercial_167.tif	AID_20/train/Commercial/commercial_167.tif
train	Commercial	7	commercial_169.tif	Commercial/commercial_169.tif	AID_20/train/Commercial/commercial_169.tif
train	Commercial	7	commercial_170.tif	Commercial/commercial_170.tif	AID_20/train/Commercial/commercial_170.tif
train	Commercial	7	commercial_181.tif	Commercial/commercial_181.tif	AID_20/train/Commercial/commercial_181.tif
train	Commercial	7	commercial_186.tif	Commercial/commercial_186.tif	AID_20/train/Commercial/commercial_186.tif
train	Commercial	7	commercial_194.tif	Commercial/commercial_194.tif	AID_20/train/Commercial/commercial_194.tif
train	Commercial	7	commercial_197.tif	Commercial/commercial_197.tif	AID_20/train/Commercial/commercial_197.tif
train	Commercial	7	commercial_2.tif	Commercial/commercial_2.tif	AID_20/train/Commercial/commercial_2.tif
train	Commercial	7	commercial_20.tif	Commercial/commercial_20.tif	AID_20/train/Commercial/commercial_20.tif
train	Commercial	7	commercial_201.tif	Commercial/commercial_201.tif	AID_20/train/Commercial/commercial_201.tif
train	Commercial	7	commercial_223.tif	Commercial/commercial_223.tif	AID_20/train/Commercial/commercial_223.tif
train	Commercial	7	commercial_230.tif	Commercial/commercial_230.tif	AID_20/train/Commercial/commercial_230.tif
train	Commercial	7	commercial_241.tif	Commercial/commercial_241.tif	AID_20/train/Commercial/commercial_241.tif
train	Commercial	7	commercial_244.tif	Commercial/commercial_244.tif	AID_20/train/Commercial/commercial_244.tif
train	Commercial	7	commercial_247.tif	Commercial/commercial_247.tif	AID_20/train/Commercial/commercial_247.tif
train	Commercial	7	commercial_249.tif	Commercial/commercial_249.tif	AID_20/train/Commercial/commercial_249.tif
train	Commercial	7	commercial_250.tif	Commercial/commercial_250.tif	AID_20/train/Commercial/commercial_250.tif
train	Commercial	7	commercial_251.tif	Commercial/commercial_251.tif	AID_20/train/Commercial/commercial_251.tif
train	Commercial	7	commercial_252.tif	Commercial/commercial_252.tif	AID_20/train/Commercial/commercial_252.tif
train	Commercial	7	commercial_255.tif	Commercial/commercial_255.tif	AID_20/train/Commercial/commercial_255.tif
train	Commercial	7	commercial_26.tif	Commercial/commercial_26.tif	AID_20/train/Commercial/commercial_26.tif
train	Commercial	7	commercial_262.tif	Commercial/commercial_262.tif	AID_20/train/Commercial/commercial_262.tif
train	Commercial	7	commercial_263.tif	Commercial/commercial_263.tif	AID_20/train/Commercial/commercial_263.tif
train	Commercial	7	commercial_266.tif	Commercial/commercial_266.tif	AID_20/train/Commercial/commercial_266.tif
train	Commercial	7	commercial_271.tif	Commercial/commercial_271.tif	AID_20/train/Commercial/commercial_271.tif
train	Commercial	7	commercial_274.tif	Commercial/commercial_274.tif	AID_20/train/Commercial/commercial_274.tif
train	Commercial	7	commercial_277.tif	Commercial/commercial_277.tif	AID_20/train/Commercial/commercial_277.tif
train	Commercial	7	commercial_281.tif	Commercial/commercial_281.tif	AID_20/train/Commercial/commercial_281.tif
train	Commercial	7	commercial_282.tif	Commercial/commercial_282.tif	AID_20/train/Commercial/commercial_282.tif
train	Commercial	7	commercial_288.tif	Commercial/commercial_288.tif	AID_20/train/Commercial/commercial_288.tif
train	Commercial	7	commercial_294.tif	Commercial/commercial_294.tif	AID_20/train/Commercial/commercial_294.tif
train	Commercial	7	commercial_296.tif	Commercial/commercial_296.tif	AID_20/train/Commercial/commercial_296.tif
train	Commercial	7	commercial_297.tif	Commercial/commercial_297.tif	AID_20/train/Commercial/commercial_297.tif
train	Commercial	7	commercial_298.tif	Commercial/commercial_298.tif	AID_20/train/Commercial/commercial_298.tif
train	Commercial	7	commercial_300.tif	Commercial/commercial_300.tif	AID_20/train/Commercial/commercial_300.tif
train	Commercial	7	commercial_302.tif	Commercial/commercial_302.tif	AID_20/train/Commercial/commercial_302.tif
train	Commercial	7	commercial_305.tif	Commercial/commercial_305.tif	AID_20/train/Commercial/commercial_305.tif
train	Commercial	7	commercial_310.tif	Commercial/commercial_310.tif	AID_20/train/Commercial/commercial_310.tif
train	Commercial	7	commercial_316.tif	Commercial/commercial_316.tif	AID_20/train/Commercial/commercial_316.tif
train	Commercial	7	commercial_318.tif	Commercial/commercial_318.tif	AID_20/train/Commercial/commercial_318.tif
train	Commercial	7	commercial_322.tif	Commercial/commercial_322.tif	AID_20/train/Commercial/commercial_322.tif
train	Commercial	7	commercial_324.tif	Commercial/commercial_324.tif	AID_20/train/Commercial/commercial_324.tif
train	Commercial	7	commercial_325.tif	Commercial/commercial_325.tif	AID_20/train/Commercial/commercial_325.tif
train	Commercial	7	commercial_34.tif	Commercial/commercial_34.tif	AID_20/train/Commercial/commercial_34.tif
train	Commercial	7	commercial_349.tif	Commercial/commercial_349.tif	AID_20/train/Commercial/commercial_349.tif
train	Commercial	7	commercial_42.tif	Commercial/commercial_42.tif	AID_20/train/Commercial/commercial_42.tif
train	Commercial	7	commercial_49.tif	Commercial/commercial_49.tif	AID_20/train/Commercial/commercial_49.tif
train	Commercial	7	commercial_53.tif	Commercial/commercial_53.tif	AID_20/train/Commercial/commercial_53.tif
train	Commercial	7	commercial_6.tif	Commercial/commercial_6.tif	AID_20/train/Commercial/commercial_6.tif
train	Commercial	7	commercial_62.tif	Commercial/commercial_62.tif	AID_20/train/Commercial/commercial_62.tif
train	Commercial	7	commercial_64.tif	Commercial/commercial_64.tif	AID_20/train/Commercial/commercial_64.tif
train	Commercial	7	commercial_65.tif	Commercial/commercial_65.tif	AID_20/train/Commercial/commercial_65.tif
train	Commercial	7	commercial_75.tif	Commercial/commercial_75.tif	AID_20/train/Commercial/commercial_75.tif
train	Commercial	7	commercial_91.tif	Commercial/commercial_91.tif	AID_20/train/Commercial/commercial_91.tif
train	Commercial	7	commercial_98.tif	Commercial/commercial_98.tif	AID_20/train/Commercial/commercial_98.tif
train	DenseResidential	8	denseresidential_100.tif	DenseResidential/denseresidential_100.tif	AID_20/train/DenseResidential/denseresidential_100.tif
train	DenseResidential	8	denseresidential_104.tif	DenseResidential/denseresidential_104.tif	AID_20/train/DenseResidential/denseresidential_104.tif
train	DenseResidential	8	denseresidential_108.tif	DenseResidential/denseresidential_108.tif	AID_20/train/DenseResidential/denseresidential_108.tif
train	DenseResidential	8	denseresidential_115.tif	DenseResidential/denseresidential_115.tif	AID_20/train/DenseResidential/denseresidential_115.tif
train	DenseResidential	8	denseresidential_118.tif	DenseResidential/denseresidential_118.tif	AID_20/train/DenseResidential/denseresidential_118.tif
train	DenseResidential	8	denseresidential_119.tif	DenseResidential/denseresidential_119.tif	AID_20/train/DenseResidential/denseresidential_119.tif
train	DenseResidential	8	denseresidential_135.tif	DenseResidential/denseresidential_135.tif	AID_20/train/DenseResidential/denseresidential_135.tif
train	DenseResidential	8	denseresidential_138.tif	DenseResidential/denseresidential_138.tif	AID_20/train/DenseResidential/denseresidential_138.tif
train	DenseResidential	8	denseresidential_143.tif	DenseResidential/denseresidential_143.tif	AID_20/train/DenseResidential/denseresidential_143.tif
train	DenseResidential	8	denseresidential_145.tif	DenseResidential/denseresidential_145.tif	AID_20/train/DenseResidential/denseresidential_145.tif
train	DenseResidential	8	denseresidential_147.tif	DenseResidential/denseresidential_147.tif	AID_20/train/DenseResidential/denseresidential_147.tif
train	DenseResidential	8	denseresidential_157.tif	DenseResidential/denseresidential_157.tif	AID_20/train/DenseResidential/denseresidential_157.tif
train	DenseResidential	8	denseresidential_159.tif	DenseResidential/denseresidential_159.tif	AID_20/train/DenseResidential/denseresidential_159.tif
train	DenseResidential	8	denseresidential_164.tif	DenseResidential/denseresidential_164.tif	AID_20/train/DenseResidential/denseresidential_164.tif
train	DenseResidential	8	denseresidential_165.tif	DenseResidential/denseresidential_165.tif	AID_20/train/DenseResidential/denseresidential_165.tif
train	DenseResidential	8	denseresidential_170.tif	DenseResidential/denseresidential_170.tif	AID_20/train/DenseResidential/denseresidential_170.tif
train	DenseResidential	8	denseresidential_171.tif	DenseResidential/denseresidential_171.tif	AID_20/train/DenseResidential/denseresidential_171.tif
train	DenseResidential	8	denseresidential_178.tif	DenseResidential/denseresidential_178.tif	AID_20/train/DenseResidential/denseresidential_178.tif
train	DenseResidential	8	denseresidential_181.tif	DenseResidential/denseresidential_181.tif	AID_20/train/DenseResidential/denseresidential_181.tif
train	DenseResidential	8	denseresidential_183.tif	DenseResidential/denseresidential_183.tif	AID_20/train/DenseResidential/denseresidential_183.tif
train	DenseResidential	8	denseresidential_190.tif	DenseResidential/denseresidential_190.tif	AID_20/train/DenseResidential/denseresidential_190.tif
train	DenseResidential	8	denseresidential_203.tif	DenseResidential/denseresidential_203.tif	AID_20/train/DenseResidential/denseresidential_203.tif
train	DenseResidential	8	denseresidential_206.tif	DenseResidential/denseresidential_206.tif	AID_20/train/DenseResidential/denseresidential_206.tif
train	DenseResidential	8	denseresidential_210.tif	DenseResidential/denseresidential_210.tif	AID_20/train/DenseResidential/denseresidential_210.tif
train	DenseResidential	8	denseresidential_215.tif	DenseResidential/denseresidential_215.tif	AID_20/train/DenseResidential/denseresidential_215.tif
train	DenseResidential	8	denseresidential_218.tif	DenseResidential/denseresidential_218.tif	AID_20/train/DenseResidential/denseresidential_218.tif
train	DenseResidential	8	denseresidential_225.tif	DenseResidential/denseresidential_225.tif	AID_20/train/DenseResidential/denseresidential_225.tif
train	DenseResidential	8	denseresidential_226.tif	DenseResidential/denseresidential_226.tif	AID_20/train/DenseResidential/denseresidential_226.tif
train	DenseResidential	8	denseresidential_233.tif	DenseResidential/denseresidential_233.tif	AID_20/train/DenseResidential/denseresidential_233.tif
train	DenseResidential	8	denseresidential_234.tif	DenseResidential/denseresidential_234.tif	AID_20/train/DenseResidential/denseresidential_234.tif
train	DenseResidential	8	denseresidential_24.tif	DenseResidential/denseresidential_24.tif	AID_20/train/DenseResidential/denseresidential_24.tif
train	DenseResidential	8	denseresidential_244.tif	DenseResidential/denseresidential_244.tif	AID_20/train/DenseResidential/denseresidential_244.tif
train	DenseResidential	8	denseresidential_245.tif	DenseResidential/denseresidential_245.tif	AID_20/train/DenseResidential/denseresidential_245.tif
train	DenseResidential	8	denseresidential_247.tif	DenseResidential/denseresidential_247.tif	AID_20/train/DenseResidential/denseresidential_247.tif
train	DenseResidential	8	denseresidential_255.tif	DenseResidential/denseresidential_255.tif	AID_20/train/DenseResidential/denseresidential_255.tif
train	DenseResidential	8	denseresidential_259.tif	DenseResidential/denseresidential_259.tif	AID_20/train/DenseResidential/denseresidential_259.tif
train	DenseResidential	8	denseresidential_26.tif	DenseResidential/denseresidential_26.tif	AID_20/train/DenseResidential/denseresidential_26.tif
train	DenseResidential	8	denseresidential_260.tif	DenseResidential/denseresidential_260.tif	AID_20/train/DenseResidential/denseresidential_260.tif
train	DenseResidential	8	denseresidential_268.tif	DenseResidential/denseresidential_268.tif	AID_20/train/DenseResidential/denseresidential_268.tif
train	DenseResidential	8	denseresidential_274.tif	DenseResidential/denseresidential_274.tif	AID_20/train/DenseResidential/denseresidential_274.tif
train	DenseResidential	8	denseresidential_280.tif	DenseResidential/denseresidential_280.tif	AID_20/train/DenseResidential/denseresidential_280.tif
train	DenseResidential	8	denseresidential_283.tif	DenseResidential/denseresidential_283.tif	AID_20/train/DenseResidential/denseresidential_283.tif
train	DenseResidential	8	denseresidential_287.tif	DenseResidential/denseresidential_287.tif	AID_20/train/DenseResidential/denseresidential_287.tif
train	DenseResidential	8	denseresidential_29.tif	DenseResidential/denseresidential_29.tif	AID_20/train/DenseResidential/denseresidential_29.tif
train	DenseResidential	8	denseresidential_295.tif	DenseResidential/denseresidential_295.tif	AID_20/train/DenseResidential/denseresidential_295.tif
train	DenseResidential	8	denseresidential_3.tif	DenseResidential/denseresidential_3.tif	AID_20/train/DenseResidential/denseresidential_3.tif
train	DenseResidential	8	denseresidential_300.tif	DenseResidential/denseresidential_300.tif	AID_20/train/DenseResidential/denseresidential_300.tif
train	DenseResidential	8	denseresidential_301.tif	DenseResidential/denseresidential_301.tif	AID_20/train/DenseResidential/denseresidential_301.tif
train	DenseResidential	8	denseresidential_303.tif	DenseResidential/denseresidential_303.tif	AID_20/train/DenseResidential/denseresidential_303.tif
train	DenseResidential	8	denseresidential_315.tif	DenseResidential/denseresidential_315.tif	AID_20/train/DenseResidential/denseresidential_315.tif
train	DenseResidential	8	denseresidential_317.tif	DenseResidential/denseresidential_317.tif	AID_20/train/DenseResidential/denseresidential_317.tif
train	DenseResidential	8	denseresidential_325.tif	DenseResidential/denseresidential_325.tif	AID_20/train/DenseResidential/denseresidential_325.tif
train	DenseResidential	8	denseresidential_33.tif	DenseResidential/denseresidential_33.tif	AID_20/train/DenseResidential/denseresidential_33.tif
train	DenseResidential	8	denseresidential_338.tif	DenseResidential/denseresidential_338.tif	AID_20/train/DenseResidential/denseresidential_338.tif
train	DenseResidential	8	denseresidential_344.tif	DenseResidential/denseresidential_344.tif	AID_20/train/DenseResidential/denseresidential_344.tif
train	DenseResidential	8	denseresidential_353.tif	DenseResidential/denseresidential_353.tif	AID_20/train/DenseResidential/denseresidential_353.tif
train	DenseResidential	8	denseresidential_356.tif	DenseResidential/denseresidential_356.tif	AID_20/train/DenseResidential/denseresidential_356.tif
train	DenseResidential	8	denseresidential_357.tif	DenseResidential/denseresidential_357.tif	AID_20/train/DenseResidential/denseresidential_357.tif
train	DenseResidential	8	denseresidential_36.tif	DenseResidential/denseresidential_36.tif	AID_20/train/DenseResidential/denseresidential_36.tif
train	DenseResidential	8	denseresidential_361.tif	DenseResidential/denseresidential_361.tif	AID_20/train/DenseResidential/denseresidential_361.tif
train	DenseResidential	8	denseresidential_366.tif	DenseResidential/denseresidential_366.tif	AID_20/train/DenseResidential/denseresidential_366.tif
train	DenseResidential	8	denseresidential_37.tif	DenseResidential/denseresidential_37.tif	AID_20/train/DenseResidential/denseresidential_37.tif
train	DenseResidential	8	denseresidential_371.tif	DenseResidential/denseresidential_371.tif	AID_20/train/DenseResidential/denseresidential_371.tif
train	DenseResidential	8	denseresidential_372.tif	DenseResidential/denseresidential_372.tif	AID_20/train/DenseResidential/denseresidential_372.tif
train	DenseResidential	8	denseresidential_387.tif	DenseResidential/denseresidential_387.tif	AID_20/train/DenseResidential/denseresidential_387.tif
train	DenseResidential	8	denseresidential_391.tif	DenseResidential/denseresidential_391.tif	AID_20/train/DenseResidential/denseresidential_391.tif
train	DenseResidential	8	denseresidential_409.tif	DenseResidential/denseresidential_409.tif	AID_20/train/DenseResidential/denseresidential_409.tif
train	DenseResidential	8	denseresidential_44.tif	DenseResidential/denseresidential_44.tif	AID_20/train/DenseResidential/denseresidential_44.tif
train	DenseResidential	8	denseresidential_50.tif	DenseResidential/denseresidential_50.tif	AID_20/train/DenseResidential/denseresidential_50.tif
train	DenseResidential	8	denseresidential_51.tif	DenseResidential/denseresidential_51.tif	AID_20/train/DenseResidential/denseresidential_51.tif
train	DenseResidential	8	denseresidential_52.tif	DenseResidential/denseresidential_52.tif	AID_20/train/DenseResidential/denseresidential_52.tif
train	DenseResidential	8	denseresidential_58.tif	DenseResidential/denseresidential_58.tif	AID_20/train/DenseResidential/denseresidential_58.tif
train	DenseResidential	8	denseresidential_66.tif	DenseResidential/denseresidential_66.tif	AID_20/train/DenseResidential/denseresidential_66.tif
train	DenseResidential	8	denseresidential_68.tif	DenseResidential/denseresidential_68.tif	AID_20/train/DenseResidential/denseresidential_68.tif
train	DenseResidential	8	denseresidential_71.tif	DenseResidential/denseresidential_71.tif	AID_20/train/DenseResidential/denseresidential_71.tif
train	DenseResidential	8	denseresidential_74.tif	DenseResidential/denseresidential_74.tif	AID_20/train/DenseResidential/denseresidential_74.tif
train	DenseResidential	8	denseresidential_87.tif	DenseResidential/denseresidential_87.tif	AID_20/train/DenseResidential/denseresidential_87.tif
train	DenseResidential	8	denseresidential_88.tif	DenseResidential/denseresidential_88.tif	AID_20/train/DenseResidential/denseresidential_88.tif
train	DenseResidential	8	denseresidential_9.tif	DenseResidential/denseresidential_9.tif	AID_20/train/DenseResidential/denseresidential_9.tif
train	DenseResidential	8	denseresidential_91.tif	DenseResidential/denseresidential_91.tif	AID_20/train/DenseResidential/denseresidential_91.tif
train	DenseResidential	8	denseresidential_96.tif	DenseResidential/denseresidential_96.tif	AID_20/train/DenseResidential/denseresidential_96.tif
train	DenseResidential	8	denseresidential_97.tif	DenseResidential/denseresidential_97.tif	AID_20/train/DenseResidential/denseresidential_97.tif
train	Desert	9	desert_100.tif	Desert/desert_100.tif	AID_20/train/Desert/desert_100.tif
train	Desert	9	desert_103.tif	Desert/desert_103.tif	AID_20/train/Desert/desert_103.tif
train	Desert	9	desert_108.tif	Desert/desert_108.tif	AID_20/train/Desert/desert_108.tif
train	Desert	9	desert_109.tif	Desert/desert_109.tif	AID_20/train/Desert/desert_109.tif
train	Desert	9	desert_11.tif	Desert/desert_11.tif	AID_20/train/Desert/desert_11.tif
train	Desert	9	desert_112.tif	Desert/desert_112.tif	AID_20/train/Desert/desert_112.tif
train	Desert	9	desert_120.tif	Desert/desert_120.tif	AID_20/train/Desert/desert_120.tif
train	Desert	9	desert_125.tif	Desert/desert_125.tif	AID_20/train/Desert/desert_125.tif
train	Desert	9	desert_126.tif	Desert/desert_126.tif	AID_20/train/Desert/desert_126.tif
train	Desert	9	desert_13.tif	Desert/desert_13.tif	AID_20/train/Desert/desert_13.tif
train	Desert	9	desert_139.tif	Desert/desert_139.tif	AID_20/train/Desert/desert_139.tif
train	Desert	9	desert_145.tif	Desert/desert_145.tif	AID_20/train/Desert/desert_145.tif
train	Desert	9	desert_150.tif	Desert/desert_150.tif	AID_20/train/Desert/desert_150.tif
train	Desert	9	desert_153.tif	Desert/desert_153.tif	AID_20/train/Desert/desert_153.tif
train	Desert	9	desert_157.tif	Desert/desert_157.tif	AID_20/train/Desert/desert_157.tif
train	Desert	9	desert_158.tif	Desert/desert_158.tif	AID_20/train/Desert/desert_158.tif
train	Desert	9	desert_159.tif	Desert/desert_159.tif	AID_20/train/Desert/desert_159.tif
train	Desert	9	desert_16.tif	Desert/desert_16.tif	AID_20/train/Desert/desert_16.tif
train	Desert	9	desert_162.tif	Desert/desert_162.tif	AID_20/train/Desert/desert_162.tif
train	Desert	9	desert_164.tif	Desert/desert_164.tif	AID_20/train/Desert/desert_164.tif
train	Desert	9	desert_176.tif	Desert/desert_176.tif	AID_20/train/Desert/desert_176.tif
train	Desert	9	desert_183.tif	Desert/desert_183.tif	AID_20/train/Desert/desert_183.tif
train	Desert	9	desert_184.tif	Desert/desert_184.tif	AID_20/train/Desert/desert_184.tif
train	Desert	9	desert_185.tif	Desert/desert_185.tif	AID_20/train/Desert/desert_185.tif
train	Desert	9	desert_196.tif	Desert/desert_196.tif	AID_20/train/Desert/desert_196.tif
train	Desert	9	desert_20.tif	Desert/desert_20.tif	AID_20/train/Desert/desert_20.tif
train	Desert	9	desert_203.tif	Desert/desert_203.tif	AID_20/train/Desert/desert_203.tif
train	Desert	9	desert_205.tif	Desert/desert_205.tif	AID_20/train/Desert/desert_205.tif
train	Desert	9	desert_209.tif	Desert/desert_209.tif	AID_20/train/Desert/desert_209.tif
train	Desert	9	desert_22.tif	Desert/desert_22.tif	AID_20/train/Desert/desert_22.tif
train	Desert	9	desert_231.tif	Desert/desert_231.tif	AID_20/train/Desert/desert_231.tif
train	Desert	9	desert_235.tif	Desert/desert_235.tif	AID_20/train/Desert/desert_235.tif
train	Desert	9	desert_239.tif	Desert/desert_239.tif	AID_20/train/Desert/desert_239.tif
train	Desert	9	desert_24.tif	Desert/desert_24.tif	AID_20/train/Desert/desert_24.tif
train	Desert	9	desert_242.tif	Desert/desert_242.tif	AID_20/train/Desert/desert_242.tif
train	Desert	9	desert_246.tif	Desert/desert_246.tif	AID_20/train/Desert/desert_246.tif
train	Desert	9	desert_248.tif	Desert/desert_248.tif	AID_20/train/Desert/desert_248.tif
train	Desert	9	desert_25.tif	Desert/desert_25.tif	AID_20/train/Desert/desert_25.tif
train	Desert	9	desert_253.tif	Desert/desert_253.tif	AID_20/train/Desert/desert_253.tif
train	Desert	9	desert_259.tif	Desert/desert_259.tif	AID_20/train/Desert/desert_259.tif
train	Desert	9	desert_260.tif	Desert/desert_260.tif	AID_20/train/Desert/desert_260.tif
train	Desert	9	desert_265.tif	Desert/desert_265.tif	AID_20/train/Desert/desert_265.tif
train	Desert	9	desert_269.tif	Desert/desert_269.tif	AID_20/train/Desert/desert_269.tif
train	Desert	9	desert_278.tif	Desert/desert_278.tif	AID_20/train/Desert/desert_278.tif
train	Desert	9	desert_28.tif	Desert/desert_28.tif	AID_20/train/Desert/desert_28.tif
train	Desert	9	desert_280.tif	Desert/desert_280.tif	AID_20/train/Desert/desert_280.tif
train	Desert	9	desert_283.tif	Desert/desert_283.tif	AID_20/train/Desert/desert_283.tif
train	Desert	9	desert_290.tif	Desert/desert_290.tif	AID_20/train/Desert/desert_290.tif
train	Desert	9	desert_45.tif	Desert/desert_45.tif	AID_20/train/Desert/desert_45.tif
train	Desert	9	desert_49.tif	Desert/desert_49.tif	AID_20/train/Desert/desert_49.tif
train	Desert	9	desert_54.tif	Desert/desert_54.tif	AID_20/train/Desert/desert_54.tif
train	Desert	9	desert_6.tif	Desert/desert_6.tif	AID_20/train/Desert/desert_6.tif
train	Desert	9	desert_61.tif	Desert/desert_61.tif	AID_20/train/Desert/desert_61.tif
train	Desert	9	desert_84.tif	Desert/desert_84.tif	AID_20/train/Desert/desert_84.tif
train	Desert	9	desert_85.tif	Desert/desert_85.tif	AID_20/train/Desert/desert_85.tif
train	Desert	9	desert_87.tif	Desert/desert_87.tif	AID_20/train/Desert/desert_87.tif
train	Desert	9	desert_91.tif	Desert/desert_91.tif	AID_20/train/Desert/desert_91.tif
train	Desert	9	desert_92.tif	Desert/desert_92.tif	AID_20/train/Desert/desert_92.tif
train	Desert	9	desert_96.tif	Desert/desert_96.tif	AID_20/train/Desert/desert_96.tif
train	Desert	9	desert_99.tif	Desert/desert_99.tif	AID_20/train/Desert/desert_99.tif
train	Farmland	10	farmland_10.tif	Farmland/farmland_10.tif	AID_20/train/Farmland/farmland_10.tif
train	Farmland	10	farmland_101.tif	Farmland/farmland_101.tif	AID_20/train/Farmland/farmland_101.tif
train	Farmland	10	farmland_107.tif	Farmland/farmland_107.tif	AID_20/train/Farmland/farmland_107.tif
train	Farmland	10	farmland_110.tif	Farmland/farmland_110.tif	AID_20/train/Farmland/farmland_110.tif
train	Farmland	10	farmland_114.tif	Farmland/farmland_114.tif	AID_20/train/Farmland/farmland_114.tif
train	Farmland	10	farmland_115.tif	Farmland/farmland_115.tif	AID_20/train/Farmland/farmland_115.tif
train	Farmland	10	farmland_127.tif	Farmland/farmland_127.tif	AID_20/train/Farmland/farmland_127.tif
train	Farmland	10	farmland_135.tif	Farmland/farmland_135.tif	AID_20/train/Farmland/farmland_135.tif
train	Farmland	10	farmland_136.tif	Farmland/farmland_136.tif	AID_20/train/Farmland/farmland_136.tif
train	Farmland	10	farmland_139.tif	Farmland/farmland_139.tif	AID_20/train/Farmland/farmland_139.tif
train	Farmland	10	farmland_14.tif	Farmland/farmland_14.tif	AID_20/train/Farmland/farmland_14.tif
train	Farmland	10	farmland_142.tif	Farmland/farmland_142.tif	AID_20/train/Farmland/farmland_142.tif
train	Farmland	10	farmland_145.tif	Farmland/farmland_145.tif	AID_20/train/Farmland/farmland_145.tif
train	Farmland	10	farmland_154.tif	Farmland/farmland_154.tif	AID_20/train/Farmland/farmland_154.tif
train	Farmland	10	farmland_157.tif	Farmland/farmland_157.tif	AID_20/train/Farmland/farmland_157.tif
train	Farmland	10	farmland_158.tif	Farmland/farmland_158.tif	AID_20/train/Farmland/farmland_158.tif
train	Farmland	10	farmland_159.tif	Farmland/farmland_159.tif	AID_20/train/Farmland/farmland_159.tif
train	Farmland	10	farmland_167.tif	Farmland/farmland_167.tif	AID_20/train/Farmland/farmland_167.tif
train	Farmland	10	farmland_169.tif	Farmland/farmland_169.tif	AID_20/train/Farmland/farmland_169.tif
train	Farmland	10	farmland_17.tif	Farmland/farmland_17.tif	AID_20/train/Farmland/farmland_17.tif
train	Farmland	10	farmland_170.tif	Farmland/farmland_170.tif	AID_20/train/Farmland/farmland_170.tif
train	Farmland	10	farmland_177.tif	Farmland/farmland_177.tif	AID_20/train/Farmland/farmland_177.tif
train	Farmland	10	farmland_182.tif	Farmland/farmland_182.tif	AID_20/train/Farmland/farmland_182.tif
train	Farmland	10	farmland_188.tif	Farmland/farmland_188.tif	AID_20/train/Farmland/farmland_188.tif
train	Farmland	10	farmland_191.tif	Farmland/farmland_191.tif	AID_20/train/Farmland/farmland_191.tif
train	Farmland	10	farmland_193.tif	Farmland/farmland_193.tif	AID_20/train/Farmland/farmland_193.tif
train	Farmland	10	farmland_2.tif	Farmland/farmland_2.tif	AID_20/train/Farmland/farmland_2.tif
train	Farmland	10	farmland_207.tif	Farmland/farmland_207.tif	AID_20/train/Farmland/farmland_207.tif
train	Farmland	10	farmland_21.tif	Farmland/farmland_21.tif	AID_20/train/Farmland/farmland_21.tif
train	Farmland	10	farmland_213.tif	Farmland/farmland_213.tif	AID_20/train/Farmland/farmland_213.tif
train	Farmland	10	farmland_214.tif	Farmland/farmland_214.tif	AID_20/train/Farmland/farmland_214.tif
train	Farmland	10	farmland_218.tif	Farmland/farmland_218.tif	AID_20/train/Farmland/farmland_218.tif
train	Farmland	10	farmland_219.tif	Farmland/farmland_219.tif	AID_20/train/Farmland/farmland_219.tif
train	Farmland	10	farmland_226.tif	Farmland/farmland_226.tif	AID_20/train/Farmland/farmland_226.tif
train	Farmland	10	farmland_228.tif	Farmland/farmland_228.tif	AID_20/train/Farmland/farmland_228.tif
train	Farmland	10	farmland_232.tif	Farmland/farmland_232.tif	AID_20/train/Farmland/farmland_232.tif
train	Farmland	10	farmland_233.tif	Farmland/farmland_233.tif	AID_20/train/Farmland/farmland_233.tif
train	Farmland	10	farmland_238.tif	Farmland/farmland_238.tif	AID_20/train/Farmland/farmland_238.tif
train	Farmland	10	farmland_241.tif	Farmland/farmland_241.tif	AID_20/train/Farmland/farmland_241.tif
train	Farmland	10	farmland_247.tif	Farmland/farmland_247.tif	AID_20/train/Farmland/farmland_247.tif
train	Farmland	10	farmland_248.tif	Farmland/farmland_248.tif	AID_20/train/Farmland/farmland_248.tif
train	Farmland	10	farmland_252.tif	Farmland/farmland_252.tif	AID_20/train/Farmland/farmland_252.tif
train	Farmland	10	farmland_256.tif	Farmland/farmland_256.tif	AID_20/train/Farmland/farmland_256.tif
train	Farmland	10	farmland_266.tif	Farmland/farmland_266.tif	AID_20/train/Farmland/farmland_266.tif
train	Farmland	10	farmland_27.tif	Farmland/farmland_27.tif	AID_20/train/Farmland/farmland_27.tif
train	Farmland	10	farmland_275.tif	Farmland/farmland_275.tif	AID_20/train/Farmland/farmland_275.tif
train	Farmland	10	farmland_287.tif	Farmland/farmland_287.tif	AID_20/train/Farmland/farmland_287.tif
train	Farmland	10	farmland_3.tif	Farmland/farmland_3.tif	AID_20/train/Farmland/farmland_3.tif
train	Farmland	10	farmland_302.tif	Farmland/farmland_302.tif	AID_20/train/Farmland/farmland_302.tif
train	Farmland	10	farmland_314.tif	Farmland/farmland_314.tif	AID_20/train/Farmland/farmland_314.tif
train	Farmland	10	farmland_32.tif	Farmland/farmland_32.tif	AID_20/train/Farmland/farmland_32.tif
train	Farmland	10	farmland_320.tif	Farmland/farmland_320.tif	AID_20/train/Farmland/farmland_320.tif
train	Farmland	10	farmland_329.tif	Farmland/farmland_329.tif	AID_20/train/Farmland/farmland_329.tif
train	Farmland	10	farmland_336.tif	Farmland/farmland_336.tif	AID_20/train/Farmland/farmland_336.tif
train	Farmland	10	farmland_338.tif	Farmland/farmland_338.tif	AID_20/train/Farmland/farmland_338.tif
train	Farmland	10	farmland_348.tif	Farmland/farmland_348.tif	AID_20/train/Farmland/farmland_348.tif
train	Farmland	10	farmland_350.tif	Farmland/farmland_350.tif	AID_20/train/Farmland/farmland_350.tif
train	Farmland	10	farmland_352.tif	Farmland/farmland_352.tif	AID_20/train/Farmland/farmland_352.tif
train	Farmland	10	farmland_356.tif	Farmland/farmland_356.tif	AID_20/train/Farmland/farmland_356.tif
train	Farmland	10	farmland_358.tif	Farmland/farmland_358.tif	AID_20/train/Farmland/farmland_358.tif
train	Farmland	10	farmland_36.tif	Farmland/farmland_36.tif	AID_20/train/Farmland/farmland_36.tif
train	Farmland	10	farmland_366.tif	Farmland/farmland_366.tif	AID_20/train/Farmland/farmland_366.tif
train	Farmland	10	farmland_368.tif	Farmland/farmland_368.tif	AID_20/train/Farmland/farmland_368.tif
train	Farmland	10	farmland_42.tif	Farmland/farmland_42.tif	AID_20/train/Farmland/farmland_42.tif
train	Farmland	10	farmland_53.tif	Farmland/farmland_53.tif	AID_20/train/Farmland/farmland_53.tif
train	Farmland	10	farmland_57.tif	Farmland/farmland_57.tif	AID_20/train/Farmland/farmland_57.tif
train	Farmland	10	farmland_58.tif	Farmland/farmland_58.tif	AID_20/train/Farmland/farmland_58.tif
train	Farmland	10	farmland_59.tif	Farmland/farmland_59.tif	AID_20/train/Farmland/farmland_59.tif
train	Farmland	10	farmland_69.tif	Farmland/farmland_69.tif	AID_20/train/Farmland/farmland_69.tif
train	Farmland	10	farmland_73.tif	Farmland/farmland_73.tif	AID_20/train/Farmland/farmland_73.tif
train	Farmland	10	farmland_75.tif	Farmland/farmland_75.tif	AID_20/train/Farmland/farmland_75.tif
train	Farmland	10	farmland_76.tif	Farmland/farmland_76.tif	AID_20/train/Farmland/farmland_76.tif
train	Farmland	10	farmland_84.tif	Farmland/farmland_84.tif	AID_20/train/Farmland/farmland_84.tif
train	Farmland	10	farmland_88.tif	Farmland/farmland_88.tif	AID_20/train/Farmland/farmland_88.tif
train	Forest	11	forest_12.tif	Forest/forest_12.tif	AID_20/train/Forest/forest_12.tif
train	Forest	11	forest_120.tif	Forest/forest_120.tif	AID_20/train/Forest/forest_120.tif
train	Forest	11	forest_123.tif	Forest/forest_123.tif	AID_20/train/Forest/forest_123.tif
train	Forest	11	forest_138.tif	Forest/forest_138.tif	AID_20/train/Forest/forest_138.tif
train	Forest	11	forest_14.tif	Forest/forest_14.tif	AID_20/train/Forest/forest_14.tif
train	Forest	11	forest_148.tif	Forest/forest_148.tif	AID_20/train/Forest/forest_148.tif
train	Forest	11	forest_15.tif	Forest/forest_15.tif	AID_20/train/Forest/forest_15.tif
train	Forest	11	forest_164.tif	Forest/forest_164.tif	AID_20/train/Forest/forest_164.tif
train	Forest	11	forest_166.tif	Forest/forest_166.tif	AID_20/train/Forest/forest_166.tif
train	Forest	11	forest_168.tif	Forest/forest_168.tif	AID_20/train/Forest/forest_168.tif
train	Forest	11	forest_169.tif	Forest/forest_169.tif	AID_20/train/Forest/forest_169.tif
train	Forest	11	forest_171.tif	Forest/forest_171.tif	AID_20/train/Forest/forest_171.tif
train	Forest	11	forest_173.tif	Forest/forest_173.tif	AID_20/train/Forest/forest_173.tif
train	Forest	11	forest_175.tif	Forest/forest_175.tif	AID_20/train/Forest/forest_175.tif
train	Forest	11	forest_193.tif	Forest/forest_193.tif	AID_20/train/Forest/forest_193.tif
train	Forest	11	forest_204.tif	Forest/forest_204.tif	AID_20/train/Forest/forest_204.tif
train	Forest	11	forest_206.tif	Forest/forest_206.tif	AID_20/train/Forest/forest_206.tif
train	Forest	11	forest_209.tif	Forest/forest_209.tif	AID_20/train/Forest/forest_209.tif
train	Forest	11	forest_210.tif	Forest/forest_210.tif	AID_20/train/Forest/forest_210.tif
train	Forest	11	forest_211.tif	Forest/forest_211.tif	AID_20/train/Forest/forest_211.tif
train	Forest	11	forest_223.tif	Forest/forest_223.tif	AID_20/train/Forest/forest_223.tif
train	Forest	11	forest_225.tif	Forest/forest_225.tif	AID_20/train/Forest/forest_225.tif
train	Forest	11	forest_226.tif	Forest/forest_226.tif	AID_20/train/Forest/forest_226.tif
train	Forest	11	forest_228.tif	Forest/forest_228.tif	AID_20/train/Forest/forest_228.tif
train	Forest	11	forest_229.tif	Forest/forest_229.tif	AID_20/train/Forest/forest_229.tif
train	Forest	11	forest_230.tif	Forest/forest_230.tif	AID_20/train/Forest/forest_230.tif
train	Forest	11	forest_231.tif	Forest/forest_231.tif	AID_20/train/Forest/forest_231.tif
train	Forest	11	forest_241.tif	Forest/forest_241.tif	AID_20/train/Forest/forest_241.tif
train	Forest	11	forest_244.tif	Forest/forest_244.tif	AID_20/train/Forest/forest_244.tif
train	Forest	11	forest_28.tif	Forest/forest_28.tif	AID_20/train/Forest/forest_28.tif
train	Forest	11	forest_31.tif	Forest/forest_31.tif	AID_20/train/Forest/forest_31.tif
train	Forest	11	forest_36.tif	Forest/forest_36.tif	AID_20/train/Forest/forest_36.tif
train	Forest	11	forest_4.tif	Forest/forest_4.tif	AID_20/train/Forest/forest_4.tif
train	Forest	11	forest_41.tif	Forest/forest_41.tif	AID_20/train/Forest/forest_41.tif
train	Forest	11	forest_43.tif	Forest/forest_43.tif	AID_20/train/Forest/forest_43.tif
train	Forest	11	forest_46.tif	Forest/forest_46.tif	AID_20/train/Forest/forest_46.tif
train	Forest	11	forest_53.tif	Forest/forest_53.tif	AID_20/train/Forest/forest_53.tif
train	Forest	11	forest_62.tif	Forest/forest_62.tif	AID_20/train/Forest/forest_62.tif
train	Forest	11	forest_63.tif	Forest/forest_63.tif	AID_20/train/Forest/forest_63.tif
train	Forest	11	forest_66.tif	Forest/forest_66.tif	AID_20/train/Forest/forest_66.tif
train	Forest	11	forest_69.tif	Forest/forest_69.tif	AID_20/train/Forest/forest_69.tif
train	Forest	11	forest_70.tif	Forest/forest_70.tif	AID_20/train/Forest/forest_70.tif
train	Forest	11	forest_74.tif	Forest/forest_74.tif	AID_20/train/Forest/forest_74.tif
train	Forest	11	forest_75.tif	Forest/forest_75.tif	AID_20/train/Forest/forest_75.tif
train	Forest	11	forest_77.tif	Forest/forest_77.tif	AID_20/train/Forest/forest_77.tif
train	Forest	11	forest_8.tif	Forest/forest_8.tif	AID_20/train/Forest/forest_8.tif
train	Forest	11	forest_81.tif	Forest/forest_81.tif	AID_20/train/Forest/forest_81.tif
train	Forest	11	forest_94.tif	Forest/forest_94.tif	AID_20/train/Forest/forest_94.tif
train	Forest	11	forest_95.tif	Forest/forest_95.tif	AID_20/train/Forest/forest_95.tif
train	Forest	11	forest_99.tif	Forest/forest_99.tif	AID_20/train/Forest/forest_99.tif
train	Industrial	12	industrial_10.tif	Industrial/industrial_10.tif	AID_20/train/Industrial/industrial_10.tif
train	Industrial	12	industrial_101.tif	Industrial/industrial_101.tif	AID_20/train/Industrial/industrial_101.tif
train	Industrial	12	industrial_108.tif	Industrial/industrial_108.tif	AID_20/train/Industrial/industrial_108.tif
train	Industrial	12	industrial_113.tif	Industrial/industrial_113.tif	AID_20/train/Industrial/industrial_113.tif
train	Industrial	12	industrial_120.tif	Industrial/industrial_120.tif	AID_20/train/Industrial/industrial_120.tif
train	Industrial	12	industrial_123.tif	Industrial/industrial_123.tif	AID_20/train/Industrial/industrial_123.tif
train	Industrial	12	industrial_126.tif	Industrial/industrial_126.tif	AID_20/train/Industrial/industrial_126.tif
train	Industrial	12	industrial_130.tif	Industrial/industrial_130.tif	AID_20/train/Industrial/industrial_130.tif
train	Industrial	12	industrial_134.tif	Industrial/industrial_134.tif	AID_20/train/Industrial/industrial_134.tif
train	Industrial	12	industrial_136.tif	Industrial/industrial_136.tif	AID_20/train/Industrial/industrial_136.tif
train	Industrial	12	industrial_144.tif	Industrial/industrial_144.tif	AID_20/train/Industrial/industrial_144.tif
train	Industrial	12	industrial_151.tif	Industrial/industrial_151.tif	AID_20/train/Industrial/industrial_151.tif
train	Industrial	12	industrial_157.tif	Industrial/industrial_157.tif	AID_20/train/Industrial/industrial_157.tif
train	Industrial	12	industrial_164.tif	Industrial/industrial_164.tif	AID_20/train/Industrial/industrial_164.tif
train	Industrial	12	industrial_166.tif	Industrial/industrial_166.tif	AID_20/train/Industrial/industrial_166.tif
train	Industrial	12	industrial_184.tif	Industrial/industrial_184.tif	AID_20/train/Industrial/industrial_184.tif
train	Industrial	12	industrial_193.tif	Industrial/industrial_193.tif	AID_20/train/Industrial/industrial_193.tif
train	Industrial	12	industrial_196.tif	Industrial/industrial_196.tif	AID_20/train/Industrial/industrial_196.tif
train	Industrial	12	industrial_202.tif	Industrial/industrial_202.tif	AID_20/train/Industrial/industrial_202.tif
train	Industrial	12	industrial_204.tif	Industrial/industrial_204.tif	AID_20/train/Industrial/industrial_204.tif
train	Industrial	12	industrial_205.tif	Industrial/industrial_205.tif	AID_20/train/Industrial/industrial_205.tif
train	Industrial	12	industrial_207.tif	Industrial/industrial_207.tif	AID_20/train/Industrial/industrial_207.tif
train	Industrial	12	industrial_208.tif	Industrial/industrial_208.tif	AID_20/train/Industrial/industrial_208.tif
train	Industrial	12	industrial_21.tif	Industrial/industrial_21.tif	AID_20/train/Industrial/industrial_21.tif
train	Industrial	12	industrial_214.tif	Industrial/industrial_214.tif	AID_20/train/Industrial/industrial_214.tif
train	Industrial	12	industrial_217.tif	Industrial/industrial_217.tif	AID_20/train/Industrial/industrial_217.tif
train	Industrial	12	industrial_222.tif	Industrial/industrial_222.tif	AID_20/train/Industrial/industrial_222.tif
train	Industrial	12	industrial_226.tif	Industrial/industrial_226.tif	AID_20/train/Industrial/industrial_226.tif
train	Industrial	12	industrial_227.tif	Industrial/industrial_227.tif	AID_20/train/Industrial/industrial_227.tif
train	Industrial	12	industrial_232.tif	Industrial/industrial_232.tif	AID_20/train/Industrial/industrial_232.tif
train	Industrial	12	industrial_233.tif	Industrial/industrial_233.tif	AID_20/train/Industrial/industrial_233.tif
train	Industrial	12	industrial_24.tif	Industrial/industrial_24.tif	AID_20/train/Industrial/industrial_24.tif
train	Industrial	12	industrial_245.tif	Industrial/industrial_245.tif	AID_20/train/Industrial/industrial_245.tif
train	Industrial	12	industrial_254.tif	Industrial/industrial_254.tif	AID_20/train/Industrial/industrial_254.tif
train	Industrial	12	industrial_255.tif	Industrial/industrial_255.tif	AID_20/train/Industrial/industrial_255.tif
train	Industrial	12	industrial_256.tif	Industrial/industrial_256.tif	AID_20/train/Industrial/industrial_256.tif
train	Industrial	12	industrial_257.tif	Industrial/industrial_257.tif	AID_20/train/Industrial/industrial_257.tif
train	Industrial	12	industrial_265.tif	Industrial/industrial_265.tif	AID_20/train/Industrial/industrial_265.tif
train	Industrial	12	industrial_271.tif	Industrial/industrial_271.tif	AID_20/train/Industrial/industrial_271.tif
train	Industrial	12	industrial_277.tif	Industrial/industrial_277.tif	AID_20/train/Industrial/industrial_277.tif
train	Industrial	12	industrial_280.tif	Industrial/industrial_280.tif	AID_20/train/Industrial/industrial_280.tif
train	Industrial	12	industrial_290.tif	Industrial/industrial_290.tif	AID_20/train/Industrial/industrial_290.tif
train	Industrial	12	industrial_293.tif	Industrial/industrial_293.tif	AID_20/train/Industrial/industrial_293.tif
train	Industrial	12	industrial_3.tif	Industrial/industrial_3.tif	AID_20/train/Industrial/industrial_3.tif
train	Industrial	12	industrial_301.tif	Industrial/industrial_301.tif	AID_20/train/Industrial/industrial_301.tif
train	Industrial	12	industrial_314.tif	Industrial/industrial_314.tif	AID_20/train/Industrial/industrial_314.tif
train	Industrial	12	industrial_324.tif	Industrial/industrial_324.tif	AID_20/train/Industrial/industrial_324.tif
train	Industrial	12	industrial_325.tif	Industrial/industrial_325.tif	AID_20/train/Industrial/industrial_325.tif
train	Industrial	12	industrial_326.tif	Industrial/industrial_326.tif	AID_20/train/Industrial/industrial_326.tif
train	Industrial	12	industrial_331.tif	Industrial/industrial_331.tif	AID_20/train/Industrial/industrial_331.tif
train	Industrial	12	industrial_334.tif	Industrial/industrial_334.tif	AID_20/train/Industrial/industrial_334.tif
train	Industrial	12	industrial_344.tif	Industrial/industrial_344.tif	AID_20/train/Industrial/industrial_344.tif
train	Industrial	12	industrial_358.tif	Industrial/industrial_358.tif	AID_20/train/Industrial/industrial_358.tif
train	Industrial	12	industrial_36.tif	Industrial/industrial_36.tif	AID_20/train/Industrial/industrial_36.tif
train	Industrial	12	industrial_366.tif	Industrial/industrial_366.tif	AID_20/train/Industrial/industrial_366.tif
train	Industrial	12	industrial_370.tif	Industrial/industrial_370.tif	AID_20/train/Industrial/industrial_370.tif
train	Industrial	12	industrial_380.tif	Industrial/industrial_380.tif	AID_20/train/Industrial/industrial_380.tif
train	Industrial	12	industrial_382.tif	Industrial/industrial_382.tif	AID_20/train/Industrial/industrial_382.tif
train	Industrial	12	industrial_384.tif	Industrial/industrial_384.tif	AID_20/train/Industrial/industrial_384.tif
train	Industrial	12	industrial_385.tif	Industrial/industrial_385.tif	AID_20/train/Industrial/industrial_385.tif
train	Industrial	12	industrial_4.tif	Industrial/industrial_4.tif	AID_20/train/Industrial/industrial_4.tif
train	Industrial	12	industrial_40.tif	Industrial/industrial_40.tif	AID_20/train/Industrial/industrial_40.tif
train	Industrial	12	industrial_42.tif	Industrial/industrial_42.tif	AID_20/train/Industrial/industrial_42.tif
train	Industrial	12	industrial_43.tif	Industrial/industrial_43.tif	AID_20/train/Industrial/industrial_43.tif
train	Industrial	12	industrial_44.tif	Industrial/industrial_44.tif	AID_20/train/Industrial/industrial_44.tif
train	Industrial	12	industrial_46.tif	Industrial/industrial_46.tif	AID_20/train/Industrial/industrial_46.tif
train	Industrial	12	industrial_50.tif	Industrial/industrial_50.tif	AID_20/train/Industrial/industrial_50.tif
train	Industrial	12	industrial_60.tif	Industrial/industrial_60.tif	AID_20/train/Industrial/industrial_60.tif
train	Industrial	12	industrial_66.tif	Industrial/industrial_66.tif	AID_20/train/Industrial/industrial_66.tif
train	Industrial	12	industrial_70.tif	Industrial/industrial_70.tif	AID_20/train/Industrial/industrial_70.tif
train	Industrial	12	industrial_77.tif	Industrial/industrial_77.tif	AID_20/train/Industrial/industrial_77.tif
train	Industrial	12	industrial_8.tif	Industrial/industrial_8.tif	AID_20/train/Industrial/industrial_8.tif
train	Industrial	12	industrial_88.tif	Industrial/industrial_88.tif	AID_20/train/Industrial/industrial_88.tif
train	Industrial	12	industrial_9.tif	Industrial/industrial_9.tif	AID_20/train/Industrial/industrial_9.tif
train	Industrial	12	industrial_91.tif	Industrial/industrial_91.tif	AID_20/train/Industrial/industrial_91.tif
train	Industrial	12	industrial_93.tif	Industrial/industrial_93.tif	AID_20/train/Industrial/industrial_93.tif
train	Industrial	12	industrial_96.tif	Industrial/industrial_96.tif	AID_20/train/Industrial/industrial_96.tif
train	Industrial	12	industrial_99.tif	Industrial/industrial_99.tif	AID_20/train/Industrial/industrial_99.tif
train	Meadow	13	meadow_108.tif	Meadow/meadow_108.tif	AID_20/train/Meadow/meadow_108.tif
train	Meadow	13	meadow_112.tif	Meadow/meadow_112.tif	AID_20/train/Meadow/meadow_112.tif
train	Meadow	13	meadow_115.tif	Meadow/meadow_115.tif	AID_20/train/Meadow/meadow_115.tif
train	Meadow	13	meadow_12.tif	Meadow/meadow_12.tif	AID_20/train/Meadow/meadow_12.tif
train	Meadow	13	meadow_120.tif	Meadow/meadow_120.tif	AID_20/train/Meadow/meadow_120.tif
train	Meadow	13	meadow_125.tif	Meadow/meadow_125.tif	AID_20/train/Meadow/meadow_125.tif
train	Meadow	13	meadow_136.tif	Meadow/meadow_136.tif	AID_20/train/Meadow/meadow_136.tif
train	Meadow	13	meadow_137.tif	Meadow/meadow_137.tif	AID_20/train/Meadow/meadow_137.tif
train	Meadow	13	meadow_14.tif	Meadow/meadow_14.tif	AID_20/train/Meadow/meadow_14.tif
train	Meadow	13	meadow_140.tif	Meadow/meadow_140.tif	AID_20/train/Meadow/meadow_140.tif
train	Meadow	13	meadow_147.tif	Meadow/meadow_147.tif	AID_20/train/Meadow/meadow_147.tif
train	Meadow	13	meadow_149.tif	Meadow/meadow_149.tif	AID_20/train/Meadow/meadow_149.tif
train	Meadow	13	meadow_15.tif	Meadow/meadow_15.tif	AID_20/train/Meadow/meadow_15.tif
train	Meadow	13	meadow_161.tif	Meadow/meadow_161.tif	AID_20/train/Meadow/meadow_161.tif
train	Meadow	13	meadow_164.tif	Meadow/meadow_164.tif	AID_20/train/Meadow/meadow_164.tif
train	Meadow	13	meadow_166.tif	Meadow/meadow_166.tif	AID_20/train/Meadow/meadow_166.tif
train	Meadow	13	meadow_17.tif	Meadow/meadow_17.tif	AID_20/train/Meadow/meadow_17.tif
train	Meadow	13	meadow_171.tif	Meadow/meadow_171.tif	AID_20/train/Meadow/meadow_171.tif
train	Meadow	13	meadow_180.tif	Meadow/meadow_180.tif	AID_20/train/Meadow/meadow_180.tif
train	Meadow	13	meadow_181.tif	Meadow/meadow_181.tif	AID_20/train/Meadow/meadow_181.tif
train	Meadow	13	meadow_183.tif	Meadow/meadow_183.tif	AID_20/train/Meadow/meadow_183.tif
train	Meadow	13	meadow_186.tif	Meadow/meadow_186.tif	AID_20/train/Meadow/meadow_186.tif
train	Meadow	13	meadow_187.tif	Meadow/meadow_187.tif	AID_20/train/Meadow/meadow_187.tif
train	Meadow	13	meadow_198.tif	Meadow/meadow_198.tif	AID_20/train/Meadow/meadow_198.tif
train	Meadow	13	meadow_199.tif	Meadow/meadow_199.tif	AID_20/train/Meadow/meadow_199.tif
train	Meadow	13	meadow_20.tif	Meadow/meadow_20.tif	AID_20/train/Meadow/meadow_20.tif
train	Meadow	13	meadow_201.tif	Meadow/meadow_201.tif	AID_20/train/Meadow/meadow_201.tif
train	Meadow	13	meadow_206.tif	Meadow/meadow_206.tif	AID_20/train/Meadow/meadow_206.tif
train	Meadow	13	meadow_21.tif	Meadow/meadow_21.tif	AID_20/train/Meadow/meadow_21.tif
train	Meadow	13	meadow_213.tif	Meadow/meadow_213.tif	AID_20/train/Meadow/meadow_213.tif
train	Meadow	13	meadow_214.tif	Meadow/meadow_214.tif	AID_20/train/Meadow/meadow_214.tif
train	Meadow	13	meadow_224.tif	Meadow/meadow_224.tif	AID_20/train/Meadow/meadow_224.tif
train	Meadow	13	meadow_225.tif	Meadow/meadow_225.tif	AID_20/train/Meadow/meadow_225.tif
train	Meadow	13	meadow_235.tif	Meadow/meadow_235.tif	AID_20/train/Meadow/meadow_235.tif
train	Meadow	13	meadow_240.tif	Meadow/meadow_240.tif	AID_20/train/Meadow/meadow_240.tif
train	Meadow	13	meadow_244.tif	Meadow/meadow_244.tif	AID_20/train/Meadow/meadow_244.tif
train	Meadow	13	meadow_247.tif	Meadow/meadow_247.tif	AID_20/train/Meadow/meadow_247.tif
train	Meadow	13	meadow_249.tif	Meadow/meadow_249.tif	AID_20/train/Meadow/meadow_249.tif
train	Meadow	13	meadow_254.tif	Meadow/meadow_254.tif	AID_20/train/Meadow/meadow_254.tif
train	Meadow	13	meadow_255.tif	Meadow/meadow_255.tif	AID_20/train/Meadow/meadow_255.tif
train	Meadow	13	meadow_26.tif	Meadow/meadow_26.tif	AID_20/train/Meadow/meadow_26.tif
train	Meadow	13	meadow_262.tif	Meadow/meadow_262.tif	AID_20/train/Meadow/meadow_262.tif
train	Meadow	13	meadow_266.tif	Meadow/meadow_266.tif	AID_20/train/Meadow/meadow_266.tif
train	Meadow	13	meadow_268.tif	Meadow/meadow_268.tif	AID_20/train/Meadow/meadow_268.tif
train	Meadow	13	meadow_270.tif	Meadow/meadow_270.tif	AID_20/train/Meadow/meadow_270.tif
train	Meadow	13	meadow_30.tif	Meadow/meadow_30.tif	AID_20/train/Meadow/meadow_30.tif
train	Meadow	13	meadow_33.tif	Meadow/meadow_33.tif	AID_20/train/Meadow/meadow_33.tif
train	Meadow	13	meadow_5.tif	Meadow/meadow_5.tif	AID_20/train/Meadow/meadow_5.tif
train	Meadow	13	meadow_51.tif	Meadow/meadow_51.tif	AID_20/train/Meadow/meadow_51.tif
train	Meadow	13	meadow_59.tif	Meadow/meadow_59.tif	AID_20/train/Meadow/meadow_59.tif
train	Meadow	13	meadow_60.tif	Meadow/meadow_60.tif	AID_20/train/Meadow/meadow_60.tif
train	Meadow	13	meadow_62.tif	Meadow/meadow_62.tif	AID_20/train/Meadow/meadow_62.tif
train	Meadow	13	meadow_80.tif	Meadow/meadow_80.tif	AID_20/train/Meadow/meadow_80.tif
train	Meadow	13	meadow_83.tif	Meadow/meadow_83.tif	AID_20/train/Meadow/meadow_83.tif
train	Meadow	13	meadow_89.tif	Meadow/meadow_89.tif	AID_20/train/Meadow/meadow_89.tif
train	Meadow	13	meadow_92.tif	Meadow/meadow_92.tif	AID_20/train/Meadow/meadow_92.tif
train	MediumResidential	14	mediumresidential_105.tif	MediumResidential/mediumresidential_105.tif	AID_20/train/MediumResidential/mediumresidential_105.tif
train	MediumResidential	14	mediumresidential_106.tif	MediumResidential/mediumresidential_106.tif	AID_20/train/MediumResidential/mediumresidential_106.tif
train	MediumResidential	14	mediumresidential_108.tif	MediumResidential/mediumresidential_108.tif	AID_20/train/MediumResidential/mediumresidential_108.tif
train	MediumResidential	14	mediumresidential_110.tif	MediumResidential/mediumresidential_110.tif	AID_20/train/MediumResidential/mediumresidential_110.tif
train	MediumResidential	14	mediumresidential_112.tif	MediumResidential/mediumresidential_112.tif	AID_20/train/MediumResidential/mediumresidential_112.tif
train	MediumResidential	14	mediumresidential_115.tif	MediumResidential/mediumresidential_115.tif	AID_20/train/MediumResidential/mediumresidential_115.tif
train	MediumResidential	14	mediumresidential_120.tif	MediumResidential/mediumresidential_120.tif	AID_20/train/MediumResidential/mediumresidential_120.tif
train	MediumResidential	14	mediumresidential_124.tif	MediumResidential/mediumresidential_124.tif	AID_20/train/MediumResidential/mediumresidential_124.tif
train	MediumResidential	14	mediumresidential_133.tif	MediumResidential/mediumresidential_133.tif	AID_20/train/MediumResidential/mediumresidential_133.tif
train	MediumResidential	14	mediumresidential_139.tif	MediumResidential/mediumresidential_139.tif	AID_20/train/MediumResidential/mediumresidential_139.tif
train	MediumResidential	14	mediumresidential_143.tif	MediumResidential/mediumresidential_143.tif	AID_20/train/MediumResidential/mediumresidential_143.tif
train	MediumResidential	14	mediumresidential_149.tif	MediumResidential/mediumresidential_149.tif	AID_20/train/MediumResidential/mediumresidential_149.tif
train	MediumResidential	14	mediumresidential_155.tif	MediumResidential/mediumresidential_155.tif	AID_20/train/MediumResidential/mediumresidential_155.tif
train	MediumResidential	14	mediumresidential_16.tif	MediumResidential/mediumresidential_16.tif	AID_20/train/MediumResidential/mediumresidential_16.tif
train	MediumResidential	14	mediumresidential_160.tif	MediumResidential/mediumresidential_160.tif	AID_20/train/MediumResidential/mediumresidential_160.tif
train	MediumResidential	14	mediumresidential_163.tif	MediumResidential/mediumresidential_163.tif	AID_20/train/MediumResidential/mediumresidential_163.tif
train	MediumResidential	14	mediumresidential_167.tif	MediumResidential/mediumresidential_167.tif	AID_20/train/MediumResidential/mediumresidential_167.tif
train	MediumResidential	14	mediumresidential_172.tif	MediumResidential/mediumresidential_172.tif	AID_20/train/MediumResidential/mediumresidential_172.tif
train	MediumResidential	14	mediumresidential_175.tif	MediumResidential/mediumresidential_175.tif	AID_20/train/MediumResidential/mediumresidential_175.tif
train	MediumResidential	14	mediumresidential_19.tif	MediumResidential/mediumresidential_19.tif	AID_20/train/MediumResidential/mediumresidential_19.tif
train	MediumResidential	14	mediumresidential_190.tif	MediumResidential/mediumresidential_190.tif	AID_20/train/MediumResidential/mediumresidential_190.tif
train	MediumResidential	14	mediumresidential_197.tif	MediumResidential/mediumresidential_197.tif	AID_20/train/MediumResidential/mediumresidential_197.tif
train	MediumResidential	14	mediumresidential_20.tif	MediumResidential/mediumresidential_20.tif	AID_20/train/MediumResidential/mediumresidential_20.tif
train	MediumResidential	14	mediumresidential_204.tif	MediumResidential/mediumresidential_204.tif	AID_20/train/MediumResidential/mediumresidential_204.tif
train	MediumResidential	14	mediumresidential_206.tif	MediumResidential/mediumresidential_206.tif	AID_20/train/MediumResidential/mediumresidential_206.tif
train	MediumResidential	14	mediumresidential_207.tif	MediumResidential/mediumresidential_207.tif	AID_20/train/MediumResidential/mediumresidential_207.tif
train	MediumResidential	14	mediumresidential_21.tif	MediumResidential/mediumresidential_21.tif	AID_20/train/MediumResidential/mediumresidential_21.tif
train	MediumResidential	14	mediumresidential_218.tif	MediumResidential/mediumresidential_218.tif	AID_20/train/MediumResidential/mediumresidential_218.tif
train	MediumResidential	14	mediumresidential_222.tif	MediumResidential/mediumresidential_222.tif	AID_20/train/MediumResidential/mediumresidential_222.tif
train	MediumResidential	14	mediumresidential_223.tif	MediumResidential/mediumresidential_223.tif	AID_20/train/MediumResidential/mediumresidential_223.tif
train	MediumResidential	14	mediumresidential_227.tif	MediumResidential/mediumresidential_227.tif	AID_20/train/MediumResidential/mediumresidential_227.tif
train	MediumResidential	14	mediumresidential_228.tif	MediumResidential/mediumresidential_228.tif	AID_20/train/MediumResidential/mediumresidential_228.tif
train	MediumResidential	14	mediumresidential_23.tif	MediumResidential/mediumresidential_23.tif	AID_20/train/MediumResidential/mediumresidential_23.tif
train	MediumResidential	14	mediumresidential_233.tif	MediumResidential/mediumresidential_233.tif	AID_20/train/MediumResidential/mediumresidential_233.tif
train	MediumResidential	14	mediumresidential_235.tif	MediumResidential/mediumresidential_235.tif	AID_20/train/MediumResidential/mediumresidential_235.tif
train	MediumResidential	14	mediumresidential_249.tif	MediumResidential/mediumresidential_249.tif	AID_20/train/MediumResidential/mediumresidential_249.tif
train	MediumResidential	14	mediumresidential_256.tif	MediumResidential/mediumresidential_256.tif	AID_20/train/MediumResidential/mediumresidential_256.tif
train	MediumResidential	14	mediumresidential_258.tif	MediumResidential/mediumresidential_258.tif	AID_20/train/MediumResidential/mediumresidential_258.tif
train	MediumResidential	14	mediumresidential_260.tif	MediumResidential/mediumresidential_260.tif	AID_20/train/MediumResidential/mediumresidential_260.tif
train	MediumResidential	14	mediumresidential_263.tif	MediumResidential/mediumresidential_263.tif	AID_20/train/MediumResidential/mediumresidential_263.tif
train	MediumResidential	14	mediumresidential_28.tif	MediumResidential/mediumresidential_28.tif	AID_20/train/MediumResidential/mediumresidential_28.tif
train	MediumResidential	14	mediumresidential_282.tif	MediumResidential/mediumresidential_282.tif	AID_20/train/MediumResidential/mediumresidential_282.tif
train	MediumResidential	14	mediumresidential_284.tif	MediumResidential/mediumresidential_284.tif	AID_20/train/MediumResidential/mediumresidential_284.tif
train	MediumResidential	14	mediumresidential_287.tif	MediumResidential/mediumresidential_287.tif	AID_20/train/MediumResidential/mediumresidential_287.tif
train	MediumResidential	14	mediumresidential_32.tif	MediumResidential/mediumresidential_32.tif	AID_20/train/MediumResidential/mediumresidential_32.tif
train	MediumResidential	14	mediumresidential_34.tif	MediumResidential/mediumresidential_34.tif	AID_20/train/MediumResidential/mediumresidential_34.tif
train	MediumResidential	14	mediumresidential_35.tif	MediumResidential/mediumresidential_35.tif	AID_20/train/MediumResidential/mediumresidential_35.tif
train	MediumResidential	14	mediumresidential_42.tif	MediumResidential/mediumresidential_42.tif	AID_20/train/MediumResidential/mediumresidential_42.tif
train	MediumResidential	14	mediumresidential_5.tif	MediumResidential/mediumresidential_5.tif	AID_20/train/MediumResidential/mediumresidential_5.tif
train	MediumResidential	14	mediumresidential_50.tif	MediumResidential/mediumresidential_50.tif	AID_20/train/MediumResidential/mediumresidential_50.tif
train	MediumResidential	14	mediumresidential_60.tif	MediumResidential/mediumresidential_60.tif	AID_20/train/MediumResidential/mediumresidential_60.tif
train	MediumResidential	14	mediumresidential_64.tif	MediumResidential/mediumresidential_64.tif	AID_20/train/MediumResidential/mediumresidential_64.tif
train	MediumResidential	14	mediumresidential_68.tif	MediumResidential/mediumresidential_68.tif	AID_20/train/MediumResidential/mediumresidential_68.tif
train	MediumResidential	14	mediumresidential_7.tif	MediumResidential/mediumresidential_7.tif	AID_20/train/MediumResidential/mediumresidential_7.tif
train	MediumResidential	14	mediumresidential_85.tif	MediumResidential/mediumresidential_85.tif	AID_20/train/MediumResidential/mediumresidential_85.tif
train	MediumResidential	14	mediumresidential_86.tif	MediumResidential/mediumresidential_86.tif	AID_20/train/MediumResidential/mediumresidential_86.tif
train	MediumResidential	14	mediumresidential_89.tif	MediumResidential/mediumresidential_89.tif	AID_20/train/MediumResidential/mediumresidential_89.tif
train	MediumResidential	14	mediumresidential_92.tif	MediumResidential/mediumresidential_92.tif	AID_20/train/MediumResidential/mediumresidential_92.tif
train	Mountain	15	mountain_100.tif	Mountain/mountain_100.tif	AID_20/train/Mountain/mountain_100.tif
train	Mountain	15	mountain_102.tif	Mountain/mountain_102.tif	AID_20/train/Mountain/mountain_102.tif
train	Mountain	15	mountain_105.tif	Mountain/mountain_105.tif	AID_20/train/Mountain/mountain_105.tif
train	Mountain	15	mountain_108.tif	Mountain/mountain_108.tif	AID_20/train/Mountain/mountain_108.tif
train	Mountain	15	mountain_109.tif	Mountain/mountain_109.tif	AID_20/train/Mountain/mountain_109.tif
train	Mountain	15	mountain_114.tif	Mountain/mountain_114.tif	AID_20/train/Mountain/mountain_114.tif
train	Mountain	15	mountain_118.tif	Mountain/mountain_118.tif	AID_20/train/Mountain/mountain_118.tif
train	Mountain	15	mountain_126.tif	Mountain/mountain_126.tif	AID_20/train/Mountain/mountain_126.tif
train	Mountain	15	mountain_127.tif	Mountain/mountain_127.tif	AID_20/train/Mountain/mountain_127.tif
train	Mountain	15	mountain_131.tif	Mountain/mountain_131.tif	AID_20/train/Mountain/mountain_131.tif
train	Mountain	15	mountain_134.tif	Mountain/mountain_134.tif	AID_20/train/Mountain/mountain_134.tif
train	Mountain	15	mountain_138.tif	Mountain/mountain_138.tif	AID_20/train/Mountain/mountain_138.tif
train	Mountain	15	mountain_141.tif	Mountain/mountain_141.tif	AID_20/train/Mountain/mountain_141.tif
train	Mountain	15	mountain_144.tif	Mountain/mountain_144.tif	AID_20/train/Mountain/mountain_144.tif
train	Mountain	15	mountain_15.tif	Mountain/mountain_15.tif	AID_20/train/Mountain/mountain_15.tif
train	Mountain	15	mountain_164.tif	Mountain/mountain_164.tif	AID_20/train/Mountain/mountain_164.tif
train	Mountain	15	mountain_170.tif	Mountain/mountain_170.tif	AID_20/train/Mountain/mountain_170.tif
train	Mountain	15	mountain_172.tif	Mountain/mountain_172.tif	AID_20/train/Mountain/mountain_172.tif
train	Mountain	15	mountain_174.tif	Mountain/mountain_174.tif	AID_20/train/Mountain/mountain_174.tif
train	Mountain	15	mountain_176.tif	Mountain/mountain_176.tif	AID_20/train/Mountain/mountain_176.tif
train	Mountain	15	mountain_177.tif	Mountain/mountain_177.tif	AID_20/train/Mountain/mountain_177.tif
train	Mountain	15	mountain_18.tif	Mountain/mountain_18.tif	AID_20/train/Mountain/mountain_18.tif
train	Mountain	15	mountain_185.tif	Mountain/mountain_185.tif	AID_20/train/Mountain/mountain_185.tif
train	Mountain	15	mountain_191.tif	Mountain/mountain_191.tif	AID_20/train/Mountain/mountain_191.tif
train	Mountain	15	mountain_192.tif	Mountain/mountain_192.tif	AID_20/train/Mountain/mountain_192.tif
train	Mountain	15	mountain_193.tif	Mountain/mountain_193.tif	AID_20/train/Mountain/mountain_193.tif
train	Mountain	15	mountain_198.tif	Mountain/mountain_198.tif	AID_20/train/Mountain/mountain_198.tif
train	Mountain	15	mountain_2.tif	Mountain/mountain_2.tif	AID_20/train/Mountain/mountain_2.tif
train	Mountain	15	mountain_203.tif	Mountain/mountain_203.tif	AID_20/train/Mountain/mountain_203.tif
train	Mountain	15	mountain_204.tif	Mountain/mountain_204.tif	AID_20/train/Mountain/mountain_204.tif
train	Mountain	15	mountain_205.tif	Mountain/mountain_205.tif	AID_20/train/Mountain/mountain_205.tif
train	Mountain	15	mountain_206.tif	Mountain/mountain_206.tif	AID_20/train/Mountain/mountain_206.tif
train	Mountain	15	mountain_208.tif	Mountain/mountain_208.tif	AID_20/train/Mountain/mountain_208.tif
train	Mountain	15	mountain_211.tif	Mountain/mountain_211.tif	AID_20/train/Mountain/mountain_211.tif
train	Mountain	15	mountain_212.tif	Mountain/mountain_212.tif	AID_20/train/Mountain/mountain_212.tif
train	Mountain	15	mountain_218.tif	Mountain/mountain_218.tif	AID_20/train/Mountain/mountain_218.tif
train	Mountain	15	mountain_222.tif	Mountain/mountain_222.tif	AID_20/train/Mountain/mountain_222.tif
train	Mountain	15	mountain_23.tif	Mountain/mountain_23.tif	AID_20/train/Mountain/mountain_23.tif
train	Mountain	15	mountain_231.tif	Mountain/mountain_231.tif	AID_20/train/Mountain/mountain_231.tif
train	Mountain	15	mountain_234.tif	Mountain/mountain_234.tif	AID_20/train/Mountain/mountain_234.tif
train	Mountain	15	mountain_248.tif	Mountain/mountain_248.tif	AID_20/train/Mountain/mountain_248.tif
train	Mountain	15	mountain_25.tif	Mountain/mountain_25.tif	AID_20/train/Mountain/mountain_25.tif
train	Mountain	15	mountain_26.tif	Mountain/mountain_26.tif	AID_20/train/Mountain/mountain_26.tif
train	Mountain	15	mountain_261.tif	Mountain/mountain_261.tif	AID_20/train/Mountain/mountain_261.tif
train	Mountain	15	mountain_272.tif	Mountain/mountain_272.tif	AID_20/train/Mountain/mountain_272.tif
train	Mountain	15	mountain_277.tif	Mountain/mountain_277.tif	AID_20/train/Mountain/mountain_277.tif
train	Mountain	15	mountain_278.tif	Mountain/mountain_278.tif	AID_20/train/Mountain/mountain_278.tif
train	Mountain	15	mountain_289.tif	Mountain/mountain_289.tif	AID_20/train/Mountain/mountain_289.tif
train	Mountain	15	mountain_293.tif	Mountain/mountain_293.tif	AID_20/train/Mountain/mountain_293.tif
train	Mountain	15	mountain_295.tif	Mountain/mountain_295.tif	AID_20/train/Mountain/mountain_295.tif
train	Mountain	15	mountain_296.tif	Mountain/mountain_296.tif	AID_20/train/Mountain/mountain_296.tif
train	Mountain	15	mountain_299.tif	Mountain/mountain_299.tif	AID_20/train/Mountain/mountain_299.tif
train	Mountain	15	mountain_3.tif	Mountain/mountain_3.tif	AID_20/train/Mountain/mountain_3.tif
train	Mountain	15	mountain_33.tif	Mountain/mountain_33.tif	AID_20/train/Mountain/mountain_33.tif
train	Mountain	15	mountain_335.tif	Mountain/mountain_335.tif	AID_20/train/Mountain/mountain_335.tif
train	Mountain	15	mountain_339.tif	Mountain/mountain_339.tif	AID_20/train/Mountain/mountain_339.tif
train	Mountain	15	mountain_4.tif	Mountain/mountain_4.tif	AID_20/train/Mountain/mountain_4.tif
train	Mountain	15	mountain_44.tif	Mountain/mountain_44.tif	AID_20/train/Mountain/mountain_44.tif
train	Mountain	15	mountain_48.tif	Mountain/mountain_48.tif	AID_20/train/Mountain/mountain_48.tif
train	Mountain	15	mountain_55.tif	Mountain/mountain_55.tif	AID_20/train/Mountain/mountain_55.tif
train	Mountain	15	mountain_58.tif	Mountain/mountain_58.tif	AID_20/train/Mountain/mountain_58.tif
train	Mountain	15	mountain_63.tif	Mountain/mountain_63.tif	AID_20/train/Mountain/mountain_63.tif
train	Mountain	15	mountain_66.tif	Mountain/mountain_66.tif	AID_20/train/Mountain/mountain_66.tif
train	Mountain	15	mountain_7.tif	Mountain/mountain_7.tif	AID_20/train/Mountain/mountain_7.tif
train	Mountain	15	mountain_74.tif	Mountain/mountain_74.tif	AID_20/train/Mountain/mountain_74.tif
train	Mountain	15	mountain_80.tif	Mountain/mountain_80.tif	AID_20/train/Mountain/mountain_80.tif
train	Mountain	15	mountain_84.tif	Mountain/mountain_84.tif	AID_20/train/Mountain/mountain_84.tif
train	Mountain	15	mountain_93.tif	Mountain/mountain_93.tif	AID_20/train/Mountain/mountain_93.tif
train	Park	16	park_104.tif	Park/park_104.tif	AID_20/train/Park/park_104.tif
train	Park	16	park_110.tif	Park/park_110.tif	AID_20/train/Park/park_110.tif
train	Park	16	park_115.tif	Park/park_115.tif	AID_20/train/Park/park_115.tif
train	Park	16	park_119.tif	Park/park_119.tif	AID_20/train/Park/park_119.tif
train	Park	16	park_120.tif	Park/park_120.tif	AID_20/train/Park/park_120.tif
train	Park	16	park_121.tif	Park/park_121.tif	AID_20/train/Park/park_121.tif
train	Park	16	park_126.tif	Park/park_126.tif	AID_20/train/Park/park_126.tif
train	Park	16	park_129.tif	Park/park_129.tif	AID_20/train/Park/park_129.tif
train	Park	16	park_136.tif	Park/park_136.tif	AID_20/train/Park/park_136.tif
train	Park	16	park_141.tif	Park/park_141.tif	AID_20/train/Park/park_141.tif
train	Park	16	park_149.tif	Park/park_149.tif	AID_20/train/Park/park_149.tif
train	Park	16	park_160.tif	Park/park_160.tif	AID_20/train/Park/park_160.tif
train	Park	16	park_168.tif	Park/park_168.tif	AID_20/train/Park/park_168.tif
train	Park	16	park_176.tif	Park/park_176.tif	AID_20/train/Park/park_176.tif
train	Park	16	park_177.tif	Park/park_177.tif	AID_20/train/Park/park_177.tif
train	Park	16	park_178.tif	Park/park_178.tif	AID_20/train/Park/park_178.tif
train	Park	16	park_179.tif	Park/park_179.tif	AID_20/train/Park/park_179.tif
train	Park	16	park_180.tif	Park/park_180.tif	AID_20/train/Park/park_180.tif
train	Park	16	park_185.tif	Park/park_185.tif	AID_20/train/Park/park_185.tif
train	Park	16	park_187.tif	Park/park_187.tif	AID_20/train/Park/park_187.tif
train	Park	16	park_188.tif	Park/park_188.tif	AID_20/train/Park/park_188.tif
train	Park	16	park_191.tif	Park/park_191.tif	AID_20/train/Park/park_191.tif
train	Park	16	park_194.tif	Park/park_194.tif	AID_20/train/Park/park_194.tif
train	Park	16	park_199.tif	Park/park_199.tif	AID_20/train/Park/park_199.tif
train	Park	16	park_204.tif	Park/park_204.tif	AID_20/train/Park/park_204.tif
train	Park	16	park_206.tif	Park/park_206.tif	AID_20/train/Park/park_206.tif
train	Park	16	park_221.tif	Park/park_221.tif	AID_20/train/Park/park_221.tif
train	Park	16	park_227.tif	Park/park_227.tif	AID_20/train/Park/park_227.tif
train	Park	16	park_230.tif	Park/park_230.tif	AID_20/train/Park/park_230.tif
train	Park	16	park_237.tif	Park/park_237.tif	AID_20/train/Park/park_237.tif
train	Park	16	park_242.tif	Park/park_242.tif	AID_20/train/Park/park_242.tif
train	Park	16	park_245.tif	Park/park_245.tif	AID_20/train/Park/park_245.tif
train	Park	16	park_256.tif	Park/park_256.tif	AID_20/train/Park/park_256.tif
train	Park	16	park_257.tif	Park/park_257.tif	AID_20/train/Park/park_257.tif
train	Park	16	park_26.tif	Park/park_26.tif	AID_20/train/Park/park_26.tif
train	Park	16	park_261.tif	Park/park_261.tif	AID_20/train/Park/park_261.tif
train	Park	16	park_262.tif	Park/park_262.tif	AID_20/train/Park/park_262.tif
train	Park	16	park_265.tif	Park/park_265.tif	AID_20/train/Park/park_265.tif
train	Park	16	park_269.tif	Park/park_269.tif	AID_20/train/Park/park_269.tif
train	Park	16	park_270.tif	Park/park_270.tif	AID_20/train/Park/park_270.tif
train	Park	16	park_273.tif	Park/park_273.tif	AID_20/train/Park/park_273.tif
train	Park	16	park_276.tif	Park/park_276.tif	AID_20/train/Park/park_276.tif
train	Park	16	park_282.tif	Park/park_282.tif	AID_20/train/Park/park_282.tif
train	Park	16	park_283.tif	Park/park_283.tif	AID_20/train/Park/park_283.tif
train	Park	16	park_292.tif	Park/park_292.tif	AID_20/train/Park/park_292.tif
train	Park	16	park_3.tif	Park/park_3.tif	AID_20/train/Park/park_3.tif
train	Park	16	park_301.tif	Park/park_301.tif	AID_20/train/Park/park_301.tif
train	Park	16	park_309.tif	Park/park_309.tif	AID_20/train/Park/park_309.tif
train	Park	16	park_31.tif	Park/park_31.tif	AID_20/train/Park/park_31.tif
train	Park	16	park_314.tif	Park/park_314.tif	AID_20/train/Park/park_314.tif
train	Park	16	park_316.tif	Park/park_316.tif	AID_20/train/Park/park_316.tif
train	Park	16	park_318.tif	Park/park_318.tif	AID_20/train/Park/park_318.tif
train	Park	16	park_32.tif	Park/park_32.tif	AID_20/train/Park/park_32.tif
train	Park	16	park_324.tif	Park/park_324.tif	AID_20/train/Park/park_324.tif
train	Park	16	park_326.tif	Park/park_326.tif	AID_20/train/Park/park_326.tif
train	Park	16	park_327.tif	Park/park_327.tif	AID_20/train/Park/park_327.tif
train	Park	16	park_341.tif	Park/park_341.tif	AID_20/train/Park/park_341.tif
train	Park	16	park_344.tif	Park/park_344.tif	AID_20/train/Park/park_344.tif
train	Park	16	park_35.tif	Park/park_35.tif	AID_20/train/Park/park_35.tif
train	Park	16	park_38.tif	Park/park_38.tif	AID_20/train/Park/park_38.tif
train	Park	16	park_56.tif	Park/park_56.tif	AID_20/train/Park/park_56.tif
train	Park	16	park_57.tif	Park/park_57.tif	AID_20/train/Park/park_57.tif
train	Park	16	park_67.tif	Park/park_67.tif	AID_20/train/Park/park_67.tif
train	Park	16	park_76.tif	Park/park_76.tif	AID_20/train/Park/park_76.tif
train	Park	16	park_78.tif	Park/park_78.tif	AID_20/train/Park/park_78.tif
train	Park	16	park_8.tif	Park/park_8.tif	AID_20/train/Park/park_8.tif
train	Park	16	park_86.tif	Park/park_86.tif	AID_20/train/Park/park_86.tif
train	Park	16	park_9.tif	Park/park_9.tif	AID_20/train/Park/park_9.tif
train	Park	16	park_98.tif	Park/park_98.tif	AID_20/train/Park/park_98.tif
train	Park	16	park_99.tif	Park/park_99.tif	AID_20/train/Park/park_99.tif
train	Parking	17	parking_102.tif	Parking/parking_102.tif	AID_20/train/Parking/parking_102.tif
train	Parking	17	parking_104.tif	Parking/parking_104.tif	AID_20/train/Parking/parking_104.tif
train	Parking	17	parking_107.tif	Parking/parking_107.tif	AID_20/train/Parking/parking_107.tif
train	Parking	17	parking_109.tif	Parking/parking_109.tif	AID_20/train/Parking/parking_109.tif
train	Parking	17	parking_111.tif	Parking/parking_111.tif	AID_20/train/Parking/parking_111.tif
train	Parking	17	parking_112.tif	Parking/parking_112.tif	AID_20/train/Parking/parking_112.tif
train	Parking	17	parking_118.tif	Parking/parking_118.tif	AID_20/train/Parking/parking_118.tif
train	Parking	17	parking_120.tif	Parking/parking_120.tif	AID_20/train/Parking/parking_120.tif
train	Parking	17	parking_124.tif	Parking/parking_124.tif	AID_20/train/Parking/parking_124.tif
train	Parking	17	parking_127.tif	Parking/parking_127.tif	AID_20/train/Parking/parking_127.tif
train	Parking	17	parking_131.tif	Parking/parking_131.tif	AID_20/train/Parking/parking_131.tif
train	Parking	17	parking_132.tif	Parking/parking_132.tif	AID_20/train/Parking/parking_132.tif
train	Parking	17	parking_133.tif	Parking/parking_133.tif	AID_20/train/Parking/parking_133.tif
train	Parking	17	parking_143.tif	Parking/parking_143.tif	AID_20/train/Parking/parking_143.tif
train	Parking	17	parking_152.tif	Parking/parking_152.tif	AID_20/train/Parking/parking_152.tif
train	Parking	17	parking_161.tif	Parking/parking_161.tif	AID_20/train/Parking/parking_161.tif
train	Parking	17	parking_164.tif	Parking/parking_164.tif	AID_20/train/Parking/parking_164.tif
train	Parking	17	parking_168.tif	Parking/parking_168.tif	AID_20/train/Parking/parking_168.tif
train	Parking	17	parking_169.tif	Parking/parking_169.tif	AID_20/train/Parking/parking_169.tif
train	Parking	17	parking_172.tif	Parking/parking_172.tif	AID_20/train/Parking/parking_172.tif
train	Parking	17	parking_174.tif	Parking/parking_174.tif	AID_20/train/Parking/parking_174.tif
train	Parking	17	parking_175.tif	Parking/parking_175.tif	AID_20/train/Parking/parking_175.tif
train	Parking	17	parking_176.tif	Parking/parking_176.tif	AID_20/train/Parking/parking_176.tif
train	Parking	17	parking_182.tif	Parking/parking_182.tif	AID_20/train/Parking/parking_182.tif
train	Parking	17	parking_183.tif	Parking/parking_183.tif	AID_20/train/Parking/parking_183.tif
train	Parking	17	parking_184.tif	Parking/parking_184.tif	AID_20/train/Parking/parking_184.tif
train	Parking	17	parking_188.tif	Parking/parking_188.tif	AID_20/train/Parking/parking_188.tif
train	Parking	17	parking_196.tif	Parking/parking_196.tif	AID_20/train/Parking/parking_196.tif
train	Parking	17	parking_20.tif	Parking/parking_20.tif	AID_20/train/Parking/parking_20.tif
train	Parking	17	parking_210.tif	Parking/parking_210.tif	AID_20/train/Parking/parking_210.tif
train	Parking	17	parking_221.tif	Parking/parking_221.tif	AID_20/train/Parking/parking_221.tif
train	Parking	17	parking_225.tif	Parking/parking_225.tif	AID_20/train/Parking/parking_225.tif
train	Parking	17	parking_232.tif	Parking/parking_232.tif	AID_20/train/Parking/parking_232.tif
train	Parking	17	parking_233.tif	Parking/parking_233.tif	AID_20/train/Parking/parking_233.tif
train	Parking	17	parking_235.tif	Parking/parking_235.tif	AID_20/train/Parking/parking_235.tif
train	Parking	17	parking_24.tif	Parking/parking_24.tif	AID_20/train/Parking/parking_24.tif
train	Parking	17	parking_243.tif	Parking/parking_243.tif	AID_20/train/Parking/parking_243.tif
train	Parking	17	parking_248.tif	Parking/parking_248.tif	AID_20/train/Parking/parking_248.tif
train	Parking	17	parking_25.tif	Parking/parking_25.tif	AID_20/train/Parking/parking_25.tif
train	Parking	17	parking_250.tif	Parking/parking_250.tif	AID_20/train/Parking/parking_250.tif
train	Parking	17	parking_251.tif	Parking/parking_251.tif	AID_20/train/Parking/parking_251.tif
train	Parking	17	parking_252.tif	Parking/parking_252.tif	AID_20/train/Parking/parking_252.tif
train	Parking	17	parking_257.tif	Parking/parking_257.tif	AID_20/train/Parking/parking_257.tif
train	Parking	17	parking_262.tif	Parking/parking_262.tif	AID_20/train/Parking/parking_262.tif
train	Parking	17	parking_264.tif	Parking/parking_264.tif	AID_20/train/Parking/parking_264.tif
train	Parking	17	parking_267.tif	Parking/parking_267.tif	AID_20/train/Parking/parking_267.tif
train	Parking	17	parking_270.tif	Parking/parking_270.tif	AID_20/train/Parking/parking_270.tif
train	Parking	17	parking_289.tif	Parking/parking_289.tif	AID_20/train/Parking/parking_289.tif
train	Parking	17	parking_297.tif	Parking/parking_297.tif	AID_20/train/Parking/parking_297.tif
train	Parking	17	parking_302.tif	Parking/parking_302.tif	AID_20/train/Parking/parking_302.tif
train	Parking	17	parking_309.tif	Parking/parking_309.tif	AID_20/train/Parking/parking_309.tif
train	Parking	17	parking_310.tif	Parking/parking_310.tif	AID_20/train/Parking/parking_310.tif
train	Parking	17	parking_318.tif	Parking/parking_318.tif	AID_20/train/Parking/parking_318.tif
train	Parking	17	parking_32.tif	Parking/parking_32.tif	AID_20/train/Parking/parking_32.tif
train	Parking	17	parking_324.tif	Parking/parking_324.tif	AID_20/train/Parking/parking_324.tif
train	Parking	17	parking_326.tif	Parking/parking_326.tif	AID_20/train/Parking/parking_326.tif
train	Parking	17	parking_329.tif	Parking/parking_329.tif	AID_20/train/Parking/parking_329.tif
train	Parking	17	parking_332.tif	Parking/parking_332.tif	AID_20/train/Parking/parking_332.tif
train	Parking	17	parking_343.tif	Parking/parking_343.tif	AID_20/train/Parking/parking_343.tif
train	Parking	17	parking_349.tif	Parking/parking_349.tif	AID_20/train/Parking/parking_349.tif
train	Parking	17	parking_350.tif	Parking/parking_350.tif	AID_20/train/Parking/parking_350.tif
train	Parking	17	parking_354.tif	Parking/parking_354.tif	AID_20/train/Parking/parking_354.tif
train	Parking	17	parking_360.tif	Parking/parking_360.tif	AID_20/train/Parking/parking_360.tif
train	Parking	17	parking_362.tif	Parking/parking_362.tif	AID_20/train/Parking/parking_362.tif
train	Parking	17	parking_37.tif	Parking/parking_37.tif	AID_20/train/Parking/parking_37.tif
train	Parking	17	parking_376.tif	Parking/parking_376.tif	AID_20/train/Parking/parking_376.tif
train	Parking	17	parking_380.tif	Parking/parking_380.tif	AID_20/train/Parking/parking_380.tif
train	Parking	17	parking_389.tif	Parking/parking_389.tif	AID_20/train/Parking/parking_389.tif
train	Parking	17	parking_41.tif	Parking/parking_41.tif	AID_20/train/Parking/parking_41.tif
train	Parking	17	parking_45.tif	Parking/parking_45.tif	AID_20/train/Parking/parking_45.tif
train	Parking	17	parking_51.tif	Parking/parking_51.tif	AID_20/train/Parking/parking_51.tif
train	Parking	17	parking_58.tif	Parking/parking_58.tif	AID_20/train/Parking/parking_58.tif
train	Parking	17	parking_59.tif	Parking/parking_59.tif	AID_20/train/Parking/parking_59.tif
train	Parking	17	parking_7.tif	Parking/parking_7.tif	AID_20/train/Parking/parking_7.tif
train	Parking	17	parking_86.tif	Parking/parking_86.tif	AID_20/train/Parking/parking_86.tif
train	Parking	17	parking_91.tif	Parking/parking_91.tif	AID_20/train/Parking/parking_91.tif
train	Parking	17	parking_95.tif	Parking/parking_95.tif	AID_20/train/Parking/parking_95.tif
train	Parking	17	parking_97.tif	Parking/parking_97.tif	AID_20/train/Parking/parking_97.tif
train	Playground	18	playground_10.tif	Playground/playground_10.tif	AID_20/train/Playground/playground_10.tif
train	Playground	18	playground_104.tif	Playground/playground_104.tif	AID_20/train/Playground/playground_104.tif
train	Playground	18	playground_105.tif	Playground/playground_105.tif	AID_20/train/Playground/playground_105.tif
train	Playground	18	playground_107.tif	Playground/playground_107.tif	AID_20/train/Playground/playground_107.tif
train	Playground	18	playground_113.tif	Playground/playground_113.tif	AID_20/train/Playground/playground_113.tif
train	Playground	18	playground_118.tif	Playground/playground_118.tif	AID_20/train/Playground/playground_118.tif
train	Playground	18	playground_121.tif	Playground/playground_121.tif	AID_20/train/Playground/playground_121.tif
train	Playground	18	playground_125.tif	Playground/playground_125.tif	AID_20/train/Playground/playground_125.tif
train	Playground	18	playground_13.tif	Playground/playground_13.tif	AID_20/train/Playground/playground_13.tif
train	Playground	18	playground_131.tif	Playground/playground_131.tif	AID_20/train/Playground/playground_131.tif
train	Playground	18	playground_145.tif	Playground/playground_145.tif	AID_20/train/Playground/playground_145.tif
train	Playground	18	playground_148.tif	Playground/playground_148.tif	AID_20/train/Playground/playground_148.tif
train	Playground	18	playground_154.tif	Playground/playground_154.tif	AID_20/train/Playground/playground_154.tif
train	Playground	18	playground_158.tif	Playground/playground_158.tif	AID_20/train/Playground/playground_158.tif
train	Playground	18	playground_159.tif	Playground/playground_159.tif	AID_20/train/Playground/playground_159.tif
train	Playground	18	playground_165.tif	Playground/playground_165.tif	AID_20/train/Playground/playground_165.tif
train	Playground	18	playground_166.tif	Playground/playground_166.tif	AID_20/train/Playground/playground_166.tif
train	Playground	18	playground_167.tif	Playground/playground_167.tif	AID_20/train/Playground/playground_167.tif
train	Playground	18	playground_169.tif	Playground/playground_169.tif	AID_20/train/Playground/playground_169.tif
train	Playground	18	playground_17.tif	Playground/playground_17.tif	AID_20/train/Playground/playground_17.tif
train	Playground	18	playground_171.tif	Playground/playground_171.tif	AID_20/train/Playground/playground_171.tif
train	Playground	18	playground_192.tif	Playground/playground_192.tif	AID_20/train/Playground/playground_192.tif
train	Playground	18	playground_193.tif	Playground/playground_193.tif	AID_20/train/Playground/playground_193.tif
train	Playground	18	playground_194.tif	Playground/playground_194.tif	AID_20/train/Playground/playground_194.tif
train	Playground	18	playground_197.tif	Playground/playground_197.tif	AID_20/train/Playground/playground_197.tif
train	Playground	18	playground_201.tif	Playground/playground_201.tif	AID_20/train/Playground/playground_201.tif
train	Playground	18	playground_206.tif	Playground/playground_206.tif	AID_20/train/Playground/playground_206.tif
train	Playground	18	playground_217.tif	Playground/playground_217.tif	AID_20/train/Playground/playground_217.tif
train	Playground	18	playground_223.tif	Playground/playground_223.tif	AID_20/train/Playground/playground_223.tif
train	Playground	18	playground_226.tif	Playground/playground_226.tif	AID_20/train/Playground/playground_226.tif
train	Playground	18	playground_228.tif	Playground/playground_228.tif	AID_20/train/Playground/playground_228.tif
train	Playground	18	playground_229.tif	Playground/playground_229.tif	AID_20/train/Playground/playground_229.tif
train	Playground	18	playground_231.tif	Playground/playground_231.tif	AID_20/train/Playground/playground_231.tif
train	Playground	18	playground_235.tif	Playground/playground_235.tif	AID_20/train/Playground/playground_235.tif
train	Playground	18	playground_238.tif	Playground/playground_238.tif	AID_20/train/Playground/playground_238.tif
train	Playground	18	playground_24.tif	Playground/playground_24.tif	AID_20/train/Playground/playground_24.tif
train	Playground	18	playground_243.tif	Playground/playground_243.tif	AID_20/train/Playground/playground_243.tif
train	Playground	18	playground_247.tif	Playground/playground_247.tif	AID_20/train/Playground/playground_247.tif
train	Playground	18	playground_248.tif	Playground/playground_248.tif	AID_20/train/Playground/playground_248.tif
train	Playground	18	playground_250.tif	Playground/playground_250.tif	AID_20/train/Playground/playground_250.tif
train	Playground	18	playground_253.tif	Playground/playground_253.tif	AID_20/train/Playground/playground_253.tif
train	Playground	18	playground_255.tif	Playground/playground_255.tif	AID_20/train/Playground/playground_255.tif
train	Playground	18	playground_265.tif	Playground/playground_265.tif	AID_20/train/Playground/playground_265.tif
train	Playground	18	playground_266.tif	Playground/playground_266.tif	AID_20/train/Playground/playground_266.tif
train	Playground	18	playground_27.tif	Playground/playground_27.tif	AID_20/train/Playground/playground_27.tif
train	Playground	18	playground_274.tif	Playground/playground_274.tif	AID_20/train/Playground/playground_274.tif
train	Playground	18	playground_275.tif	Playground/playground_275.tif	AID_20/train/Playground/playground_275.tif
train	Playground	18	playground_285.tif	Playground/playground_285.tif	AID_20/train/Playground/playground_285.tif
train	Playground	18	playground_286.tif	Playground/playground_286.tif	AID_20/train/Playground/playground_286.tif
train	Playground	18	playground_293.tif	Playground/playground_293.tif	AID_20/train/Playground/playground_293.tif
train	Playground	18	playground_297.tif	Playground/playground_297.tif	AID_20/train/Playground/playground_297.tif
train	Playground	18	playground_304.tif	Playground/playground_304.tif	AID_20/train/Playground/playground_304.tif
train	Playground	18	playground_306.tif	Playground/playground_306.tif	AID_20/train/Playground/playground_306.tif
train	Playground	18	playground_316.tif	Playground/playground_316.tif	AID_20/train/Playground/playground_316.tif
train	Playground	18	playground_323.tif	Playground/playground_323.tif	AID_20/train/Playground/playground_323.tif
train	Playground	18	playground_324.tif	Playground/playground_324.tif	AID_20/train/Playground/playground_324.tif
train	Playground	18	playground_328.tif	Playground/playground_328.tif	AID_20/train/Playground/playground_328.tif
train	Playground	18	playground_335.tif	Playground/playground_335.tif	AID_20/train/Playground/playground_335.tif
train	Playground	18	playground_336.tif	Playground/playground_336.tif	AID_20/train/Playground/playground_336.tif
train	Playground	18	playground_342.tif	Playground/playground_342.tif	AID_20/train/Playground/playground_342.tif
train	Playground	18	playground_349.tif	Playground/playground_349.tif	AID_20/train/Playground/playground_349.tif
train	Playground	18	playground_36.tif	Playground/playground_36.tif	AID_20/train/Playground/playground_36.tif
train	Playground	18	playground_362.tif	Playground/playground_362.tif	AID_20/train/Playground/playground_362.tif
train	Playground	18	playground_363.tif	Playground/playground_363.tif	AID_20/train/Playground/playground_363.tif
train	Playground	18	playground_44.tif	Playground/playground_44.tif	AID_20/train/Playground/playground_44.tif
train	Playground	18	playground_45.tif	Playground/playground_45.tif	AID_20/train/Playground/playground_45.tif
train	Playground	18	playground_5.tif	Playground/playground_5.tif	AID_20/train/Playground/playground_5.tif
train	Playground	18	playground_51.tif	Playground/playground_51.tif	AID_20/train/Playground/playground_51.tif
train	Playground	18	playground_60.tif	Playground/playground_60.tif	AID_20/train/Playground/playground_60.tif
train	Playground	18	playground_61.tif	Playground/playground_61.tif	AID_20/train/Playground/playground_61.tif
train	Playground	18	playground_76.tif	Playground/playground_76.tif	AID_20/train/Playground/playground_76.tif
train	Playground	18	playground_93.tif	Playground/playground_93.tif	AID_20/train/Playground/playground_93.tif
train	Playground	18	playground_98.tif	Playground/playground_98.tif	AID_20/train/Playground/playground_98.tif
train	Playground	18	playground_99.tif	Playground/playground_99.tif	AID_20/train/Playground/playground_99.tif
train	Pond	19	pond_10.tif	Pond/pond_10.tif	AID_20/train/Pond/pond_10.tif
train	Pond	19	pond_107.tif	Pond/pond_107.tif	AID_20/train/Pond/pond_107.tif
train	Pond	19	pond_11.tif	Pond/pond_11.tif	AID_20/train/Pond/pond_11.tif
train	Pond	19	pond_111.tif	Pond/pond_111.tif	AID_20/train/Pond/pond_111.tif
train	Pond	19	pond_117.tif	Pond/pond_117.tif	AID_20/train/Pond/pond_117.tif
train	Pond	19	pond_12.tif	Pond/pond_12.tif	AID_20/train/Pond/pond_12.tif
train	Pond	19	pond_120.tif	Pond/pond_120.tif	AID_20/train/Pond/pond_120.tif
train	Pond	19	pond_127.tif	Pond/pond_127.tif	AID_20/train/Pond/pond_127.tif
train	Pond	19	pond_128.tif	Pond/pond_128.tif	AID_20/train/Pond/pond_128.tif
train	Pond	19	pond_129.tif	Pond/pond_129.tif	AID_20/train/Pond/pond_129.tif
train	Pond	19	pond_13.tif	Pond/pond_13.tif	AID_20/train/Pond/pond_13.tif
train	Pond	19	pond_130.tif	Pond/pond_130.tif	AID_20/train/Pond/pond_130.tif
train	Pond	19	pond_133.tif	Pond/pond_133.tif	AID_20/train/Pond/pond_133.tif
train	Pond	19	pond_136.tif	Pond/pond_136.tif	AID_20/train/Pond/pond_136.tif
train	Pond	19	pond_139.tif	Pond/pond_139.tif	AID_20/train/Pond/pond_139.tif
train	Pond	19	pond_143.tif	Pond/pond_143.tif	AID_20/train/Pond/pond_143.tif
train	Pond	19	pond_15.tif	Pond/pond_15.tif	AID_20/train/Pond/pond_15.tif
train	Pond	19	pond_151.tif	Pond/pond_151.tif	AID_20/train/Pond/pond_151.tif
train	Pond	19	pond_157.tif	Pond/pond_157.tif	AID_20/train/Pond/pond_157.tif
train	Pond	19	pond_160.tif	Pond/pond_160.tif	AID_20/train/Pond/pond_160.tif
train	Pond	19	pond_172.tif	Pond/pond_172.tif	AID_20/train/Pond/pond_172.tif
train	Pond	19	pond_184.tif	Pond/pond_184.tif	AID_20/train/Pond/pond_184.tif
train	Pond	19	pond_191.tif	Pond/pond_191.tif	AID_20/train/Pond/pond_191.tif
train	Pond	19	pond_192.tif	Pond/pond_192.tif	AID_20/train/Pond/pond_192.tif
train	Pond	19	pond_194.tif	Pond/pond_194.tif	AID_20/train/Pond/pond_194.tif
train	Pond	19	pond_195.tif	Pond/pond_195.tif	AID_20/train/Pond/pond_195.tif
train	Pond	19	pond_196.tif	Pond/pond_196.tif	AID_20/train/Pond/pond_196.tif
train	Pond	19	pond_197.tif	Pond/pond_197.tif	AID_20/train/Pond/pond_197.tif
train	Pond	19	pond_199.tif	Pond/pond_199.tif	AID_20/train/Pond/pond_199.tif
train	Pond	19	pond_205.tif	Pond/pond_205.tif	AID_20/train/Pond/pond_205.tif
train	Pond	19	pond_208.tif	Pond/pond_208.tif	AID_20/train/Pond/pond_208.tif
train	Pond	19	pond_209.tif	Pond/pond_209.tif	AID_20/train/Pond/pond_209.tif
train	Pond	19	pond_215.tif	Pond/pond_215.tif	AID_20/train/Pond/pond_215.tif
train	Pond	19	pond_218.tif	Pond/pond_218.tif	AID_20/train/Pond/pond_218.tif
train	Pond	19	pond_230.tif	Pond/pond_230.tif	AID_20/train/Pond/pond_230.tif
train	Pond	19	pond_231.tif	Pond/pond_231.tif	AID_20/train/Pond/pond_231.tif
train	Pond	19	pond_234.tif	Pond/pond_234.tif	AID_20/train/Pond/pond_234.tif
train	Pond	19	pond_239.tif	Pond/pond_239.tif	AID_20/train/Pond/pond_239.tif
train	Pond	19	pond_243.tif	Pond/pond_243.tif	AID_20/train/Pond/pond_243.tif
train	Pond	19	pond_245.tif	Pond/pond_245.tif	AID_20/train/Pond/pond_245.tif
train	Pond	19	pond_255.tif	Pond/pond_255.tif	AID_20/train/Pond/pond_255.tif
train	Pond	19	pond_256.tif	Pond/pond_256.tif	AID_20/train/Pond/pond_256.tif
train	Pond	19	pond_258.tif	Pond/pond_258.tif	AID_20/train/Pond/pond_258.tif
train	Pond	19	pond_262.tif	Pond/pond_262.tif	AID_20/train/Pond/pond_262.tif
train	Pond	19	pond_269.tif	Pond/pond_269.tif	AID_20/train/Pond/pond_269.tif
train	Pond	19	pond_274.tif	Pond/pond_274.tif	AID_20/train/Pond/pond_274.tif
train	Pond	19	pond_278.tif	Pond/pond_278.tif	AID_20/train/Pond/pond_278.tif
train	Pond	19	pond_295.tif	Pond/pond_295.tif	AID_20/train/Pond/pond_295.tif
train	Pond	19	pond_30.tif	Pond/pond_30.tif	AID_20/train/Pond/pond_30.tif
train	Pond	19	pond_303.tif	Pond/pond_303.tif	AID_20/train/Pond/pond_303.tif
train	Pond	19	pond_308.tif	Pond/pond_308.tif	AID_20/train/Pond/pond_308.tif
train	Pond	19	pond_309.tif	Pond/pond_309.tif	AID_20/train/Pond/pond_309.tif
train	Pond	19	pond_314.tif	Pond/pond_314.tif	AID_20/train/Pond/pond_314.tif
train	Pond	19	pond_32.tif	Pond/pond_32.tif	AID_20/train/Pond/pond_32.tif
train	Pond	19	pond_324.tif	Pond/pond_324.tif	AID_20/train/Pond/pond_324.tif
train	Pond	19	pond_328.tif	Pond/pond_328.tif	AID_20/train/Pond/pond_328.tif
train	Pond	19	pond_332.tif	Pond/pond_332.tif	AID_20/train/Pond/pond_332.tif
train	Pond	19	pond_34.tif	Pond/pond_34.tif	AID_20/train/Pond/pond_34.tif
train	Pond	19	pond_342.tif	Pond/pond_342.tif	AID_20/train/Pond/pond_342.tif
train	Pond	19	pond_343.tif	Pond/pond_343.tif	AID_20/train/Pond/pond_343.tif
train	Pond	19	pond_344.tif	Pond/pond_344.tif	AID_20/train/Pond/pond_344.tif
train	Pond	19	pond_360.tif	Pond/pond_360.tif	AID_20/train/Pond/pond_360.tif
train	Pond	19	pond_363.tif	Pond/pond_363.tif	AID_20/train/Pond/pond_363.tif
train	Pond	19	pond_372.tif	Pond/pond_372.tif	AID_20/train/Pond/pond_372.tif
train	Pond	19	pond_375.tif	Pond/pond_375.tif	AID_20/train/Pond/pond_375.tif
train	Pond	19	pond_382.tif	Pond/pond_382.tif	AID_20/train/Pond/pond_382.tif
train	Pond	19	pond_383.tif	Pond/pond_383.tif	AID_20/train/Pond/pond_383.tif
train	Pond	19	pond_392.tif	Pond/pond_392.tif	AID_20/train/Pond/pond_392.tif
train	Pond	19	pond_399.tif	Pond/pond_399.tif	AID_20/train/Pond/pond_399.tif
train	Pond	19	pond_400.tif	Pond/pond_400.tif	AID_20/train/Pond/pond_400.tif
train	Pond	19	pond_407.tif	Pond/pond_407.tif	AID_20/train/Pond/pond_407.tif
train	Pond	19	pond_411.tif	Pond/pond_411.tif	AID_20/train/Pond/pond_411.tif
train	Pond	19	pond_42.tif	Pond/pond_42.tif	AID_20/train/Pond/pond_42.tif
train	Pond	19	pond_47.tif	Pond/pond_47.tif	AID_20/train/Pond/pond_47.tif
train	Pond	19	pond_50.tif	Pond/pond_50.tif	AID_20/train/Pond/pond_50.tif
train	Pond	19	pond_53.tif	Pond/pond_53.tif	AID_20/train/Pond/pond_53.tif
train	Pond	19	pond_58.tif	Pond/pond_58.tif	AID_20/train/Pond/pond_58.tif
train	Pond	19	pond_59.tif	Pond/pond_59.tif	AID_20/train/Pond/pond_59.tif
train	Pond	19	pond_67.tif	Pond/pond_67.tif	AID_20/train/Pond/pond_67.tif
train	Pond	19	pond_69.tif	Pond/pond_69.tif	AID_20/train/Pond/pond_69.tif
train	Pond	19	pond_79.tif	Pond/pond_79.tif	AID_20/train/Pond/pond_79.tif
train	Pond	19	pond_81.tif	Pond/pond_81.tif	AID_20/train/Pond/pond_81.tif
train	Pond	19	pond_92.tif	Pond/pond_92.tif	AID_20/train/Pond/pond_92.tif
train	Pond	19	pond_98.tif	Pond/pond_98.tif	AID_20/train/Pond/pond_98.tif
train	Port	20	port_103.tif	Port/port_103.tif	AID_20/train/Port/port_103.tif
train	Port	20	port_106.tif	Port/port_106.tif	AID_20/train/Port/port_106.tif
train	Port	20	port_108.tif	Port/port_108.tif	AID_20/train/Port/port_108.tif
train	Port	20	port_110.tif	Port/port_110.tif	AID_20/train/Port/port_110.tif
train	Port	20	port_112.tif	Port/port_112.tif	AID_20/train/Port/port_112.tif
train	Port	20	port_128.tif	Port/port_128.tif	AID_20/train/Port/port_128.tif
train	Port	20	port_130.tif	Port/port_130.tif	AID_20/train/Port/port_130.tif
train	Port	20	port_131.tif	Port/port_131.tif	AID_20/train/Port/port_131.tif
train	Port	20	port_132.tif	Port/port_132.tif	AID_20/train/Port/port_132.tif
train	Port	20	port_137.tif	Port/port_137.tif	AID_20/train/Port/port_137.tif
train	Port	20	port_14.tif	Port/port_14.tif	AID_20/train/Port/port_14.tif
train	Port	20	port_144.tif	Port/port_144.tif	AID_20/train/Port/port_144.tif
train	Port	20	port_155.tif	Port/port_155.tif	AID_20/train/Port/port_155.tif
train	Port	20	port_170.tif	Port/port_170.tif	AID_20/train/Port/port_170.tif
train	Port	20	port_179.tif	Port/port_179.tif	AID_20/train/Port/port_179.tif
train	Port	20	port_183.tif	Port/port_183.tif	AID_20/train/Port/port_183.tif
train	Port	20	port_185.tif	Port/port_185.tif	AID_20/train/Port/port_185.tif
train	Port	20	port_189.tif	Port/port_189.tif	AID_20/train/Port/port_189.tif
train	Port	20	port_191.tif	Port/port_191.tif	AID_20/train/Port/port_191.tif
train	Port	20	port_193.tif	Port/port_193.tif	AID_20/train/Port/port_193.tif
train	Port	20	port_197.tif	Port/port_197.tif	AID_20/train/Port/port_197.tif
train	Port	20	port_203.tif	Port/port_203.tif	AID_20/train/Port/port_203.tif
train	Port	20	port_210.tif	Port/port_210.tif	AID_20/train/Port/port_210.tif
train	Port	20	port_217.tif	Port/port_217.tif	AID_20/train/Port/port_217.tif
train	Port	20	port_223.tif	Port/port_223.tif	AID_20/train/Port/port_223.tif
train	Port	20	port_226.tif	Port/port_226.tif	AID_20/train/Port/port_226.tif
train	Port	20	port_232.tif	Port/port_232.tif	AID_20/train/Port/port_232.tif
train	Port	20	port_245.tif	Port/port_245.tif	AID_20/train/Port/port_245.tif
train	Port	20	port_247.tif	Port/port_247.tif	AID_20/train/Port/port_247.tif
train	Port	20	port_249.tif	Port/port_249.tif	AID_20/train/Port/port_249.tif
train	Port	20	port_25.tif	Port/port_25.tif	AID_20/train/Port/port_25.tif
train	Port	20	port_250.tif	Port/port_250.tif	AID_20/train/Port/port_250.tif
train	Port	20	port_252.tif	Port/port_252.tif	AID_20/train/Port/port_252.tif
train	Port	20	port_254.tif	Port/port_254.tif	AID_20/train/Port/port_254.tif
train	Port	20	port_255.tif	Port/port_255.tif	AID_20/train/Port/port_255.tif
train	Port	20	port_269.tif	Port/port_269.tif	AID_20/train/Port/port_269.tif
train	Port	20	port_270.tif	Port/port_270.tif	AID_20/train/Port/port_270.tif
train	Port	20	port_271.tif	Port/port_271.tif	AID_20/train/Port/port_271.tif
train	Port	20	port_272.tif	Port/port_272.tif	AID_20/train/Port/port_272.tif
train	Port	20	port_275.tif	Port/port_275.tif	AID_20/train/Port/port_275.tif
train	Port	20	port_277.tif	Port/port_277.tif	AID_20/train/Port/port_277.tif
train	Port	20	port_286.tif	Port/port_286.tif	AID_20/train/Port/port_286.tif
train	Port	20	port_287.tif	Port/port_287.tif	AID_20/train/Port/port_287.tif
train	Port	20	port_295.tif	Port/port_295.tif	AID_20/train/Port/port_295.tif
train	Port	20	port_30.tif	Port/port_30.tif	AID_20/train/Port/port_30.tif
train	Port	20	port_314.tif	Port/port_314.tif	AID_20/train/Port/port_314.tif
train	Port	20	port_32.tif	Port/port_32.tif	AID_20/train/Port/port_32.tif
train	Port	20	port_321.tif	Port/port_321.tif	AID_20/train/Port/port_321.tif
train	Port	20	port_322.tif	Port/port_322.tif	AID_20/train/Port/port_322.tif
train	Port	20	port_324.tif	Port/port_324.tif	AID_20/train/Port/port_324.tif
train	Port	20	port_327.tif	Port/port_327.tif	AID_20/train/Port/port_327.tif
train	Port	20	port_336.tif	Port/port_336.tif	AID_20/train/Port/port_336.tif
train	Port	20	port_339.tif	Port/port_339.tif	AID_20/train/Port/port_339.tif
train	Port	20	port_344.tif	Port/port_344.tif	AID_20/train/Port/port_344.tif
train	Port	20	port_345.tif	Port/port_345.tif	AID_20/train/Port/port_345.tif
train	Port	20	port_355.tif	Port/port_355.tif	AID_20/train/Port/port_355.tif
train	Port	20	port_362.tif	Port/port_362.tif	AID_20/train/Port/port_362.tif
train	Port	20	port_368.tif	Port/port_368.tif	AID_20/train/Port/port_368.tif
train	Port	20	port_373.tif	Port/port_373.tif	AID_20/train/Port/port_373.tif
train	Port	20	port_374.tif	Port/port_374.tif	AID_20/train/Port/port_374.tif
train	Port	20	port_377.tif	Port/port_377.tif	AID_20/train/Port/port_377.tif
train	Port	20	port_38.tif	Port/port_38.tif	AID_20/train/Port/port_38.tif
train	Port	20	port_44.tif	Port/port_44.tif	AID_20/train/Port/port_44.tif
train	Port	20	port_5.tif	Port/port_5.tif	AID_20/train/Port/port_5.tif
train	Port	20	port_60.tif	Port/port_60.tif	AID_20/train/Port/port_60.tif
train	Port	20	port_65.tif	Port/port_65.tif	AID_20/train/Port/port_65.tif
train	Port	20	port_67.tif	Port/port_67.tif	AID_20/train/Port/port_67.tif
train	Port	20	port_7.tif	Port/port_7.tif	AID_20/train/Port/port_7.tif
train	Port	20	port_72.tif	Port/port_72.tif	AID_20/train/Port/port_72.tif
train	Port	20	port_73.tif	Port/port_73.tif	AID_20/train/Port/port_73.tif
train	Port	20	port_79.tif	Port/port_79.tif	AID_20/train/Port/port_79.tif
train	Port	20	port_8.tif	Port/port_8.tif	AID_20/train/Port/port_8.tif
train	Port	20	port_84.tif	Port/port_84.tif	AID_20/train/Port/port_84.tif
train	Port	20	port_86.tif	Port/port_86.tif	AID_20/train/Port/port_86.tif
train	Port	20	port_90.tif	Port/port_90.tif	AID_20/train/Port/port_90.tif
train	Port	20	port_92.tif	Port/port_92.tif	AID_20/train/Port/port_92.tif
train	RailwayStation	21	railwaystation_102.tif	RailwayStation/railwaystation_102.tif	AID_20/train/RailwayStation/railwaystation_102.tif
train	RailwayStation	21	railwaystation_103.tif	RailwayStation/railwaystation_103.tif	AID_20/train/RailwayStation/railwaystation_103.tif
train	RailwayStation	21	railwaystation_106.tif	RailwayStation/railwaystation_106.tif	AID_20/train/RailwayStation/railwaystation_106.tif
train	RailwayStation	21	railwaystation_11.tif	RailwayStation/railwaystation_11.tif	AID_20/train/RailwayStation/railwaystation_11.tif
train	RailwayStation	21	railwaystation_110.tif	RailwayStation/railwaystation_110.tif	AID_20/train/RailwayStation/railwaystation_110.tif
train	RailwayStation	21	railwaystation_117.tif	RailwayStation/railwaystation_117.tif	AID_20/train/RailwayStation/railwaystation_117.tif
train	RailwayStation	21	railwaystation_118.tif	RailwayStation/railwaystation_118.tif	AID_20/train/RailwayStation/railwaystation_118.tif
train	RailwayStation	21	railwaystation_121.tif	RailwayStation/railwaystation_121.tif	AID_20/train/RailwayStation/railwaystation_121.tif
train	RailwayStation	21	railwaystation_13.tif	RailwayStation/railwaystation_13.tif	AID_20/train/RailwayStation/railwaystation_13.tif
train	RailwayStation	21	railwaystation_134.tif	RailwayStation/railwaystation_134.tif	AID_20/train/RailwayStation/railwaystation_134.tif
train	RailwayStation	21	railwaystation_136.tif	RailwayStation/railwaystation_136.tif	AID_20/train/RailwayStation/railwaystation_136.tif
train	RailwayStation	21	railwaystation_137.tif	RailwayStation/railwaystation_137.tif	AID_20/train/RailwayStation/railwaystation_137.tif
train	RailwayStation	21	railwaystation_15.tif	RailwayStation/railwaystation_15.tif	AID_20/train/RailwayStation/railwaystation_15.tif
train	RailwayStation	21	railwaystation_157.tif	RailwayStation/railwaystation_157.tif	AID_20/train/RailwayStation/railwaystation_157.tif
train	RailwayStation	21	railwaystation_16.tif	RailwayStation/railwaystation_16.tif	AID_20/train/RailwayStation/railwaystation_16.tif
train	RailwayStation	21	railwaystation_160.tif	RailwayStation/railwaystation_160.tif	AID_20/train/RailwayStation/railwaystation_160.tif
train	RailwayStation	21	railwaystation_165.tif	RailwayStation/railwaystation_165.tif	AID_20/train/RailwayStation/railwaystation_165.tif
train	RailwayStation	21	railwaystation_176.tif	RailwayStation/railwaystation_176.tif	AID_20/train/RailwayStation/railwaystation_176.tif
train	RailwayStation	21	railwaystation_182.tif	RailwayStation/railwaystation_182.tif	AID_20/train/RailwayStation/railwaystation_182.tif
train	RailwayStation	21	railwaystation_186.tif	RailwayStation/railwaystation_186.tif	AID_20/train/RailwayStation/railwaystation_186.tif
train	RailwayStation	21	railwaystation_193.tif	RailwayStation/railwaystation_193.tif	AID_20/train/RailwayStation/railwaystation_193.tif
train	RailwayStation	21	railwaystation_213.tif	RailwayStation/railwaystation_213.tif	AID_20/train/RailwayStation/railwaystation_213.tif
train	RailwayStation	21	railwaystation_218.tif	RailwayStation/railwaystation_218.tif	AID_20/train/RailwayStation/railwaystation_218.tif
train	RailwayStation	21	railwaystation_219.tif	RailwayStation/railwaystation_219.tif	AID_20/train/RailwayStation/railwaystation_219.tif
train	RailwayStation	21	railwaystation_22.tif	RailwayStation/railwaystation_22.tif	AID_20/train/RailwayStation/railwaystation_22.tif
train	RailwayStation	21	railwaystation_220.tif	RailwayStation/railwaystation_220.tif	AID_20/train/RailwayStation/railwaystation_220.tif
train	RailwayStation	21	railwaystation_223.tif	RailwayStation/railwaystation_223.tif	AID_20/train/RailwayStation/railwaystation_223.tif
train	RailwayStation	21	railwaystation_233.tif	RailwayStation/railwaystation_233.tif	AID_20/train/RailwayStation/railwaystation_233.tif
train	RailwayStation	21	railwaystation_234.tif	RailwayStation/railwaystation_234.tif	AID_20/train/RailwayStation/railwaystation_234.tif
train	RailwayStation	21	railwaystation_24.tif	RailwayStation/railwaystation_24.tif	AID_20/train/RailwayStation/railwaystation_24.tif
train	RailwayStation	21	railwaystation_245.tif	RailwayStation/railwaystation_245.tif	AID_20/train/RailwayStation/railwaystation_245.tif
train	RailwayStation	21	railwaystation_248.tif	RailwayStation/railwaystation_248.tif	AID_20/train/RailwayStation/railwaystation_248.tif
train	RailwayStation	21	railwaystation_251.tif	RailwayStation/railwaystation_251.tif	AID_20/train/RailwayStation/railwaystation_251.tif
train	RailwayStation	21	railwaystation_253.tif	RailwayStation/railwaystation_253.tif	AID_20/train/RailwayStation/railwaystation_253.tif
train	RailwayStation	21	railwaystation_255.tif	RailwayStation/railwaystation_255.tif	AID_20/train/RailwayStation/railwaystation_255.tif
train	RailwayStation	21	railwaystation_33.tif	RailwayStation/railwaystation_33.tif	AID_20/train/RailwayStation/railwaystation_33.tif
train	RailwayStation	21	railwaystation_36.tif	RailwayStation/railwaystation_36.tif	AID_20/train/RailwayStation/railwaystation_36.tif
train	RailwayStation	21	railwaystation_44.tif	RailwayStation/railwaystation_44.tif	AID_20/train/RailwayStation/railwaystation_44.tif
train	RailwayStation	21	railwaystation_48.tif	RailwayStation/railwaystation_48.tif	AID_20/train/RailwayStation/railwaystation_48.tif
train	RailwayStation	21	railwaystation_53.tif	RailwayStation/railwaystation_53.tif	AID_20/train/RailwayStation/railwaystation_53.tif
train	RailwayStation	21	railwaystation_55.tif	RailwayStation/railwaystation_55.tif	AID_20/train/RailwayStation/railwaystation_55.tif
train	RailwayStation	21	railwaystation_57.tif	RailwayStation/railwaystation_57.tif	AID_20/train/RailwayStation/railwaystation_57.tif
train	RailwayStation	21	railwaystation_58.tif	RailwayStation/railwaystation_58.tif	AID_20/train/RailwayStation/railwaystation_58.tif
train	RailwayStation	21	railwaystation_61.tif	RailwayStation/railwaystation_61.tif	AID_20/train/RailwayStation/railwaystation_61.tif
train	RailwayStation	21	railwaystation_69.tif	RailwayStation/railwaystation_69.tif	AID_20/train/RailwayStation/railwaystation_69.tif
train	RailwayStation	21	railwaystation_71.tif	RailwayStation/railwaystation_71.tif	AID_20/train/RailwayStation/railwaystation_71.tif
train	RailwayStation	21	railwaystation_74.tif	RailwayStation/railwaystation_74.tif	AID_20/train/RailwayStation/railwaystation_74.tif
train	RailwayStation	21	railwaystation_80.tif	RailwayStation/railwaystation_80.tif	AID_20/train/RailwayStation/railwaystation_80.tif
train	RailwayStation	21	railwaystation_87.tif	RailwayStation/railwaystation_87.tif	AID_20/train/RailwayStation/railwaystation_87.tif
train	RailwayStation	21	railwaystation_89.tif	RailwayStation/railwaystation_89.tif	AID_20/train/RailwayStation/railwaystation_89.tif
train	RailwayStation	21	railwaystation_91.tif	RailwayStation/railwaystation_91.tif	AID_20/train/RailwayStation/railwaystation_91.tif
train	RailwayStation	21	railwaystation_93.tif	RailwayStation/railwaystation_93.tif	AID_20/train/RailwayStation/railwaystation_93.tif
train	Resort	22	resort_10.tif	Resort/resort_10.tif	AID_20/train/Resort/resort_10.tif
train	Resort	22	resort_109.tif	Resort/resort_109.tif	AID_20/train/Resort/resort_109.tif
train	Resort	22	resort_11.tif	Resort/resort_11.tif	AID_20/train/Resort/resort_11.tif
train	Resort	22	resort_117.tif	Resort/resort_117.tif	AID_20/train/Resort/resort_117.tif
train	Resort	22	resort_118.tif	Resort/resort_118.tif	AID_20/train/Resort/resort_118.tif
train	Resort	22	resort_130.tif	Resort/resort_130.tif	AID_20/train/Resort/resort_130.tif
train	Resort	22	resort_131.tif	Resort/resort_131.tif	AID_20/train/Resort/resort_131.tif
train	Resort	22	resort_139.tif	Resort/resort_139.tif	AID_20/train/Resort/resort_139.tif
train	Resort	22	resort_142.tif	Resort/resort_142.tif	AID_20/train/Resort/resort_142.tif
train	Resort	22	resort_146.tif	Resort/resort_146.tif	AID_20/train/Resort/resort_146.tif
train	Resort	22	resort_148.tif	Resort/resort_148.tif	AID_20/train/Resort/resort_148.tif
train	Resort	22	resort_151.tif	Resort/resort_151.tif	AID_20/train/Resort/resort_151.tif
train	Resort	22	resort_159.tif	Resort/resort_159.tif	AID_20/train/Resort/resort_159.tif
train	Resort	22	resort_163.tif	Resort/resort_163.tif	AID_20/train/Resort/resort_163.tif
train	Resort	22	resort_168.tif	Resort/resort_168.tif	AID_20/train/Resort/resort_168.tif
train	Resort	22	resort_170.tif	Resort/resort_170.tif	AID_20/train/Resort/resort_170.tif
train	Resort	22	resort_184.tif	Resort/resort_184.tif	AID_20/train/Resort/resort_184.tif
train	Resort	22	resort_190.tif	Resort/resort_190.tif	AID_20/train/Resort/resort_190.tif
train	Resort	22	resort_195.tif	Resort/resort_195.tif	AID_20/train/Resort/resort_195.tif
train	Resort	22	resort_210.tif	Resort/resort_210.tif	AID_20/train/Resort/resort_210.tif
train	Resort	22	resort_214.tif	Resort/resort_214.tif	AID_20/train/Resort/resort_214.tif
train	Resort	22	resort_218.tif	Resort/resort_218.tif	AID_20/train/Resort/resort_218.tif
train	Resort	22	resort_232.tif	Resort/resort_232.tif	AID_20/train/Resort/resort_232.tif
train	Resort	22	resort_235.tif	Resort/resort_235.tif	AID_20/train/Resort/resort_235.tif
train	Resort	22	resort_239.tif	Resort/resort_239.tif	AID_20/train/Resort/resort_239.tif
train	Resort	22	resort_240.tif	Resort/resort_240.tif	AID_20/train/Resort/resort_240.tif
train	Resort	22	resort_241.tif	Resort/resort_241.tif	AID_20/train/Resort/resort_241.tif
train	Resort	22	resort_245.tif	Resort/resort_245.tif	AID_20/train/Resort/resort_245.tif
train	Resort	22	resort_248.tif	Resort/resort_248.tif	AID_20/train/Resort/resort_248.tif
train	Resort	22	resort_253.tif	Resort/resort_253.tif	AID_20/train/Resort/resort_253.tif
train	Resort	22	resort_259.tif	Resort/resort_259.tif	AID_20/train/Resort/resort_259.tif
train	Resort	22	resort_26.tif	Resort/resort_26.tif	AID_20/train/Resort/resort_26.tif
train	Resort	22	resort_269.tif	Resort/resort_269.tif	AID_20/train/Resort/resort_269.tif
train	Resort	22	resort_278.tif	Resort/resort_278.tif	AID_20/train/Resort/resort_278.tif
train	Resort	22	resort_279.tif	Resort/resort_279.tif	AID_20/train/Resort/resort_279.tif
train	Resort	22	resort_28.tif	Resort/resort_28.tif	AID_20/train/Resort/resort_28.tif
train	Resort	22	resort_282.tif	Resort/resort_282.tif	AID_20/train/Resort/resort_282.tif
train	Resort	22	resort_29.tif	Resort/resort_29.tif	AID_20/train/Resort/resort_29.tif
train	Resort	22	resort_32.tif	Resort/resort_32.tif	AID_20/train/Resort/resort_32.tif
train	Resort	22	resort_33.tif	Resort/resort_33.tif	AID_20/train/Resort/resort_33.tif
train	Resort	22	resort_39.tif	Resort/resort_39.tif	AID_20/train/Resort/resort_39.tif
train	Resort	22	resort_45.tif	Resort/resort_45.tif	AID_20/train/Resort/resort_45.tif
train	Resort	22	resort_49.tif	Resort/resort_49.tif	AID_20/train/Resort/resort_49.tif
train	Resort	22	resort_50.tif	Resort/resort_50.tif	AID_20/train/Resort/resort_50.tif
train	Resort	22	resort_54.tif	Resort/resort_54.tif	AID_20/train/Resort/resort_54.tif
train	Resort	22	resort_57.tif	Resort/resort_57.tif	AID_20/train/Resort/resort_57.tif
train	Resort	22	resort_58.tif	Resort/resort_58.tif	AID_20/train/Resort/resort_58.tif
train	Resort	22	resort_63.tif	Resort/resort_63.tif	AID_20/train/Resort/resort_63.tif
train	Resort	22	resort_65.tif	Resort/resort_65.tif	AID_20/train/Resort/resort_65.tif
train	Resort	22	resort_7.tif	Resort/resort_7.tif	AID_20/train/Resort/resort_7.tif
train	Resort	22	resort_72.tif	Resort/resort_72.tif	AID_20/train/Resort/resort_72.tif
train	Resort	22	resort_73.tif	Resort/resort_73.tif	AID_20/train/Resort/resort_73.tif
train	Resort	22	resort_79.tif	Resort/resort_79.tif	AID_20/train/Resort/resort_79.tif
train	Resort	22	resort_82.tif	Resort/resort_82.tif	AID_20/train/Resort/resort_82.tif
train	Resort	22	resort_85.tif	Resort/resort_85.tif	AID_20/train/Resort/resort_85.tif
train	Resort	22	resort_87.tif	Resort/resort_87.tif	AID_20/train/Resort/resort_87.tif
train	Resort	22	resort_89.tif	Resort/resort_89.tif	AID_20/train/Resort/resort_89.tif
train	Resort	22	resort_9.tif	Resort/resort_9.tif	AID_20/train/Resort/resort_9.tif
train	River	23	river_104.tif	River/river_104.tif	AID_20/train/River/river_104.tif
train	River	23	river_111.tif	River/river_111.tif	AID_20/train/River/river_111.tif
train	River	23	river_118.tif	River/river_118.tif	AID_20/train/River/river_118.tif
train	River	23	river_127.tif	River/river_127.tif	AID_20/train/River/river_127.tif
train	River	23	river_129.tif	River/river_129.tif	AID_20/train/River/river_129.tif
train	River	23	river_130.tif	River/river_130.tif	AID_20/train/River/river_130.tif
train	River	23	river_137.tif	River/river_137.tif	AID_20/train/River/river_137.tif
train	River	23	river_139.tif	River/river_139.tif	AID_20/train/River/river_139.tif
train	River	23	river_140.tif	River/river_140.tif	AID_20/train/River/river_140.tif
train	River	23	river_142.tif	River/river_142.tif	AID_20/train/River/river_142.tif
train	River	23	river_155.tif	River/river_155.tif	AID_20/train/River/river_155.tif
train	River	23	river_158.tif	River/river_158.tif	AID_20/train/River/river_158.tif
train	River	23	river_168.tif	River/river_168.tif	AID_20/train/River/river_168.tif
train	River	23	river_169.tif	River/river_169.tif	AID_20/train/River/river_169.tif
train	River	23	river_17.tif	River/river_17.tif	AID_20/train/River/river_17.tif
train	River	23	river_170.tif	River/river_170.tif	AID_20/train/River/river_170.tif
train	River	23	river_172.tif	River/river_172.tif	AID_20/train/River/river_172.tif
train	River	23	river_180.tif	River/river_180.tif	AID_20/train/River/river_180.tif
train	River	23	river_184.tif	River/river_184.tif	AID_20/train/River/river_184.tif
train	River	23	river_19.tif	River/river_19.tif	AID_20/train/River/river_19.tif
train	River	23	river_190.tif	River/river_190.tif	AID_20/train/River/river_190.tif
train	River	23	river_193.tif	River/river_193.tif	AID_20/train/River/river_193.tif
train	River	23	river_195.tif	River/river_195.tif	AID_20/train/River/river_195.tif
train	River	23	river_197.tif	River/river_197.tif	AID_20/train/River/river_197.tif
train	River	23	river_199.tif	River/river_199.tif	AID_20/train/River/river_199.tif
train	River	23	river_21.tif	River/river_21.tif	AID_20/train/River/river_21.tif
train	River	23	river_212.tif	River/river_212.tif	AID_20/train/River/river_212.tif
train	River	23	river_221.tif	River/river_221.tif	AID_20/train/River/river_221.tif
train	River	23	river_226.tif	River/river_226.tif	AID_20/train/River/river_226.tif
train	River	23	river_228.tif	River/river_228.tif	AID_20/train/River/river_228.tif
train	River	23	river_229.tif	River/river_229.tif	AID_20/train/River/river_229.tif
train	River	23	river_230.tif	River/river_230.tif	AID_20/train/River/river_230.tif
train	River	23	river_234.tif	River/river_234.tif	AID_20/train/River/river_234.tif
train	River	23	river_236.tif	River/river_236.tif	AID_20/train/River/river_236.tif
train	River	23	river_239.tif	River/river_239.tif	AID_20/train/River/river_239.tif
train	River	23	river_242.tif	River/river_242.tif	AID_20/train/River/river_242.tif
train	River	23	river_246.tif	River/river_246.tif	AID_20/train/River/river_246.tif
train	River	23	river_25.tif	River/river_25.tif	AID_20/train/River/river_25.tif
train	River	23	river_252.tif	River/river_252.tif	AID_20/train/River/river_252.tif
train	River	23	river_259.tif	River/river_259.tif	AID_20/train/River/river_259.tif
train	River	23	river_262.tif	River/river_262.tif	AID_20/train/River/river_262.tif
train	River	23	river_264.tif	River/river_264.tif	AID_20/train/River/river_264.tif
train	River	23	river_271.tif	River/river_271.tif	AID_20/train/River/river_271.tif
train	River	23	river_28.tif	River/river_28.tif	AID_20/train/River/river_28.tif
train	River	23	river_283.tif	River/river_283.tif	AID_20/train/River/river_283.tif
train	River	23	river_286.tif	River/river_286.tif	AID_20/train/River/river_286.tif
train	River	23	river_295.tif	River/river_295.tif	AID_20/train/River/river_295.tif
train	River	23	river_3.tif	River/river_3.tif	AID_20/train/River/river_3.tif
train	River	23	river_304.tif	River/river_304.tif	AID_20/train/River/river_304.tif
train	River	23	river_305.tif	River/river_305.tif	AID_20/train/River/river_305.tif
train	River	23	river_31.tif	River/river_31.tif	AID_20/train/River/river_31.tif
train	River	23	river_313.tif	River/river_313.tif	AID_20/train/River/river_313.tif
train	River	23	river_317.tif	River/river_317.tif	AID_20/train/River/river_317.tif
train	River	23	river_32.tif	River/river_32.tif	AID_20/train/River/river_32.tif
train	River	23	river_320.tif	River/river_320.tif	AID_20/train/River/river_320.tif
train	River	23	river_321.tif	River/river_321.tif	AID_20/train/River/river_321.tif
train	River	23	river_322.tif	River/river_322.tif	AID_20/train/River/river_322.tif
train	River	23	river_33.tif	River/river_33.tif	AID_20/train/River/river_33.tif
train	River	23	river_353.tif	River/river_353.tif	AID_20/train/River/river_353.tif
train	River	23	river_357.tif	River/river_357.tif	AID_20/train/River/river_357.tif
train	River	23	river_36.tif	River/river_36.tif	AID_20/train/River/river_36.tif
train	River	23	river_362.tif	River/river_362.tif	AID_20/train/River/river_362.tif
train	River	23	river_369.tif	River/river_369.tif	AID_20/train/River/river_369.tif
train	River	23	river_379.tif	River/river_379.tif	AID_20/train/River/river_379.tif
train	River	23	river_392.tif	River/river_392.tif	AID_20/train/River/river_392.tif
train	River	23	river_396.tif	River/river_396.tif	AID_20/train/River/river_396.tif
train	River	23	river_40.tif	River/river_40.tif	AID_20/train/River/river_40.tif
train	School	24	school_100.tif	School/school_100.tif	AID_20/train/School/school_100.tif
train	School	24	school_102.tif	School/school_102.tif	AID_20/train/School/school_102.tif
train	School	24	school_105.tif	School/school_105.tif	AID_20/train/School/school_105.tif
train	School	24	school_107.tif	School/school_107.tif	AID_20/train/School/school_107.tif
train	School	24	school_110.tif	School/school_110.tif	AID_20/train/School/school_110.tif
train	School	24	school_113.tif	School/school_113.tif	AID_20/train/School/school_113.tif
train	School	24	school_120.tif	School/school_120.tif	AID_20/train/School/school_120.tif
train	School	24	school_126.tif	School/school_126.tif	AID_20/train/School/school_126.tif
train	School	24	school_135.tif	School/school_135.tif	AID_20/train/School/school_135.tif
train	School	24	school_138.tif	School/school_138.tif	AID_20/train/School/school_138.tif
train	School	24	school_14.tif	School/school_14.tif	AID_20/train/School/school_14.tif
train	School	24	school_145.tif	School/school_145.tif	AID_20/train/School/school_145.tif
train	School	24	school_154.tif	School/school_154.tif	AID_20/train/School/school_154.tif
train	School	24	school_157.tif	School/school_157.tif	AID_20/train/School/school_157.tif
train	School	24	school_158.tif	School/school_158.tif	AID_20/train/School/school_158.tif
train	School	24	school_160.tif	School/school_160.tif	AID_20/train/School/school_160.tif
train	School	24	school_161.tif	School/school_161.tif	AID_20/train/School/school_161.tif
train	School	24	school_170.tif	School/school_170.tif	AID_20/train/School/school_170.tif
train	School	24	school_171.tif	School/school_171.tif	AID_20/train/School/school_171.tif
train	School	24	school_173.tif	School/school_173.tif	AID_20/train/School/school_173.tif
train	School	24	school_176.tif	School/school_176.tif	AID_20/train/School/school_176.tif
train	School	24	school_189.tif	School/school_189.tif	AID_20/train/School/school_189.tif
train	School	24	school_194.tif	School/school_194.tif	AID_20/train/School/school_194.tif
train	School	24	school_196.tif	School/school_196.tif	AID_20/train/School/school_196.tif
train	School	24	school_206.tif	School/school_206.tif	AID_20/train/School/school_206.tif
train	School	24	school_210.tif	School/school_210.tif	AID_20/train/School/school_210.tif
train	School	24	school_212.tif	School/school_212.tif	AID_20/train/School/school_212.tif
train	School	24	school_225.tif	School/school_225.tif	AID_20/train/School/school_225.tif
train	School	24	school_227.tif	School/school_227.tif	AID_20/train/School/school_227.tif
train	School	24	school_23.tif	School/school_23.tif	AID_20/train/School/school_23.tif
train	School	24	school_235.tif	School/school_235.tif	AID_20/train/School/school_235.tif
train	School	24	school_237.tif	School/school_237.tif	AID_20/train/School/school_237.tif
train	School	24	school_244.tif	School/school_244.tif	AID_20/train/School/school_244.tif
train	School	24	school_246.tif	School/school_246.tif	AID_20/train/School/school_246.tif
train	School	24	school_250.tif	School/school_250.tif	AID_20/train/School/school_250.tif
train	School	24	school_254.tif	School/school_254.tif	AID_20/train/School/school_254.tif
train	School	24	school_255.tif	School/school_255.tif	AID_20/train/School/school_255.tif
train	School	24	school_258.tif	School/school_258.tif	AID_20/train/School/school_258.tif
train	School	24	school_266.tif	School/school_266.tif	AID_20/train/School/school_266.tif
train	School	24	school_268.tif	School/school_268.tif	AID_20/train/School/school_268.tif
train	School	24	school_269.tif	School/school_269.tif	AID_20/train/School/school_269.tif
train	School	24	school_270.tif	School/school_270.tif	AID_20/train/School/school_270.tif
train	School	24	school_271.tif	School/school_271.tif	AID_20/train/School/school_271.tif
train	School	24	school_272.tif	School/school_272.tif	AID_20/train/School/school_272.tif
train	School	24	school_274.tif	School/school_274.tif	AID_20/train/School/school_274.tif
train	School	24	school_290.tif	School/school_290.tif	AID_20/train/School/school_290.tif
train	School	24	school_295.tif	School/school_295.tif	AID_20/train/School/school_295.tif
train	School	24	school_296.tif	School/school_296.tif	AID_20/train/School/school_296.tif
train	School	24	school_297.tif	School/school_297.tif	AID_20/train/School/school_297.tif
train	School	24	school_38.tif	School/school_38.tif	AID_20/train/School/school_38.tif
train	School	24	school_39.tif	School/school_39.tif	AID_20/train/School/school_39.tif
train	School	24	school_48.tif	School/school_48.tif	AID_20/train/School/school_48.tif
train	School	24	school_5.tif	School/school_5.tif	AID_20/train/School/school_5.tif
train	School	24	school_55.tif	School/school_55.tif	AID_20/train/School/school_55.tif
train	School	24	school_62.tif	School/school_62.tif	AID_20/train/School/school_62.tif
train	School	24	school_63.tif	School/school_63.tif	AID_20/train/School/school_63.tif
train	School	24	school_68.tif	School/school_68.tif	AID_20/train/School/school_68.tif
train	School	24	school_76.tif	School/school_76.tif	AID_20/train/School/school_76.tif
train	School	24	school_88.tif	School/school_88.tif	AID_20/train/School/school_88.tif
train	School	24	school_90.tif	School/school_90.tif	AID_20/train/School/school_90.tif
train	SparseResidential	25	sparseresidential_1.tif	SparseResidential/sparseresidential_1.tif	AID_20/train/SparseResidential/sparseresidential_1.tif
train	SparseResidential	25	sparseresidential_103.tif	SparseResidential/sparseresidential_103.tif	AID_20/train/SparseResidential/sparseresidential_103.tif
train	SparseResidential	25	sparseresidential_131.tif	SparseResidential/sparseresidential_131.tif	AID_20/train/SparseResidential/sparseresidential_131.tif
train	SparseResidential	25	sparseresidential_135.tif	SparseResidential/sparseresidential_135.tif	AID_20/train/SparseResidential/sparseresidential_135.tif
train	SparseResidential	25	sparseresidential_137.tif	SparseResidential/sparseresidential_137.tif	AID_20/train/SparseResidential/sparseresidential_137.tif
train	SparseResidential	25	sparseresidential_139.tif	SparseResidential/sparseresidential_139.tif	AID_20/train/SparseResidential/sparseresidential_139.tif
train	SparseResidential	25	sparseresidential_15.tif	SparseResidential/sparseresidential_15.tif	AID_20/train/SparseResidential/sparseresidential_15.tif
train	SparseResidential	25	sparseresidential_159.tif	SparseResidential/sparseresidential_159.tif	AID_20/train/SparseResidential/sparseresidential_159.tif
train	SparseResidential	25	sparseresidential_160.tif	SparseResidential/sparseresidential_160.tif	AID_20/train/SparseResidential/sparseresidential_160.tif
train	SparseResidential	25	sparseresidential_161.tif	SparseResidential/sparseresidential_161.tif	AID_20/train/SparseResidential/sparseresidential_161.tif
train	SparseResidential	25	sparseresidential_172.tif	SparseResidential/sparseresidential_172.tif	AID_20/train/SparseResidential/sparseresidential_172.tif
train	SparseResidential	25	sparseresidential_175.tif	SparseResidential/sparseresidential_175.tif	AID_20/train/SparseResidential/sparseresidential_175.tif
train	SparseResidential	25	sparseresidential_177.tif	SparseResidential/sparseresidential_177.tif	AID_20/train/SparseResidential/sparseresidential_177.tif
train	SparseResidential	25	sparseresidential_185.tif	SparseResidential/sparseresidential_185.tif	AID_20/train/SparseResidential/sparseresidential_185.tif
train	SparseResidential	25	sparseresidential_189.tif	SparseResidential/sparseresidential_189.tif	AID_20/train/SparseResidential/sparseresidential_189.tif
train	SparseResidential	25	sparseresidential_191.tif	SparseResidential/sparseresidential_191.tif	AID_20/train/SparseResidential/sparseresidential_191.tif
train	SparseResidential	25	sparseresidential_194.tif	SparseResidential/sparseresidential_194.tif	AID_20/train/SparseResidential/sparseresidential_194.tif
train	SparseResidential	25	sparseresidential_195.tif	SparseResidential/sparseresidential_195.tif	AID_20/train/SparseResidential/sparseresidential_195.tif
train	SparseResidential	25	sparseresidential_202.tif	SparseResidential/sparseresidential_202.tif	AID_20/train/SparseResidential/sparseresidential_202.tif
train	SparseResidential	25	sparseresidential_204.tif	SparseResidential/sparseresidential_204.tif	AID_20/train/SparseResidential/sparseresidential_204.tif
train	SparseResidential	25	sparseresidential_213.tif	SparseResidential/sparseresidential_213.tif	AID_20/train/SparseResidential/sparseresidential_213.tif
train	SparseResidential	25	sparseresidential_216.tif	SparseResidential/sparseresidential_216.tif	AID_20/train/SparseResidential/sparseresidential_216.tif
train	SparseResidential	25	sparseresidential_228.tif	SparseResidential/sparseresidential_228.tif	AID_20/train/SparseResidential/sparseresidential_228.tif
train	SparseResidential	25	sparseresidential_237.tif	SparseResidential/sparseresidential_237.tif	AID_20/train/SparseResidential/sparseresidential_237.tif
train	SparseResidential	25	sparseresidential_243.tif	SparseResidential/sparseresidential_243.tif	AID_20/train/SparseResidential/sparseresidential_243.tif
train	SparseResidential	25	sparseresidential_245.tif	SparseResidential/sparseresidential_245.tif	AID_20/train/SparseResidential/sparseresidential_245.tif
train	SparseResidential	25	sparseresidential_246.tif	SparseResidential/sparseresidential_246.tif	AID_20/train/SparseResidential/sparseresidential_246.tif
train	SparseResidential	25	sparseresidential_25.tif	SparseResidential/sparseresidential_25.tif	AID_20/train/SparseResidential/sparseresidential_25.tif
train	SparseResidential	25	sparseresidential_255.tif	SparseResidential/sparseresidential_255.tif	AID_20/train/SparseResidential/sparseresidential_255.tif
train	SparseResidential	25	sparseresidential_268.tif	SparseResidential/sparseresidential_268.tif	AID_20/train/SparseResidential/sparseresidential_268.tif
train	SparseResidential	25	sparseresidential_269.tif	SparseResidential/sparseresidential_269.tif	AID_20/train/SparseResidential/sparseresidential_269.tif
train	SparseResidential	25	sparseresidential_27.tif	SparseResidential/sparseresidential_27.tif	AID_20/train/SparseResidential/sparseresidential_27.tif
train	SparseResidential	25	sparseresidential_277.tif	SparseResidential/sparseresidential_277.tif	AID_20/train/SparseResidential/sparseresidential_277.tif
train	SparseResidential	25	sparseresidential_283.tif	SparseResidential/sparseresidential_283.tif	AID_20/train/SparseResidential/sparseresidential_283.tif
train	SparseResidential	25	sparseresidential_285.tif	SparseResidential/sparseresidential_285.tif	AID_20/train/SparseResidential/sparseresidential_285.tif
train	SparseResidential	25	sparseresidential_287.tif	SparseResidential/sparseresidential_287.tif	AID_20/train/SparseResidential/sparseresidential_287.tif
train	SparseResidential	25	sparseresidential_288.tif	SparseResidential/sparseresidential_288.tif	AID_20/train/SparseResidential/sparseresidential_288.tif
train	SparseResidential	25	sparseresidential_290.tif	SparseResidential/sparseresidential_290.tif	AID_20/train/SparseResidential/sparseresidential_290.tif
train	SparseResidential	25	sparseresidential_294.tif	SparseResidential/sparseresidential_294.tif	AID_20/train/SparseResidential/sparseresidential_294.tif
train	SparseResidential	25	sparseresidential_298.tif	SparseResidential/sparseresidential_298.tif	AID_20/train/SparseResidential/sparseresidential_298.tif
train	SparseResidential	25	sparseresidential_3.tif	SparseResidential/sparseresidential_3.tif	AID_20/train/SparseResidential/sparseresidential_3.tif
train	SparseResidential	25	sparseresidential_31.tif	SparseResidential/sparseresidential_31.tif	AID_20/train/SparseResidential/sparseresidential_31.tif
train	SparseResidential	25	sparseresidential_33.tif	SparseResidential/sparseresidential_33.tif	AID_20/train/SparseResidential/sparseresidential_33.tif
train	SparseResidential	25	sparseresidential_37.tif	SparseResidential/sparseresidential_37.tif	AID_20/train/SparseResidential/sparseresidential_37.tif
train	SparseResidential	25	sparseresidential_48.tif	SparseResidential/sparseresidential_48.tif	AID_20/train/SparseResidential/sparseresidential_48.tif
train	SparseResidential	25	sparseresidential_54.tif	SparseResidential/sparseresidential_54.tif	AID_20/train/SparseResidential/sparseresidential_54.tif
train	SparseResidential	25	sparseresidential_56.tif	SparseResidential/sparseresidential_56.tif	AID_20/train/SparseResidential/sparseresidential_56.tif
train	SparseResidential	25	sparseresidential_57.tif	SparseResidential/sparseresidential_57.tif	AID_20/train/SparseResidential/sparseresidential_57.tif
train	SparseResidential	25	sparseresidential_64.tif	SparseResidential/sparseresidential_64.tif	AID_20/train/SparseResidential/sparseresidential_64.tif
train	SparseResidential	25	sparseresidential_65.tif	SparseResidential/sparseresidential_65.tif	AID_20/train/SparseResidential/sparseresidential_65.tif
train	SparseResidential	25	sparseresidential_76.tif	SparseResidential/sparseresidential_76.tif	AID_20/train/SparseResidential/sparseresidential_76.tif
train	SparseResidential	25	sparseresidential_8.tif	SparseResidential/sparseresidential_8.tif	AID_20/train/SparseResidential/sparseresidential_8.tif
train	SparseResidential	25	sparseresidential_80.tif	SparseResidential/sparseresidential_80.tif	AID_20/train/SparseResidential/sparseresidential_80.tif
train	SparseResidential	25	sparseresidential_89.tif	SparseResidential/sparseresidential_89.tif	AID_20/train/SparseResidential/sparseresidential_89.tif
train	SparseResidential	25	sparseresidential_9.tif	SparseResidential/sparseresidential_9.tif	AID_20/train/SparseResidential/sparseresidential_9.tif
train	SparseResidential	25	sparseresidential_91.tif	SparseResidential/sparseresidential_91.tif	AID_20/train/SparseResidential/sparseresidential_91.tif
train	SparseResidential	25	sparseresidential_92.tif	SparseResidential/sparseresidential_92.tif	AID_20/train/SparseResidential/sparseresidential_92.tif
train	SparseResidential	25	sparseresidential_93.tif	SparseResidential/sparseresidential_93.tif	AID_20/train/SparseResidential/sparseresidential_93.tif
train	SparseResidential	25	sparseresidential_97.tif	SparseResidential/sparseresidential_97.tif	AID_20/train/SparseResidential/sparseresidential_97.tif
train	SparseResidential	25	sparseresidential_98.tif	SparseResidential/sparseresidential_98.tif	AID_20/train/SparseResidential/sparseresidential_98.tif
train	Square	26	square_1.tif	Square/square_1.tif	AID_20/train/Square/square_1.tif
train	Square	26	square_101.tif	Square/square_101.tif	AID_20/train/Square/square_101.tif
train	Square	26	square_106.tif	Square/square_106.tif	AID_20/train/Square/square_106.tif
train	Square	26	square_11.tif	Square/square_11.tif	AID_20/train/Square/square_11.tif
train	Square	26	square_114.tif	Square/square_114.tif	AID_20/train/Square/square_114.tif
train	Square	26	square_121.tif	Square/square_121.tif	AID_20/train/Square/square_121.tif
train	Square	26	square_137.tif	Square/square_137.tif	AID_20/train/Square/square_137.tif
train	Square	26	square_139.tif	Square/square_139.tif	AID_20/train/Square/square_139.tif
train	Square	26	square_147.tif	Square/square_147.tif	AID_20/train/Square/square_147.tif
train	Square	26	square_150.tif	Square/square_150.tif	AID_20/train/Square/square_150.tif
train	Square	26	square_152.tif	Square/square_152.tif	AID_20/train/Square/square_152.tif
train	Square	26	square_156.tif	Square/square_156.tif	AID_20/train/Square/square_156.tif
train	Square	26	square_16.tif	Square/square_16.tif	AID_20/train/Square/square_16.tif
train	Square	26	square_164.tif	Square/square_164.tif	AID_20/train/Square/square_164.tif
train	Square	26	square_17.tif	Square/square_17.tif	AID_20/train/Square/square_17.tif
train	Square	26	square_174.tif	Square/square_174.tif	AID_20/train/Square/square_174.tif
train	Square	26	square_180.tif	Square/square_180.tif	AID_20/train/Square/square_180.tif
train	Square	26	square_182.tif	Square/square_182.tif	AID_20/train/Square/square_182.tif
train	Square	26	square_184.tif	Square/square_184.tif	AID_20/train/Square/square_184.tif
train	Square	26	square_185.tif	Square/square_185.tif	AID_20/train/Square/square_185.tif
train	Square	26	square_186.tif	Square/square_186.tif	AID_20/train/Square/square_186.tif
train	Square	26	square_187.tif	Square/square_187.tif	AID_20/train/Square/square_187.tif
train	Square	26	square_20.tif	Square/square_20.tif	AID_20/train/Square/square_20.tif
train	Square	26	square_204.tif	Square/square_204.tif	AID_20/train/Square/square_204.tif
train	Square	26	square_222.tif	Square/square_222.tif	AID_20/train/Square/square_222.tif
train	Square	26	square_233.tif	Square/square_233.tif	AID_20/train/Square/square_233.tif
train	Square	26	square_235.tif	Square/square_235.tif	AID_20/train/Square/square_235.tif
train	Square	26	square_238.tif	Square/square_238.tif	AID_20/train/Square/square_238.tif
train	Square	26	square_241.tif	Square/square_241.tif	AID_20/train/Square/square_241.tif
train	Square	26	square_244.tif	Square/square_244.tif	AID_20/train/Square/square_244.tif
train	Square	26	square_247.tif	Square/square_247.tif	AID_20/train/Square/square_247.tif
train	Square	26	square_25.tif	Square/square_25.tif	AID_20/train/Square/square_25.tif
train	Square	26	square_250.tif	Square/square_250.tif	AID_20/train/Square/square_250.tif
train	Square	26	square_262.tif	Square/square_262.tif	AID_20/train/Square/square_262.tif
train	Square	26	square_27.tif	Square/square_27.tif	AID_20/train/Square/square_27.tif
train	Square	26	square_280.tif	Square/square_280.tif	AID_20/train/Square/square_280.tif
train	Square	26	square_283.tif	Square/square_283.tif	AID_20/train/Square/square_283.tif
train	Square	26	square_29.tif	Square/square_29.tif	AID_20/train/Square/square_29.tif
train	Square	26	square_290.tif	Square/square_290.tif	AID_20/train/Square/square_290.tif
train	Square	26	square_302.tif	Square/square_302.tif	AID_20/train/Square/square_302.tif
train	Square	26	square_304.tif	Square/square_304.tif	AID_20/train/Square/square_304.tif
train	Square	26	square_305.tif	Square/square_305.tif	AID_20/train/Square/square_305.tif
train	Square	26	square_306.tif	Square/square_306.tif	AID_20/train/Square/square_306.tif
train	Square	26	square_313.tif	Square/square_313.tif	AID_20/train/Square/square_313.tif
train	Square	26	square_325.tif	Square/square_325.tif	AID_20/train/Square/square_325.tif
train	Square	26	square_35.tif	Square/square_35.tif	AID_20/train/Square/square_35.tif
train	Square	26	square_37.tif	Square/square_37.tif	AID_20/train/Square/square_37.tif
train	Square	26	square_38.tif	Square/square_38.tif	AID_20/train/Square/square_38.tif
train	Square	26	square_42.tif	Square/square_42.tif	AID_20/train/Square/square_42.tif
train	Square	26	square_43.tif	Square/square_43.tif	AID_20/train/Square/square_43.tif
train	Square	26	square_46.tif	Square/square_46.tif	AID_20/train/Square/square_46.tif
train	Square	26	square_54.tif	Square/square_54.tif	AID_20/train/Square/square_54.tif
train	Square	26	square_62.tif	Square/square_62.tif	AID_20/train/Square/square_62.tif
train	Square	26	square_65.tif	Square/square_65.tif	AID_20/train/Square/square_65.tif
train	Square	26	square_69.tif	Square/square_69.tif	AID_20/train/Square/square_69.tif
train	Square	26	square_72.tif	Square/square_72.tif	AID_20/train/Square/square_72.tif
train	Square	26	square_78.tif	Square/square_78.tif	AID_20/train/Square/square_78.tif
train	Square	26	square_79.tif	Square/square_79.tif	AID_20/train/Square/square_79.tif
train	Square	26	square_8.tif	Square/square_8.tif	AID_20/train/Square/square_8.tif
train	Square	26	square_80.tif	Square/square_80.tif	AID_20/train/Square/square_80.tif
train	Square	26	square_84.tif	Square/square_84.tif	AID_20/train/Square/square_84.tif
train	Square	26	square_85.tif	Square/square_85.tif	AID_20/train/Square/square_85.tif
train	Square	26	square_89.tif	Square/square_89.tif	AID_20/train/Square/square_89.tif
train	Square	26	square_93.tif	Square/square_93.tif	AID_20/train/Square/square_93.tif
train	Square	26	square_95.tif	Square/square_95.tif	AID_20/train/Square/square_95.tif
train	Square	26	square_98.tif	Square/square_98.tif	AID_20/train/Square/square_98.tif
train	Stadium	27	stadium_102.tif	Stadium/stadium_102.tif	AID_20/train/Stadium/stadium_102.tif
train	Stadium	27	stadium_106.tif	Stadium/stadium_106.tif	AID_20/train/Stadium/stadium_106.tif
train	Stadium	27	stadium_111.tif	Stadium/stadium_111.tif	AID_20/train/Stadium/stadium_111.tif
train	Stadium	27	stadium_114.tif	Stadium/stadium_114.tif	AID_20/train/Stadium/stadium_114.tif
train	Stadium	27	stadium_117.tif	Stadium/stadium_117.tif	AID_20/train/Stadium/stadium_117.tif
train	Stadium	27	stadium_126.tif	Stadium/stadium_126.tif	AID_20/train/Stadium/stadium_126.tif
train	Stadium	27	stadium_130.tif	Stadium/stadium_130.tif	AID_20/train/Stadium/stadium_130.tif
train	Stadium	27	stadium_134.tif	Stadium/stadium_134.tif	AID_20/train/Stadium/stadium_134.tif
train	Stadium	27	stadium_135.tif	Stadium/stadium_135.tif	AID_20/train/Stadium/stadium_135.tif
train	Stadium	27	stadium_139.tif	Stadium/stadium_139.tif	AID_20/train/Stadium/stadium_139.tif
train	Stadium	27	stadium_145.tif	Stadium/stadium_145.tif	AID_20/train/Stadium/stadium_145.tif
train	Stadium	27	stadium_146.tif	Stadium/stadium_146.tif	AID_20/train/Stadium/stadium_146.tif
train	Stadium	27	stadium_149.tif	Stadium/stadium_149.tif	AID_20/train/Stadium/stadium_149.tif
train	Stadium	27	stadium_15.tif	Stadium/stadium_15.tif	AID_20/train/Stadium/stadium_15.tif
train	Stadium	27	stadium_152.tif	Stadium/stadium_152.tif	AID_20/train/Stadium/stadium_152.tif
train	Stadium	27	stadium_155.tif	Stadium/stadium_155.tif	AID_20/train/Stadium/stadium_155.tif
train	Stadium	27	stadium_160.tif	Stadium/stadium_160.tif	AID_20/train/Stadium/stadium_160.tif
train	Stadium	27	stadium_161.tif	Stadium/stadium_161.tif	AID_20/train/Stadium/stadium_161.tif
train	Stadium	27	stadium_162.tif	Stadium/stadium_162.tif	AID_20/train/Stadium/stadium_162.tif
train	Stadium	27	stadium_17.tif	Stadium/stadium_17.tif	AID_20/train/Stadium/stadium_17.tif
train	Stadium	27	stadium_170.tif	Stadium/stadium_170.tif	AID_20/train/Stadium/stadium_170.tif
train	Stadium	27	stadium_179.tif	Stadium/stadium_179.tif	AID_20/train/Stadium/stadium_179.tif
train	Stadium	27	stadium_189.tif	Stadium/stadium_189.tif	AID_20/train/Stadium/stadium_189.tif
train	Stadium	27	stadium_191.tif	Stadium/stadium_191.tif	AID_20/train/Stadium/stadium_191.tif
train	Stadium	27	stadium_205.tif	Stadium/stadium_205.tif	AID_20/train/Stadium/stadium_205.tif
train	Stadium	27	stadium_216.tif	Stadium/stadium_216.tif	AID_20/train/Stadium/stadium_216.tif
train	Stadium	27	stadium_223.tif	Stadium/stadium_223.tif	AID_20/train/Stadium/stadium_223.tif
train	Stadium	27	stadium_23.tif	Stadium/stadium_23.tif	AID_20/train/Stadium/stadium_23.tif
train	Stadium	27	stadium_238.tif	Stadium/stadium_238.tif	AID_20/train/Stadium/stadium_238.tif
train	Stadium	27	stadium_242.tif	Stadium/stadium_242.tif	AID_20/train/Stadium/stadium_242.tif
train	Stadium	27	stadium_247.tif	Stadium/stadium_247.tif	AID_20/train/Stadium/stadium_247.tif
train	Stadium	27	stadium_25.tif	Stadium/stadium_25.tif	AID_20/train/Stadium/stadium_25.tif
train	Stadium	27	stadium_250.tif	Stadium/stadium_250.tif	AID_20/train/Stadium/stadium_250.tif
train	Stadium	27	stadium_258.tif	Stadium/stadium_258.tif	AID_20/train/Stadium/stadium_258.tif
train	Stadium	27	stadium_26.tif	Stadium/stadium_26.tif	AID_20/train/Stadium/stadium_26.tif
train	Stadium	27	stadium_264.tif	Stadium/stadium_264.tif	AID_20/train/Stadium/stadium_264.tif
train	Stadium	27	stadium_266.tif	Stadium/stadium_266.tif	AID_20/train/Stadium/stadium_266.tif
train	Stadium	27	stadium_272.tif	Stadium/stadium_272.tif	AID_20/train/Stadium/stadium_272.tif
train	Stadium	27	stadium_273.tif	Stadium/stadium_273.tif	AID_20/train/Stadium/stadium_273.tif
train	Stadium	27	stadium_276.tif	Stadium/stadium_276.tif	AID_20/train/Stadium/stadium_276.tif
train	Stadium	27	stadium_277.tif	Stadium/stadium_277.tif	AID_20/train/Stadium/stadium_277.tif
train	Stadium	27	stadium_278.tif	Stadium/stadium_278.tif	AID_20/train/Stadium/stadium_278.tif
train	Stadium	27	stadium_286.tif	Stadium/stadium_286.tif	AID_20/train/Stadium/stadium_286.tif
train	Stadium	27	stadium_287.tif	Stadium/stadium_287.tif	AID_20/train/Stadium/stadium_287.tif
train	Stadium	27	stadium_290.tif	Stadium/stadium_290.tif	AID_20/train/Stadium/stadium_290.tif
train	Stadium	27	stadium_3.tif	Stadium/stadium_3.tif	AID_20/train/Stadium/stadium_3.tif
train	Stadium	27	stadium_31.tif	Stadium/stadium_31.tif	AID_20/train/Stadium/stadium_31.tif
train	Stadium	27	stadium_32.tif	Stadium/stadium_32.tif	AID_20/train/Stadium/stadium_32.tif
train	Stadium	27	stadium_33.tif	Stadium/stadium_33.tif	AID_20/train/Stadium/stadium_33.tif
train	Stadium	27	stadium_37.tif	Stadium/stadium_37.tif	AID_20/train/Stadium/stadium_37.tif
train	Stadium	27	stadium_4.tif	Stadium/stadium_4.tif	AID_20/train/Stadium/stadium_4.tif
train	Stadium	27	stadium_40.tif	Stadium/stadium_40.tif	AID_20/train/Stadium/stadium_40.tif
train	Stadium	27	stadium_44.tif	Stadium/stadium_44.tif	AID_20/train/Stadium/stadium_44.tif
train	Stadium	27	stadium_6.tif	Stadium/stadium_6.tif	AID_20/train/Stadium/stadium_6.tif
train	Stadium	27	stadium_64.tif	Stadium/stadium_64.tif	AID_20/train/Stadium/stadium_64.tif
train	Stadium	27	stadium_81.tif	Stadium/stadium_81.tif	AID_20/train/Stadium/stadium_81.tif
train	Stadium	27	stadium_9.tif	Stadium/stadium_9.tif	AID_20/train/Stadium/stadium_9.tif
train	Stadium	27	stadium_92.tif	Stadium/stadium_92.tif	AID_20/train/Stadium/stadium_92.tif
train	StorageTanks	28	storagetanks_10.tif	StorageTanks/storagetanks_10.tif	AID_20/train/StorageTanks/storagetanks_10.tif
train	StorageTanks	28	storagetanks_101.tif	StorageTanks/storagetanks_101.tif	AID_20/train/StorageTanks/storagetanks_101.tif
train	StorageTanks	28	storagetanks_111.tif	StorageTanks/storagetanks_111.tif	AID_20/train/StorageTanks/storagetanks_111.tif
train	StorageTanks	28	storagetanks_115.tif	StorageTanks/storagetanks_115.tif	AID_20/train/StorageTanks/storagetanks_115.tif
train	StorageTanks	28	storagetanks_128.tif	StorageTanks/storagetanks_128.tif	AID_20/train/StorageTanks/storagetanks_128.tif
train	StorageTanks	28	storagetanks_130.tif	StorageTanks/storagetanks_130.tif	AID_20/train/StorageTanks/storagetanks_130.tif
train	StorageTanks	28	storagetanks_14.tif	StorageTanks/storagetanks_14.tif	AID_20/train/StorageTanks/storagetanks_14.tif
train	StorageTanks	28	storagetanks_144.tif	StorageTanks/storagetanks_144.tif	AID_20/train/StorageTanks/storagetanks_144.tif
train	StorageTanks	28	storagetanks_154.tif	StorageTanks/storagetanks_154.tif	AID_20/train/StorageTanks/storagetanks_154.tif
train	StorageTanks	28	storagetanks_155.tif	StorageTanks/storagetanks_155.tif	AID_20/train/StorageTanks/storagetanks_155.tif
train	StorageTanks	28	storagetanks_162.tif	StorageTanks/storagetanks_162.tif	AID_20/train/StorageTanks/storagetanks_162.tif
train	StorageTanks	28	storagetanks_170.tif	StorageTanks/storagetanks_170.tif	AID_20/train/StorageTanks/storagetanks_170.tif
train	StorageTanks	28	storagetanks_172.tif	StorageTanks/storagetanks_172.tif	AID_20/train/StorageTanks/storagetanks_172.tif
train	StorageTanks	28	storagetanks_174.tif	StorageTanks/storagetanks_174.tif	AID_20/train/StorageTanks/storagetanks_174.tif
train	StorageTanks	28	storagetanks_175.tif	StorageTanks/storagetanks_175.tif	AID_20/train/StorageTanks/storagetanks_175.tif
train	StorageTanks	28	storagetanks_18.tif	StorageTanks/storagetanks_18.tif	AID_20/train/StorageTanks/storagetanks_18.tif
train	StorageTanks	28	storagetanks_188.tif	StorageTanks/storagetanks_188.tif	AID_20/train/StorageTanks/storagetanks_188.tif
train	StorageTanks	28	storagetanks_190.tif	StorageTanks/storagetanks_190.tif	AID_20/train/StorageTanks/storagetanks_190.tif
train	StorageTanks	28	storagetanks_198.tif	StorageTanks/storagetanks_198.tif	AID_20/train/StorageTanks/storagetanks_198.tif
train	StorageTanks	28	storagetanks_205.tif	StorageTanks/storagetanks_205.tif	AID_20/train/StorageTanks/storagetanks_205.tif
train	StorageTanks	28	storagetanks_209.tif	StorageTanks/storagetanks_209.tif	AID_20/train/StorageTanks/storagetanks_209.tif
train	StorageTanks	28	storagetanks_22.tif	StorageTanks/storagetanks_22.tif	AID_20/train/StorageTanks/storagetanks_22.tif
train	StorageTanks	28	storagetanks_221.tif	StorageTanks/storagetanks_221.tif	AID_20/train/StorageTanks/storagetanks_221.tif
train	StorageTanks	28	storagetanks_222.tif	StorageTanks/storagetanks_222.tif	AID_20/train/StorageTanks/storagetanks_222.tif
train	StorageTanks	28	storagetanks_224.tif	StorageTanks/storagetanks_224.tif	AID_20/train/StorageTanks/storagetanks_224.tif
train	StorageTanks	28	storagetanks_228.tif	StorageTanks/storagetanks_228.tif	AID_20/train/StorageTanks/storagetanks_228.tif
train	StorageTanks	28	storagetanks_233.tif	StorageTanks/storagetanks_233.tif	AID_20/train/StorageTanks/storagetanks_233.tif
train	StorageTanks	28	storagetanks_241.tif	StorageTanks/storagetanks_241.tif	AID_20/train/StorageTanks/storagetanks_241.tif
train	StorageTanks	28	storagetanks_245.tif	StorageTanks/storagetanks_245.tif	AID_20/train/StorageTanks/storagetanks_245.tif
train	StorageTanks	28	storagetanks_246.tif	StorageTanks/storagetanks_246.tif	AID_20/train/StorageTanks/storagetanks_246.tif
train	StorageTanks	28	storagetanks_259.tif	StorageTanks/storagetanks_259.tif	AID_20/train/StorageTanks/storagetanks_259.tif
train	StorageTanks	28	storagetanks_260.tif	StorageTanks/storagetanks_260.tif	AID_20/train/StorageTanks/storagetanks_260.tif
train	StorageTanks	28	storagetanks_27.tif	StorageTanks/storagetanks_27.tif	AID_20/train/StorageTanks/storagetanks_27.tif
train	StorageTanks	28	storagetanks_270.tif	StorageTanks/storagetanks_270.tif	AID_20/train/StorageTanks/storagetanks_270.tif
train	StorageTanks	28	storagetanks_274.tif	StorageTanks/storagetanks_274.tif	AID_20/train/StorageTanks/storagetanks_274.tif
train	StorageTanks	28	storagetanks_276.tif	StorageTanks/storagetanks_276.tif	AID_20/train/StorageTanks/storagetanks_276.tif
train	StorageTanks	28	storagetanks_277.tif	StorageTanks/storagetanks_277.tif	AID_20/train/StorageTanks/storagetanks_277.tif
train	StorageTanks	28	storagetanks_279.tif	StorageTanks/storagetanks_279.tif	AID_20/train/StorageTanks/storagetanks_279.tif
train	StorageTanks	28	storagetanks_282.tif	StorageTanks/storagetanks_282.tif	AID_20/train/StorageTanks/storagetanks_282.tif
train	StorageTanks	28	storagetanks_287.tif	StorageTanks/storagetanks_287.tif	AID_20/train/StorageTanks/storagetanks_287.tif
train	StorageTanks	28	storagetanks_289.tif	StorageTanks/storagetanks_289.tif	AID_20/train/StorageTanks/storagetanks_289.tif
train	StorageTanks	28	storagetanks_297.tif	StorageTanks/storagetanks_297.tif	AID_20/train/StorageTanks/storagetanks_297.tif
train	StorageTanks	28	storagetanks_299.tif	StorageTanks/storagetanks_299.tif	AID_20/train/StorageTanks/storagetanks_299.tif
train	StorageTanks	28	storagetanks_300.tif	StorageTanks/storagetanks_300.tif	AID_20/train/StorageTanks/storagetanks_300.tif
train	StorageTanks	28	storagetanks_309.tif	StorageTanks/storagetanks_309.tif	AID_20/train/StorageTanks/storagetanks_309.tif
train	StorageTanks	28	storagetanks_315.tif	StorageTanks/storagetanks_315.tif	AID_20/train/StorageTanks/storagetanks_315.tif
train	StorageTanks	28	storagetanks_32.tif	StorageTanks/storagetanks_32.tif	AID_20/train/StorageTanks/storagetanks_32.tif
train	StorageTanks	28	storagetanks_327.tif	StorageTanks/storagetanks_327.tif	AID_20/train/StorageTanks/storagetanks_327.tif
train	StorageTanks	28	storagetanks_333.tif	StorageTanks/storagetanks_333.tif	AID_20/train/StorageTanks/storagetanks_333.tif
train	StorageTanks	28	storagetanks_337.tif	StorageTanks/storagetanks_337.tif	AID_20/train/StorageTanks/storagetanks_337.tif
train	StorageTanks	28	storagetanks_354.tif	StorageTanks/storagetanks_354.tif	AID_20/train/StorageTanks/storagetanks_354.tif
train	StorageTanks	28	storagetanks_36.tif	StorageTanks/storagetanks_36.tif	AID_20/train/StorageTanks/storagetanks_36.tif
train	StorageTanks	28	storagetanks_360.tif	StorageTanks/storagetanks_360.tif	AID_20/train/StorageTanks/storagetanks_360.tif
train	StorageTanks	28	storagetanks_47.tif	StorageTanks/storagetanks_47.tif	AID_20/train/StorageTanks/storagetanks_47.tif
train	StorageTanks	28	storagetanks_5.tif	StorageTanks/storagetanks_5.tif	AID_20/train/StorageTanks/storagetanks_5.tif
train	StorageTanks	28	storagetanks_59.tif	StorageTanks/storagetanks_59.tif	AID_20/train/StorageTanks/storagetanks_59.tif
train	StorageTanks	28	storagetanks_6.tif	StorageTanks/storagetanks_6.tif	AID_20/train/StorageTanks/storagetanks_6.tif
train	StorageTanks	28	storagetanks_62.tif	StorageTanks/storagetanks_62.tif	AID_20/train/StorageTanks/storagetanks_62.tif
train	StorageTanks	28	storagetanks_63.tif	StorageTanks/storagetanks_63.tif	AID_20/train/StorageTanks/storagetanks_63.tif
train	StorageTanks	28	storagetanks_68.tif	StorageTanks/storagetanks_68.tif	AID_20/train/StorageTanks/storagetanks_68.tif
train	StorageTanks	28	storagetanks_69.tif	StorageTanks/storagetanks_69.tif	AID_20/train/StorageTanks/storagetanks_69.tif
train	StorageTanks	28	storagetanks_76.tif	StorageTanks/storagetanks_76.tif	AID_20/train/StorageTanks/storagetanks_76.tif
train	StorageTanks	28	storagetanks_77.tif	StorageTanks/storagetanks_77.tif	AID_20/train/StorageTanks/storagetanks_77.tif
train	StorageTanks	28	storagetanks_78.tif	StorageTanks/storagetanks_78.tif	AID_20/train/StorageTanks/storagetanks_78.tif
train	StorageTanks	28	storagetanks_82.tif	StorageTanks/storagetanks_82.tif	AID_20/train/StorageTanks/storagetanks_82.tif
train	StorageTanks	28	storagetanks_86.tif	StorageTanks/storagetanks_86.tif	AID_20/train/StorageTanks/storagetanks_86.tif
train	StorageTanks	28	storagetanks_89.tif	StorageTanks/storagetanks_89.tif	AID_20/train/StorageTanks/storagetanks_89.tif
train	StorageTanks	28	storagetanks_94.tif	StorageTanks/storagetanks_94.tif	AID_20/train/StorageTanks/storagetanks_94.tif
train	StorageTanks	28	storagetanks_96.tif	StorageTanks/storagetanks_96.tif	AID_20/train/StorageTanks/storagetanks_96.tif
train	StorageTanks	28	storagetanks_97.tif	StorageTanks/storagetanks_97.tif	AID_20/train/StorageTanks/storagetanks_97.tif
train	StorageTanks	28	storagetanks_98.tif	StorageTanks/storagetanks_98.tif	AID_20/train/StorageTanks/storagetanks_98.tif
train	StorageTanks	28	storagetanks_99.tif	StorageTanks/storagetanks_99.tif	AID_20/train/StorageTanks/storagetanks_99.tif
train	Viaduct	29	viaduct_101.tif	Viaduct/viaduct_101.tif	AID_20/train/Viaduct/viaduct_101.tif
train	Viaduct	29	viaduct_106.tif	Viaduct/viaduct_106.tif	AID_20/train/Viaduct/viaduct_106.tif
train	Viaduct	29	viaduct_107.tif	Viaduct/viaduct_107.tif	AID_20/train/Viaduct/viaduct_107.tif
train	Viaduct	29	viaduct_11.tif	Viaduct/viaduct_11.tif	AID_20/train/Viaduct/viaduct_11.tif
train	Viaduct	29	viaduct_114.tif	Viaduct/viaduct_114.tif	AID_20/train/Viaduct/viaduct_114.tif
train	Viaduct	29	viaduct_116.tif	Viaduct/viaduct_116.tif	AID_20/train/Viaduct/viaduct_116.tif
train	Viaduct	29	viaduct_124.tif	Viaduct/viaduct_124.tif	AID_20/train/Viaduct/viaduct_124.tif
train	Viaduct	29	viaduct_129.tif	Viaduct/viaduct_129.tif	AID_20/train/Viaduct/viaduct_129.tif
train	Viaduct	29	viaduct_130.tif	Viaduct/viaduct_130.tif	AID_20/train/Viaduct/viaduct_130.tif
train	Viaduct	29	viaduct_133.tif	Viaduct/viaduct_133.tif	AID_20/train/Viaduct/viaduct_133.tif
train	Viaduct	29	viaduct_135.tif	Viaduct/viaduct_135.tif	AID_20/train/Viaduct/viaduct_135.tif
train	Viaduct	29	viaduct_149.tif	Viaduct/viaduct_149.tif	AID_20/train/Viaduct/viaduct_149.tif
train	Viaduct	29	viaduct_151.tif	Viaduct/viaduct_151.tif	AID_20/train/Viaduct/viaduct_151.tif
train	Viaduct	29	viaduct_175.tif	Viaduct/viaduct_175.tif	AID_20/train/Viaduct/viaduct_175.tif
train	Viaduct	29	viaduct_176.tif	Viaduct/viaduct_176.tif	AID_20/train/Viaduct/viaduct_176.tif
train	Viaduct	29	viaduct_177.tif	Viaduct/viaduct_177.tif	AID_20/train/Viaduct/viaduct_177.tif
train	Viaduct	29	viaduct_179.tif	Viaduct/viaduct_179.tif	AID_20/train/Viaduct/viaduct_179.tif
train	Viaduct	29	viaduct_18.tif	Viaduct/viaduct_18.tif	AID_20/train/Viaduct/viaduct_18.tif
train	Viaduct	29	viaduct_180.tif	Viaduct/viaduct_180.tif	AID_20/train/Viaduct/viaduct_180.tif
train	Viaduct	29	viaduct_181.tif	Viaduct/viaduct_181.tif	AID_20/train/Viaduct/viaduct_181.tif
train	Viaduct	29	viaduct_182.tif	Viaduct/viaduct_182.tif	AID_20/train/Viaduct/viaduct_182.tif
train	Viaduct	29	viaduct_184.tif	Viaduct/viaduct_184.tif	AID_20/train/Viaduct/viaduct_184.tif
train	Viaduct	29	viaduct_185.tif	Viaduct/viaduct_185.tif	AID_20/train/Viaduct/viaduct_185.tif
train	Viaduct	29	viaduct_190.tif	Viaduct/viaduct_190.tif	AID_20/train/Viaduct/viaduct_190.tif
train	Viaduct	29	viaduct_192.tif	Viaduct/viaduct_192.tif	AID_20/train/Viaduct/viaduct_192.tif
train	Viaduct	29	viaduct_196.tif	Viaduct/viaduct_196.tif	AID_20/train/Viaduct/viaduct_196.tif
train	Viaduct	29	viaduct_20.tif	Viaduct/viaduct_20.tif	AID_20/train/Viaduct/viaduct_20.tif
train	Viaduct	29	viaduct_202.tif	Viaduct/viaduct_202.tif	AID_20/train/Viaduct/viaduct_202.tif
train	Viaduct	29	viaduct_203.tif	Viaduct/viaduct_203.tif	AID_20/train/Viaduct/viaduct_203.tif
train	Viaduct	29	viaduct_209.tif	Viaduct/viaduct_209.tif	AID_20/train/Viaduct/viaduct_209.tif
train	Viaduct	29	viaduct_210.tif	Viaduct/viaduct_210.tif	AID_20/train/Viaduct/viaduct_210.tif
train	Viaduct	29	viaduct_217.tif	Viaduct/viaduct_217.tif	AID_20/train/Viaduct/viaduct_217.tif
train	Viaduct	29	viaduct_22.tif	Viaduct/viaduct_22.tif	AID_20/train/Viaduct/viaduct_22.tif
train	Viaduct	29	viaduct_224.tif	Viaduct/viaduct_224.tif	AID_20/train/Viaduct/viaduct_224.tif
train	Viaduct	29	viaduct_227.tif	Viaduct/viaduct_227.tif	AID_20/train/Viaduct/viaduct_227.tif
train	Viaduct	29	viaduct_229.tif	Viaduct/viaduct_229.tif	AID_20/train/Viaduct/viaduct_229.tif
train	Viaduct	29	viaduct_235.tif	Viaduct/viaduct_235.tif	AID_20/train/Viaduct/viaduct_235.tif
train	Viaduct	29	viaduct_242.tif	Viaduct/viaduct_242.tif	AID_20/train/Viaduct/viaduct_242.tif
train	Viaduct	29	viaduct_243.tif	Viaduct/viaduct_243.tif	AID_20/train/Viaduct/viaduct_243.tif
train	Viaduct	29	viaduct_251.tif	Viaduct/viaduct_251.tif	AID_20/train/Viaduct/viaduct_251.tif
train	Viaduct	29	viaduct_256.tif	Viaduct/viaduct_256.tif	AID_20/train/Viaduct/viaduct_256.tif
train	Viaduct	29	viaduct_258.tif	Viaduct/viaduct_258.tif	AID_20/train/Viaduct/viaduct_258.tif
train	Viaduct	29	viaduct_259.tif	Viaduct/viaduct_259.tif	AID_20/train/Viaduct/viaduct_259.tif
train	Viaduct	29	viaduct_263.tif	Viaduct/viaduct_263.tif	AID_20/train/Viaduct/viaduct_263.tif
train	Viaduct	29	viaduct_268.tif	Viaduct/viaduct_268.tif	AID_20/train/Viaduct/viaduct_268.tif
train	Viaduct	29	viaduct_275.tif	Viaduct/viaduct_275.tif	AID_20/train/Viaduct/viaduct_275.tif
train	Viaduct	29	viaduct_279.tif	Viaduct/viaduct_279.tif	AID_20/train/Viaduct/viaduct_279.tif
train	Viaduct	29	viaduct_286.tif	Viaduct/viaduct_286.tif	AID_20/train/Viaduct/viaduct_286.tif
train	Viaduct	29	viaduct_29.tif	Viaduct/viaduct_29.tif	AID_20/train/Viaduct/viaduct_29.tif
train	Viaduct	29	viaduct_290.tif	Viaduct/viaduct_290.tif	AID_20/train/Viaduct/viaduct_290.tif
train	Viaduct	29	viaduct_315.tif	Viaduct/viaduct_315.tif	AID_20/train/Viaduct/viaduct_315.tif
train	Viaduct	29	viaduct_316.tif	Viaduct/viaduct_316.tif	AID_20/train/Viaduct/viaduct_316.tif
train	Viaduct	29	viaduct_326.tif	Viaduct/viaduct_326.tif	AID_20/train/Viaduct/viaduct_326.tif
train	Viaduct	29	viaduct_327.tif	Viaduct/viaduct_327.tif	AID_20/train/Viaduct/viaduct_327.tif
train	Viaduct	29	viaduct_328.tif	Viaduct/viaduct_328.tif	AID_20/train/Viaduct/viaduct_328.tif
train	Viaduct	29	viaduct_333.tif	Viaduct/viaduct_333.tif	AID_20/train/Viaduct/viaduct_333.tif
train	Viaduct	29	viaduct_334.tif	Viaduct/viaduct_334.tif	AID_20/train/Viaduct/viaduct_334.tif
train	Viaduct	29	viaduct_350.tif	Viaduct/viaduct_350.tif	AID_20/train/Viaduct/viaduct_350.tif
train	Viaduct	29	viaduct_353.tif	Viaduct/viaduct_353.tif	AID_20/train/Viaduct/viaduct_353.tif
train	Viaduct	29	viaduct_355.tif	Viaduct/viaduct_355.tif	AID_20/train/Viaduct/viaduct_355.tif
train	Viaduct	29	viaduct_358.tif	Viaduct/viaduct_358.tif	AID_20/train/Viaduct/viaduct_358.tif
train	Viaduct	29	viaduct_359.tif	Viaduct/viaduct_359.tif	AID_20/train/Viaduct/viaduct_359.tif
train	Viaduct	29	viaduct_374.tif	Viaduct/viaduct_374.tif	AID_20/train/Viaduct/viaduct_374.tif
train	Viaduct	29	viaduct_376.tif	Viaduct/viaduct_376.tif	AID_20/train/Viaduct/viaduct_376.tif
train	Viaduct	29	viaduct_383.tif	Viaduct/viaduct_383.tif	AID_20/train/Viaduct/viaduct_383.tif
train	Viaduct	29	viaduct_398.tif	Viaduct/viaduct_398.tif	AID_20/train/Viaduct/viaduct_398.tif
train	Viaduct	29	viaduct_402.tif	Viaduct/viaduct_402.tif	AID_20/train/Viaduct/viaduct_402.tif
train	Viaduct	29	viaduct_404.tif	Viaduct/viaduct_404.tif	AID_20/train/Viaduct/viaduct_404.tif
train	Viaduct	29	viaduct_415.tif	Viaduct/viaduct_415.tif	AID_20/train/Viaduct/viaduct_415.tif
train	Viaduct	29	viaduct_416.tif	Viaduct/viaduct_416.tif	AID_20/train/Viaduct/viaduct_416.tif
train	Viaduct	29	viaduct_418.tif	Viaduct/viaduct_418.tif	AID_20/train/Viaduct/viaduct_418.tif
train	Viaduct	29	viaduct_419.tif	Viaduct/viaduct_419.tif	AID_20/train/Viaduct/viaduct_419.tif
train	Viaduct	29	viaduct_420.tif	Viaduct/viaduct_420.tif	AID_20/train/Viaduct/viaduct_420.tif
train	Viaduct	29	viaduct_45.tif	Viaduct/viaduct_45.tif	AID_20/train/Viaduct/viaduct_45.tif
train	Viaduct	29	viaduct_46.tif	Viaduct/viaduct_46.tif	AID_20/train/Viaduct/viaduct_46.tif
train	Viaduct	29	viaduct_47.tif	Viaduct/viaduct_47.tif	AID_20/train/Viaduct/viaduct_47.tif
train	Viaduct	29	viaduct_49.tif	Viaduct/viaduct_49.tif	AID_20/train/Viaduct/viaduct_49.tif
train	Viaduct	29	viaduct_57.tif	Viaduct/viaduct_57.tif	AID_20/train/Viaduct/viaduct_57.tif
train	Viaduct	29	viaduct_61.tif	Viaduct/viaduct_61.tif	AID_20/train/Viaduct/viaduct_61.tif
train	Viaduct	29	viaduct_67.tif	Viaduct/viaduct_67.tif	AID_20/train/Viaduct/viaduct_67.tif
train	Viaduct	29	viaduct_76.tif	Viaduct/viaduct_76.tif	AID_20/train/Viaduct/viaduct_76.tif
train	Viaduct	29	viaduct_8.tif	Viaduct/viaduct_8.tif	AID_20/train/Viaduct/viaduct_8.tif
train	Viaduct	29	viaduct_81.tif	Viaduct/viaduct_81.tif	AID_20/train/Viaduct/viaduct_81.tif
train	Viaduct	29	viaduct_94.tif	Viaduct/viaduct_94.tif	AID_20/train/Viaduct/viaduct_94.tif
