subset	class_name	label	filename	class_relative_path	dataset_relative_path
train	agricultural	0	agricultural00.tif	agricultural/agricultural00.tif	UCM_80/train/agricultural/agricultural00.tif
train	agricultural	0	agricultural01.tif	agricultural/agricultural01.tif	UCM_80/train/agricultural/agricultural01.tif
train	agricultural	0	agricultural04.tif	agricultural/agricultural04.tif	UCM_80/train/agricultural/agricultural04.tif
train	agricultural	0	agricultural05.tif	agricultural/agricultural05.tif	UCM_80/train/agricultural/agricultural05.tif
train	agricultural	0	agricultural06.tif	agricultural/agricultural06.tif	UCM_80/train/agricultural/agricultural06.tif
train	agricultural	0	agricultural07.tif	agricultural/agricultural07.tif	UCM_80/train/agricultural/agricultural07.tif
train	agricultural	0	agricultural09.tif	agricultural/agricultural09.tif	UCM_80/train/agricultural/agricultural09.tif
train	agricultural	0	agricultural10.tif	agricultural/agricultural10.tif	UCM_80/train/agricultural/agricultural10.tif
train	agricultural	0	agricultural11.tif	agricultural/agricultural11.tif	UCM_80/train/agricultural/agricultural11.tif
train	agricultural	0	agricultural12.tif	agricultural/agricultural12.tif	UCM_80/train/agricultural/agricultural12.tif
train	agricultural	0	agricultural13.tif	agricultural/agricultural13.tif	UCM_80/train/agricultural/agricultural13.tif
train	agricultural	0	agricultural14.tif	agricultural/agricultural14.tif	UCM_80/train/agricultural/agricultural14.tif
train	agricultural	0	agricultural15.tif	agricultural/agricultural15.tif	UCM_80/train/agricultural/agricultural15.tif
train	agricultural	0	agricultural16.tif	agricultural/agricultural16.tif	UCM_80/train/agricultural/agricultural16.tif
train	agricultural	0	agricultural17.tif	agricultural/agricultural17.tif	UCM_80/train/agricultural/agricultural17.tif
train	agricultural	0	agricultural18.tif	agricultural/agricultural18.tif	UCM_80/train/agricultural/agricultural18.tif
train	agricultural	0	agricultural19.tif	agricultural/agricultural19.tif	UCM_80/train/agricultural/agricultural19.tif
train	agricultural	0	agricultural20.tif	agricultural/agricultural20.tif	UCM_80/train/agricultural/agricultural20.tif
train	agricultural	0	agricultural21.tif	agricultural/agricultural21.tif	UCM_80/train/agricultural/agricultural21.tif
train	agricultural	0	agricultural22.tif	agricultural/agricultural22.tif	UCM_80/train/agricultural/agricultural22.tif
train	agricultural	0	agricultural23.tif	agricultural/agricultural23.tif	UCM_80/train/agricultural/agricultural23.tif
train	agricultural	0	agricultural24.tif	agricultural/agricultural24.tif	UCM_80/train/agricultural/agricultural24.tif
train	agricultural	0	agricultural25.tif	agricultural/agricultural25.tif	UCM_80/train/agricultural/agricultural25.tif
train	agricultural	0	agricultural26.tif	agricultural/agricultural26.tif	UCM_80/train/agricultural/agricultural26.tif
train	agricultural	0	agricultural27.tif	agricultural/agricultural27.tif	UCM_80/train/agricultural/agricultural27.tif
train	agricultural	0	agricultural29.tif	agricultural/agricultural29.tif	UCM_80/train/agricultural/agricultural29.tif
train	agricultural	0	agricultural30.tif	agricultural/agricultural30.tif	UCM_80/train/agricultural/agricultural30.tif
train	agricultural	0	agricultural31.tif	agricultural/agricultural31.tif	UCM_80/train/agricultural/agricultural31.tif
train	agricultural	0	agricultural32.tif	agricultural/agricultural32.tif	UCM_80/train/agricultural/agricultural32.tif
train	agricultural	0	agricultural33.tif	agricultural/agricultural33.tif	UCM_80/train/agricultural/agricultural33.tif
train	agricultural	0	agricultural35.tif	agricultural/agricultural35.tif	UCM_80/train/agricultural/agricultural35.tif
train	agricultural	0	agricultural36.tif	agricultural/agricultural36.tif	UCM_80/train/agricultural/agricultural36.tif
train	agricultural	0	agricultural37.tif	agricultural/agricultural37.tif	UCM_80/train/agricultural/agricultural37.tif
train	agricultural	0	agricultural38.tif	agricultural/agricultural38.tif	UCM_80/train/agricultural/agricultural38.tif
train	agricultural	0	agricultural42.tif	agricultural/agricultural42.tif	UCM_80/train/agricultural/agricultural42.tif
train	agricultural	0	agricultural43.tif	agricultural/agricultural43.tif	UCM_80/train/agricultural/agricultural43.tif
train	agricultural	0	agricultural45.tif	agricultural/agricultural45.tif	UCM_80/train/agricultural/agricultural45.tif
train	agricultural	0	agricultural46.tif	agricultural/agricultural46.tif	UCM_80/train/agricultural/agricultural46.tif
train	agricultural	0	agricultural48.tif	agricultural/agricultural48.tif	UCM_80/train/agricultural/agricultural48.tif
train	agricultural	0	agricultural49.tif	agricultural/agricultural49.tif	UCM_80/train/agricultural/agricultural49.tif
train	agricultural	0	agricultural50.tif	agricultural/agricultural50.tif	UCM_80/train/agricultural/agricultural50.tif
train	agricultural	0	agricultural51.tif	agricultural/agricultural51.tif	UCM_80/train/agricultural/agricultural51.tif
train	agricultural	0	agricultural52.tif	agricultural/agricultural52.tif	UCM_80/train/agricultural/agricultural52.tif
train	agricultural	0	agricultural53.tif	agricultural/agricultural53.tif	UCM_80/train/agricultural/agricultural53.tif
train	agricultural	0	agricultural54.tif	agricultural/agricultural54.tif	UCM_80/train/agricultural/agricultural54.tif
train	agricultural	0	agricultural55.tif	agricultural/agricultural55.tif	UCM_80/train/agricultural/agricultural55.tif
train	agricultural	0	agricultural56.tif	agricultural/agricultural56.tif	UCM_80/train/agricultural/agricultural56.tif
train	agricultural	0	agricultural57.tif	agricultural/agricultural57.tif	UCM_80/train/agricultural/agricultural57.tif
train	agricultural	0	agricultural58.tif	agricultural/agricultural58.tif	UCM_80/train/agricultural/agricultural58.tif
train	agricultural	0	agricultural60.tif	agricultural/agricultural60.tif	UCM_80/train/agricultural/agricultural60.tif
train	agricultural	0	agricultural61.tif	agricultural/agricultural61.tif	UCM_80/train/agricultural/agricultural61.tif
train	agricultural	0	agricultural63.tif	agricultural/agricultural63.tif	UCM_80/train/agricultural/agricultural63.tif
train	agricultural	0	agricultural65.tif	agricultural/agricultural65.tif	UCM_80/train/agricultural/agricultural65.tif
train	agricultural	0	agricultural66.tif	agricultural/agricultural66.tif	UCM_80/train/agricultural/agricultural66.tif
train	agricultural	0	agricultural67.tif	agricultural/agricultural67.tif	UCM_80/train/agricultural/agricultural67.tif
train	agricultural	0	agricultural68.tif	agricultural/agricultural68.tif	UCM_80/train/agricultural/agricultural68.tif
train	agricultural	0	agricultural69.tif	agricultural/agricultural69.tif	UCM_80/train/agricultural/agricultural69.tif
train	agricultural	0	agricultural70.tif	agricultural/agricultural70.tif	UCM_80/train/agricultural/agricultural70.tif
train	agricultural	0	agricultural71.tif	agricultural/agricultural71.tif	UCM_80/train/agricultural/agricultural71.tif
train	agricultural	0	agricultural72.tif	agricultural/agricultural72.tif	UCM_80/train/agricultural/agricultural72.tif
train	agricultural	0	agricultural73.tif	agricultural/agricultural73.tif	UCM_80/train/agricultural/agricultural73.tif
train	agricultural	0	agricultural74.tif	agricultural/agricultural74.tif	UCM_80/train/agricultural/agricultural74.tif
train	agricultural	0	agricultural75.tif	agricultural/agricultural75.tif	UCM_80/train/agricultural/agricultural75.tif
train	agricultural	0	agricultural76.tif	agricultural/agricultural76.tif	UCM_80/train/agricultural/agricultural76.tif
train	agricultural	0	agricultural79.tif	agricultural/agricultural79.tif	UCM_80/train/agricultural/agricultural79.tif
train	agricultural	0	agricultural80.tif	agricultural/agricultural80.tif	UCM_80/train/agricultural/agricultural80.tif
train	agricultural	0	agricultural81.tif	agricultural/agricultural81.tif	UCM_80/train/agricultural/agricultural81.tif
train	agricultural	0	agricultural83.tif	agricultural/agricultural83.tif	UCM_80/train/agricultural/agricultural83.tif
train	agricultural	0	agricultural84.tif	agricultural/agricultural84.tif	UCM_80/train/agricultural/agricultural84.tif
train	agricultural	0	agricultural85.tif	agricultural/agricultural85.tif	UCM_80/train/agricultural/agricultural85.tif
train	agricultural	0	agricultural86.tif	agricultural/agricultural86.tif	UCM_80/train/agricultural/agricultural86.tif
train	agricultural	0	agricultural87.tif	agricultural/agricultural87.tif	UCM_80/train/agricultural/agricultural87.tif
train	agricultural	0	agricultural90.tif	agricultural/agricultural90.tif	UCM_80/train/agricultural/agricultural90.tif
train	agricultural	0	agricultural92.tif	agricultural/agricultural92.tif	UCM_80/train/agricultural/agricultural92.tif
train	agricultural	0	agricultural93.tif	agricultural/agricultural93.tif	UCM_80/train/agricultural/agricultural93.tif
train	agricultural	0	agricultural94.tif	agricultural/agricultural94.tif	UCM_80/train/agricultural/agricultural94.tif
train	agricultural	0	agricultural95.tif	agricultural/agricultural95.tif	UCM_80/train/agricultural/agricultural95.tif
train	agricultural	0	agricultural96.tif	agricultural/agricultural96.tif	UCM_80/train/agricultural/agricultural96.tif
train	agricultural	0	agricultural97.tif	agricultural/agricultural97.tif	UCM_80/train/agricultural/agricultural97.tif
train	agricultural	0	agricultural99.tif	agricultural/agricultural99.tif	UCM_80/train/agricultural/agricultural99.tif
train	airplane	1	airplane00.tif	airplane/airplane00.tif	UCM_80/train/airplane/airplane00.tif
train	airplane	1	airplane01.tif	airplane/airplane01.tif	UCM_80/train/airplane/airplane01.tif
train	airplane	1	airplane02.tif	airplane/airplane02.tif	UCM_80/train/airplane/airplane02.tif
train	airplane	1	airplane03.tif	airplane/airplane03.tif	UCM_80/train/airplane/airplane03.tif
train	airplane	1	airplane04.tif	airplane/airplane04.tif	UCM_80/train/airplane/airplane04.tif
train	airplane	1	airplane05.tif	airplane/airplane05.tif	UCM_80/train/airplane/airplane05.tif
train	airplane	1	airplane06.tif	airplane/airplane06.tif	UCM_80/train/airplane/airplane06.tif
train	airplane	1	airplane07.tif	airplane/airplane07.tif	UCM_80/train/airplane/airplane07.tif
train	airplane	1	airplane08.tif	airplane/airplane08.tif	UCM_80/train/airplane/airplane08.tif
train	airplane	1	airplane09.tif	airplane/airplane09.tif	UCM_80/train/airplane/airplane09.tif
train	airplane	1	airplane11.tif	airplane/airplane11.tif	UCM_80/train/airplane/airplane11.tif
train	airplane	1	airplane13.tif	airplane/airplane13.tif	UCM_80/train/airplane/airplane13.tif
train	airplane	1	airplane14.tif	airplane/airplane14.tif	UCM_80/train/airplane/airplane14.tif
train	airplane	1	airplane15.tif	airplane/airplane15.tif	UCM_80/train/airplane/airplane15.tif
train	airplane	1	airplane17.tif	airplane/airplane17.tif	UCM_80/train/airplane/airplane17.tif
train	airplane	1	airplane19.tif	airplane/airplane19.tif	UCM_80/train/airplane/airplane19.tif
train	airplane	1	airplane20.tif	airplane/airplane20.tif	UCM_80/train/airplane/airplane20.tif
train	airplane	1	airplane21.tif	airplane/airplane21.tif	UCM_80/train/airplane/airplane21.tif
train	airplane	1	airplane22.tif	airplane/airplane22.tif	UCM_80/train/airplane/airplane22.tif
train	airplane	1	airplane25.tif	airplane/airplane25.tif	UCM_80/train/airplane/airplane25.tif
train	airplane	1	airplane26.tif	airplane/airplane26.tif	UCM_80/train/airplane/airplane26.tif
train	airplane	1	airplane28.tif	airplane/airplane28.tif	UCM_80/train/airplane/airplane28.tif
train	airplane	1	airplane29.tif	airplane/airplane29.tif	UCM_80/train/airplane/airplane29.tif
train	airplane	1	airplane30.tif	airplane/airplane30.tif	UCM_80/train/airplane/airplane30.tif
train	airplane	1	airplane31.tif	airplane/airplane31.tif	UCM_80/train/airplane/airplane31.tif
train	airplane	1	airplane34.tif	airplane/airplane34.tif	UCM_80/train/airplane/airplane34.tif
train	airplane	1	airplane36.tif	airplane/airplane36.tif	UCM_80/train/airplane/airplane36.tif
train	airplane	1	airplane37.tif	airplane/airplane37.tif	UCM_80/train/airplane/airplane37.tif
train	airplane	1	airplane41.tif	airplane/airplane41.tif	UCM_80/train/airplane/airplane41.tif
train	airplane	1	airplane42.tif	airplane/airplane42.tif	UCM_80/train/airplane/airplane42.tif
train	airplane	1	airplane44.tif	airplane/airplane44.tif	UCM_80/train/airplane/airplane44.tif
train	airplane	1	airplane46.tif	airplane/airplane46.tif	UCM_80/train/airplane/airplane46.tif
train	airplane	1	airplane47.tif	airplane/airplane47.tif	UCM_80/train/airplane/airplane47.tif
train	airplane	1	airplane48.tif	airplane/airplane48.tif	UCM_80/train/airplane/airplane48.tif
train	airplane	1	airplane49.tif	airplane/airplane49.tif	UCM_80/train/airplane/airplane49.tif
train	airplane	1	airplane50.tif	airplane/airplane50.tif	UCM_80/train/airplane/airplane50.tif
train	airplane	1	airplane51.tif	airplane/airplane51.tif	UCM_80/train/airplane/airplane51.tif
train	airplane	1	airplane52.tif	airplane/airplane52.tif	UCM_80/train/airplane/airplane52.tif
train	airplane	1	airplane53.tif	airplane/airplane53.tif	UCM_80/train/airplane/airplane53.tif
train	airplane	1	airplane54.tif	airplane/airplane54.tif	UCM_80/train/airplane/airplane54.tif
train	airplane	1	airplane56.tif	airplane/airplane56.tif	UCM_80/train/airplane/airplane56.tif
train	airplane	1	airplane57.tif	airplane/airplane57.tif	UCM_80/train/airplane/airplane57.tif
train	airplane	1	airplane58.tif	airplane/airplane58.tif	UCM_80/train/airplane/airplane58.tif
train	airplane	1	airplane59.tif	airplane/airplane59.tif	UCM_80/train/airplane/airplane59.tif
train	airplane	1	airplane60.tif	airplane/airplane60.tif	UCM_80/train/airplane/airplane60.tif
train	airplane	1	airplane61.tif	airplane/airplane61.tif	UCM_80/train/airplane/airplane61.tif
train	airplane	1	airplane62.tif	airplane/airplane62.tif	UCM_80/train/airplane/airplane62.tif
train	airplane	1	airplane63.tif	airplane/airplane63.tif	UCM_80/train/airplane/airplane63.tif
train	airplane	1	airplane64.tif	airplane/airplane64.tif	UCM_80/train/airplane/airplane64.tif
train	airplane	1	airplane65.tif	airplane/airplane65.tif	UCM_80/train/airplane/airplane65.tif
train	airplane	1	airplane66.tif	airplane/airplane66.tif	UCM_80/train/airplane/airplane66.tif
train	airplane	1	airplane67.tif	airplane/airplane67.tif	UCM_80/train/airplane/airplane67.tif
train	airplane	1	airplane69.tif	airplane/airplane69.tif	UCM_80/train/airplane/airplane69.tif
train	airplane	1	airplane70.tif	airplane/airplane70.tif	UCM_80/train/airplane/airplane70.tif
train	airplane	1	airplane71.tif	airplane/airplane71.tif	UCM_80/train/airplane/airplane71.tif
train	airplane	1	airplane72.tif	airplane/airplane72.tif	UCM_80/train/airplane/airplane72.tif
train	airplane	1	airplane73.tif	airplane/airplane73.tif	UCM_80/train/airplane/airplane73.tif
train	airplane	1	airplane74.tif	airplane/airplane74.tif	UCM_80/train/airplane/airplane74.tif
train	airplane	1	airplane75.tif	airplane/airplane75.tif	UCM_80/train/airplane/airplane75.tif
train	airplane	1	airplane76.tif	airplane/airplane76.tif	UCM_80/train/airplane/airplane76.tif
train	airplane	1	airplane77.tif	airplane/airplane77.tif	UCM_80/train/airplane/airplane77.tif
train	airplane	1	airplane80.tif	airplane/airplane80.tif	UCM_80/train/airplane/airplane80.tif
train	airplane	1	airplane81.tif	airplane/airplane81.tif	UCM_80/train/airplane/airplane81.tif
train	airplane	1	airplane82.tif	airplane/airplane82.tif	UCM_80/train/airplane/airplane82.tif
train	airplane	1	airplane83.tif	airplane/airplane83.tif	UCM_80/train/airplane/airplane83.tif
train	airplane	1	airplane84.tif	airplane/airplane84.tif	UCM_80/train/airplane/airplane84.tif
train	airplane	1	airplane85.tif	airplane/airplane85.tif	UCM_80/train/airplane/airplane85.tif
train	airplane	1	airplane86.tif	airplane/airplane86.tif	UCM_80/train/airplane/airplane86.tif
train	airplane	1	airplane87.tif	airplane/airplane87.tif	UCM_80/train/airplane/airplane87.tif
train	airplane	1	airplane88.tif	airplane/airplane88.tif	UCM_80/train/airplane/airplane88.tif
train	airplane	1	airplane89.tif	airplane/airplane89.tif	UCM_80/train/airplane/airplane89.tif
train	airplane	1	airplane90.tif	airplane/airplane90.tif	UCM_80/train/airplane/airplane90.tif
train	airplane	1	airplane91.tif	airplane/airplane91.tif	UCM_80/train/airplane/airplane91.tif
train	airplane	1	airplane93.tif	airplane/airplane93.tif	UCM_80/train/airplane/airplane93.tif
train	airplane	1	airplane94.tif	airplane/airplane94.tif	UCM_80/train/airplane/airplane94.tif
train	airplane	1	airplane95.tif	airplane/airplane95.tif	UCM_80/train/airplane/airplane95.tif
train	airplane	1	airplane96.tif	airplane/airplane96.tif	UCM_80/train/airplane/airplane96.tif
train	airplane	1	airplane97.tif	airplane/airplane97.tif	UCM_80/train/airplane/airplane97.tif
train	airplane	1	airplane98.tif	airplane/airplane98.tif	UCM_80/train/airplane/airplane98.tif
train	airplane	1	airplane99.tif	airplane/airplane99.tif	UCM_80/train/airplane/airplane99.tif
train	baseballdiamond	2	baseballdiamond00.tif	baseballdiamond/baseballdiamond00.tif	UCM_80/train/baseballdiamond/baseballdiamond00.tif
train	baseballdiamond	2	baseballdiamond01.tif	baseballdiamond/baseballdiamond01.tif	UCM_80/train/baseballdiamond/baseballdiamond01.tif
train	baseballdiamond	2	baseballdiamond02.tif	baseballdiamond/baseballdiamond02.tif	UCM_80/train/baseballdiamond/baseballdiamond02.tif
train	baseballdiamond	2	baseballdiamond03.tif	baseballdiamond/baseballdiamond03.tif	UCM_80/train/baseballdiamond/baseballdiamond03.tif
train	baseballdiamond	2	baseballdiamond04.tif	baseballdiamond/baseballdiamond04.tif	UCM_80/train/baseballdiamond/baseballdiamond04.tif
train	baseballdiamond	2	baseballdiamond05.tif	baseballdiamond/baseballdiamond05.tif	UCM_80/train/baseballdiamond/baseballdiamond05.tif
train	baseballdiamond	2	baseballdiamond07.tif	baseballdiamond/baseballdiamond07.tif	UCM_80/train/baseballdiamond/baseballdiamond07.tif
train	baseballdiamond	2	baseballdiamond08.tif	baseballdiamond/baseballdiamond08.tif	UCM_80/train/baseballdiamond/baseballdiamond08.tif
train	baseballdiamond	2	baseballdiamond09.tif	baseballdiamond/baseballdiamond09.tif	UCM_80/train/baseballdiamond/baseballdiamond09.tif
train	baseballdiamond	2	baseballdiamond10.tif	baseballdiamond/baseballdiamond10.tif	UCM_80/train/baseballdiamond/baseballdiamond10.tif
train	baseballdiamond	2	baseballdiamond11.tif	baseballdiamond/baseballdiamond11.tif	UCM_80/train/baseballdiamond/baseballdiamond11.tif
train	baseballdiamond	2	baseballdiamond14.tif	baseballdiamond/baseballdiamond14.tif	UCM_80/train/baseballdiamond/baseballdiamond14.tif
train	baseballdiamond	2	baseballdiamond15.tif	baseballdiamond/baseballdiamond15.tif	UCM_80/train/baseballdiamond/baseballdiamond15.tif
train	baseballdiamond	2	baseballdiamond16.tif	baseballdiamond/baseballdiamond16.tif	UCM_80/train/baseballdiamond/baseballdiamond16.tif
train	baseballdiamond	2	baseballdiamond17.tif	baseballdiamond/baseballdiamond17.tif	UCM_80/train/baseballdiamond/baseballdiamond17.tif
train	baseballdiamond	2	baseballdiamond18.tif	baseballdiamond/baseballdiamond18.tif	UCM_80/train/baseballdiamond/baseballdiamond18.tif
train	baseballdiamond	2	baseballdiamond20.tif	baseballdiamond/baseballdiamond20.tif	UCM_80/train/baseballdiamond/baseballdiamond20.tif
train	baseballdiamond	2	baseballdiamond21.tif	baseballdiamond/baseballdiamond21.tif	UCM_80/train/baseballdiamond/baseballdiamond21.tif
train	baseballdiamond	2	baseballdiamond22.tif	baseballdiamond/baseballdiamond22.tif	UCM_80/train/baseballdiamond/baseballdiamond22.tif
train	baseballdiamond	2	baseballdiamond23.tif	baseballdiamond/baseballdiamond23.tif	UCM_80/train/baseballdiamond/baseballdiamond23.tif
train	baseballdiamond	2	baseballdiamond25.tif	baseballdiamond/baseballdiamond25.tif	UCM_80/train/baseballdiamond/baseballdiamond25.tif
train	baseballdiamond	2	baseballdiamond26.tif	baseballdiamond/baseballdiamond26.tif	UCM_80/train/baseballdiamond/baseballdiamond26.tif
train	baseballdiamond	2	baseballdiamond27.tif	baseballdiamond/baseballdiamond27.tif	UCM_80/train/baseballdiamond/baseballdiamond27.tif
train	baseballdiamond	2	baseballdiamond28.tif	baseballdiamond/baseballdiamond28.tif	UCM_80/train/baseballdiamond/baseballdiamond28.tif
train	baseballdiamond	2	baseballdiamond29.tif	baseballdiamond/baseballdiamond29.tif	UCM_80/train/baseballdiamond/baseballdiamond29.tif
train	baseballdiamond	2	baseballdiamond30.tif	baseballdiamond/baseballdiamond30.tif	UCM_80/train/baseballdiamond/baseballdiamond30.tif
train	baseballdiamond	2	baseballdiamond31.tif	baseballdiamond/baseballdiamond31.tif	UCM_80/train/baseballdiamond/baseballdiamond31.tif
train	baseballdiamond	2	baseballdiamond32.tif	baseballdiamond/baseballdiamond32.tif	UCM_80/train/baseballdiamond/baseballdiamond32.tif
train	baseballdiamond	2	baseballdiamond34.tif	baseballdiamond/baseballdiamond34.tif	UCM_80/train/baseballdiamond/baseballdiamond34.tif
train	baseballdiamond	2	baseballdiamond35.tif	baseballdiamond/baseballdiamond35.tif	UCM_80/train/baseballdiamond/baseballdiamond35.tif
train	baseballdiamond	2	baseballdiamond36.tif	baseballdiamond/baseballdiamond36.tif	UCM_80/train/baseballdiamond/baseballdiamond36.tif
train	baseballdiamond	2	baseballdiamond37.tif	baseballdiamond/baseballdiamond37.tif	UCM_80/train/baseballdiamond/baseballdiamond37.tif
train	baseballdiamond	2	baseballdiamond38.tif	baseballdiamond/baseballdiamond38.tif	UCM_80/train/baseballdiamond/baseballdiamond38.tif
train	baseballdiamond	2	baseballdiamond39.tif	baseballdiamond/baseballdiamond39.tif	UCM_80/train/baseballdiamond/baseballdiamond39.tif
train	baseballdiamond	2	baseballdiamond40.tif	baseballdiamond/baseballdiamond40.tif	UCM_80/train/baseballdiamond/baseballdiamond40.tif
train	baseballdiamond	2	baseballdiamond42.tif	baseballdiamond/baseballdiamond42.tif	UCM_80/train/baseballdiamond/baseballdiamond42.tif
train	baseballdiamond	2	baseballdiamond43.tif	baseballdiamond/baseballdiamond43.tif	UCM_80/train/baseballdiamond/baseballdiamond43.tif
train	baseballdiamond	2	baseballdiamond44.tif	baseballdiamond/baseballdiamond44.tif	UCM_80/train/baseballdiamond/baseballdiamond44.tif
train	baseballdiamond	2	baseballdiamond46.tif	baseballdiamond/baseballdiamond46.tif	UCM_80/train/baseballdiamond/baseballdiamond46.tif
train	baseballdiamond	2	baseballdiamond47.tif	baseballdiamond/baseballdiamond47.tif	UCM_80/train/baseballdiamond/baseballdiamond47.tif
train	baseballdiamond	2	baseballdiamond48.tif	baseballdiamond/baseballdiamond48.tif	UCM_80/train/baseballdiamond/baseballdiamond48.tif
train	baseballdiamond	2	baseballdiamond49.tif	baseballdiamond/baseballdiamond49.tif	UCM_80/train/baseballdiamond/baseballdiamond49.tif
train	baseballdiamond	2	baseballdiamond50.tif	baseballdiamond/baseballdiamond50.tif	UCM_80/train/baseballdiamond/baseballdiamond50.tif
train	baseballdiamond	2	baseballdiamond51.tif	baseballdiamond/baseballdiamond51.tif	UCM_80/train/baseballdiamond/baseballdiamond51.tif
train	baseballdiamond	2	baseballdiamond54.tif	baseballdiamond/baseballdiamond54.tif	UCM_80/train/baseballdiamond/baseballdiamond54.tif
train	baseballdiamond	2	baseballdiamond55.tif	baseballdiamond/baseballdiamond55.tif	UCM_80/train/baseballdiamond/baseballdiamond55.tif
train	baseballdiamond	2	baseballdiamond56.tif	baseballdiamond/baseballdiamond56.tif	UCM_80/train/baseballdiamond/baseballdiamond56.tif
train	baseballdiamond	2	baseballdiamond57.tif	baseballdiamond/baseballdiamond57.tif	UCM_80/train/baseballdiamond/baseballdiamond57.tif
train	baseballdiamond	2	baseballdiamond58.tif	baseballdiamond/baseballdiamond58.tif	UCM_80/train/baseballdiamond/baseballdiamond58.tif
train	baseballdiamond	2	baseballdiamond59.tif	baseballdiamond/baseballdiamond59.tif	UCM_80/train/baseballdiamond/baseballdiamond59.tif
train	baseballdiamond	2	baseballdiamond60.tif	baseballdiamond/baseballdiamond60.tif	UCM_80/train/baseballdiamond/baseballdiamond60.tif
train	baseballdiamond	2	baseballdiamond61.tif	baseballdiamond/baseballdiamond61.tif	UCM_80/train/baseballdiamond/baseballdiamond61.tif
train	baseballdiamond	2	baseballdiamond62.tif	baseballdiamond/baseballdiamond62.tif	UCM_80/train/baseballdiamond/baseballdiamond62.tif
train	baseballdiamond	2	baseballdiamond63.tif	baseballdiamond/baseballdiamond63.tif	UCM_80/train/baseballdiamond/baseballdiamond63.tif
train	baseballdiamond	2	baseballdiamond64.tif	baseballdiamond/baseballdiamond64.tif	UCM_80/train/baseballdiamond/baseballdiamond64.tif
train	baseballdiamond	2	baseballdiamond65.tif	baseballdiamond/baseballdiamond65.tif	UCM_80/train/baseballdiamond/baseballdiamond65.tif
train	baseballdiamond	2	baseballdiamond66.tif	baseballdiamond/baseballdiamond66.tif	UCM_80/train/baseballdiamond/baseballdiamond66.tif
train	baseballdiamond	2	baseballdiamond68.tif	baseballdiamond/baseballdiamond68.tif	UCM_80/train/baseballdiamond/baseballdiamond68.tif
train	baseballdiamond	2	baseballdiamond70.tif	baseballdiamond/baseballdiamond70.tif	UCM_80/train/baseballdiamond/baseballdiamond70.tif
train	baseballdiamond	2	baseballdiamond74.tif	baseballdiamond/baseballdiamond74.tif	UCM_80/train/baseballdiamond/baseballdiamond74.tif
train	baseballdiamond	2	baseballdiamond75.tif	baseballdiamond/baseballdiamond75.tif	UCM_80/train/baseballdiamond/baseballdiamond75.tif
train	baseballdiamond	2	baseballdiamond76.tif	baseballdiamond/baseballdiamond76.tif	UCM_80/train/baseballdiamond/baseballdiamond76.tif
train	baseballdiamond	2	baseballdiamond77.tif	baseballdiamond/baseballdiamond77.tif	UCM_80/train/baseballdiamond/baseballdiamond77.tif
train	baseballdiamond	2	baseballdiamond79.tif	baseballdiamond/baseballdiamond79.tif	UCM_80/train/baseballdiamond/baseballdiamond79.tif
train	baseballdiamond	2	baseballdiamond80.tif	baseballdiamond/baseballdiamond80.tif	UCM_80/train/baseballdiamond/baseballdiamond80.tif
train	baseballdiamond	2	baseballdiamond81.tif	baseballdiamond/baseballdiamond81.tif	UCM_80/train/baseballdiamond/baseballdiamond81.tif
train	baseballdiamond	2	baseballdiamond82.tif	baseballdiamond/baseballdiamond82.tif	UCM_80/train/baseballdiamond/baseballdiamond82.tif
train	baseballdiamond	2	baseballdiamond84.tif	baseballdiamond/baseballdiamond84.tif	UCM_80/train/baseballdiamond/baseballdiamond84.tif
train	baseballdiamond	2	baseballdiamond85.tif	baseballdiamond/baseballdiamond85.tif	UCM_80/train/baseballdiamond/baseballdiamond85.tif
train	baseballdiamond	2	baseballdiamond86.tif	baseballdiamond/baseballdiamond86.tif	UCM_80/train/baseballdiamond/baseballdiamond86.tif
train	baseballdiamond	2	baseballdiamond87.tif	baseballdiamond/baseballdiamond87.tif	UCM_80/train/baseballdiamond/baseballdiamond87.tif
train	baseballdiamond	2	baseballdiamond89.tif	baseballdiamond/baseballdiamond89.tif	UCM_80/train/baseballdiamond/baseballdiamond89.tif
train	baseballdiamond	2	baseballdiamond90.tif	baseballdiamond/baseballdiamond90.tif	UCM_80/train/baseballdiamond/baseballdiamond90.tif
train	baseballdiamond	2	baseballdiamond91.tif	baseballdiamond/baseballdiamond91.tif	UCM_80/train/baseballdiamond/baseballdiamond91.tif
train	baseballdiamond	2	baseballdiamond92.tif	baseballdiamond/baseballdiamond92.tif	UCM_80/train/baseballdiamond/baseballdiamond92.tif
train	baseballdiamond	2	baseballdiamond93.tif	baseballdiamond/baseballdiamond93.tif	UCM_80/train/baseballdiamond/baseballdiamond93.tif
train	baseballdiamond	2	baseballdiamond94.tif	baseballdiamond/baseballdiamond94.tif	UCM_80/train/baseballdiamond/baseballdiamond94.tif
train	baseballdiamond	2	baseballdiamond96.tif	baseballdiamond/baseballdiamond96.tif	UCM_80/train/baseballdiamond/baseballdiamond96.tif
train	baseballdiamond	2	baseballdiamond97.tif	baseballdiamond/baseballdiamond97.tif	UCM_80/train/baseballdiamond/baseballdiamond97.tif
train	baseballdiamond	2	baseballdiamond98.tif	baseballdiamond/baseballdiamond98.tif	UCM_80/train/baseballdiamond/baseballdiamond98.tif
train	beach	3	beach00.tif	beach/beach00.tif	UCM_80/train/beach/beach00.tif
train	beach	3	beach01.tif	beach/beach01.tif	UCM_80/train/beach/beach01.tif
train	beach	3	beach04.tif	beach/beach04.tif	UCM_80/train/beach/beach04.tif
train	beach	3	beach06.tif	beach/beach06.tif	UCM_80/train/beach/beach06.tif
train	beach	3	beach07.tif	beach/beach07.tif	UCM_80/train/beach/beach07.tif
train	beach	3	beach08.tif	beach/beach08.tif	UCM_80/train/beach/beach08.tif
train	beach	3	beach09.tif	beach/beach09.tif	UCM_80/train/beach/beach09.tif
train	beach	3	beach11.tif	beach/beach11.tif	UCM_80/train/beach/beach11.tif
train	beach	3	beach12.tif	beach/beach12.tif	UCM_80/train/beach/beach12.tif
train	beach	3	beach13.tif	beach/beach13.tif	UCM_80/train/beach/beach13.tif
train	beach	3	beach14.tif	beach/beach14.tif	UCM_80/train/beach/beach14.tif
train	beach	3	beach16.tif	beach/beach16.tif	UCM_80/train/beach/beach16.tif
train	beach	3	beach18.tif	beach/beach18.tif	UCM_80/train/beach/beach18.tif
train	beach	3	beach20.tif	beach/beach20.tif	UCM_80/train/beach/beach20.tif
train	beach	3	beach21.tif	beach/beach21.tif	UCM_80/train/beach/beach21.tif
train	beach	3	beach22.tif	beach/beach22.tif	UCM_80/train/beach/beach22.tif
train	beach	3	beach23.tif	beach/beach23.tif	UCM_80/train/beach/beach23.tif
train	beach	3	beach25.tif	beach/beach25.tif	UCM_80/train/beach/beach25.tif
train	beach	3	beach26.tif	beach/beach26.tif	UCM_80/train/beach/beach26.tif
train	beach	3	beach27.tif	beach/beach27.tif	UCM_80/train/beach/beach27.tif
train	beach	3	beach29.tif	beach/beach29.tif	UCM_80/train/beach/beach29.tif
train	beach	3	beach30.tif	beach/beach30.tif	UCM_80/train/beach/beach30.tif
train	beach	3	beach31.tif	beach/beach31.tif	UCM_80/train/beach/beach31.tif
train	beach	3	beach32.tif	beach/beach32.tif	UCM_80/train/beach/beach32.tif
train	beach	3	beach33.tif	beach/beach33.tif	UCM_80/train/beach/beach33.tif
train	beach	3	beach34.tif	beach/beach34.tif	UCM_80/train/beach/beach34.tif
train	beach	3	beach35.tif	beach/beach35.tif	UCM_80/train/beach/beach35.tif
train	beach	3	beach36.tif	beach/beach36.tif	UCM_80/train/beach/beach36.tif
train	beach	3	beach37.tif	beach/beach37.tif	UCM_80/train/beach/beach37.tif
train	beach	3	beach38.tif	beach/beach38.tif	UCM_80/train/beach/beach38.tif
train	beach	3	beach39.tif	beach/beach39.tif	UCM_80/train/beach/beach39.tif
train	beach	3	beach40.tif	beach/beach40.tif	UCM_80/train/beach/beach40.tif
train	beach	3	beach42.tif	beach/beach42.tif	UCM_80/train/beach/beach42.tif
train	beach	3	beach43.tif	beach/beach43.tif	UCM_80/train/beach/beach43.tif
train	beach	3	beach44.tif	beach/beach44.tif	UCM_80/train/beach/beach44.tif
train	beach	3	beach45.tif	beach/beach45.tif	UCM_80/train/beach/beach45.tif
train	beach	3	beach46.tif	beach/beach46.tif	UCM_80/train/beach/beach46.tif
train	beach	3	beach47.tif	beach/beach47.tif	UCM_80/train/beach/beach47.tif
train	beach	3	beach48.tif	beach/beach48.tif	UCM_80/train/beach/beach48.tif
train	beach	3	beach50.tif	beach/beach50.tif	UCM_80/train/beach/beach50.tif
train	beach	3	beach51.tif	beach/beach51.tif	UCM_80/train/beach/beach51.tif
train	beach	3	beach52.tif	beach/beach52.tif	UCM_80/train/beach/beach52.tif
train	beach	3	beach53.tif	beach/beach53.tif	UCM_80/train/beach/beach53.tif
train	beach	3	beach54.tif	beach/beach54.tif	UCM_80/train/beach/beach54.tif
train	beach	3	beach55.tif	beach/beach55.tif	UCM_80/train/beach/beach55.tif
train	beach	3	beach56.tif	beach/beach56.tif	UCM_80/train/beach/beach56.tif
train	beach	3	beach57.tif	beach/beach57.tif	UCM_80/train/beach/beach57.tif
train	beach	3	beach60.tif	beach/beach60.tif	UCM_80/train/beach/beach60.tif
train	beach	3	beach61.tif	beach/beach61.tif	UCM_80/train/beach/beach61.tif
train	beach	3	beach62.tif	beach/beach62.tif	UCM_80/train/beach/beach62.tif
train	beach	3	beach63.tif	beach/beach63.tif	UCM_80/train/beach/beach63.tif
train	beach	3	beach64.tif	beach/beach64.tif	UCM_80/train/beach/beach64.tif
train	beach	3	beach65.tif	beach/beach65.tif	UCM_80/train/beach/beach65.tif
train	beach	3	beach66.tif	beach/beach66.tif	UCM_80/train/beach/beach66.tif
train	beach	3	beach67.tif	beach/beach67.tif	UCM_80/train/beach/beach67.tif
train	beach	3	beach68.tif	beach/beach68.tif	UCM_80/train/beach/beach68.tif
train	beach	3	beach69.tif	beach/beach69.tif	UCM_80/train/beach/beach69.tif
train	beach	3	beach70.tif	beach/beach70.tif	UCM_80/train/beach/beach70.tif
train	beach	3	beach71.tif	beach/beach71.tif	UCM_80/train/beach/beach71.tif
train	beach	3	beach73.tif	beach/beach73.tif	UCM_80/train/beach/beach73.tif
train	beach	3	beach74.tif	beach/beach74.tif	UCM_80/train/beach/beach74.tif
train	beach	3	beach76.tif	beach/beach76.tif	UCM_80/train/beach/beach76.tif
train	beach	3	beach77.tif	beach/beach77.tif	UCM_80/train/beach/beach77.tif
train	beach	3	beach78.tif	beach/beach78.tif	UCM_80/train/beach/beach78.tif
train	beach	3	beach79.tif	beach/beach79.tif	UCM_80/train/beach/beach79.tif
train	beach	3	beach80.tif	beach/beach80.tif	UCM_80/train/beach/beach80.tif
train	beach	3	beach81.tif	beach/beach81.tif	UCM_80/train/beach/beach81.tif
train	beach	3	beach82.tif	beach/beach82.tif	UCM_80/train/beach/beach82.tif
train	beach	3	beach83.tif	beach/beach83.tif	UCM_80/train/beach/beach83.tif
train	beach	3	beach84.tif	beach/beach84.tif	UCM_80/train/beach/beach84.tif
train	beach	3	beach85.tif	beach/beach85.tif	UCM_80/train/beach/beach85.tif
train	beach	3	beach86.tif	beach/beach86.tif	UCM_80/train/beach/beach86.tif
train	beach	3	beach87.tif	beach/beach87.tif	UCM_80/train/beach/beach87.tif
train	beach	3	beach89.tif	beach/beach89.tif	UCM_80/train/beach/beach89.tif
train	beach	3	beach91.tif	beach/beach91.tif	UCM_80/train/beach/beach91.tif
train	beach	3	beach92.tif	beach/beach92.tif	UCM_80/train/beach/beach92.tif
train	beach	3	beach93.tif	beach/beach93.tif	UCM_80/train/beach/beach93.tif
train	beach	3	beach94.tif	beach/beach94.tif	UCM_80/train/beach/beach94.tif
train	beach	3	beach98.tif	beach/beach98.tif	UCM_80/train/beach/beach98.tif
train	beach	3	beach99.tif	beach/beach99.tif	UCM_80/train/beach/beach99.tif
train	buildings	4	buildings00.tif	buildings/buildings00.tif	UCM_80/train/buildings/buildings00.tif
train	buildings	4	buildings01.tif	buildings/buildings01.tif	UCM_80/train/buildings/buildings01.tif
train	buildings	4	buildings02.tif	buildings/buildings02.tif	UCM_80/train/buildings/buildings02.tif
train	buildings	4	buildings03.tif	buildings/buildings03.tif	UCM_80/train/buildings/buildings03.tif
train	buildings	4	buildings04.tif	buildings/buildings04.tif	UCM_80/train/buildings/buildings04.tif
train	buildings	4	buildings05.tif	buildings/buildings05.tif	UCM_80/train/buildings/buildings05.tif
train	buildings	4	buildings07.tif	buildings/buildings07.tif	UCM_80/train/buildings/buildings07.tif
train	buildings	4	buildings08.tif	buildings/buildings08.tif	UCM_80/train/buildings/buildings08.tif
train	buildings	4	buildings09.tif	buildings/buildings09.tif	UCM_80/train/buildings/buildings09.tif
train	buildings	4	buildings10.tif	buildings/buildings10.tif	UCM_80/train/buildings/buildings10.tif
train	buildings	4	buildings11.tif	buildings/buildings11.tif	UCM_80/train/buildings/buildings11.tif
train	buildings	4	buildings12.tif	buildings/buildings12.tif	UCM_80/train/buildings/buildings12.tif
train	buildings	4	buildings14.tif	buildings/buildings14.tif	UCM_80/train/buildings/buildings14.tif
train	buildings	4	buildings15.tif	buildings/buildings15.tif	UCM_80/train/buildings/buildings15.tif
train	buildings	4	buildings16.tif	buildings/buildings16.tif	UCM_80/train/buildings/buildings16.tif
train	buildings	4	buildings17.tif	buildings/buildings17.tif	UCM_80/train/buildings/buildings17.tif
train	buildings	4	buildings18.tif	buildings/buildings18.tif	UCM_80/train/buildings/buildings18.tif
train	buildings	4	buildings19.tif	buildings/buildings19.tif	UCM_80/train/buildings/buildings19.tif
train	buildings	4	buildings20.tif	buildings/buildings20.tif	UCM_80/train/buildings/buildings20.tif
train	buildings	4	buildings21.tif	buildings/buildings21.tif	UCM_80/train/buildings/buildings21.tif
train	buildings	4	buildings22.tif	buildings/buildings22.tif	UCM_80/train/buildings/buildings22.tif
train	buildings	4	buildings23.tif	buildings/buildings23.tif	UCM_80/train/buildings/buildings23.tif
train	buildings	4	buildings24.tif	buildings/buildings24.tif	UCM_80/train/buildings/buildings24.tif
train	buildings	4	buildings25.tif	buildings/buildings25.tif	UCM_80/train/buildings/buildings25.tif
train	buildings	4	buildings26.tif	buildings/buildings26.tif	UCM_80/train/buildings/buildings26.tif
train	buildings	4	buildings27.tif	buildings/buildings27.tif	UCM_80/train/buildings/buildings27.tif
train	buildings	4	buildings29.tif	buildings/buildings29.tif	UCM_80/train/buildings/buildings29.tif
train	buildings	4	buildings30.tif	buildings/buildings30.tif	UCM_80/train/buildings/buildings30.tif
train	buildings	4	buildings31.tif	buildings/buildings31.tif	UCM_80/train/buildings/buildings31.tif
train	buildings	4	buildings32.tif	buildings/buildings32.tif	UCM_80/train/buildings/buildings32.tif
train	buildings	4	buildings33.tif	buildings/buildings33.tif	UCM_80/train/buildings/buildings33.tif
train	buildings	4	buildings37.tif	buildings/buildings37.tif	UCM_80/train/buildings/buildings37.tif
train	buildings	4	buildings38.tif	buildings/buildings38.tif	UCM_80/train/buildings/buildings38.tif
train	buildings	4	buildings39.tif	buildings/buildings39.tif	UCM_80/train/buildings/buildings39.tif
train	buildings	4	buildings40.tif	buildings/buildings40.tif	UCM_80/train/buildings/buildings40.tif
train	buildings	4	buildings41.tif	buildings/buildings41.tif	UCM_80/train/buildings/buildings41.tif
train	buildings	4	buildings43.tif	buildings/buildings43.tif	UCM_80/train/buildings/buildings43.tif
train	buildings	4	buildings44.tif	buildings/buildings44.tif	UCM_80/train/buildings/buildings44.tif
train	buildings	4	buildings45.tif	buildings/buildings45.tif	UCM_80/train/buildings/buildings45.tif
train	buildings	4	buildings46.tif	buildings/buildings46.tif	UCM_80/train/buildings/buildings46.tif
train	buildings	4	buildings47.tif	buildings/buildings47.tif	UCM_80/train/buildings/buildings47.tif
train	buildings	4	buildings48.tif	buildings/buildings48.tif	UCM_80/train/buildings/buildings48.tif
train	buildings	4	buildings49.tif	buildings/buildings49.tif	UCM_80/train/buildings/buildings49.tif
train	buildings	4	buildings50.tif	buildings/buildings50.tif	UCM_80/train/buildings/buildings50.tif
train	buildings	4	buildings51.tif	buildings/buildings51.tif	UCM_80/train/buildings/buildings51.tif
train	buildings	4	buildings52.tif	buildings/buildings52.tif	UCM_80/train/buildings/buildings52.tif
train	buildings	4	buildings53.tif	buildings/buildings53.tif	UCM_80/train/buildings/buildings53.tif
train	buildings	4	buildings54.tif	buildings/buildings54.tif	UCM_80/train/buildings/buildings54.tif
train	buildings	4	buildings55.tif	buildings/buildings55.tif	UCM_80/train/buildings/buildings55.tif
train	buildings	4	buildings56.tif	buildings/buildings56.tif	UCM_80/train/buildings/buildings56.tif
train	buildings	4	buildings57.tif	buildings/buildings57.tif	UCM_80/train/buildings/buildings57.tif
train	buildings	4	buildings59.tif	buildings/buildings59.tif	UCM_80/train/buildings/buildings59.tif
train	buildings	4	buildings60.tif	buildings/buildings60.tif	UCM_80/train/buildings/buildings60.tif
train	buildings	4	buildings62.tif	buildings/buildings62.tif	UCM_80/train/buildings/buildings62.tif
train	buildings	4	buildings63.tif	buildings/buildings63.tif	UCM_80/train/buildings/buildings63.tif
train	buildings	4	buildings64.tif	buildings/buildings64.tif	UCM_80/train/buildings/buildings64.tif
train	buildings	4	buildings65.tif	buildings/buildings65.tif	UCM_80/train/buildings/buildings65.tif
train	buildings	4	buildings66.tif	buildings/buildings66.tif	UCM_80/train/buildings/buildings66.tif
train	buildings	4	buildings68.tif	buildings/buildings68.tif	UCM_80/train/buildings/buildings68.tif
train	buildings	4	buildings70.tif	buildings/buildings70.tif	UCM_80/train/buildings/buildings70.tif
train	buildings	4	buildings72.tif	buildings/buildings72.tif	UCM_80/train/buildings/buildings72.tif
train	buildings	4	buildings73.tif	buildings/buildings73.tif	UCM_80/train/buildings/buildings73.tif
train	buildings	4	buildings74.tif	buildings/buildings74.tif	UCM_80/train/buildings/buildings74.tif
train	buildings	4	buildings75.tif	buildings/buildings75.tif	UCM_80/train/buildings/buildings75.tif
train	buildings	4	buildings76.tif	buildings/buildings76.tif	UCM_80/train/buildings/buildings76.tif
train	buildings	4	buildings77.tif	buildings/buildings77.tif	UCM_80/train/buildings/buildings77.tif
train	buildings	4	buildings78.tif	buildings/buildings78.tif	UCM_80/train/buildings/buildings78.tif
train	buildings	4	buildings80.tif	buildings/buildings80.tif	UCM_80/train/buildings/buildings80.tif
train	buildings	4	buildings82.tif	buildings/buildings82.tif	UCM_80/train/buildings/buildings82.tif
train	buildings	4	buildings83.tif	buildings/buildings83.tif	UCM_80/train/buildings/buildings83.tif
train	buildings	4	buildings84.tif	buildings/buildings84.tif	UCM_80/train/buildings/buildings84.tif
train	buildings	4	buildings86.tif	buildings/buildings86.tif	UCM_80/train/buildings/buildings86.tif
train	buildings	4	buildings89.tif	buildings/buildings89.tif	UCM_80/train/buildings/buildings89.tif
train	buildings	4	buildings90.tif	buildings/buildings90.tif	UCM_80/train/buildings/buildings90.tif
train	buildings	4	buildings92.tif	buildings/buildings92.tif	UCM_80/train/buildings/buildings92.tif
train	buildings	4	buildings94.tif	buildings/buildings94.tif	UCM_80/train/buildings/buildings94.tif
train	buildings	4	buildings95.tif	buildings/buildings95.tif	UCM_80/train/buildings/buildings95.tif
train	buildings	4	buildings97.tif	buildings/buildings97.tif	UCM_80/train/buildings/buildings97.tif
train	buildings	4	buildings98.tif	buildings/buildings98.tif	UCM_80/train/buildings/buildings98.tif
train	buildings	4	buildings99.tif	buildings/buildings99.tif	UCM_80/train/buildings/buildings99.tif
train	chaparral	5	chaparral00.tif	chaparral/chaparral00.tif	UCM_80/train/chaparral/chaparral00.tif
train	chaparral	5	chaparral01.tif	chaparral/chaparral01.tif	UCM_80/train/chaparral/chaparral01.tif
train	chaparral	5	chaparral02.tif	chaparral/chaparral02.tif	UCM_80/train/chaparral/chaparral02.tif
train	chaparral	5	chaparral03.tif	chaparral/chaparral03.tif	UCM_80/train/chaparral/chaparral03.tif
train	chaparral	5	chaparral04.tif	chaparral/chaparral04.tif	UCM_80/train/chaparral/chaparral04.tif
train	chaparral	5	chaparral05.tif	chaparral/chaparral05.tif	UCM_80/train/chaparral/chaparral05.tif
train	chaparral	5	chaparral06.tif	chaparral/chaparral06.tif	UCM_80/train/chaparral/chaparral06.tif
train	chaparral	5	chaparral08.tif	chaparral/chaparral08.tif	UCM_80/train/chaparral/chaparral08.tif
train	chaparral	5	chaparral12.tif	chaparral/chaparral12.tif	UCM_80/train/chaparral/chaparral12.tif
train	chaparral	5	chaparral15.tif	chaparral/chaparral15.tif	UCM_80/train/chaparral/chaparral15.tif
train	chaparral	5	chaparral16.tif	chaparral/chaparral16.tif	UCM_80/train/chaparral/chaparral16.tif
train	chaparral	5	chaparral17.tif	chaparral/chaparral17.tif	UCM_80/train/chaparral/chaparral17.tif
train	chaparral	5	chaparral18.tif	chaparral/chaparral18.tif	UCM_80/train/chaparral/chaparral18.tif
train	chaparral	5	chaparral19.tif	chaparral/chaparral19.tif	UCM_80/train/chaparral/chaparral19.tif
train	chaparral	5	chaparral20.tif	chaparral/chaparral20.tif	UCM_80/train/chaparral/chaparral20.tif
train	chaparral	5	chaparral21.tif	chaparral/chaparral21.tif	UCM_80/train/chaparral/chaparral21.tif
train	chaparral	5	chaparral22.tif	chaparral/chaparral22.tif	UCM_80/train/chaparral/chaparral22.tif
train	chaparral	5	chaparral23.tif	chaparral/chaparral23.tif	UCM_80/train/chaparral/chaparral23.tif
train	chaparral	5	chaparral24.tif	chaparral/chaparral24.tif	UCM_80/train/chaparral/chaparral24.tif
train	chaparral	5	chaparral27.tif	chaparral/chaparral27.tif	UCM_80/train/chaparral/chaparral27.tif
train	chaparral	5	chaparral28.tif	chaparral/chaparral28.tif	UCM_80/train/chaparral/chaparral28.tif
train	chaparral	5	chaparral29.tif	chaparral/chaparral29.tif	UCM_80/train/chaparral/chaparral29.tif
train	chaparral	5	chaparral30.tif	chaparral/chaparral30.tif	UCM_80/train/chaparral/chaparral30.tif
train	chaparral	5	chaparral31.tif	chaparral/chaparral31.tif	UCM_80/train/chaparral/chaparral31.tif
train	chaparral	5	chaparral32.tif	chaparral/chaparral32.tif	UCM_80/train/chaparral/chaparral32.tif
train	chaparral	5	chaparral33.tif	chaparral/chaparral33.tif	UCM_80/train/chaparral/chaparral33.tif
train	chaparral	5	chaparral34.tif	chaparral/chaparral34.tif	UCM_80/train/chaparral/chaparral34.tif
train	chaparral	5	chaparral35.tif	chaparral/chaparral35.tif	UCM_80/train/chaparral/chaparral35.tif
train	chaparral	5	chaparral36.tif	chaparral/chaparral36.tif	UCM_80/train/chaparral/chaparral36.tif
train	chaparral	5	chaparral37.tif	chaparral/chaparral37.tif	UCM_80/train/chaparral/chaparral37.tif
train	chaparral	5	chaparral38.tif	chaparral/chaparral38.tif	UCM_80/train/chaparral/chaparral38.tif
train	chaparral	5	chaparral39.tif	chaparral/chaparral39.tif	UCM_80/train/chaparral/chaparral39.tif
train	chaparral	5	chaparral40.tif	chaparral/chaparral40.tif	UCM_80/train/chaparral/chaparral40.tif
train	chaparral	5	chaparral41.tif	chaparral/chaparral41.tif	UCM_80/train/chaparral/chaparral41.tif
train	chaparral	5	chaparral43.tif	chaparral/chaparral43.tif	UCM_80/train/chaparral/chaparral43.tif
train	chaparral	5	chaparral45.tif	chaparral/chaparral45.tif	UCM_80/train/chaparral/chaparral45.tif
train	chaparral	5	chaparral48.tif	chaparral/chaparral48.tif	UCM_80/train/chaparral/chaparral48.tif
train	chaparral	5	chaparral49.tif	chaparral/chaparral49.tif	UCM_80/train/chaparral/chaparral49.tif
train	chaparral	5	chaparral50.tif	chaparral/chaparral50.tif	UCM_80/train/chaparral/chaparral50.tif
train	chaparral	5	chaparral51.tif	chaparral/chaparral51.tif	UCM_80/train/chaparral/chaparral51.tif
train	chaparral	5	chaparral52.tif	chaparral/chaparral52.tif	UCM_80/train/chaparral/chaparral52.tif
train	chaparral	5	chaparral53.tif	chaparral/chaparral53.tif	UCM_80/train/chaparral/chaparral53.tif
train	chaparral	5	chaparral54.tif	chaparral/chaparral54.tif	UCM_80/train/chaparral/chaparral54.tif
train	chaparral	5	chaparral56.tif	chaparral/chaparral56.tif	UCM_80/train/chaparral/chaparral56.tif
train	chaparral	5	chaparral57.tif	chaparral/chaparral57.tif	UCM_80/train/chaparral/chaparral57.tif
train	chaparral	5	chaparral58.tif	chaparral/chaparral58.tif	UCM_80/train/chaparral/chaparral58.tif
train	chaparral	5	chaparral59.tif	chaparral/chaparral59.tif	UCM_80/train/chaparral/chaparral59.tif
train	chaparral	5	chaparral60.tif	chaparral/chaparral60.tif	UCM_80/train/chaparral/chaparral60.tif
train	chaparral	5	chaparral61.tif	chaparral/chaparral61.tif	UCM_80/train/chaparral/chaparral61.tif
train	chaparral	5	chaparral62.tif	chaparral/chaparral62.tif	UCM_80/train/chaparral/chaparral62.tif
train	chaparral	5	chaparral63.tif	chaparral/chaparral63.tif	UCM_80/train/chaparral/chaparral63.tif
train	chaparral	5	chaparral64.tif	chaparral/chaparral64.tif	UCM_80/train/chaparral/chaparral64.tif
train	chaparral	5	chaparral65.tif	chaparral/chaparral65.tif	UCM_80/train/chaparral/chaparral65.tif
train	chaparral	5	chaparral66.tif	chaparral/chaparral66.tif	UCM_80/train/chaparral/chaparral66.tif
train	chaparral	5	chaparral67.tif	chaparral/chaparral67.tif	UCM_80/train/chaparral/chaparral67.tif
train	chaparral	5	chaparral69.tif	chaparral/chaparral69.tif	UCM_80/train/chaparral/chaparral69.tif
train	chaparral	5	chaparral70.tif	chaparral/chaparral70.tif	UCM_80/train/chaparral/chaparral70.tif
train	chaparral	5	chaparral71.tif	chaparral/chaparral71.tif	UCM_80/train/chaparral/chaparral71.tif
train	chaparral	5	chaparral72.tif	chaparral/chaparral72.tif	UCM_80/train/chaparral/chaparral72.tif
train	chaparral	5	chaparral73.tif	chaparral/chaparral73.tif	UCM_80/train/chaparral/chaparral73.tif
train	chaparral	5	chaparral74.tif	chaparral/chaparral74.tif	UCM_80/train/chaparral/chaparral74.tif
train	chaparral	5	chaparral75.tif	chaparral/chaparral75.tif	UCM_80/train/chaparral/chaparral75.tif
train	chaparral	5	chaparral76.tif	chaparral/chaparral76.tif	UCM_80/train/chaparral/chaparral76.tif
train	chaparral	5	chaparral77.tif	chaparral/chaparral77.tif	UCM_80/train/chaparral/chaparral77.tif
train	chaparral	5	chaparral78.tif	chaparral/chaparral78.tif	UCM_80/train/chaparral/chaparral78.tif
train	chaparral	5	chaparral79.tif	chaparral/chaparral79.tif	UCM_80/train/chaparral/chaparral79.tif
train	chaparral	5	chaparral81.tif	chaparral/chaparral81.tif	UCM_80/train/chaparral/chaparral81.tif
train	chaparral	5	chaparral82.tif	chaparral/chaparral82.tif	UCM_80/train/chaparral/chaparral82.tif
train	chaparral	5	chaparral83.tif	chaparral/chaparral83.tif	UCM_80/train/chaparral/chaparral83.tif
train	chaparral	5	chaparral85.tif	chaparral/chaparral85.tif	UCM_80/train/chaparral/chaparral85.tif
train	chaparral	5	chaparral87.tif	chaparral/chaparral87.tif	UCM_80/train/chaparral/chaparral87.tif
train	chaparral	5	chaparral88.tif	chaparral/chaparral88.tif	UCM_80/train/chaparral/chaparral88.tif
train	chaparral	5	chaparral89.tif	chaparral/chaparral89.tif	UCM_80/train/chaparral/chaparral89.tif
train	chaparral	5	chaparral90.tif	chaparral/chaparral90.tif	UCM_80/train/chaparral/chaparral90.tif
train	chaparral	5	chaparral93.tif	chaparral/chaparral93.tif	UCM_80/train/chaparral/chaparral93.tif
train	chaparral	5	chaparral94.tif	chaparral/chaparral94.tif	UCM_80/train/chaparral/chaparral94.tif
train	chaparral	5	chaparral96.tif	chaparral/chaparral96.tif	UCM_80/train/chaparral/chaparral96.tif
train	chaparral	5	chaparral97.tif	chaparral/chaparral97.tif	UCM_80/train/chaparral/chaparral97.tif
train	chaparral	5	chaparral98.tif	chaparral/chaparral98.tif	UCM_80/train/chaparral/chaparral98.tif
train	chaparral	5	chaparral99.tif	chaparral/chaparral99.tif	UCM_80/train/chaparral/chaparral99.tif
train	denseresidential	6	denseresidential00.tif	denseresidential/denseresidential00.tif	UCM_80/train/denseresidential/denseresidential00.tif
train	denseresidential	6	denseresidential01.tif	denseresidential/denseresidential01.tif	UCM_80/train/denseresidential/denseresidential01.tif
train	denseresidential	6	denseresidential02.tif	denseresidential/denseresidential02.tif	UCM_80/train/denseresidential/denseresidential02.tif
train	denseresidential	6	denseresidential03.tif	denseresidential/denseresidential03.tif	UCM_80/train/denseresidential/denseresidential03.tif
train	denseresidential	6	denseresidential05.tif	denseresidential/denseresidential05.tif	UCM_80/train/denseresidential/denseresidential05.tif
train	denseresidential	6	denseresidential06.tif	denseresidential/denseresidential06.tif	UCM_80/train/denseresidential/denseresidential06.tif
train	denseresidential	6	denseresidential07.tif	denseresidential/denseresidential07.tif	UCM_80/train/denseresidential/denseresidential07.tif
train	denseresidential	6	denseresidential08.tif	denseresidential/denseresidential08.tif	UCM_80/train/denseresidential/denseresidential08.tif
train	denseresidential	6	denseresidential10.tif	denseresidential/denseresidential10.tif	UCM_80/train/denseresidential/denseresidential10.tif
train	denseresidential	6	denseresidential12.tif	denseresidential/denseresidential12.tif	UCM_80/train/denseresidential/denseresidential12.tif
train	denseresidential	6	denseresidential14.tif	denseresidential/denseresidential14.tif	UCM_80/train/denseresidential/denseresidential14.tif
train	denseresidential	6	denseresidential15.tif	denseresidential/denseresidential15.tif	UCM_80/train/denseresidential/denseresidential15.tif
train	denseresidential	6	denseresidential17.tif	denseresidential/denseresidential17.tif	UCM_80/train/denseresidential/denseresidential17.tif
train	denseresidential	6	denseresidential18.tif	denseresidential/denseresidential18.tif	UCM_80/train/denseresidential/denseresidential18.tif
train	denseresidential	6	denseresidential19.tif	denseresidential/denseresidential19.tif	UCM_80/train/denseresidential/denseresidential19.tif
train	denseresidential	6	denseresidential20.tif	denseresidential/denseresidential20.tif	UCM_80/train/denseresidential/denseresidential20.tif
train	denseresidential	6	denseresidential21.tif	denseresidential/denseresidential21.tif	UCM_80/train/denseresidential/denseresidential21.tif
train	denseresidential	6	denseresidential22.tif	denseresidential/denseresidential22.tif	UCM_80/train/denseresidential/denseresidential22.tif
train	denseresidential	6	denseresidential23.tif	denseresidential/denseresidential23.tif	UCM_80/train/denseresidential/denseresidential23.tif
train	denseresidential	6	denseresidential24.tif	denseresidential/denseresidential24.tif	UCM_80/train/denseresidential/denseresidential24.tif
train	denseresidential	6	denseresidential25.tif	denseresidential/denseresidential25.tif	UCM_80/train/denseresidential/denseresidential25.tif
train	denseresidential	6	denseresidential26.tif	denseresidential/denseresidential26.tif	UCM_80/train/denseresidential/denseresidential26.tif
train	denseresidential	6	denseresidential27.tif	denseresidential/denseresidential27.tif	UCM_80/train/denseresidential/denseresidential27.tif
train	denseresidential	6	denseresidential28.tif	denseresidential/denseresidential28.tif	UCM_80/train/denseresidential/denseresidential28.tif
train	denseresidential	6	denseresidential29.tif	denseresidential/denseresidential29.tif	UCM_80/train/denseresidential/denseresidential29.tif
train	denseresidential	6	denseresidential31.tif	denseresidential/denseresidential31.tif	UCM_80/train/denseresidential/denseresidential31.tif
train	denseresidential	6	denseresidential32.tif	denseresidential/denseresidential32.tif	UCM_80/train/denseresidential/denseresidential32.tif
train	denseresidential	6	denseresidential34.tif	denseresidential/denseresidential34.tif	UCM_80/train/denseresidential/denseresidential34.tif
train	denseresidential	6	denseresidential35.tif	denseresidential/denseresidential35.tif	UCM_80/train/denseresidential/denseresidential35.tif
train	denseresidential	6	denseresidential36.tif	denseresidential/denseresidential36.tif	UCM_80/train/denseresidential/denseresidential36.tif
train	denseresidential	6	denseresidential38.tif	denseresidential/denseresidential38.tif	UCM_80/train/denseresidential/denseresidential38.tif
train	denseresidential	6	denseresidential41.tif	denseresidential/denseresidential41.tif	UCM_80/train/denseresidential/denseresidential41.tif
train	denseresidential	6	denseresidential43.tif	denseresidential/denseresidential43.tif	UCM_80/train/denseresidential/denseresidential43.tif
train	denseresidential	6	denseresidential44.tif	denseresidential/denseresidential44.tif	UCM_80/train/denseresidential/denseresidential44.tif
train	denseresidential	6	denseresidential45.tif	denseresidential/denseresidential45.tif	UCM_80/train/denseresidential/denseresidential45.tif
train	denseresidential	6	denseresidential46.tif	denseresidential/denseresidential46.tif	UCM_80/train/denseresidential/denseresidential46.tif
train	denseresidential	6	denseresidential48.tif	denseresidential/denseresidential48.tif	UCM_80/train/denseresidential/denseresidential48.tif
train	denseresidential	6	denseresidential49.tif	denseresidential/denseresidential49.tif	UCM_80/train/denseresidential/denseresidential49.tif
train	denseresidential	6	denseresidential50.tif	denseresidential/denseresidential50.tif	UCM_80/train/denseresidential/denseresidential50.tif
train	denseresidential	6	denseresidential51.tif	denseresidential/denseresidential51.tif	UCM_80/train/denseresidential/denseresidential51.tif
train	denseresidential	6	denseresidential52.tif	denseresidential/denseresidential52.tif	UCM_80/train/denseresidential/denseresidential52.tif
train	denseresidential	6	denseresidential53.tif	denseresidential/denseresidential53.tif	UCM_80/train/denseresidential/denseresidential53.tif
train	denseresidential	6	denseresidential54.tif	denseresidential/denseresidential54.tif	UCM_80/train/denseresidential/denseresidential54.tif
train	denseresidential	6	denseresidential56.tif	denseresidential/denseresidential56.tif	UCM_80/train/denseresidential/denseresidential56.tif
train	denseresidential	6	denseresidential57.tif	denseresidential/denseresidential57.tif	UCM_80/train/denseresidential/denseresidential57.tif
train	denseresidential	6	denseresidential58.tif	denseresidential/denseresidential58.tif	UCM_80/train/denseresidential/denseresidential58.tif
train	denseresidential	6	denseresidential59.tif	denseresidential/denseresidential59.tif	UCM_80/train/denseresidential/denseresidential59.tif
train	denseresidential	6	denseresidential60.tif	denseresidential/denseresidential60.tif	UCM_80/train/denseresidential/denseresidential60.tif
train	denseresidential	6	denseresidential61.tif	denseresidential/denseresidential61.tif	UCM_80/train/denseresidential/denseresidential61.tif
train	denseresidential	6	denseresidential62.tif	denseresidential/denseresidential62.tif	UCM_80/train/denseresidential/denseresidential62.tif
train	denseresidential	6	denseresidential63.tif	denseresidential/denseresidential63.tif	UCM_80/train/denseresidential/denseresidential63.tif
train	denseresidential	6	denseresidential66.tif	denseresidential/denseresidential66.tif	UCM_80/train/denseresidential/denseresidential66.tif
train	denseresidential	6	denseresidential67.tif	denseresidential/denseresidential67.tif	UCM_80/train/denseresidential/denseresidential67.tif
train	denseresidential	6	denseresidential68.tif	denseresidential/denseresidential68.tif	UCM_80/train/denseresidential/denseresidential68.tif
train	denseresidential	6	denseresidential69.tif	denseresidential/denseresidential69.tif	UCM_80/train/denseresidential/denseresidential69.tif
train	denseresidential	6	denseresidential70.tif	denseresidential/denseresidential70.tif	UCM_80/train/denseresidential/denseresidential70.tif
train	denseresidential	6	denseresidential71.tif	denseresidential/denseresidential71.tif	UCM_80/train/denseresidential/denseresidential71.tif
train	denseresidential	6	denseresidential72.tif	denseresidential/denseresidential72.tif	UCM_80/train/denseresidential/denseresidential72.tif
train	denseresidential	6	denseresidential73.tif	denseresidential/denseresidential73.tif	UCM_80/train/denseresidential/denseresidential73.tif
train	denseresidential	6	denseresidential75.tif	denseresidential/denseresidential75.tif	UCM_80/train/denseresidential/denseresidential75.tif
train	denseresidential	6	denseresidential77.tif	denseresidential/denseresidential77.tif	UCM_80/train/denseresidential/denseresidential77.tif
train	denseresidential	6	denseresidential78.tif	denseresidential/denseresidential78.tif	UCM_80/train/denseresidential/denseresidential78.tif
train	denseresidential	6	denseresidential79.tif	denseresidential/denseresidential79.tif	UCM_80/train/denseresidential/denseresidential79.tif
train	denseresidential	6	denseresidential80.tif	denseresidential/denseresidential80.tif	UCM_80/train/denseresidential/denseresidential80.tif
train	denseresidential	6	denseresidential81.tif	denseresidential/denseresidential81.tif	UCM_80/train/denseresidential/denseresidential81.tif
train	denseresidential	6	denseresidential82.tif	denseresidential/denseresidential82.tif	UCM_80/train/denseresidential/denseresidential82.tif
train	denseresidential	6	denseresidential83.tif	denseresidential/denseresidential83.tif	UCM_80/train/denseresidential/denseresidential83.tif
train	denseresidential	6	denseresidential85.tif	denseresidential/denseresidential85.tif	UCM_80/train/denseresidential/denseresidential85.tif
train	denseresidential	6	denseresidential86.tif	denseresidential/denseresidential86.tif	UCM_80/train/denseresidential/denseresidential86.tif
train	denseresidential	6	denseresidential87.tif	denseresidential/denseresidential87.tif	UCM_80/train/denseresidential/denseresidential87.tif
train	denseresidential	6	denseresidential89.tif	denseresidential/denseresidential89.tif	UCM_80/train/denseresidential/denseresidential89.tif
train	denseresidential	6	denseresidential90.tif	denseresidential/denseresidential90.tif	UCM_80/train/denseresidential/denseresidential90.tif
train	denseresidential	6	denseresidential91.tif	denseresidential/denseresidential91.tif	UCM_80/train/denseresidential/denseresidential91.tif
train	denseresidential	6	denseresidential92.tif	denseresidential/denseresidential92.tif	UCM_80/train/denseresidential/denseresidential92.tif
train	denseresidential	6	denseresidential93.tif	denseresidential/denseresidential93.tif	UCM_80/train/denseresidential/denseresidential93.tif
train	denseresidential	6	denseresidential94.tif	denseresidential/denseresidential94.tif	UCM_80/train/denseresidential/denseresidential94.tif
train	denseresidential	6	denseresidential96.tif	denseresidential/denseresidential96.tif	UCM_80/train/denseresidential/denseresidential96.tif
train	denseresidential	6	denseresidential97.tif	denseresidential/denseresidential97.tif	UCM_80/train/denseresidential/denseresidential97.tif
train	denseresidential	6	denseresidential98.tif	denseresidential/denseresidential98.tif	UCM_80/train/denseresidential/denseresidential98.tif
train	denseresidential	6	denseresidential99.tif	denseresidential/denseresidential99.tif	UCM_80/train/denseresidential/denseresidential99.tif
train	forest	7	forest00.tif	forest/forest00.tif	UCM_80/train/forest/forest00.tif
train	forest	7	forest01.tif	forest/forest01.tif	UCM_80/train/forest/forest01.tif
train	forest	7	forest02.tif	forest/forest02.tif	UCM_80/train/forest/forest02.tif
train	forest	7	forest03.tif	forest/forest03.tif	UCM_80/train/forest/forest03.tif
train	forest	7	forest05.tif	forest/forest05.tif	UCM_80/train/forest/forest05.tif
train	forest	7	forest07.tif	forest/forest07.tif	UCM_80/train/forest/forest07.tif
train	forest	7	forest10.tif	forest/forest10.tif	UCM_80/train/forest/forest10.tif
train	forest	7	forest11.tif	forest/forest11.tif	UCM_80/train/forest/forest11.tif
train	forest	7	forest12.tif	forest/forest12.tif	UCM_80/train/forest/forest12.tif
train	forest	7	forest13.tif	forest/forest13.tif	UCM_80/train/forest/forest13.tif
train	forest	7	forest14.tif	forest/forest14.tif	UCM_80/train/forest/forest14.tif
train	forest	7	forest15.tif	forest/forest15.tif	UCM_80/train/forest/forest15.tif
train	forest	7	forest16.tif	forest/forest16.tif	UCM_80/train/forest/forest16.tif
train	forest	7	forest17.tif	forest/forest17.tif	UCM_80/train/forest/forest17.tif
train	forest	7	forest18.tif	forest/forest18.tif	UCM_80/train/forest/forest18.tif
train	forest	7	forest19.tif	forest/forest19.tif	UCM_80/train/forest/forest19.tif
train	forest	7	forest20.tif	forest/forest20.tif	UCM_80/train/forest/forest20.tif
train	forest	7	forest21.tif	forest/forest21.tif	UCM_80/train/forest/forest21.tif
train	forest	7	forest23.tif	forest/forest23.tif	UCM_80/train/forest/forest23.tif
train	forest	7	forest24.tif	forest/forest24.tif	UCM_80/train/forest/forest24.tif
train	forest	7	forest25.tif	forest/forest25.tif	UCM_80/train/forest/forest25.tif
train	forest	7	forest26.tif	forest/forest26.tif	UCM_80/train/forest/forest26.tif
train	forest	7	forest27.tif	forest/forest27.tif	UCM_80/train/forest/forest27.tif
train	forest	7	forest28.tif	forest/forest28.tif	UCM_80/train/forest/forest28.tif
train	forest	7	forest29.tif	forest/forest29.tif	UCM_80/train/forest/forest29.tif
train	forest	7	forest31.tif	forest/forest31.tif	UCM_80/train/forest/forest31.tif
train	forest	7	forest33.tif	forest/forest33.tif	UCM_80/train/forest/forest33.tif
train	forest	7	forest34.tif	forest/forest34.tif	UCM_80/train/forest/forest34.tif
train	forest	7	forest35.tif	forest/forest35.tif	UCM_80/train/forest/forest35.tif
train	forest	7	forest36.tif	forest/forest36.tif	UCM_80/train/forest/forest36.tif
train	forest	7	forest37.tif	forest/forest37.tif	UCM_80/train/forest/forest37.tif
train	forest	7	forest38.tif	forest/forest38.tif	UCM_80/train/forest/forest38.tif
train	forest	7	forest40.tif	forest/forest40.tif	UCM_80/train/forest/forest40.tif
train	forest	7	forest41.tif	forest/forest41.tif	UCM_80/train/forest/forest41.tif
train	forest	7	forest42.tif	forest/forest42.tif	UCM_80/train/forest/forest42.tif
train	forest	7	forest43.tif	forest/forest43.tif	UCM_80/train/forest/forest43.tif
train	forest	7	forest44.tif	forest/forest44.tif	UCM_80/train/forest/forest44.tif
train	forest	7	forest45.tif	forest/forest45.tif	UCM_80/train/forest/forest45.tif
train	forest	7	forest46.tif	forest/forest46.tif	UCM_80/train/forest/forest46.tif
train	forest	7	forest47.tif	forest/forest47.tif	UCM_80/train/forest/forest47.tif
train	forest	7	forest49.tif	forest/forest49.tif	UCM_80/train/forest/forest49.tif
train	forest	7	forest51.tif	forest/forest51.tif	UCM_80/train/forest/forest51.tif
train	forest	7	forest52.tif	forest/forest52.tif	UCM_80/train/forest/forest52.tif
train	forest	7	forest53.tif	forest/forest53.tif	UCM_80/train/forest/forest53.tif
train	forest	7	forest55.tif	forest/forest55.tif	UCM_80/train/forest/forest55.tif
train	forest	7	forest56.tif	forest/forest56.tif	UCM_80/train/forest/forest56.tif
train	forest	7	forest57.tif	forest/forest57.tif	UCM_80/train/forest/forest57.tif
train	forest	7	forest58.tif	forest/forest58.tif	UCM_80/train/forest/forest58.tif
train	forest	7	forest60.tif	forest/forest60.tif	UCM_80/train/forest/forest60.tif
train	forest	7	forest61.tif	forest/forest61.tif	UCM_80/train/forest/forest61.tif
train	forest	7	forest62.tif	forest/forest62.tif	UCM_80/train/forest/forest62.tif
train	forest	7	forest63.tif	forest/forest63.tif	UCM_80/train/forest/forest63.tif
train	forest	7	forest64.tif	forest/forest64.tif	UCM_80/train/forest/forest64.tif
train	forest	7	forest65.tif	forest/forest65.tif	UCM_80/train/forest/forest65.tif
train	forest	7	forest67.tif	forest/forest67.tif	UCM_80/train/forest/forest67.tif
train	forest	7	forest71.tif	forest/forest71.tif	UCM_80/train/forest/forest71.tif
train	forest	7	forest72.tif	forest/forest72.tif	UCM_80/train/forest/forest72.tif
train	forest	7	forest73.tif	forest/forest73.tif	UCM_80/train/forest/forest73.tif
train	forest	7	forest74.tif	forest/forest74.tif	UCM_80/train/forest/forest74.tif
train	forest	7	forest75.tif	forest/forest75.tif	UCM_80/train/forest/forest75.tif
train	forest	7	forest77.tif	forest/forest77.tif	UCM_80/train/forest/forest77.tif
train	forest	7	forest78.tif	forest/forest78.tif	UCM_80/train/forest/forest78.tif
train	forest	7	forest79.tif	forest/forest79.tif	UCM_80/train/forest/forest79.tif
train	forest	7	forest80.tif	forest/forest80.tif	UCM_80/train/forest/forest80.tif
train	forest	7	forest81.tif	forest/forest81.tif	UCM_80/train/forest/forest81.tif
train	forest	7	forest82.tif	forest/forest82.tif	UCM_80/train/forest/forest82.tif
train	forest	7	forest83.tif	forest/forest83.tif	UCM_80/train/forest/forest83.tif
train	forest	7	forest84.tif	forest/forest84.tif	UCM_80/train/forest/forest84.tif
train	forest	7	forest86.tif	forest/forest86.tif	UCM_80/train/forest/forest86.tif
train	forest	7	forest87.tif	forest/forest87.tif	UCM_80/train/forest/forest87.tif
train	forest	7	forest88.tif	forest/forest88.tif	UCM_80/train/forest/forest88.tif
train	forest	7	forest89.tif	forest/forest89.tif	UCM_80/train/forest/forest89.tif
train	forest	7	forest91.tif	forest/forest91.tif	UCM_80/train/forest/forest91.tif
train	forest	7	forest93.tif	forest/forest93.tif	UCM_80/train/forest/forest93.tif
train	forest	7	forest94.tif	forest/forest94.tif	UCM_80/train/forest/forest94.tif
train	forest	7	forest95.tif	forest/forest95.tif	UCM_80/train/forest/forest95.tif
train	forest	7	forest96.tif	forest/forest96.tif	UCM_80/train/forest/forest96.tif
train	forest	7	forest97.tif	forest/forest97.tif	UCM_80/train/forest/forest97.tif
train	forest	7	forest98.tif	forest/forest98.tif	UCM_80/train/forest/forest98.tif
train	forest	7	forest99.tif	forest/forest99.tif	UCM_80/train/forest/forest99.tif
train	freeway	8	freeway00.tif	freeway/freeway00.tif	UCM_80/train/freeway/freeway00.tif
train	freeway	8	freeway01.tif	freeway/freeway01.tif	UCM_80/train/freeway/freeway01.tif
train	freeway	8	freeway02.tif	freeway/freeway02.tif	UCM_80/train/freeway/freeway02.tif
train	freeway	8	freeway03.tif	freeway/freeway03.tif	UCM_80/train/freeway/freeway03.tif
train	freeway	8	freeway04.tif	freeway/freeway04.tif	UCM_80/train/freeway/freeway04.tif
train	freeway	8	freeway05.tif	freeway/freeway05.tif	UCM_80/train/freeway/freeway05.tif
train	freeway	8	freeway06.tif	freeway/freeway06.tif	UCM_80/train/freeway/freeway06.tif
train	freeway	8	freeway08.tif	freeway/freeway08.tif	UCM_80/train/freeway/freeway08.tif
train	freeway	8	freeway09.tif	freeway/freeway09.tif	UCM_80/train/freeway/freeway09.tif
train	freeway	8	freeway10.tif	freeway/freeway10.tif	UCM_80/train/freeway/freeway10.tif
train	freeway	8	freeway11.tif	freeway/freeway11.tif	UCM_80/train/freeway/freeway11.tif
train	freeway	8	freeway13.tif	freeway/freeway13.tif	UCM_80/train/freeway/freeway13.tif
train	freeway	8	freeway14.tif	freeway/freeway14.tif	UCM_80/train/freeway/freeway14.tif
train	freeway	8	freeway15.tif	freeway/freeway15.tif	UCM_80/train/freeway/freeway15.tif
train	freeway	8	freeway16.tif	freeway/freeway16.tif	UCM_80/train/freeway/freeway16.tif
train	freeway	8	freeway17.tif	freeway/freeway17.tif	UCM_80/train/freeway/freeway17.tif
train	freeway	8	freeway19.tif	freeway/freeway19.tif	UCM_80/train/freeway/freeway19.tif
train	freeway	8	freeway20.tif	freeway/freeway20.tif	UCM_80/train/freeway/freeway20.tif
train	freeway	8	freeway21.tif	freeway/freeway21.tif	UCM_80/train/freeway/freeway21.tif
train	freeway	8	freeway22.tif	freeway/freeway22.tif	UCM_80/train/freeway/freeway22.tif
train	freeway	8	freeway23.tif	freeway/freeway23.tif	UCM_80/train/freeway/freeway23.tif
train	freeway	8	freeway25.tif	freeway/freeway25.tif	UCM_80/train/freeway/freeway25.tif
train	freeway	8	freeway26.tif	freeway/freeway26.tif	UCM_80/train/freeway/freeway26.tif
train	freeway	8	freeway27.tif	freeway/freeway27.tif	UCM_80/train/freeway/freeway27.tif
train	freeway	8	freeway28.tif	freeway/freeway28.tif	UCM_80/train/freeway/freeway28.tif
train	freeway	8	freeway29.tif	freeway/freeway29.tif	UCM_80/train/freeway/freeway29.tif
train	freeway	8	freeway30.tif	freeway/freeway30.tif	UCM_80/train/freeway/freeway30.tif
train	freeway	8	freeway31.tif	freeway/freeway31.tif	UCM_80/train/freeway/freeway31.tif
train	freeway	8	freeway32.tif	freeway/freeway32.tif	UCM_80/train/freeway/freeway32.tif
train	freeway	8	freeway33.tif	freeway/freeway33.tif	UCM_80/train/freeway/freeway33.tif
train	freeway	8	freeway34.tif	freeway/freeway34.tif	UCM_80/train/freeway/freeway34.tif
train	freeway	8	freeway35.tif	freeway/freeway35.tif	UCM_80/train/freeway/freeway35.tif
train	freeway	8	freeway36.tif	freeway/freeway36.tif	UCM_80/train/freeway/freeway36.tif
train	freeway	8	freeway38.tif	freeway/freeway38.tif	UCM_80/train/freeway/freeway38.tif
train	freeway	8	freeway40.tif	freeway/freeway40.tif	UCM_80/train/freeway/freeway40.tif
train	freeway	8	freeway41.tif	freeway/freeway41.tif	UCM_80/train/freeway/freeway41.tif
train	freeway	8	freeway42.tif	freeway/freeway42.tif	UCM_80/train/freeway/freeway42.tif
train	freeway	8	freeway43.tif	freeway/freeway43.tif	UCM_80/train/freeway/freeway43.tif
train	freeway	8	freeway45.tif	freeway/freeway45.tif	UCM_80/train/freeway/freeway45.tif
train	freeway	8	freeway46.tif	freeway/freeway46.tif	UCM_80/train/freeway/freeway46.tif
train	freeway	8	freeway49.tif	freeway/freeway49.tif	UCM_80/train/freeway/freeway49.tif
train	freeway	8	freeway50.tif	freeway/freeway50.tif	UCM_80/train/freeway/freeway50.tif
train	freeway	8	freeway51.tif	freeway/freeway51.tif	UCM_80/train/freeway/freeway51.tif
train	freeway	8	freeway52.tif	freeway/freeway52.tif	UCM_80/train/freeway/freeway52.tif
train	freeway	8	freeway54.tif	freeway/freeway54.tif	UCM_80/train/freeway/freeway54.tif
train	freeway	8	freeway56.tif	freeway/freeway56.tif	UCM_80/train/freeway/freeway56.tif
train	freeway	8	freeway57.tif	freeway/freeway57.tif	UCM_80/train/freeway/freeway57.tif
train	freeway	8	freeway58.tif	freeway/freeway58.tif	UCM_80/train/freeway/freeway58.tif
train	freeway	8	freeway60.tif	freeway/freeway60.tif	UCM_80/train/freeway/freeway60.tif
train	freeway	8	freeway61.tif	freeway/freeway61.tif	UCM_80/train/freeway/freeway61.tif
train	freeway	8	freeway62.tif	freeway/freeway62.tif	UCM_80/train/freeway/freeway62.tif
train	freeway	8	freeway63.tif	freeway/freeway63.tif	UCM_80/train/freeway/freeway63.tif
train	freeway	8	freeway64.tif	freeway/freeway64.tif	UCM_80/train/freeway/freeway64.tif
train	freeway	8	freeway65.tif	freeway/freeway65.tif	UCM_80/train/freeway/freeway65.tif
train	freeway	8	freeway66.tif	freeway/freeway66.tif	UCM_80/train/freeway/freeway66.tif
train	freeway	8	freeway67.tif	freeway/freeway67.tif	UCM_80/train/freeway/freeway67.tif
train	freeway	8	freeway68.tif	freeway/freeway68.tif	UCM_80/train/freeway/freeway68.tif
train	freeway	8	freeway69.tif	freeway/freeway69.tif	UCM_80/train/freeway/freeway69.tif
train	freeway	8	freeway70.tif	freeway/freeway70.tif	UCM_80/train/freeway/freeway70.tif
train	freeway	8	freeway71.tif	freeway/freeway71.tif	UCM_80/train/freeway/freeway71.tif
train	freeway	8	freeway73.tif	freeway/freeway73.tif	UCM_80/train/freeway/freeway73.tif
train	freeway	8	freeway74.tif	freeway/freeway74.tif	UCM_80/train/freeway/freeway74.tif
train	freeway	8	freeway76.tif	freeway/freeway76.tif	UCM_80/train/freeway/freeway76.tif
train	freeway	8	freeway77.tif	freeway/freeway77.tif	UCM_80/train/freeway/freeway77.tif
train	freeway	8	freeway79.tif	freeway/freeway79.tif	UCM_80/train/freeway/freeway79.tif
train	freeway	8	freeway80.tif	freeway/freeway80.tif	UCM_80/train/freeway/freeway80.tif
train	freeway	8	freeway82.tif	freeway/freeway82.tif	UCM_80/train/freeway/freeway82.tif
train	freeway	8	freeway85.tif	freeway/freeway85.tif	UCM_80/train/freeway/freeway85.tif
train	freeway	8	freeway87.tif	freeway/freeway87.tif	UCM_80/train/freeway/freeway87.tif
train	freeway	8	freeway88.tif	freeway/freeway88.tif	UCM_80/train/freeway/freeway88.tif
train	freeway	8	freeway89.tif	freeway/freeway89.tif	UCM_80/train/freeway/freeway89.tif
train	freeway	8	freeway90.tif	freeway/freeway90.tif	UCM_80/train/freeway/freeway90.tif
train	freeway	8	freeway91.tif	freeway/freeway91.tif	UCM_80/train/freeway/freeway91.tif
train	freeway	8	freeway92.tif	freeway/freeway92.tif	UCM_80/train/freeway/freeway92.tif
train	freeway	8	freeway93.tif	freeway/freeway93.tif	UCM_80/train/freeway/freeway93.tif
train	freeway	8	freeway94.tif	freeway/freeway94.tif	UCM_80/train/freeway/freeway94.tif
train	freeway	8	freeway95.tif	freeway/freeway95.tif	UCM_80/train/freeway/freeway95.tif
train	freeway	8	freeway96.tif	freeway/freeway96.tif	UCM_80/train/freeway/freeway96.tif
train	freeway	8	freeway98.tif	freeway/freeway98.tif	UCM_80/train/freeway/freeway98.tif
train	freeway	8	freeway99.tif	freeway/freeway99.tif	UCM_80/train/freeway/freeway99.tif
train	golfcourse	9	golfcourse00.tif	golfcourse/golfcourse00.tif	UCM_80/train/golfcourse/golfcourse00.tif
train	golfcourse	9	golfcourse01.tif	golfcourse/golfcourse01.tif	UCM_80/train/golfcourse/golfcourse01.tif
train	golfcourse	9	golfcourse02.tif	golfcourse/golfcourse02.tif	UCM_80/train/golfcourse/golfcourse02.tif
train	golfcourse	9	golfcourse03.tif	golfcourse/golfcourse03.tif	UCM_80/train/golfcourse/golfcourse03.tif
train	golfcourse	9	golfcourse04.tif	golfcourse/golfcourse04.tif	UCM_80/train/golfcourse/golfcourse04.tif
train	golfcourse	9	golfcourse05.tif	golfcourse/golfcourse05.tif	UCM_80/train/golfcourse/golfcourse05.tif
train	golfcourse	9	golfcourse06.tif	golfcourse/golfcourse06.tif	UCM_80/train/golfcourse/golfcourse06.tif
train	golfcourse	9	golfcourse07.tif	golfcourse/golfcourse07.tif	UCM_80/train/golfcourse/golfcourse07.tif
train	golfcourse	9	golfcourse08.tif	golfcourse/golfcourse08.tif	UCM_80/train/golfcourse/golfcourse08.tif
train	golfcourse	9	golfcourse09.tif	golfcourse/golfcourse09.tif	UCM_80/train/golfcourse/golfcourse09.tif
train	golfcourse	9	golfcourse10.tif	golfcourse/golfcourse10.tif	UCM_80/train/golfcourse/golfcourse10.tif
train	golfcourse	9	golfcourse11.tif	golfcourse/golfcourse11.tif	UCM_80/train/golfcourse/golfcourse11.tif
train	golfcourse	9	golfcourse12.tif	golfcourse/golfcourse12.tif	UCM_80/train/golfcourse/golfcourse12.tif
train	golfcourse	9	golfcourse14.tif	golfcourse/golfcourse14.tif	UCM_80/train/golfcourse/golfcourse14.tif
train	golfcourse	9	golfcourse15.tif	golfcourse/golfcourse15.tif	UCM_80/train/golfcourse/golfcourse15.tif
train	golfcourse	9	golfcourse16.tif	golfcourse/golfcourse16.tif	UCM_80/train/golfcourse/golfcourse16.tif
train	golfcourse	9	golfcourse17.tif	golfcourse/golfcourse17.tif	UCM_80/train/golfcourse/golfcourse17.tif
train	golfcourse	9	golfcourse18.tif	golfcourse/golfcourse18.tif	UCM_80/train/golfcourse/golfcourse18.tif
train	golfcourse	9	golfcourse19.tif	golfcourse/golfcourse19.tif	UCM_80/train/golfcourse/golfcourse19.tif
train	golfcourse	9	golfcourse21.tif	golfcourse/golfcourse21.tif	UCM_80/train/golfcourse/golfcourse21.tif
train	golfcourse	9	golfcourse22.tif	golfcourse/golfcourse22.tif	UCM_80/train/golfcourse/golfcourse22.tif
train	golfcourse	9	golfcourse23.tif	golfcourse/golfcourse23.tif	UCM_80/train/golfcourse/golfcourse23.tif
train	golfcourse	9	golfcourse26.tif	golfcourse/golfcourse26.tif	UCM_80/train/golfcourse/golfcourse26.tif
train	golfcourse	9	golfcourse27.tif	golfcourse/golfcourse27.tif	UCM_80/train/golfcourse/golfcourse27.tif
train	golfcourse	9	golfcourse28.tif	golfcourse/golfcourse28.tif	UCM_80/train/golfcourse/golfcourse28.tif
train	golfcourse	9	golfcourse29.tif	golfcourse/golfcourse29.tif	UCM_80/train/golfcourse/golfcourse29.tif
train	golfcourse	9	golfcourse30.tif	golfcourse/golfcourse30.tif	UCM_80/train/golfcourse/golfcourse30.tif
train	golfcourse	9	golfcourse31.tif	golfcourse/golfcourse31.tif	UCM_80/train/golfcourse/golfcourse31.tif
train	golfcourse	9	golfcourse32.tif	golfcourse/golfcourse32.tif	UCM_80/train/golfcourse/golfcourse32.tif
train	golfcourse	9	golfcourse33.tif	golfcourse/golfcourse33.tif	UCM_80/train/golfcourse/golfcourse33.tif
train	golfcourse	9	golfcourse34.tif	golfcourse/golfcourse34.tif	UCM_80/train/golfcourse/golfcourse34.tif
train	golfcourse	9	golfcourse35.tif	golfcourse/golfcourse35.tif	UCM_80/train/golfcourse/golfcourse35.tif
train	golfcourse	9	golfcourse36.tif	golfcourse/golfcourse36.tif	UCM_80/train/golfcourse/golfcourse36.tif
train	golfcourse	9	golfcourse37.tif	golfcourse/golfcourse37.tif	UCM_80/train/golfcourse/golfcourse37.tif
train	golfcourse	9	golfcourse38.tif	golfcourse/golfcourse38.tif	UCM_80/train/golfcourse/golfcourse38.tif
train	golfcourse	9	golfcourse39.tif	golfcourse/golfcourse39.tif	UCM_80/train/golfcourse/golfcourse39.tif
train	golfcourse	9	golfcourse41.tif	golfcourse/golfcourse41.tif	UCM_80/train/golfcourse/golfcourse41.tif
train	golfcourse	9	golfcourse43.tif	golfcourse/golfcourse43.tif	UCM_80/train/golfcourse/golfcourse43.tif
train	golfcourse	9	golfcourse45.tif	golfcourse/golfcourse45.tif	UCM_80/train/golfcourse/golfcourse45.tif
train	golfcourse	9	golfcourse47.tif	golfcourse/golfcourse47.tif	UCM_80/train/golfcourse/golfcourse47.tif
train	golfcourse	9	golfcourse48.tif	golfcourse/golfcourse48.tif	UCM_80/train/golfcourse/golfcourse48.tif
train	golfcourse	9	golfcourse49.tif	golfcourse/golfcourse49.tif	UCM_80/train/golfcourse/golfcourse49.tif
train	golfcourse	9	golfcourse51.tif	golfcourse/golfcourse51.tif	UCM_80/train/golfcourse/golfcourse51.tif
train	golfcourse	9	golfcourse53.tif	golfcourse/golfcourse53.tif	UCM_80/train/golfcourse/golfcourse53.tif
train	golfcourse	9	golfcourse56.tif	golfcourse/golfcourse56.tif	UCM_80/train/golfcourse/golfcourse56.tif
train	golfcourse	9	golfcourse57.tif	golfcourse/golfcourse57.tif	UCM_80/train/golfcourse/golfcourse57.tif
train	golfcourse	9	golfcourse58.tif	golfcourse/golfcourse58.tif	UCM_80/train/golfcourse/golfcourse58.tif
train	golfcourse	9	golfcourse59.tif	golfcourse/golfcourse59.tif	UCM_80/train/golfcourse/golfcourse59.tif
train	golfcourse	9	golfcourse60.tif	golfcourse/golfcourse60.tif	UCM_80/train/golfcourse/golfcourse60.tif
train	golfcourse	9	golfcourse61.tif	golfcourse/golfcourse61.tif	UCM_80/train/golfcourse/golfcourse61.tif
train	golfcourse	9	golfcourse63.tif	golfcourse/golfcourse63.tif	UCM_80/train/golfcourse/golfcourse63.tif
train	golfcourse	9	golfcourse64.tif	golfcourse/golfcourse64.tif	UCM_80/train/golfcourse/golfcourse64.tif
train	golfcourse	9	golfcourse66.tif	golfcourse/golfcourse66.tif	UCM_80/train/golfcourse/golfcourse66.tif
train	golfcourse	9	golfcourse67.tif	golfcourse/golfcourse67.tif	UCM_80/train/golfcourse/golfcourse67.tif
train	golfcourse	9	golfcourse69.tif	golfcourse/golfcourse69.tif	UCM_80/train/golfcourse/golfcourse69.tif
train	golfcourse	9	golfcourse70.tif	golfcourse/golfcourse70.tif	UCM_80/train/golfcourse/golfcourse70.tif
train	golfcourse	9	golfcourse71.tif	golfcourse/golfcourse71.tif	UCM_80/train/golfcourse/golfcourse71.tif
train	golfcourse	9	golfcourse72.tif	golfcourse/golfcourse72.tif	UCM_80/train/golfcourse/golfcourse72.tif
train	golfcourse	9	golfcourse73.tif	golfcourse/golfcourse73.tif	UCM_80/train/golfcourse/golfcourse73.tif
train	golfcourse	9	golfcourse74.tif	golfcourse/golfcourse74.tif	UCM_80/train/golfcourse/golfcourse74.tif
train	golfcourse	9	golfcourse75.tif	golfcourse/golfcourse75.tif	UCM_80/train/golfcourse/golfcourse75.tif
train	golfcourse	9	golfcourse76.tif	golfcourse/golfcourse76.tif	UCM_80/train/golfcourse/golfcourse76.tif
train	golfcourse	9	golfcourse77.tif	golfcourse/golfcourse77.tif	UCM_80/train/golfcourse/golfcourse77.tif
train	golfcourse	9	golfcourse78.tif	golfcourse/golfcourse78.tif	UCM_80/train/golfcourse/golfcourse78.tif
train	golfcourse	9	golfcourse80.tif	golfcourse/golfcourse80.tif	UCM_80/train/golfcourse/golfcourse80.tif
train	golfcourse	9	golfcourse81.tif	golfcourse/golfcourse81.tif	UCM_80/train/golfcourse/golfcourse81.tif
train	golfcourse	9	golfcourse82.tif	golfcourse/golfcourse82.tif	UCM_80/train/golfcourse/golfcourse82.tif
train	golfcourse	9	golfcourse83.tif	golfcourse/golfcourse83.tif	UCM_80/train/golfcourse/golfcourse83.tif
train	golfcourse	9	golfcourse87.tif	golfcourse/golfcourse87.tif	UCM_80/train/golfcourse/golfcourse87.tif
train	golfcourse	9	golfcourse88.tif	golfcourse/golfcourse88.tif	UCM_80/train/golfcourse/golfcourse88.tif
train	golfcourse	9	golfcourse89.tif	golfcourse/golfcourse89.tif	UCM_80/train/golfcourse/golfcourse89.tif
train	golfcourse	9	golfcourse90.tif	golfcourse/golfcourse90.tif	UCM_80/train/golfcourse/golfcourse90.tif
train	golfcourse	9	golfcourse91.tif	golfcourse/golfcourse91.tif	UCM_80/train/golfcourse/golfcourse91.tif
train	golfcourse	9	golfcourse92.tif	golfcourse/golfcourse92.tif	UCM_80/train/golfcourse/golfcourse92.tif
train	golfcourse	9	golfcourse93.tif	golfcourse/golfcourse93.tif	UCM_80/train/golfcourse/golfcourse93.tif
train	golfcourse	9	golfcourse95.tif	golfcourse/golfcourse95.tif	UCM_80/train/golfcourse/golfcourse95.tif
train	golfcourse	9	golfcourse96.tif	golfcourse/golfcourse96.tif	UCM_80/train/golfcourse/golfcourse96.tif
train	golfcourse	9	golfcourse97.tif	golfcourse/golfcourse97.tif	UCM_80/train/golfcourse/golfcourse97.tif
train	golfcourse	9	golfcourse98.tif	golfcourse/golfcourse98.tif	UCM_80/train/golfcourse/golfcourse98.tif
train	golfcourse	9	golfcourse99.tif	golfcourse/golfcourse99.tif	UCM_80/train/golfcourse/golfcourse99.tif
train	harbor	10	harbor00.tif	harbor/harbor00.tif	UCM_80/train/harbor/harbor00.tif
train	harbor	10	harbor01.tif	harbor/harbor01.tif	UCM_80/train/harbor/harbor01.tif
train	harbor	10	harbor03.tif	harbor/harbor03.tif	UCM_80/train/harbor/harbor03.tif
train	harbor	10	harbor06.tif	harbor/harbor06.tif	UCM_80/train/harbor/harbor06.tif
train	harbor	10	harbor07.tif	harbor/harbor07.tif	UCM_80/train/harbor/harbor07.tif
train	harbor	10	harbor08.tif	harbor/harbor08.tif	UCM_80/train/harbor/harbor08.tif
train	harbor	10	harbor10.tif	harbor/harbor10.tif	UCM_80/train/harbor/harbor10.tif
train	harbor	10	harbor11.tif	harbor/harbor11.tif	UCM_80/train/harbor/harbor11.tif
train	harbor	10	harbor14.tif	harbor/harbor14.tif	UCM_80/train/harbor/harbor14.tif
train	harbor	10	harbor15.tif	harbor/harbor15.tif	UCM_80/train/harbor/harbor15.tif
train	harbor	10	harbor16.tif	harbor/harbor16.tif	UCM_80/train/harbor/harbor16.tif
train	harbor	10	harbor18.tif	harbor/harbor18.tif	UCM_80/train/harbor/harbor18.tif
train	harbor	10	harbor19.tif	harbor/harbor19.tif	UCM_80/train/harbor/harbor19.tif
train	harbor	10	harbor21.tif	harbor/harbor21.tif	UCM_80/train/harbor/harbor21.tif
train	harbor	10	harbor23.tif	harbor/harbor23.tif	UCM_80/train/harbor/harbor23.tif
train	harbor	10	harbor24.tif	harbor/harbor24.tif	UCM_80/train/harbor/harbor24.tif
train	harbor	10	harbor25.tif	harbor/harbor25.tif	UCM_80/train/harbor/harbor25.tif
train	harbor	10	harbor28.tif	harbor/harbor28.tif	UCM_80/train/harbor/harbor28.tif
train	harbor	10	harbor29.tif	harbor/harbor29.tif	UCM_80/train/harbor/harbor29.tif
train	harbor	10	harbor30.tif	harbor/harbor30.tif	UCM_80/train/harbor/harbor30.tif
train	harbor	10	harbor31.tif	harbor/harbor31.tif	UCM_80/train/harbor/harbor31.tif
train	harbor	10	harbor32.tif	harbor/harbor32.tif	UCM_80/train/harbor/harbor32.tif
train	harbor	10	harbor33.tif	harbor/harbor33.tif	UCM_80/train/harbor/harbor33.tif
train	harbor	10	harbor34.tif	harbor/harbor34.tif	UCM_80/train/harbor/harbor34.tif
train	harbor	10	harbor35.tif	harbor/harbor35.tif	UCM_80/train/harbor/harbor35.tif
train	harbor	10	harbor36.tif	harbor/harbor36.tif	UCM_80/train/harbor/harbor36.tif
train	harbor	10	harbor37.tif	harbor/harbor37.tif	UCM_80/train/harbor/harbor37.tif
train	harbor	10	harbor38.tif	harbor/harbor38.tif	UCM_80/train/harbor/harbor38.tif
train	harbor	10	harbor39.tif	harbor/harbor39.tif	UCM_80/train/harbor/harbor39.tif
train	harbor	10	harbor40.tif	harbor/harbor40.tif	UCM_80/train/harbor/harbor40.tif
train	harbor	10	harbor41.tif	harbor/harbor41.tif	UCM_80/train/harbor/harbor41.tif
train	harbor	10	harbor42.tif	harbor/harbor42.tif	UCM_80/train/harbor/harbor42.tif
train	harbor	10	harbor44.tif	harbor/harbor44.tif	UCM_80/train/harbor/harbor44.tif
train	harbor	10	harbor45.tif	harbor/harbor45.tif	UCM_80/train/harbor/harbor45.tif
train	harbor	10	harbor47.tif	harbor/harbor47.tif	UCM_80/train/harbor/harbor47.tif
train	harbor	10	harbor48.tif	harbor/harbor48.tif	UCM_80/train/harbor/harbor48.tif
train	harbor	10	harbor49.tif	harbor/harbor49.tif	UCM_80/train/harbor/harbor49.tif
train	harbor	10	harbor50.tif	harbor/harbor50.tif	UCM_80/train/harbor/harbor50.tif
train	harbor	10	harbor51.tif	harbor/harbor51.tif	UCM_80/train/harbor/harbor51.tif
train	harbor	10	harbor52.tif	harbor/harbor52.tif	UCM_80/train/harbor/harbor52.tif
train	harbor	10	harbor53.tif	harbor/harbor53.tif	UCM_80/train/harbor/harbor53.tif
train	harbor	10	harbor54.tif	harbor/harbor54.tif	UCM_80/train/harbor/harbor54.tif
train	harbor	10	harbor55.tif	harbor/harbor55.tif	UCM_80/train/harbor/harbor55.tif
train	harbor	10	harbor56.tif	harbor/harbor56.tif	UCM_80/train/harbor/harbor56.tif
train	harbor	10	harbor57.tif	harbor/harbor57.tif	UCM_80/train/harbor/harbor57.tif
train	harbor	10	harbor58.tif	harbor/harbor58.tif	UCM_80/train/harbor/harbor58.tif
train	harbor	10	harbor59.tif	harbor/harbor59.tif	UCM_80/train/harbor/harbor59.tif
train	harbor	10	harbor60.tif	harbor/harbor60.tif	UCM_80/train/harbor/harbor60.tif
train	harbor	10	harbor61.tif	harbor/harbor61.tif	UCM_80/train/harbor/harbor61.tif
train	harbor	10	harbor62.tif	harbor/harbor62.tif	UCM_80/train/harbor/harbor62.tif
train	harbor	10	harbor63.tif	harbor/harbor63.tif	UCM_80/train/harbor/harbor63.tif
train	harbor	10	harbor64.tif	harbor/harbor64.tif	UCM_80/train/harbor/harbor64.tif
train	harbor	10	harbor65.tif	harbor/harbor65.tif	UCM_80/train/harbor/harbor65.tif
train	harbor	10	harbor66.tif	harbor/harbor66.tif	UCM_80/train/harbor/harbor66.tif
train	harbor	10	harbor67.tif	harbor/harbor67.tif	UCM_80/train/harbor/harbor67.tif
train	harbor	10	harbor68.tif	harbor/harbor68.tif	UCM_80/train/harbor/harbor68.tif
train	harbor	10	harbor70.tif	harbor/harbor70.tif	UCM_80/train/harbor/harbor70.tif
train	harbor	10	harbor71.tif	harbor/harbor71.tif	UCM_80/train/harbor/harbor71.tif
train	harbor	10	harbor72.tif	harbor/harbor72.tif	UCM_80/train/harbor/harbor72.tif
train	harbor	10	harbor73.tif	harbor/harbor73.tif	UCM_80/train/harbor/harbor73.tif
train	harbor	10	harbor75.tif	harbor/harbor75.tif	UCM_80/train/harbor/harbor75.tif
train	harbor	10	harbor76.tif	harbor/harbor76.tif	UCM_80/train/harbor/harbor76.tif
train	harbor	10	harbor77.tif	harbor/harbor77.tif	UCM_80/train/harbor/harbor77.tif
train	harbor	10	harbor78.tif	harbor/harbor78.tif	UCM_80/train/harbor/harbor78.tif
train	harbor	10	harbor79.tif	harbor/harbor79.tif	UCM_80/train/harbor/harbor79.tif
train	harbor	10	harbor80.tif	harbor/harbor80.tif	UCM_80/train/harbor/harbor80.tif
train	harbor	10	harbor81.tif	harbor/harbor81.tif	UCM_80/train/harbor/harbor81.tif
train	harbor	10	harbor82.tif	harbor/harbor82.tif	UCM_80/train/harbor/harbor82.tif
train	harbor	10	harbor83.tif	harbor/harbor83.tif	UCM_80/train/harbor/harbor83.tif
train	harbor	10	harbor84.tif	harbor/harbor84.tif	UCM_80/train/harbor/harbor84.tif
train	harbor	10	harbor86.tif	harbor/harbor86.tif	UCM_80/train/harbor/harbor86.tif
train	harbor	10	harbor87.tif	harbor/harbor87.tif	UCM_80/train/harbor/harbor87.tif
train	harbor	10	harbor90.tif	harbor/harbor90.tif	UCM_80/train/harbor/harbor90.tif
train	harbor	10	harbor91.tif	harbor/harbor91.tif	UCM_80/train/harbor/harbor91.tif
train	harbor	10	harbor92.tif	harbor/harbor92.tif	UCM_80/train/harbor/harbor92.tif
train	harbor	10	harbor93.tif	harbor/harbor93.tif	UCM_80/train/harbor/harbor93.tif
train	harbor	10	harbor94.tif	harbor/harbor94.tif	UCM_80/train/harbor/harbor94.tif
train	harbor	10	harbor95.tif	harbor/harbor95.tif	UCM_80/train/harbor/harbor95.tif
train	harbor	10	harbor96.tif	harbor/harbor96.tif	UCM_80/train/harbor/harbor96.tif
train	harbor	10	harbor97.tif	harbor/harbor97.tif	UCM_80/train/harbor/harbor97.tif
train	intersection	11	intersection00.tif	intersection/intersection00.tif	UCM_80/train/intersection/intersection00.tif
train	intersection	11	intersection01.tif	intersection/intersection01.tif	UCM_80/train/intersection/intersection01.tif
train	intersection	11	intersection02.tif	intersection/intersection02.tif	UCM_80/train/intersection/intersection02.tif
train	intersection	11	intersection03.tif	intersection/intersection03.tif	UCM_80/train/intersection/intersection03.tif
train	intersection	11	intersection05.tif	intersection/intersection05.tif	UCM_80/train/intersection/intersection05.tif
train	intersection	11	intersection06.tif	intersection/intersection06.tif	UCM_80/train/intersection/intersection06.tif
train	intersection	11	intersection07.tif	intersection/intersection07.tif	UCM_80/train/intersection/intersection07.tif
train	intersection	11	intersection08.tif	intersection/intersection08.tif	UCM_80/train/intersection/intersection08.tif
train	intersection	11	intersection10.tif	intersection/intersection10.tif	UCM_80/train/intersection/intersection10.tif
train	intersection	11	intersection11.tif	intersection/intersection11.tif	UCM_80/train/intersection/intersection11.tif
train	intersection	11	intersection13.tif	intersection/intersection13.tif	UCM_80/train/intersection/intersection13.tif
train	intersection	11	intersection15.tif	intersection/intersection15.tif	UCM_80/train/intersection/intersection15.tif
train	intersection	11	intersection16.tif	intersection/intersection16.tif	UCM_80/train/intersection/intersection16.tif
train	intersection	11	intersection18.tif	intersection/intersection18.tif	UCM_80/train/intersection/intersection18.tif
train	intersection	11	intersection19.tif	intersection/intersection19.tif	UCM_80/train/intersection/intersection19.tif
train	intersection	11	intersection20.tif	intersection/intersection20.tif	UCM_80/train/intersection/intersection20.tif
train	intersection	11	intersection21.tif	intersection/intersection21.tif	UCM_80/train/intersection/intersection21.tif
train	intersection	11	intersection22.tif	intersection/intersection22.tif	UCM_80/train/intersection/intersection22.tif
train	intersection	11	intersection24.tif	intersection/intersection24.tif	UCM_80/train/intersection/intersection24.tif
train	intersection	11	intersection25.tif	intersection/intersection25.tif	UCM_80/train/intersection/intersection25.tif
train	intersection	11	intersection26.tif	intersection/intersection26.tif	UCM_80/train/intersection/intersection26.tif
train	intersection	11	intersection28.tif	intersection/intersection28.tif	UCM_80/train/intersection/intersection28.tif
train	intersection	11	intersection29.tif	intersection/intersection29.tif	UCM_80/train/intersection/intersection29.tif
train	intersection	11	intersection30.tif	intersection/intersection30.tif	UCM_80/train/intersection/intersection30.tif
train	intersection	11	intersection31.tif	intersection/intersection31.tif	UCM_80/train/intersection/intersection31.tif
train	intersection	11	intersection32.tif	intersection/intersection32.tif	UCM_80/train/intersection/intersection32.tif
train	intersection	11	intersection33.tif	intersection/intersection33.tif	UCM_80/train/intersection/intersection33.tif
train	intersection	11	intersection34.tif	intersection/intersection34.tif	UCM_80/train/intersection/intersection34.tif
train	intersection	11	intersection35.tif	intersection/intersection35.tif	UCM_80/train/intersection/intersection35.tif
train	intersection	11	intersection36.tif	intersection/intersection36.tif	UCM_80/train/intersection/intersection36.tif
train	intersection	11	intersection38.tif	intersection/intersection38.tif	UCM_80/train/intersection/intersection38.tif
train	intersection	11	intersection39.tif	intersection/intersection39.tif	UCM_80/train/intersection/intersection39.tif
train	intersection	11	intersection40.tif	intersection/intersection40.tif	UCM_80/train/intersection/intersection40.tif
train	intersection	11	intersection41.tif	intersection/intersection41.tif	UCM_80/train/intersection/intersection41.tif
train	intersection	11	intersection42.tif	intersection/intersection42.tif	UCM_80/train/intersection/intersection42.tif
train	intersection	11	intersection44.tif	intersection/intersection44.tif	UCM_80/train/intersection/intersection44.tif
train	intersection	11	intersection46.tif	intersection/intersection46.tif	UCM_80/train/intersection/intersection46.tif
train	intersection	11	intersection47.tif	intersection/intersection47.tif	UCM_80/train/intersection/intersection47.tif
train	intersection	11	intersection49.tif	intersection/intersection49.tif	UCM_80/train/intersection/intersection49.tif
train	intersection	11	intersection50.tif	intersection/intersection50.tif	UCM_80/train/intersection/intersection50.tif
train	intersection	11	intersection51.tif	intersection/intersection51.tif	UCM_80/train/intersection/intersection51.tif
train	intersection	11	intersection52.tif	intersection/intersection52.tif	UCM_80/train/intersection/intersection52.tif
train	intersection	11	intersection53.tif	intersection/intersection53.tif	UCM_80/train/intersection/intersection53.tif
train	intersection	11	intersection54.tif	intersection/intersection54.tif	UCM_80/train/intersection/intersection54.tif
train	intersection	11	intersection56.tif	intersection/intersection56.tif	UCM_80/train/intersection/intersection56.tif
train	intersection	11	intersection57.tif	intersection/intersection57.tif	UCM_80/train/intersection/intersection57.tif
train	intersection	11	intersection59.tif	intersection/intersection59.tif	UCM_80/train/intersection/intersection59.tif
train	intersection	11	intersection61.tif	intersection/intersection61.tif	UCM_80/train/intersection/intersection61.tif
train	intersection	11	intersection62.tif	intersection/intersection62.tif	UCM_80/train/intersection/intersection62.tif
train	intersection	11	intersection63.tif	intersection/intersection63.tif	UCM_80/train/intersection/intersection63.tif
train	intersection	11	intersection64.tif	intersection/intersection64.tif	UCM_80/train/intersection/intersection64.tif
train	intersection	11	intersection65.tif	intersection/intersection65.tif	UCM_80/train/intersection/intersection65.tif
train	intersection	11	intersection66.tif	intersection/intersection66.tif	UCM_80/train/intersection/intersection66.tif
train	intersection	11	intersection67.tif	intersection/intersection67.tif	UCM_80/train/intersection/intersection67.tif
train	intersection	11	intersection68.tif	intersection/intersection68.tif	UCM_80/train/intersection/intersection68.tif
train	intersection	11	intersection69.tif	intersection/intersection69.tif	UCM_80/train/intersection/intersection69.tif
train	intersection	11	intersection72.tif	intersection/intersection72.tif	UCM_80/train/intersection/intersection72.tif
train	intersection	11	intersection73.tif	intersection/intersection73.tif	UCM_80/train/intersection/intersection73.tif
train	intersection	11	intersection74.tif	intersection/intersection74.tif	UCM_80/train/intersection/intersection74.tif
train	intersection	11	intersection75.tif	intersection/intersection75.tif	UCM_80/train/intersection/intersection75.tif
train	intersection	11	intersection76.tif	intersection/intersection76.tif	UCM_80/train/intersection/intersection76.tif
train	intersection	11	intersection77.tif	intersection/intersection77.tif	UCM_80/train/intersection/intersection77.tif
train	intersection	11	intersection78.tif	intersection/intersection78.tif	UCM_80/train/intersection/intersection78.tif
train	intersection	11	intersection79.tif	intersection/intersection79.tif	UCM_80/train/intersection/intersection79.tif
train	intersection	11	intersection82.tif	intersection/intersection82.tif	UCM_80/train/intersection/intersection82.tif
train	intersection	11	intersection83.tif	intersection/intersection83.tif	UCM_80/train/intersection/intersection83.tif
train	intersection	11	intersection84.tif	intersection/intersection84.tif	UCM_80/train/intersection/intersection84.tif
train	intersection	11	intersection85.tif	intersection/intersection85.tif	UCM_80/train/intersection/intersection85.tif
train	intersection	11	intersection86.tif	intersection/intersection86.tif	UCM_80/train/intersection/intersection86.tif
train	intersection	11	intersection87.tif	intersection/intersection87.tif	UCM_80/train/intersection/intersection87.tif
train	intersection	11	intersection88.tif	intersection/intersection88.tif	UCM_80/train/intersection/intersection88.tif
train	intersection	11	intersection89.tif	intersection/intersection89.tif	UCM_80/train/intersection/intersection89.tif
train	intersection	11	intersection92.tif	intersection/intersection92.tif	UCM_80/train/intersection/intersection92.tif
train	intersection	11	intersection93.tif	intersection/intersection93.tif	UCM_80/train/intersection/intersection93.tif
train	intersection	11	intersection94.tif	intersection/intersection94.tif	UCM_80/train/intersection/intersection94.tif
train	intersection	11	intersection95.tif	intersection/intersection95.tif	UCM_80/train/intersection/intersection95.tif
train	intersection	11	intersection96.tif	intersection/intersection96.tif	UCM_80/train/intersection/intersection96.tif
train	intersection	11	intersection97.tif	intersection/intersection97.tif	UCM_80/train/intersection/intersection97.tif
train	intersection	11	intersection98.tif	intersection/intersection98.tif	UCM_80/train/intersection/intersection98.tif
train	intersection	11	intersection99.tif	intersection/intersection99.tif	UCM_80/train/intersection/intersection99.tif
train	mediumresidential	12	mediumresidential00.tif	mediumresidential/mediumresidential00.tif	UCM_80/train/mediumresidential/mediumresidential00.tif
train	mediumresidential	12	mediumresidential01.tif	mediumresidential/mediumresidential01.tif	UCM_80/train/mediumresidential/mediumresidential01.tif
train	mediumresidential	12	mediumresidential02.tif	mediumresidential/mediumresidential02.tif	UCM_80/train/mediumresidential/mediumresidential02.tif
train	mediumresidential	12	mediumresidential03.tif	mediumresidential/mediumresidential03.tif	UCM_80/train/mediumresidential/mediumresidential03.tif
train	mediumresidential	12	mediumresidential04.tif	mediumresidential/mediumresidential04.tif	UCM_80/train/mediumresidential/mediumresidential04.tif
train	mediumresidential	12	mediumresidential05.tif	mediumresidential/mediumresidential05.tif	UCM_80/train/mediumresidential/mediumresidential05.tif
train	mediumresidential	12	mediumresidential06.tif	mediumresidential/mediumresidential06.tif	UCM_80/train/mediumresidential/mediumresidential06.tif
train	mediumresidential	12	mediumresidential09.tif	mediumresidential/mediumresidential09.tif	UCM_80/train/mediumresidential/mediumresidential09.tif
train	mediumresidential	12	mediumresidential12.tif	mediumresidential/mediumresidential12.tif	UCM_80/train/mediumresidential/mediumresidential12.tif
train	mediumresidential	12	mediumresidential13.tif	mediumresidential/mediumresidential13.tif	UCM_80/train/mediumresidential/mediumresidential13.tif
train	mediumresidential	12	mediumresidential14.tif	mediumresidential/mediumresidential14.tif	UCM_80/train/mediumresidential/mediumresidential14.tif
train	mediumresidential	12	mediumresidential15.tif	mediumresidential/mediumresidential15.tif	UCM_80/train/mediumresidential/mediumresidential15.tif
train	mediumresidential	12	mediumresidential16.tif	mediumresidential/mediumresidential16.tif	UCM_80/train/mediumresidential/mediumresidential16.tif
train	mediumresidential	12	mediumresidential17.tif	mediumresidential/mediumresidential17.tif	UCM_80/train/mediumresidential/mediumresidential17.tif
train	mediumresidential	12	mediumresidential18.tif	mediumresidential/mediumresidential18.tif	UCM_80/train/mediumresidential/mediumresidential18.tif
train	mediumresidential	12	mediumresidential19.tif	mediumresidential/mediumresidential19.tif	UCM_80/train/mediumresidential/mediumresidential19.tif
train	mediumresidential	12	mediumresidential21.tif	mediumresidential/mediumresidential21.tif	UCM_80/train/mediumresidential/mediumresidential21.tif
train	mediumresidential	12	mediumresidential22.tif	mediumresidential/mediumresidential22.tif	UCM_80/train/mediumresidential/mediumresidential22.tif
train	mediumresidential	12	mediumresidential23.tif	mediumresidential/mediumresidential23.tif	UCM_80/train/mediumresidential/mediumresidential23.tif
train	mediumresidential	12	mediumresidential24.tif	mediumresidential/mediumresidential24.tif	UCM_80/train/mediumresidential/mediumresidential24.tif
train	mediumresidential	12	mediumresidential25.tif	mediumresidential/mediumresidential25.tif	UCM_80/train/mediumresidential/mediumresidential25.tif
train	mediumresidential	12	mediumresidential28.tif	mediumresidential/mediumresidential28.tif	UCM_80/train/mediumresidential/mediumresidential28.tif
train	mediumresidential	12	mediumresidential29.tif	mediumresidential/mediumresidential29.tif	UCM_80/train/mediumresidential/mediumresidential29.tif
train	mediumresidential	12	mediumresidential30.tif	mediumresidential/mediumresidential30.tif	UCM_80/train/mediumresidential/mediumresidential30.tif
train	mediumresidential	12	mediumresidential31.tif	mediumresidential/mediumresidential31.tif	UCM_80/train/mediumresidential/mediumresidential31.tif
train	mediumresidential	12	mediumresidential33.tif	mediumresidential/mediumresidential33.tif	UCM_80/train/mediumresidential/mediumresidential33.tif
train	mediumresidential	12	mediumresidential34.tif	mediumresidential/mediumresidential34.tif	UCM_80/train/mediumresidential/mediumresidential34.tif
train	mediumresidential	12	mediumresidential35.tif	mediumresidential/mediumresidential35.tif	UCM_80/train/mediumresidential/mediumresidential35.tif
train	mediumresidential	12	mediumresidential36.tif	mediumresidential/mediumresidential36.tif	UCM_80/train/mediumresidential/mediumresidential36.tif
train	mediumresidential	12	mediumresidential37.tif	mediumresidential/mediumresidential37.tif	UCM_80/train/mediumresidential/mediumresidential37.tif
train	mediumresidential	12	mediumresidential38.tif	mediumresidential/mediumresidential38.tif	UCM_80/train/mediumresidential/mediumresidential38.tif
train	mediumresidential	12	mediumresidential40.tif	mediumresidential/mediumresidential40.tif	UCM_80/train/mediumresidential/mediumresidential40.tif
train	mediumresidential	12	mediumresidential41.tif	mediumresidential/mediumresidential41.tif	UCM_80/train/mediumresidential/mediumresidential41.tif
train	mediumresidential	12	mediumresidential42.tif	mediumresidential/mediumresidential42.tif	UCM_80/train/mediumresidential/mediumresidential42.tif
train	mediumresidential	12	mediumresidential43.tif	mediumresidential/mediumresidential43.tif	UCM_80/train/mediumresidential/mediumresidential43.tif
train	mediumresidential	12	mediumresidential44.tif	mediumresidential/mediumresidential44.tif	UCM_80/train/mediumresidential/mediumresidential44.tif
train	mediumresidential	12	mediumresidential46.tif	mediumresidential/mediumresidential46.tif	UCM_80/train/mediumresidential/mediumresidential46.tif
train	mediumresidential	12	mediumresidential47.tif	mediumresidential/mediumresidential47.tif	UCM_80/train/mediumresidential/mediumresidential47.tif
train	mediumresidential	12	mediumresidential48.tif	mediumresidential/mediumresidential48.tif	UCM_80/train/mediumresidential/mediumresidential48.tif
train	mediumresidential	12	mediumresidential50.tif	mediumresidential/mediumresidential50.tif	UCM_80/train/mediumresidential/mediumresidential50.tif
train	mediumresidential	12	mediumresidential52.tif	mediumresidential/mediumresidential52.tif	UCM_80/train/mediumresidential/mediumresidential52.tif
train	mediumresidential	12	mediumresidential53.tif	mediumresidential/mediumresidential53.tif	UCM_80/train/mediumresidential/mediumresidential53.tif
train	mediumresidential	12	mediumresidential54.tif	mediumresidential/mediumresidential54.tif	UCM_80/train/mediumresidential/mediumresidential54.tif
train	mediumresidential	12	mediumresidential55.tif	mediumresidential/mediumresidential55.tif	UCM_80/train/mediumresidential/mediumresidential55.tif
train	mediumresidential	12	mediumresidential56.tif	mediumresidential/mediumresidential56.tif	UCM_80/train/mediumresidential/mediumresidential56.tif
train	mediumresidential	12	mediumresidential57.tif	mediumresidential/mediumresidential57.tif	UCM_80/train/mediumresidential/mediumresidential57.tif
train	mediumresidential	12	mediumresidential58.tif	mediumresidential/mediumresidential58.tif	UCM_80/train/mediumresidential/mediumresidential58.tif
train	mediumresidential	12	mediumresidential60.tif	mediumresidential/mediumresidential60.tif	UCM_80/train/mediumresidential/mediumresidential60.tif
train	mediumresidential	12	mediumresidential61.tif	mediumresidential/mediumresidential61.tif	UCM_80/train/mediumresidential/mediumresidential61.tif
train	mediumresidential	12	mediumresidential62.tif	mediumresidential/mediumresidential62.tif	UCM_80/train/mediumresidential/mediumresidential62.tif
train	mediumresidential	12	mediumresidential63.tif	mediumresidential/mediumresidential63.tif	UCM_80/train/mediumresidential/mediumresidential63.tif
train	mediumresidential	12	mediumresidential64.tif	mediumresidential/mediumresidential64.tif	UCM_80/train/mediumresidential/mediumresidential64.tif
train	mediumresidential	12	mediumresidential65.tif	mediumresidential/mediumresidential65.tif	UCM_80/train/mediumresidential/mediumresidential65.tif
train	mediumresidential	12	mediumresidential66.tif	mediumresidential/mediumresidential66.tif	UCM_80/train/mediumresidential/mediumresidential66.tif
train	mediumresidential	12	mediumresidential67.tif	mediumresidential/mediumresidential67.tif	UCM_80/train/mediumresidential/mediumresidential67.tif
train	mediumresidential	12	mediumresidential68.tif	mediumresidential/mediumresidential68.tif	UCM_80/train/mediumresidential/mediumresidential68.tif
train	mediumresidential	12	mediumresidential69.tif	mediumresidential/mediumresidential69.tif	UCM_80/train/mediumresidential/mediumresidential69.tif
train	mediumresidential	12	mediumresidential70.tif	mediumresidential/mediumresidential70.tif	UCM_80/train/mediumresidential/mediumresidential70.tif
train	mediumresidential	12	mediumresidential71.tif	mediumresidential/mediumresidential71.tif	UCM_80/train/mediumresidential/mediumresidential71.tif
train	mediumresidential	12	mediumresidential72.tif	mediumresidential/mediumresidential72.tif	UCM_80/train/mediumresidential/mediumresidential72.tif
train	mediumresidential	12	mediumresidential73.tif	mediumresidential/mediumresidential73.tif	UCM_80/train/mediumresidential/mediumresidential73.tif
train	mediumresidential	12	mediumresidential74.tif	mediumresidential/mediumresidential74.tif	UCM_80/train/mediumresidential/mediumresidential74.tif
train	mediumresidential	12	mediumresidential75.tif	mediumresidential/mediumresidential75.tif	UCM_80/train/mediumresidential/mediumresidential75.tif
train	mediumresidential	12	mediumresidential76.tif	mediumresidential/mediumresidential76.tif	UCM_80/train/mediumresidential/mediumresidential76.tif
train	mediumresidential	12	mediumresidential77.tif	mediumresidential/mediumresidential77.tif	UCM_80/train/mediumresidential/mediumresidential77.tif
train	mediumresidential	12	mediumresidential79.tif	mediumresidential/mediumresidential79.tif	UCM_80/train/mediumresidential/mediumresidential79.tif
train	mediumresidential	12	mediumresidential80.tif	mediumresidential/mediumresidential80.tif	UCM_80/train/mediumresidential/mediumresidential80.tif
train	mediumresidential	12	mediumresidential81.tif	mediumresidential/mediumresidential81.tif	UCM_80/train/mediumresidential/mediumresidential81.tif
train	mediumresidential	12	mediumresidential82.tif	mediumresidential/mediumresidential82.tif	UCM_80/train/mediumresidential/mediumresidential82.tif
train	mediumresidential	12	mediumresidential83.tif	mediumresidential/mediumresidential83.tif	UCM_80/train/mediumresidential/mediumresidential83.tif
train	mediumresidential	12	mediumresidential84.tif	mediumresidential/mediumresidential84.tif	UCM_80/train/mediumresidential/mediumresidential84.tif
train	mediumresidential	12	mediumresidential86.tif	mediumresidential/mediumresidential86.tif	UCM_80/train/mediumresidential/mediumresidential86.tif
train	mediumresidential	12	mediumresidential87.tif	mediumresidential/mediumresidential87.tif	UCM_80/train/mediumresidential/mediumresidential87.tif
train	mediumresidential	12	mediumresidential90.tif	mediumresidential/mediumresidential90.tif	UCM_80/train/mediumresidential/mediumresidential90.tif
train	mediumresidential	12	mediumresidential93.tif	mediumresidential/mediumresidential93.tif	UCM_80/train/mediumresidential/mediumresidential93.tif
train	mediumresidential	12	mediumresidential94.tif	mediumresidential/mediumresidential94.tif	UCM_80/train/mediumresidential/mediumresidential94.tif
train	mediumresidential	12	mediumresidential95.tif	mediumresidential/mediumresidential95.tif	UCM_80/train/mediumresidential/mediumresidential95.tif
train	mediumresidential	12	mediumresidential96.tif	mediumresidential/mediumresidential96.tif	UCM_80/train/mediumresidential/mediumresidential96.tif
train	mediumresidential	12	mediumresidential97.tif	mediumresidential/mediumresidential97.tif	UCM_80/train/mediumresidential/mediumresidential97.tif
train	mediumresidential	12	mediumresidential99.tif	mediumresidential/mediumresidential99.tif	UCM_80/train/mediumresidential/mediumresidential99.tif
train	mobilehomepark	13	mobilehomepark00.tif	mobilehomepark/mobilehomepark00.tif	UCM_80/train/mobilehomepark/mobilehomepark00.tif
train	mobilehomepark	13	mobilehomepark01.tif	mobilehomepark/mobilehomepark01.tif	UCM_80/train/mobilehomepark/mobilehomepark01.tif
train	mobilehomepark	13	mobilehomepark02.tif	mobilehomepark/mobilehomepark02.tif	UCM_80/train/mobilehomepark/mobilehomepark02.tif
train	mobilehomepark	13	mobilehomepark03.tif	mobilehomepark/mobilehomepark03.tif	UCM_80/train/mobilehomepark/mobilehomepark03.tif
train	mobilehomepark	13	mobilehomepark04.tif	mobilehomepark/mobilehomepark04.tif	UCM_80/train/mobilehomepark/mobilehomepark04.tif
train	mobilehomepark	13	mobilehomepark05.tif	mobilehomepark/mobilehomepark05.tif	UCM_80/train/mobilehomepark/mobilehomepark05.tif
train	mobilehomepark	13	mobilehomepark06.tif	mobilehomepark/mobilehomepark06.tif	UCM_80/train/mobilehomepark/mobilehomepark06.tif
train	mobilehomepark	13	mobilehomepark07.tif	mobilehomepark/mobilehomepark07.tif	UCM_80/train/mobilehomepark/mobilehomepark07.tif
train	mobilehomepark	13	mobilehomepark08.tif	mobilehomepark/mobilehomepark08.tif	UCM_80/train/mobilehomepark/mobilehomepark08.tif
train	mobilehomepark	13	mobilehomepark10.tif	mobilehomepark/mobilehomepark10.tif	UCM_80/train/mobilehomepark/mobilehomepark10.tif
train	mobilehomepark	13	mobilehomepark11.tif	mobilehomepark/mobilehomepark11.tif	UCM_80/train/mobilehomepark/mobilehomepark11.tif
train	mobilehomepark	13	mobilehomepark12.tif	mobilehomepark/mobilehomepark12.tif	UCM_80/train/mobilehomepark/mobilehomepark12.tif
train	mobilehomepark	13	mobilehomepark13.tif	mobilehomepark/mobilehomepark13.tif	UCM_80/train/mobilehomepark/mobilehomepark13.tif
train	mobilehomepark	13	mobilehomepark14.tif	mobilehomepark/mobilehomepark14.tif	UCM_80/train/mobilehomepark/mobilehomepark14.tif
train	mobilehomepark	13	mobilehomepark15.tif	mobilehomepark/mobilehomepark15.tif	UCM_80/train/mobilehomepark/mobilehomepark15.tif
train	mobilehomepark	13	mobilehomepark16.tif	mobilehomepark/mobilehomepark16.tif	UCM_80/train/mobilehomepark/mobilehomepark16.tif
train	mobilehomepark	13	mobilehomepark18.tif	mobilehomepark/mobilehomepark18.tif	UCM_80/train/mobilehomepark/mobilehomepark18.tif
train	mobilehomepark	13	mobilehomepark19.tif	mobilehomepark/mobilehomepark19.tif	UCM_80/train/mobilehomepark/mobilehomepark19.tif
train	mobilehomepark	13	mobilehomepark22.tif	mobilehomepark/mobilehomepark22.tif	UCM_80/train/mobilehomepark/mobilehomepark22.tif
train	mobilehomepark	13	mobilehomepark24.tif	mobilehomepark/mobilehomepark24.tif	UCM_80/train/mobilehomepark/mobilehomepark24.tif
train	mobilehomepark	13	mobilehomepark25.tif	mobilehomepark/mobilehomepark25.tif	UCM_80/train/mobilehomepark/mobilehomepark25.tif
train	mobilehomepark	13	mobilehomepark26.tif	mobilehomepark/mobilehomepark26.tif	UCM_80/train/mobilehomepark/mobilehomepark26.tif
train	mobilehomepark	13	mobilehomepark27.tif	mobilehomepark/mobilehomepark27.tif	UCM_80/train/mobilehomepark/mobilehomepark27.tif
train	mobilehomepark	13	mobilehomepark29.tif	mobilehomepark/mobilehomepark29.tif	UCM_80/train/mobilehomepark/mobilehomepark29.tif
train	mobilehomepark	13	mobilehomepark30.tif	mobilehomepark/mobilehomepark30.tif	UCM_80/train/mobilehomepark/mobilehomepark30.tif
train	mobilehomepark	13	mobilehomepark31.tif	mobilehomepark/mobilehomepark31.tif	UCM_80/train/mobilehomepark/mobilehomepark31.tif
train	mobilehomepark	13	mobilehomepark33.tif	mobilehomepark/mobilehomepark33.tif	UCM_80/train/mobilehomepark/mobilehomepark33.tif
train	mobilehomepark	13	mobilehomepark35.tif	mobilehomepark/mobilehomepark35.tif	UCM_80/train/mobilehomepark/mobilehomepark35.tif
train	mobilehomepark	13	mobilehomepark36.tif	mobilehomepark/mobilehomepark36.tif	UCM_80/train/mobilehomepark/mobilehomepark36.tif
train	mobilehomepark	13	mobilehomepark37.tif	mobilehomepark/mobilehomepark37.tif	UCM_80/train/mobilehomepark/mobilehomepark37.tif
train	mobilehomepark	13	mobilehomepark39.tif	mobilehomepark/mobilehomepark39.tif	UCM_80/train/mobilehomepark/mobilehomepark39.tif
train	mobilehomepark	13	mobilehomepark40.tif	mobilehomepark/mobilehomepark40.tif	UCM_80/train/mobilehomepark/mobilehomepark40.tif
train	mobilehomepark	13	mobilehomepark41.tif	mobilehomepark/mobilehomepark41.tif	UCM_80/train/mobilehomepark/mobilehomepark41.tif
train	mobilehomepark	13	mobilehomepark42.tif	mobilehomepark/mobilehomepark42.tif	UCM_80/train/mobilehomepark/mobilehomepark42.tif
train	mobilehomepark	13	mobilehomepark43.tif	mobilehomepark/mobilehomepark43.tif	UCM_80/train/mobilehomepark/mobilehomepark43.tif
train	mobilehomepark	13	mobilehomepark44.tif	mobilehomepark/mobilehomepark44.tif	UCM_80/train/mobilehomepark/mobilehomepark44.tif
train	mobilehomepark	13	mobilehomepark45.tif	mobilehomepark/mobilehomepark45.tif	UCM_80/train/mobilehomepark/mobilehomepark45.tif
train	mobilehomepark	13	mobilehomepark46.tif	mobilehomepark/mobilehomepark46.tif	UCM_80/train/mobilehomepark/mobilehomepark46.tif
train	mobilehomepark	13	mobilehomepark47.tif	mobilehomepark/mobilehomepark47.tif	UCM_80/train/mobilehomepark/mobilehomepark47.tif
train	mobilehomepark	13	mobilehomepark48.tif	mobilehomepark/mobilehomepark48.tif	UCM_80/train/mobilehomepark/mobilehomepark48.tif
train	mobilehomepark	13	mobilehomepark49.tif	mobilehomepark/mobilehomepark49.tif	UCM_80/train/mobilehomepark/mobilehomepark49.tif
train	mobilehomepark	13	mobilehomepark50.tif	mobilehomepark/mobilehomepark50.tif	UCM_80/train/mobilehomepark/mobilehomepark50.tif
train	mobilehomepark	13	mobilehomepark54.tif	mobilehomepark/mobilehomepark54.tif	UCM_80/train/mobilehomepark/mobilehomepark54.tif
train	mobilehomepark	13	mobilehomepark55.tif	mobilehomepark/mobilehomepark55.tif	UCM_80/train/mobilehomepark/mobilehomepark55.tif
train	mobilehomepark	13	mobilehomepark56.tif	mobilehomepark/mobilehomepark56.tif	UCM_80/train/mobilehomepark/mobilehomepark56.tif
train	mobilehomepark	13	mobilehomepark58.tif	mobilehomepark/mobilehomepark58.tif	UCM_80/train/mobilehomepark/mobilehomepark58.tif
train	mobilehomepark	13	mobilehomepark59.tif	mobilehomepark/mobilehomepark59.tif	UCM_80/train/mobilehomepark/mobilehomepark59.tif
train	mobilehomepark	13	mobilehomepark60.tif	mobilehomepark/mobilehomepark60.tif	UCM_80/train/mobilehomepark/mobilehomepark60.tif
train	mobilehomepark	13	mobilehomepark62.tif	mobilehomepark/mobilehomepark62.tif	UCM_80/train/mobilehomepark/mobilehomepark62.tif
train	mobilehomepark	13	mobilehomepark63.tif	mobilehomepark/mobilehomepark63.tif	UCM_80/train/mobilehomepark/mobilehomepark63.tif
train	mobilehomepark	13	mobilehomepark64.tif	mobilehomepark/mobilehomepark64.tif	UCM_80/train/mobilehomepark/mobilehomepark64.tif
train	mobilehomepark	13	mobilehomepark65.tif	mobilehomepark/mobilehomepark65.tif	UCM_80/train/mobilehomepark/mobilehomepark65.tif
train	mobilehomepark	13	mobilehomepark66.tif	mobilehomepark/mobilehomepark66.tif	UCM_80/train/mobilehomepark/mobilehomepark66.tif
train	mobilehomepark	13	mobilehomepark67.tif	mobilehomepark/mobilehomepark67.tif	UCM_80/train/mobilehomepark/mobilehomepark67.tif
train	mobilehomepark	13	mobilehomepark68.tif	mobilehomepark/mobilehomepark68.tif	UCM_80/train/mobilehomepark/mobilehomepark68.tif
train	mobilehomepark	13	mobilehomepark69.tif	mobilehomepark/mobilehomepark69.tif	UCM_80/train/mobilehomepark/mobilehomepark69.tif
train	mobilehomepark	13	mobilehomepark70.tif	mobilehomepark/mobilehomepark70.tif	UCM_80/train/mobilehomepark/mobilehomepark70.tif
train	mobilehomepark	13	mobilehomepark71.tif	mobilehomepark/mobilehomepark71.tif	UCM_80/train/mobilehomepark/mobilehomepark71.tif
train	mobilehomepark	13	mobilehomepark72.tif	mobilehomepark/mobilehomepark72.tif	UCM_80/train/mobilehomepark/mobilehomepark72.tif
train	mobilehomepark	13	mobilehomepark73.tif	mobilehomepark/mobilehomepark73.tif	UCM_80/train/mobilehomepark/mobilehomepark73.tif
train	mobilehomepark	13	mobilehomepark74.tif	mobilehomepark/mobilehomepark74.tif	UCM_80/train/mobilehomepark/mobilehomepark74.tif
train	mobilehomepark	13	mobilehomepark75.tif	mobilehomepark/mobilehomepark75.tif	UCM_80/train/mobilehomepark/mobilehomepark75.tif
train	mobilehomepark	13	mobilehomepark77.tif	mobilehomepark/mobilehomepark77.tif	UCM_80/train/mobilehomepark/mobilehomepark77.tif
train	mobilehomepark	13	mobilehomepark78.tif	mobilehomepark/mobilehomepark78.tif	UCM_80/train/mobilehomepark/mobilehomepark78.tif
train	mobilehomepark	13	mobilehomepark79.tif	mobilehomepark/mobilehomepark79.tif	UCM_80/train/mobilehomepark/mobilehomepark79.tif
train	mobilehomepark	13	mobilehomepark81.tif	mobilehomepark/mobilehomepark81.tif	UCM_80/train/mobilehomepark/mobilehomepark81.tif
train	mobilehomepark	13	mobilehomepark82.tif	mobilehomepark/mobilehomepark82.tif	UCM_80/train/mobilehomepark/mobilehomepark82.tif
train	mobilehomepark	13	mobilehomepark83.tif	mobilehomepark/mobilehomepark83.tif	UCM_80/train/mobilehomepark/mobilehomepark83.tif
train	mobilehomepark	13	mobilehomepark84.tif	mobilehomepark/mobilehomepark84.tif	UCM_80/train/mobilehomepark/mobilehomepark84.tif
train	mobilehomepark	13	mobilehomepark85.tif	mobilehomepark/mobilehomepark85.tif	UCM_80/train/mobilehomepark/mobilehomepark85.tif
train	mobilehomepark	13	mobilehomepark87.tif	mobilehomepark/mobilehomepark87.tif	UCM_80/train/mobilehomepark/mobilehomepark87.tif
train	mobilehomepark	13	mobilehomepark89.tif	mobilehomepark/mobilehomepark89.tif	UCM_80/train/mobilehomepark/mobilehomepark89.tif
train	mobilehomepark	13	mobilehomepark90.tif	mobilehomepark/mobilehomepark90.tif	UCM_80/train/mobilehomepark/mobilehomepark90.tif
train	mobilehomepark	13	mobilehomepark92.tif	mobilehomepark/mobilehomepark92.tif	UCM_80/train/mobilehomepark/mobilehomepark92.tif
train	mobilehomepark	13	mobilehomepark93.tif	mobilehomepark/mobilehomepark93.tif	UCM_80/train/mobilehomepark/mobilehomepark93.tif
train	mobilehomepark	13	mobilehomepark94.tif	mobilehomepark/mobilehomepark94.tif	UCM_80/train/mobilehomepark/mobilehomepark94.tif
train	mobilehomepark	13	mobilehomepark95.tif	mobilehomepark/mobilehomepark95.tif	UCM_80/train/mobilehomepark/mobilehomepark95.tif
train	mobilehomepark	13	mobilehomepark96.tif	mobilehomepark/mobilehomepark96.tif	UCM_80/train/mobilehomepark/mobilehomepark96.tif
train	mobilehomepark	13	mobilehomepark97.tif	mobilehomepark/mobilehomepark97.tif	UCM_80/train/mobilehomepark/mobilehomepark97.tif
train	mobilehomepark	13	mobilehomepark99.tif	mobilehomepark/mobilehomepark99.tif	UCM_80/train/mobilehomepark/mobilehomepark99.tif
train	overpass	14	overpass01.tif	overpass/overpass01.tif	UCM_80/train/overpass/overpass01.tif
train	overpass	14	overpass02.tif	overpass/overpass02.tif	UCM_80/train/overpass/overpass02.tif
train	overpass	14	overpass03.tif	overpass/overpass03.tif	UCM_80/train/overpass/overpass03.tif
train	overpass	14	overpass04.tif	overpass/overpass04.tif	UCM_80/train/overpass/overpass04.tif
train	overpass	14	overpass05.tif	overpass/overpass05.tif	UCM_80/train/overpass/overpass05.tif
train	overpass	14	overpass08.tif	overpass/overpass08.tif	UCM_80/train/overpass/overpass08.tif
train	overpass	14	overpass09.tif	overpass/overpass09.tif	UCM_80/train/overpass/overpass09.tif
train	overpass	14	overpass10.tif	overpass/overpass10.tif	UCM_80/train/overpass/overpass10.tif
train	overpass	14	overpass11.tif	overpass/overpass11.tif	UCM_80/train/overpass/overpass11.tif
train	overpass	14	overpass12.tif	overpass/overpass12.tif	UCM_80/train/overpass/overpass12.tif
train	overpass	14	overpass13.tif	overpass/overpass13.tif	UCM_80/train/overpass/overpass13.tif
train	overpass	14	overpass14.tif	overpass/overpass14.tif	UCM_80/train/overpass/overpass14.tif
train	overpass	14	overpass15.tif	overpass/overpass15.tif	UCM_80/train/overpass/overpass15.tif
train	overpass	14	overpass16.tif	overpass/overpass16.tif	UCM_80/train/overpass/overpass16.tif
train	overpass	14	overpass18.tif	overpass/overpass18.tif	UCM_80/train/overpass/overpass18.tif
train	overpass	14	overpass19.tif	overpass/overpass19.tif	UCM_80/train/overpass/overpass19.tif
train	overpass	14	overpass20.tif	overpass/overpass20.tif	UCM_80/train/overpass/overpass20.tif
train	overpass	14	overpass21.tif	overpass/overpass21.tif	UCM_80/train/overpass/overpass21.tif
train	overpass	14	overpass22.tif	overpass/overpass22.tif	UCM_80/train/overpass/overpass22.tif
train	overpass	14	overpass23.tif	overpass/overpass23.tif	UCM_80/train/overpass/overpass23.tif
train	overpass	14	overpass24.tif	overpass/overpass24.tif	UCM_80/train/overpass/overpass24.tif
train	overpass	14	overpass25.tif	overpass/overpass25.tif	UCM_80/train/overpass/overpass25.tif
train	overpass	14	overpass27.tif	overpass/overpass27.tif	UCM_80/train/overpass/overpass27.tif
train	overpass	14	overpass28.tif	overpass/overpass28.tif	UCM_80/train/overpass/overpass28.tif
train	overpass	14	overpass29.tif	overpass/overpass29.tif	UCM_80/train/overpass/overpass29.tif
train	overpass	14	overpass31.tif	overpass/overpass31.tif	UCM_80/train/overpass/overpass31.tif
train	overpass	14	overpass32.tif	overpass/overpass32.tif	UCM_80/train/overpass/overpass32.tif
train	overpass	14	overpass33.tif	overpass/overpass33.tif	UCM_80/train/overpass/overpass33.tif
train	overpass	14	overpass34.tif	overpass/overpass34.tif	UCM_80/train/overpass/overpass34.tif
train	overpass	14	overpass35.tif	overpass/overpass35.tif	UCM_80/train/overpass/overpass35.tif
train	overpass	14	overpass36.tif	overpass/overpass36.tif	UCM_80/train/overpass/overpass36.tif
train	overpass	14	overpass37.tif	overpass/overpass37.tif	UCM_80/train/overpass/overpass37.tif
train	overpass	14	overpass38.tif	overpass/overpass38.tif	UCM_80/train/overpass/overpass38.tif
train	overpass	14	overpass40.tif	overpass/overpass40.tif	UCM_80/train/overpass/overpass40.tif
train	overpass	14	overpass41.tif	overpass/overpass41.tif	UCM_80/train/overpass/overpass41.tif
train	overpass	14	overpass42.tif	overpass/overpass42.tif	UCM_80/train/overpass/overpass42.tif
train	overpass	14	overpass43.tif	overpass/overpass43.tif	UCM_80/train/overpass/overpass43.tif
train	overpass	14	overpass45.tif	overpass/overpass45.tif	UCM_80/train/overpass/overpass45.tif
train	overpass	14	overpass46.tif	overpass/overpass46.tif	UCM_80/train/overpass/overpass46.tif
train	overpass	14	overpass47.tif	overpass/overpass47.tif	UCM_80/train/overpass/overpass47.tif
train	overpass	14	overpass48.tif	overpass/overpass48.tif	UCM_80/train/overpass/overpass48.tif
train	overpass	14	overpass50.tif	overpass/overpass50.tif	UCM_80/train/overpass/overpass50.tif
train	overpass	14	overpass51.tif	overpass/overpass51.tif	UCM_80/train/overpass/overpass51.tif
train	overpass	14	overpass52.tif	overpass/overpass52.tif	UCM_80/train/overpass/overpass52.tif
train	overpass	14	overpass53.tif	overpass/overpass53.tif	UCM_80/train/overpass/overpass53.tif
train	overpass	14	overpass54.tif	overpass/overpass54.tif	UCM_80/train/overpass/overpass54.tif
train	overpass	14	overpass55.tif	overpass/overpass55.tif	UCM_80/train/overpass/overpass55.tif
train	overpass	14	overpass56.tif	overpass/overpass56.tif	UCM_80/train/overpass/overpass56.tif
train	overpass	14	overpass57.tif	overpass/overpass57.tif	UCM_80/train/overpass/overpass57.tif
train	overpass	14	overpass58.tif	overpass/overpass58.tif	UCM_80/train/overpass/overpass58.tif
train	overpass	14	overpass62.tif	overpass/overpass62.tif	UCM_80/train/overpass/overpass62.tif
train	overpass	14	overpass64.tif	overpass/overpass64.tif	UCM_80/train/overpass/overpass64.tif
train	overpass	14	overpass65.tif	overpass/overpass65.tif	UCM_80/train/overpass/overpass65.tif
train	overpass	14	overpass66.tif	overpass/overpass66.tif	UCM_80/train/overpass/overpass66.tif
train	overpass	14	overpass67.tif	overpass/overpass67.tif	UCM_80/train/overpass/overpass67.tif
train	overpass	14	overpass69.tif	overpass/overpass69.tif	UCM_80/train/overpass/overpass69.tif
train	overpass	14	overpass71.tif	overpass/overpass71.tif	UCM_80/train/overpass/overpass71.tif
train	overpass	14	overpass72.tif	overpass/overpass72.tif	UCM_80/train/overpass/overpass72.tif
train	overpass	14	overpass73.tif	overpass/overpass73.tif	UCM_80/train/overpass/overpass73.tif
train	overpass	14	overpass74.tif	overpass/overpass74.tif	UCM_80/train/overpass/overpass74.tif
train	overpass	14	overpass75.tif	overpass/overpass75.tif	UCM_80/train/overpass/overpass75.tif
train	overpass	14	overpass77.tif	overpass/overpass77.tif	UCM_80/train/overpass/overpass77.tif
train	overpass	14	overpass78.tif	overpass/overpass78.tif	UCM_80/train/overpass/overpass78.tif
train	overpass	14	overpass79.tif	overpass/overpass79.tif	UCM_80/train/overpass/overpass79.tif
train	overpass	14	overpass80.tif	overpass/overpass80.tif	UCM_80/train/overpass/overpass80.tif
train	overpass	14	overpass81.tif	overpass/overpass81.tif	UCM_80/train/overpass/overpass81.tif
train	overpass	14	overpass83.tif	overpass/overpass83.tif	UCM_80/train/overpass/overpass83.tif
train	overpass	14	overpass84.tif	overpass/overpass84.tif	UCM_80/train/overpass/overpass84.tif
train	overpass	14	overpass86.tif	overpass/overpass86.tif	UCM_80/train/overpass/overpass86.tif
train	overpass	14	overpass87.tif	overpass/overpass87.tif	UCM_80/train/overpass/overpass87.tif
train	overpass	14	overpass88.tif	overpass/overpass88.tif	UCM_80/train/overpass/overpass88.tif
train	overpass	14	overpass89.tif	overpass/overpass89.tif	UCM_80/train/overpass/overpass89.tif
train	overpass	14	overpass90.tif	overpass/overpass90.tif	UCM_80/train/overpass/overpass90.tif
train	overpass	14	overpass91.tif	overpass/overpass91.tif	UCM_80/train/overpass/overpass91.tif
train	overpass	14	overpass92.tif	overpass/overpass92.tif	UCM_80/train/overpass/overpass92.tif
train	overpass	14	overpass93.tif	overpass/overpass93.tif	UCM_80/train/overpass/overpass93.tif
train	overpass	14	overpass95.tif	overpass/overpass95.tif	UCM_80/train/overpass/overpass95.tif
train	overpass	14	overpass97.tif	overpass/overpass97.tif	UCM_80/train/overpass/overpass97.tif
train	overpass	14	overpass98.tif	overpass/overpass98.tif	UCM_80/train/overpass/overpass98.tif
train	overpass	14	overpass99.tif	overpass/overpass99.tif	UCM_80/train/overpass/overpass99.tif
train	parkinglot	15	parkinglot00.tif	parkinglot/parkinglot00.tif	UCM_80/train/parkinglot/parkinglot00.tif
train	parkinglot	15	parkinglot01.tif	parkinglot/parkinglot01.tif	UCM_80/train/parkinglot/parkinglot01.tif
train	parkinglot	15	parkinglot02.tif	parkinglot/parkinglot02.tif	UCM_80/train/parkinglot/parkinglot02.tif
train	parkinglot	15	parkinglot03.tif	parkinglot/parkinglot03.tif	UCM_80/train/parkinglot/parkinglot03.tif
train	parkinglot	15	parkinglot04.tif	parkinglot/parkinglot04.tif	UCM_80/train/parkinglot/parkinglot04.tif
train	parkinglot	15	parkinglot05.tif	parkinglot/parkinglot05.tif	UCM_80/train/parkinglot/parkinglot05.tif
train	parkinglot	15	parkinglot06.tif	parkinglot/parkinglot06.tif	UCM_80/train/parkinglot/parkinglot06.tif
train	parkinglot	15	parkinglot07.tif	parkinglot/parkinglot07.tif	UCM_80/train/parkinglot/parkinglot07.tif
train	parkinglot	15	parkinglot08.tif	parkinglot/parkinglot08.tif	UCM_80/train/parkinglot/parkinglot08.tif
train	parkinglot	15	parkinglot09.tif	parkinglot/parkinglot09.tif	UCM_80/train/parkinglot/parkinglot09.tif
train	parkinglot	15	parkinglot11.tif	parkinglot/parkinglot11.tif	UCM_80/train/parkinglot/parkinglot11.tif
train	parkinglot	15	parkinglot12.tif	parkinglot/parkinglot12.tif	UCM_80/train/parkinglot/parkinglot12.tif
train	parkinglot	15	parkinglot13.tif	parkinglot/parkinglot13.tif	UCM_80/train/parkinglot/parkinglot13.tif
train	parkinglot	15	parkinglot14.tif	parkinglot/parkinglot14.tif	UCM_80/train/parkinglot/parkinglot14.tif
train	parkinglot	15	parkinglot15.tif	parkinglot/parkinglot15.tif	UCM_80/train/parkinglot/parkinglot15.tif
train	parkinglot	15	parkinglot16.tif	parkinglot/parkinglot16.tif	UCM_80/train/parkinglot/parkinglot16.tif
train	parkinglot	15	parkinglot18.tif	parkinglot/parkinglot18.tif	UCM_80/train/parkinglot/parkinglot18.tif
train	parkinglot	15	parkinglot19.tif	parkinglot/parkinglot19.tif	UCM_80/train/parkinglot/parkinglot19.tif
train	parkinglot	15	parkinglot20.tif	parkinglot/parkinglot20.tif	UCM_80/train/parkinglot/parkinglot20.tif
train	parkinglot	15	parkinglot22.tif	parkinglot/parkinglot22.tif	UCM_80/train/parkinglot/parkinglot22.tif
train	parkinglot	15	parkinglot24.tif	parkinglot/parkinglot24.tif	UCM_80/train/parkinglot/parkinglot24.tif
train	parkinglot	15	parkinglot26.tif	parkinglot/parkinglot26.tif	UCM_80/train/parkinglot/parkinglot26.tif
train	parkinglot	15	parkinglot28.tif	parkinglot/parkinglot28.tif	UCM_80/train/parkinglot/parkinglot28.tif
train	parkinglot	15	parkinglot29.tif	parkinglot/parkinglot29.tif	UCM_80/train/parkinglot/parkinglot29.tif
train	parkinglot	15	parkinglot30.tif	parkinglot/parkinglot30.tif	UCM_80/train/parkinglot/parkinglot30.tif
train	parkinglot	15	parkinglot31.tif	parkinglot/parkinglot31.tif	UCM_80/train/parkinglot/parkinglot31.tif
train	parkinglot	15	parkinglot32.tif	parkinglot/parkinglot32.tif	UCM_80/train/parkinglot/parkinglot32.tif
train	parkinglot	15	parkinglot33.tif	parkinglot/parkinglot33.tif	UCM_80/train/parkinglot/parkinglot33.tif
train	parkinglot	15	parkinglot34.tif	parkinglot/parkinglot34.tif	UCM_80/train/parkinglot/parkinglot34.tif
train	parkinglot	15	parkinglot35.tif	parkinglot/parkinglot35.tif	UCM_80/train/parkinglot/parkinglot35.tif
train	parkinglot	15	parkinglot36.tif	parkinglot/parkinglot36.tif	UCM_80/train/parkinglot/parkinglot36.tif
train	parkinglot	15	parkinglot37.tif	parkinglot/parkinglot37.tif	UCM_80/train/parkinglot/parkinglot37.tif
train	parkinglot	15	parkinglot40.tif	parkinglot/parkinglot40.tif	UCM_80/train/parkinglot/parkinglot40.tif
train	parkinglot	15	parkinglot43.tif	parkinglot/parkinglot43.tif	UCM_80/train/parkinglot/parkinglot43.tif
train	parkinglot	15	parkinglot44.tif	parkinglot/parkinglot44.tif	UCM_80/train/parkinglot/parkinglot44.tif
train	parkinglot	15	parkinglot45.tif	parkinglot/parkinglot45.tif	UCM_80/train/parkinglot/parkinglot45.tif
train	parkinglot	15	parkinglot46.tif	parkinglot/parkinglot46.tif	UCM_80/train/parkinglot/parkinglot46.tif
train	parkinglot	15	parkinglot47.tif	parkinglot/parkinglot47.tif	UCM_80/train/parkinglot/parkinglot47.tif
train	parkinglot	15	parkinglot48.tif	parkinglot/parkinglot48.tif	UCM_80/train/parkinglot/parkinglot48.tif
train	parkinglot	15	parkinglot49.tif	parkinglot/parkinglot49.tif	UCM_80/train/parkinglot/parkinglot49.tif
train	parkinglot	15	parkinglot50.tif	parkinglot/parkinglot50.tif	UCM_80/train/parkinglot/parkinglot50.tif
train	parkinglot	15	parkinglot51.tif	parkinglot/parkinglot51.tif	UCM_80/train/parkinglot/parkinglot51.tif
train	parkinglot	15	parkinglot52.tif	parkinglot/parkinglot52.tif	UCM_80/train/parkinglot/parkinglot52.tif
train	parkinglot	15	parkinglot53.tif	parkinglot/parkinglot53.tif	UCM_80/train/parkinglot/parkinglot53.tif
train	parkinglot	15	parkinglot54.tif	parkinglot/parkinglot54.tif	UCM_80/train/parkinglot/parkinglot54.tif
train	parkinglot	15	parkinglot55.tif	parkinglot/parkinglot55.tif	UCM_80/train/parkinglot/parkinglot55.tif
train	parkinglot	15	parkinglot56.tif	parkinglot/parkinglot56.tif	UCM_80/train/parkinglot/parkinglot56.tif
train	parkinglot	15	parkinglot57.tif	parkinglot/parkinglot57.tif	UCM_80/train/parkinglot/parkinglot57.tif
train	parkinglot	15	parkinglot58.tif	parkinglot/parkinglot58.tif	UCM_80/train/parkinglot/parkinglot58.tif
train	parkinglot	15	parkinglot59.tif	parkinglot/parkinglot59.tif	UCM_80/train/parkinglot/parkinglot59.tif
train	parkinglot	15	parkinglot60.tif	parkinglot/parkinglot60.tif	UCM_80/train/parkinglot/parkinglot60.tif
train	parkinglot	15	parkinglot61.tif	parkinglot/parkinglot61.tif	UCM_80/train/parkinglot/parkinglot61.tif
train	parkinglot	15	parkinglot62.tif	parkinglot/parkinglot62.tif	UCM_80/train/parkinglot/parkinglot62.tif
train	parkinglot	15	parkinglot63.tif	parkinglot/parkinglot63.tif	UCM_80/train/parkinglot/parkinglot63.tif
train	parkinglot	15	parkinglot64.tif	parkinglot/parkinglot64.tif	UCM_80/train/parkinglot/parkinglot64.tif
train	parkinglot	15	parkinglot66.tif	parkinglot/parkinglot66.tif	UCM_80/train/parkinglot/parkinglot66.tif
train	parkinglot	15	parkinglot67.tif	parkinglot/parkinglot67.tif	UCM_80/train/parkinglot/parkinglot67.tif
train	parkinglot	15	parkinglot68.tif	parkinglot/parkinglot68.tif	UCM_80/train/parkinglot/parkinglot68.tif
train	parkinglot	15	parkinglot69.tif	parkinglot/parkinglot69.tif	UCM_80/train/parkinglot/parkinglot69.tif
train	parkinglot	15	parkinglot70.tif	parkinglot/parkinglot70.tif	UCM_80/train/parkinglot/parkinglot70.tif
train	parkinglot	15	parkinglot71.tif	parkinglot/parkinglot71.tif	UCM_80/train/parkinglot/parkinglot71.tif
train	parkinglot	15	parkinglot72.tif	parkinglot/parkinglot72.tif	UCM_80/train/parkinglot/parkinglot72.tif
train	parkinglot	15	parkinglot73.tif	parkinglot/parkinglot73.tif	UCM_80/train/parkinglot/parkinglot73.tif
train	parkinglot	15	parkinglot74.tif	parkinglot/parkinglot74.tif	UCM_80/train/parkinglot/parkinglot74.tif
train	parkinglot	15	parkinglot75.tif	parkinglot/parkinglot75.tif	UCM_80/train/parkinglot/parkinglot75.tif
train	parkinglot	15	parkinglot76.tif	parkinglot/parkinglot76.tif	UCM_80/train/parkinglot/parkinglot76.tif
train	parkinglot	15	parkinglot77.tif	parkinglot/parkinglot77.tif	UCM_80/train/parkinglot/parkinglot77.tif
train	parkinglot	15	parkinglot78.tif	parkinglot/parkinglot78.tif	UCM_80/train/parkinglot/parkinglot78.tif
train	parkinglot	15	parkinglot79.tif	parkinglot/parkinglot79.tif	UCM_80/train/parkinglot/parkinglot79.tif
train	parkinglot	15	parkinglot80.tif	parkinglot/parkinglot80.tif	UCM_80/train/parkinglot/parkinglot80.tif
train	parkinglot	15	parkinglot82.tif	parkinglot/parkinglot82.tif	UCM_80/train/parkinglot/parkinglot82.tif
train	parkinglot	15	parkinglot83.tif	parkinglot/parkinglot83.tif	UCM_80/train/parkinglot/parkinglot83.tif
train	parkinglot	15	parkinglot84.tif	parkinglot/parkinglot84.tif	UCM_80/train/parkinglot/parkinglot84.tif
train	parkinglot	15	parkinglot86.tif	parkinglot/parkinglot86.tif	UCM_80/train/parkinglot/parkinglot86.tif
train	parkinglot	15	parkinglot89.tif	parkinglot/parkinglot89.tif	UCM_80/train/parkinglot/parkinglot89.tif
train	parkinglot	15	parkinglot92.tif	parkinglot/parkinglot92.tif	UCM_80/train/parkinglot/parkinglot92.tif
train	parkinglot	15	parkinglot94.tif	parkinglot/parkinglot94.tif	UCM_80/train/parkinglot/parkinglot94.tif
train	parkinglot	15	parkinglot96.tif	parkinglot/parkinglot96.tif	UCM_80/train/parkinglot/parkinglot96.tif
train	parkinglot	15	parkinglot97.tif	parkinglot/parkinglot97.tif	UCM_80/train/parkinglot/parkinglot97.tif
train	parkinglot	15	parkinglot98.tif	parkinglot/parkinglot98.tif	UCM_80/train/parkinglot/parkinglot98.tif
train	river	16	river00.tif	river/river00.tif	UCM_80/train/river/river00.tif
train	river	16	river01.tif	river/river01.tif	UCM_80/train/river/river01.tif
train	river	16	river02.tif	river/river02.tif	UCM_80/train/river/river02.tif
train	river	16	river03.tif	river/river03.tif	UCM_80/train/river/river03.tif
train	river	16	river04.tif	river/river04.tif	UCM_80/train/river/river04.tif
train	river	16	river05.tif	river/river05.tif	UCM_80/train/river/river05.tif
train	river	16	river06.tif	river/river06.tif	UCM_80/train/river/river06.tif
train	river	16	river07.tif	river/river07.tif	UCM_80/train/river/river07.tif
train	river	16	river08.tif	river/river08.tif	UCM_80/train/river/river08.tif
train	river	16	river09.tif	river/river09.tif	UCM_80/train/river/river09.tif
train	river	16	river10.tif	river/river10.tif	UCM_80/train/river/river10.tif
train	river	16	river11.tif	river/river11.tif	UCM_80/train/river/river11.tif
train	river	16	river12.tif	river/river12.tif	UCM_80/train/river/river12.tif
train	river	16	river13.tif	river/river13.tif	UCM_80/train/river/river13.tif
train	river	16	river14.tif	river/river14.tif	UCM_80/train/river/river14.tif
train	river	16	river15.tif	river/river15.tif	UCM_80/train/river/river15.tif
train	river	16	river16.tif	river/river16.tif	UCM_80/train/river/river16.tif
train	river	16	river17.tif	river/river17.tif	UCM_80/train/river/river17.tif
train	river	16	river18.tif	river/river18.tif	UCM_80/train/river/river18.tif
train	river	16	river19.tif	river/river19.tif	UCM_80/train/river/river19.tif
train	river	16	river20.tif	river/river20.tif	UCM_80/train/river/river20.tif
train	river	16	river21.tif	river/river21.tif	UCM_80/train/river/river21.tif
train	river	16	river22.tif	river/river22.tif	UCM_80/train/river/river22.tif
train	river	16	river25.tif	river/river25.tif	UCM_80/train/river/river25.tif
train	river	16	river26.tif	river/river26.tif	UCM_80/train/river/river26.tif
train	river	16	river27.tif	river/river27.tif	UCM_80/train/river/river27.tif
train	river	16	river28.tif	river/river28.tif	UCM_80/train/river/river28.tif
train	river	16	river29.tif	river/river29.tif	UCM_80/train/river/river29.tif
train	river	16	river30.tif	river/river30.tif	UCM_80/train/river/river30.tif
train	river	16	river31.tif	river/river31.tif	UCM_80/train/river/river31.tif
train	river	16	river32.tif	river/river32.tif	UCM_80/train/river/river32.tif
train	river	16	river33.tif	river/river33.tif	UCM_80/train/river/river33.tif
train	river	16	river34.tif	river/river34.tif	UCM_80/train/river/river34.tif
train	river	16	river35.tif	river/river35.tif	UCM_80/train/river/river35.tif
train	river	16	river36.tif	river/river36.tif	UCM_80/train/river/river36.tif
train	river	16	river37.tif	river/river37.tif	UCM_80/train/river/river37.tif
train	river	16	river38.tif	river/river38.tif	UCM_80/train/river/river38.tif
train	river	16	river40.tif	river/river40.tif	UCM_80/train/river/river40.tif
train	river	16	river41.tif	river/river41.tif	UCM_80/train/river/river41.tif
train	river	16	river42.tif	river/river42.tif	UCM_80/train/river/river42.tif
train	river	16	river43.tif	river/river43.tif	UCM_80/train/river/river43.tif
train	river	16	river44.tif	river/river44.tif	UCM_80/train/river/river44.tif
train	river	16	river45.tif	river/river45.tif	UCM_80/train/river/river45.tif
train	river	16	river46.tif	river/river46.tif	UCM_80/train/river/river46.tif
train	river	16	river47.tif	river/river47.tif	UCM_80/train/river/river47.tif
train	river	16	river48.tif	river/river48.tif	UCM_80/train/river/river48.tif
train	river	16	river50.tif	river/river50.tif	UCM_80/train/river/river50.tif
train	river	16	river51.tif	river/river51.tif	UCM_80/train/river/river51.tif
train	river	16	river54.tif	river/river54.tif	UCM_80/train/river/river54.tif
train	river	16	river56.tif	river/river56.tif	UCM_80/train/river/river56.tif
train	river	16	river57.tif	river/river57.tif	UCM_80/train/river/river57.tif
train	river	16	river58.tif	river/river58.tif	UCM_80/train/river/river58.tif
train	river	16	river59.tif	river/river59.tif	UCM_80/train/river/river59.tif
train	river	16	river60.tif	river/river60.tif	UCM_80/train/river/river60.tif
train	river	16	river63.tif	river/river63.tif	UCM_80/train/river/river63.tif
train	river	16	river64.tif	river/river64.tif	UCM_80/train/river/river64.tif
train	river	16	river66.tif	river/river66.tif	UCM_80/train/river/river66.tif
train	river	16	river67.tif	river/river67.tif	UCM_80/train/river/river67.tif
train	river	16	river68.tif	river/river68.tif	UCM_80/train/river/river68.tif
train	river	16	river69.tif	river/river69.tif	UCM_80/train/river/river69.tif
train	river	16	river70.tif	river/river70.tif	UCM_80/train/river/river70.tif
train	river	16	river71.tif	river/river71.tif	UCM_80/train/river/river71.tif
train	river	16	river72.tif	river/river72.tif	UCM_80/train/river/river72.tif
train	river	16	river73.tif	river/river73.tif	UCM_80/train/river/river73.tif
train	river	16	river74.tif	river/river74.tif	UCM_80/train/river/river74.tif
train	river	16	river75.tif	river/river75.tif	UCM_80/train/river/river75.tif
train	river	16	river77.tif	river/river77.tif	UCM_80/train/river/river77.tif
train	river	16	river79.tif	river/river79.tif	UCM_80/train/river/river79.tif
train	river	16	river81.tif	river/river81.tif	UCM_80/train/river/river81.tif
train	river	16	river83.tif	river/river83.tif	UCM_80/train/river/river83.tif
train	river	16	river85.tif	river/river85.tif	UCM_80/train/river/river85.tif
train	river	16	river86.tif	river/river86.tif	UCM_80/train/river/river86.tif
train	river	16	river87.tif	river/river87.tif	UCM_80/train/river/river87.tif
train	river	16	river89.tif	river/river89.tif	UCM_80/train/river/river89.tif
train	river	16	river90.tif	river/river90.tif	UCM_80/train/river/river90.tif
train	river	16	river92.tif	river/river92.tif	UCM_80/train/river/river92.tif
train	river	16	river93.tif	river/river93.tif	UCM_80/train/river/river93.tif
train	river	16	river95.tif	river/river95.tif	UCM_80/train/river/river95.tif
train	river	16	river97.tif	river/river97.tif	UCM_80/train/river/river97.tif
train	river	16	river98.tif	river/river98.tif	UCM_80/train/river/river98.tif
train	runway	17	runway00.tif	runway/runway00.tif	UCM_80/train/runway/runway00.tif
train	runway	17	runway02.tif	runway/runway02.tif	UCM_80/train/runway/runway02.tif
train	runway	17	runway04.tif	runway/runway04.tif	UCM_80/train/runway/runway04.tif
train	runway	17	runway08.tif	runway/runway08.tif	UCM_80/train/runway/runway08.tif
train	runway	17	runway11.tif	runway/runway11.tif	UCM_80/train/runway/runway11.tif
train	runway	17	runway12.tif	runway/runway12.tif	UCM_80/train/runway/runway12.tif
train	runway	17	runway13.tif	runway/runway13.tif	UCM_80/train/runway/runway13.tif
train	runway	17	runway14.tif	runway/runway14.tif	UCM_80/train/runway/runway14.tif
train	runway	17	runway15.tif	runway/runway15.tif	UCM_80/train/runway/runway15.tif
train	runway	17	runway16.tif	runway/runway16.tif	UCM_80/train/runway/runway16.tif
train	runway	17	runway18.tif	runway/runway18.tif	UCM_80/train/runway/runway18.tif
train	runway	17	runway19.tif	runway/runway19.tif	UCM_80/train/runway/runway19.tif
train	runway	17	runway20.tif	runway/runway20.tif	UCM_80/train/runway/runway20.tif
train	runway	17	runway21.tif	runway/runway21.tif	UCM_80/train/runway/runway21.tif
train	runway	17	runway22.tif	runway/runway22.tif	UCM_80/train/runway/runway22.tif
train	runway	17	runway25.tif	runway/runway25.tif	UCM_80/train/runway/runway25.tif
train	runway	17	runway26.tif	runway/runway26.tif	UCM_80/train/runway/runway26.tif
train	runway	17	runway30.tif	runway/runway30.tif	UCM_80/train/runway/runway30.tif
train	runway	17	runway31.tif	runway/runway31.tif	UCM_80/train/runway/runway31.tif
train	runway	17	runway32.tif	runway/runway32.tif	UCM_80/train/runway/runway32.tif
train	runway	17	runway33.tif	runway/runway33.tif	UCM_80/train/runway/runway33.tif
train	runway	17	runway34.tif	runway/runway34.tif	UCM_80/train/runway/runway34.tif
train	runway	17	runway35.tif	runway/runway35.tif	UCM_80/train/runway/runway35.tif
train	runway	17	runway37.tif	runway/runway37.tif	UCM_80/train/runway/runway37.tif
train	runway	17	runway38.tif	runway/runway38.tif	UCM_80/train/runway/runway38.tif
train	runway	17	runway39.tif	runway/runway39.tif	UCM_80/train/runway/runway39.tif
train	runway	17	runway40.tif	runway/runway40.tif	UCM_80/train/runway/runway40.tif
train	runway	17	runway41.tif	runway/runway41.tif	UCM_80/train/runway/runway41.tif
train	runway	17	runway42.tif	runway/runway42.tif	UCM_80/train/runway/runway42.tif
train	runway	17	runway43.tif	runway/runway43.tif	UCM_80/train/runway/runway43.tif
train	runway	17	runway44.tif	runway/runway44.tif	UCM_80/train/runway/runway44.tif
train	runway	17	runway45.tif	runway/runway45.tif	UCM_80/train/runway/runway45.tif
train	runway	17	runway46.tif	runway/runway46.tif	UCM_80/train/runway/runway46.tif
train	runway	17	runway47.tif	runway/runway47.tif	UCM_80/train/runway/runway47.tif
train	runway	17	runway48.tif	runway/runway48.tif	UCM_80/train/runway/runway48.tif
train	runway	17	runway49.tif	runway/runway49.tif	UCM_80/train/runway/runway49.tif
train	runway	17	runway50.tif	runway/runway50.tif	UCM_80/train/runway/runway50.tif
train	runway	17	runway51.tif	runway/runway51.tif	UCM_80/train/runway/runway51.tif
train	runway	17	runway52.tif	runway/runway52.tif	UCM_80/train/runway/runway52.tif
train	runway	17	runway53.tif	runway/runway53.tif	UCM_80/train/runway/runway53.tif
train	runway	17	runway55.tif	runway/runway55.tif	UCM_80/train/runway/runway55.tif
train	runway	17	runway56.tif	runway/runway56.tif	UCM_80/train/runway/runway56.tif
train	runway	17	runway57.tif	runway/runway57.tif	UCM_80/train/runway/runway57.tif
train	runway	17	runway58.tif	runway/runway58.tif	UCM_80/train/runway/runway58.tif
train	runway	17	runway59.tif	runway/runway59.tif	UCM_80/train/runway/runway59.tif
train	runway	17	runway62.tif	runway/runway62.tif	UCM_80/train/runway/runway62.tif
train	runway	17	runway63.tif	runway/runway63.tif	UCM_80/train/runway/runway63.tif
train	runway	17	runway64.tif	runway/runway64.tif	UCM_80/train/runway/runway64.tif
train	runway	17	runway65.tif	runway/runway65.tif	UCM_80/train/runway/runway65.tif
train	runway	17	runway66.tif	runway/runway66.tif	UCM_80/train/runway/runway66.tif
train	runway	17	runway67.tif	runway/runway67.tif	UCM_80/train/runway/runway67.tif
train	runway	17	runway68.tif	runway/runway68.tif	UCM_80/train/runway/runway68.tif
train	runway	17	runway69.tif	runway/runway69.tif	UCM_80/train/runway/runway69.tif
train	runway	17	runway70.tif	runway/runway70.tif	UCM_80/train/runway/runway70.tif
train	runway	17	runway71.tif	runway/runway71.tif	UCM_80/train/runway/runway71.tif
train	runway	17	runway73.tif	runway/runway73.tif	UCM_80/train/runway/runway73.tif
train	runway	17	runway74.tif	runway/runway74.tif	UCM_80/train/runway/runway74.tif
train	runway	17	runway75.tif	runway/runway75.tif	UCM_80/train/runway/runway75.tif
train	runway	17	runway76.tif	runway/runway76.tif	UCM_80/train/runway/runway76.tif
train	runway	17	runway77.tif	runway/runway77.tif	UCM_80/train/runway/runway77.tif
train	runway	17	runway78.tif	runway/runway78.tif	UCM_80/train/runway/runway78.tif
train	runway	17	runway79.tif	runway/runway79.tif	UCM_80/train/runway/runway79.tif
train	runway	17	runway80.tif	runway/runway80.tif	UCM_80/train/runway/runway80.tif
train	runway	17	runway81.tif	runway/runway81.tif	UCM_80/train/runway/runway81.tif
train	runway	17	runway82.tif	runway/runway82.tif	UCM_80/train/runway/runway82.tif
train	runway	17	runway83.tif	runway/runway83.tif	UCM_80/train/runway/runway83.tif
train	runway	17	runway84.tif	runway/runway84.tif	UCM_80/train/runway/runway84.tif
train	runway	17	runway86.tif	runway/runway86.tif	UCM_80/train/runway/runway86.tif
train	runway	17	runway87.tif	runway/runway87.tif	UCM_80/train/runway/runway87.tif
train	runway	17	runway88.tif	runway/runway88.tif	UCM_80/train/runway/runway88.tif
train	runway	17	runway89.tif	runway/runway89.tif	UCM_80/train/runway/runway89.tif
train	runway	17	runway91.tif	runway/runway91.tif	UCM_80/train/runway/runway91.tif
train	runway	17	runway92.tif	runway/runway92.tif	UCM_80/train/runway/runway92.tif
train	runway	17	runway93.tif	runway/runway93.tif	UCM_80/train/runway/runway93.tif
train	runway	17	runway94.tif	runway/runway94.tif	UCM_80/train/runway/runway94.tif
train	runway	17	runway95.tif	runway/runway95.tif	UCM_80/train/runway/runway95.tif
train	runway	17	runway96.tif	runway/runway96.tif	UCM_80/train/runway/runway96.tif
train	runway	17	runway97.tif	runway/runway97.tif	UCM_80/train/runway/runway97.tif
train	runway	17	runway98.tif	runway/runway98.tif	UCM_80/train/runway/runway98.tif
train	runway	17	runway99.tif	runway/runway99.tif	UCM_80/train/runway/runway99.tif
train	sparseresidential	18	sparseresidential02.tif	sparseresidential/sparseresidential02.tif	UCM_80/train/sparseresidential/sparseresidential02.tif
train	sparseresidential	18	sparseresidential03.tif	sparseresidential/sparseresidential03.tif	UCM_80/train/sparseresidential/sparseresidential03.tif
train	sparseresidential	18	sparseresidential04.tif	sparseresidential/sparseresidential04.tif	UCM_80/train/sparseresidential/sparseresidential04.tif
train	sparseresidential	18	sparseresidential05.tif	sparseresidential/sparseresidential05.tif	UCM_80/train/sparseresidential/sparseresidential05.tif
train	sparseresidential	18	sparseresidential07.tif	sparseresidential/sparseresidential07.tif	UCM_80/train/sparseresidential/sparseresidential07.tif
train	sparseresidential	18	sparseresidential09.tif	sparseresidential/sparseresidential09.tif	UCM_80/train/sparseresidential/sparseresidential09.tif
train	sparseresidential	18	sparseresidential11.tif	sparseresidential/sparseresidential11.tif	UCM_80/train/sparseresidential/sparseresidential11.tif
train	sparseresidential	18	sparseresidential12.tif	sparseresidential/sparseresidential12.tif	UCM_80/train/sparseresidential/sparseresidential12.tif
train	sparseresidential	18	sparseresidential13.tif	sparseresidential/sparseresidential13.tif	UCM_80/train/sparseresidential/sparseresidential13.tif
train	sparseresidential	18	sparseresidential14.tif	sparseresidential/sparseresidential14.tif	UCM_80/train/sparseresidential/sparseresidential14.tif
train	sparseresidential	18	sparseresidential16.tif	sparseresidential/sparseresidential16.tif	UCM_80/train/sparseresidential/sparseresidential16.tif
train	sparseresidential	18	sparseresidential17.tif	sparseresidential/sparseresidential17.tif	UCM_80/train/sparseresidential/sparseresidential17.tif
train	sparseresidential	18	sparseresidential19.tif	sparseresidential/sparseresidential19.tif	UCM_80/train/sparseresidential/sparseresidential19.tif
train	sparseresidential	18	sparseresidential20.tif	sparseresidential/sparseresidential20.tif	UCM_80/train/sparseresidential/sparseresidential20.tif
train	sparseresidential	18	sparseresidential21.tif	sparseresidential/sparseresidential21.tif	UCM_80/train/sparseresidential/sparseresidential21.tif
train	sparseresidential	18	sparseresidential23.tif	sparseresidential/sparseresidential23.tif	UCM_80/train/sparseresidential/sparseresidential23.tif
train	sparseresidential	18	sparseresidential24.tif	sparseresidential/sparseresidential24.tif	UCM_80/train/sparseresidential/sparseresidential24.tif
train	sparseresidential	18	sparseresidential25.tif	sparseresidential/sparseresidential25.tif	UCM_80/train/sparseresidential/sparseresidential25.tif
train	sparseresidential	18	sparseresidential27.tif	sparseresidential/sparseresidential27.tif	UCM_80/train/sparseresidential/sparseresidential27.tif
train	sparseresidential	18	sparseresidential28.tif	sparseresidential/sparseresidential28.tif	UCM_80/train/sparseresidential/sparseresidential28.tif
train	sparseresidential	18	sparseresidential29.tif	sparseresidential/sparseresidential29.tif	UCM_80/train/sparseresidential/sparseresidential29.tif
train	sparseresidential	18	sparseresidential30.tif	sparseresidential/sparseresidential30.tif	UCM_80/train/sparseresidential/sparseresidential30.tif
train	sparseresidential	18	sparseresidential31.tif	sparseresidential/sparseresidential31.tif	UCM_80/train/sparseresidential/sparseresidential31.tif
train	sparseresidential	18	sparseresidential32.tif	sparseresidential/sparseresidential32.tif	UCM_80/train/sparseresidential/sparseresidential32.tif
train	sparseresidential	18	sparseresidential33.tif	sparseresidential/sparseresidential33.tif	UCM_80/train/sparseresidential/sparseresidential33.tif
train	sparseresidential	18	sparseresidential35.tif	sparseresidential/sparseresidential35.tif	UCM_80/train/sparseresidential/sparseresidential35.tif
train	sparseresidential	18	sparseresidential36.tif	sparseresidential/sparseresidential36.tif	UCM_80/train/sparseresidential/sparseresidential36.tif
train	sparseresidential	18	sparseresidential37.tif	sparseresidential/sparseresidential37.tif	UCM_80/train/sparseresidential/sparseresidential37.tif
train	sparseresidential	18	sparseresidential38.tif	sparseresidential/sparseresidential38.tif	UCM_80/train/sparseresidential/sparseresidential38.tif
train	sparseresidential	18	sparseresidential39.tif	sparseresidential/sparseresidential39.tif	UCM_80/train/sparseresidential/sparseresidential39.tif
train	sparseresidential	18	sparseresidential40.tif	sparseresidential/sparseresidential40.tif	UCM_80/train/sparseresidential/sparseresidential40.tif
train	sparseresidential	18	sparseresidential41.tif	sparseresidential/sparseresidential41.tif	UCM_80/train/sparseresidential/sparseresidential41.tif
train	sparseresidential	18	sparseresidential42.tif	sparseresidential/sparseresidential42.tif	UCM_80/train/sparseresidential/sparseresidential42.tif
train	sparseresidential	18	sparseresidential43.tif	sparseresidential/sparseresidential43.tif	UCM_80/train/sparseresidential/sparseresidential43.tif
train	sparseresidential	18	sparseresidential44.tif	sparseresidential/sparseresidential44.tif	UCM_80/train/sparseresidential/sparseresidential44.tif
train	sparseresidential	18	sparseresidential45.tif	sparseresidential/sparseresidential45.tif	UCM_80/train/sparseresidential/sparseresidential45.tif
train	sparseresidential	18	sparseresidential46.tif	sparseresidential/sparseresidential46.tif	UCM_80/train/sparseresidential/sparseresidential46.tif
train	sparseresidential	18	sparseresidential47.tif	sparseresidential/sparseresidential47.tif	UCM_80/train/sparseresidential/sparseresidential47.tif
train	sparseresidential	18	sparseresidential48.tif	sparseresidential/sparseresidential48.tif	UCM_80/train/sparseresidential/sparseresidential48.tif
train	sparseresidential	18	sparseresidential49.tif	sparseresidential/sparseresidential49.tif	UCM_80/train/sparseresidential/sparseresidential49.tif
train	sparseresidential	18	sparseresidential50.tif	sparseresidential/sparseresidential50.tif	UCM_80/train/sparseresidential/sparseresidential50.tif
train	sparseresidential	18	sparseresidential51.tif	sparseresidential/sparseresidential51.tif	UCM_80/train/sparseresidential/sparseresidential51.tif
train	sparseresidential	18	sparseresidential52.tif	sparseresidential/sparseresidential52.tif	UCM_80/train/sparseresidential/sparseresidential52.tif
train	sparseresidential	18	sparseresidential53.tif	sparseresidential/sparseresidential53.tif	UCM_80/train/sparseresidential/sparseresidential53.tif
train	sparseresidential	18	sparseresidential54.tif	sparseresidential/sparseresidential54.tif	UCM_80/train/sparseresidential/sparseresidential54.tif
train	sparseresidential	18	sparseresidential55.tif	sparseresidential/sparseresidential55.tif	UCM_80/train/sparseresidential/sparseresidential55.tif
train	sparseresidential	18	sparseresidential57.tif	sparseresidential/sparseresidential57.tif	UCM_80/train/sparseresidential/sparseresidential57.tif
train	sparseresidential	18	sparseresidential58.tif	sparseresidential/sparseresidential58.tif	UCM_80/train/sparseresidential/sparseresidential58.tif
train	sparseresidential	18	sparseresidential59.tif	sparseresidential/sparseresidential59.tif	UCM_80/train/sparseresidential/sparseresidential59.tif
train	sparseresidential	18	sparseresidential60.tif	sparseresidential/sparseresidential60.tif	UCM_80/train/sparseresidential/sparseresidential60.tif
train	sparseresidential	18	sparseresidential61.tif	sparseresidential/sparseresidential61.tif	UCM_80/train/sparseresidential/sparseresidential61.tif
train	sparseresidential	18	sparseresidential62.tif	sparseresidential/sparseresidential62.tif	UCM_80/train/sparseresidential/sparseresidential62.tif
train	sparseresidential	18	sparseresidential63.tif	sparseresidential/sparseresidential63.tif	UCM_80/train/sparseresidential/sparseresidential63.tif
train	sparseresidential	18	sparseresidential67.tif	sparseresidential/sparseresidential67.tif	UCM_80/train/sparseresidential/sparseresidential67.tif
train	sparseresidential	18	sparseresidential68.tif	sparseresidential/sparseresidential68.tif	UCM_80/train/sparseresidential/sparseresidential68.tif
train	sparseresidential	18	sparseresidential69.tif	sparseresidential/sparseresidential69.tif	UCM_80/train/sparseresidential/sparseresidential69.tif
train	sparseresidential	18	sparseresidential70.tif	sparseresidential/sparseresidential70.tif	UCM_80/train/sparseresidential/sparseresidential70.tif
train	sparseresidential	18	sparseresidential71.tif	sparseresidential/sparseresidential71.tif	UCM_80/train/sparseresidential/sparseresidential71.tif
train	sparseresidential	18	sparseresidential73.tif	sparseresidential/sparseresidential73.tif	UCM_80/train/sparseresidential/sparseresidential73.tif
train	sparseresidential	18	sparseresidential74.tif	sparseresidential/sparseresidential74.tif	UCM_80/train/sparseresidential/sparseresidential74.tif
train	sparseresidential	18	sparseresidential76.tif	sparseresidential/sparseresidential76.tif	UCM_80/train/sparseresidential/sparseresidential76.tif
train	sparseresidential	18	sparseresidential77.tif	sparseresidential/sparseresidential77.tif	UCM_80/train/sparseresidential/sparseresidential77.tif
train	sparseresidential	18	sparseresidential79.tif	sparseresidential/sparseresidential79.tif	UCM_80/train/sparseresidential/sparseresidential79.tif
train	sparseresidential	18	sparseresidential81.tif	sparseresidential/sparseresidential81.tif	UCM_80/train/sparseresidential/sparseresidential81.tif
train	sparseresidential	18	sparseresidential82.tif	sparseresidential/sparseresidential82.tif	UCM_80/train/sparseresidential/sparseresidential82.tif
train	sparseresidential	18	sparseresidential83.tif	sparseresidential/sparseresidential83.tif	UCM_80/train/sparseresidential/sparseresidential83.tif
train	sparseresidential	18	sparseresidential84.tif	sparseresidential/sparseresidential84.tif	UCM_80/train/sparseresidential/sparseresidential84.tif
train	sparseresidential	18	sparseresidential85.tif	sparseresidential/sparseresidential85.tif	UCM_80/train/sparseresidential/sparseresidential85.tif
train	sparseresidential	18	sparseresidential86.tif	sparseresidential/sparseresidential86.tif	UCM_80/train/sparseresidential/sparseresidential86.tif
train	sparseresidential	18	sparseresidential87.tif	sparseresidential/sparseresidential87.tif	UCM_80/train/sparseresidential/sparseresidential87.tif
train	sparseresidential	18	sparseresidential88.tif	sparseresidential/sparseresidential88.tif	UCM_80/train/sparseresidential/sparseresidential88.tif
train	sparseresidential	18	sparseresidential90.tif	sparseresidential/sparseresidential90.tif	UCM_80/train/sparseresidential/sparseresidential90.tif
train	sparseresidential	18	sparseresidential91.tif	sparseresidential/sparseresidential91.tif	UCM_80/train/sparseresidential/sparseresidential91.tif
train	sparseresidential	18	sparseresidential92.tif	sparseresidential/sparseresidential92.tif	UCM_80/train/sparseresidential/sparseresidential92.tif
train	sparseresidential	18	sparseresidential93.tif	sparseresidential/sparseresidential93.tif	UCM_80/train/sparseresidential/sparseresidential93.tif
train	sparseresidential	18	sparseresidential94.tif	sparseresidential/sparseresidential94.tif	UCM_80/train/sparseresidential/sparseresidential94.tif
train	sparseresidential	18	sparseresidential96.tif	sparseresidential/sparseresidential96.tif	UCM_80/train/sparseresidential/sparseresidential96.tif
train	sparseresidential	18	sparseresidential97.tif	sparseresidential/sparseresidential97.tif	UCM_80/train/sparseresidential/sparseresidential97.tif
train	sparseresidential	18	sparseresidential98.tif	sparseresidential/sparseresidential98.tif	UCM_80/train/sparseresidential/sparseresidential98.tif
train	sparseresidential	18	sparseresidential99.tif	sparseresidential/sparseresidential99.tif	UCM_80/train/sparseresidential/sparseresidential99.tif
train	storagetanks	19	storagetanks00.tif	storagetanks/storagetanks00.tif	UCM_80/train/storagetanks/storagetanks00.tif
train	storagetanks	19	storagetanks01.tif	storagetanks/storagetanks01.tif	UCM_80/train/storagetanks/storagetanks01.tif
train	storagetanks	19	storagetanks02.tif	storagetanks/storagetanks02.tif	UCM_80/train/storagetanks/storagetanks02.tif
train	storagetanks	19	storagetanks03.tif	storagetanks/storagetanks03.tif	UCM_80/train/storagetanks/storagetanks03.tif
train	storagetanks	19	storagetanks04.tif	storagetanks/storagetanks04.tif	UCM_80/train/storagetanks/storagetanks04.tif
train	storagetanks	19	storagetanks05.tif	storagetanks/storagetanks05.tif	UCM_80/train/storagetanks/storagetanks05.tif
train	storagetanks	19	storagetanks06.tif	storagetanks/storagetanks06.tif	UCM_80/train/storagetanks/storagetanks06.tif
train	storagetanks	19	storagetanks07.tif	storagetanks/storagetanks07.tif	UCM_80/train/storagetanks/storagetanks07.tif
train	storagetanks	19	storagetanks08.tif	storagetanks/storagetanks08.tif	UCM_80/train/storagetanks/storagetanks08.tif
train	storagetanks	19	storagetanks11.tif	storagetanks/storagetanks11.tif	UCM_80/train/storagetanks/storagetanks11.tif
train	storagetanks	19	storagetanks12.tif	storagetanks/storagetanks12.tif	UCM_80/train/storagetanks/storagetanks12.tif
train	storagetanks	19	storagetanks13.tif	storagetanks/storagetanks13.tif	UCM_80/train/storagetanks/storagetanks13.tif
train	storagetanks	19	storagetanks14.tif	storagetanks/storagetanks14.tif	UCM_80/train/storagetanks/storagetanks14.tif
train	storagetanks	19	storagetanks17.tif	storagetanks/storagetanks17.tif	UCM_80/train/storagetanks/storagetanks17.tif
train	storagetanks	19	storagetanks18.tif	storagetanks/storagetanks18.tif	UCM_80/train/storagetanks/storagetanks18.tif
train	storagetanks	19	storagetanks19.tif	storagetanks/storagetanks19.tif	UCM_80/train/storagetanks/storagetanks19.tif
train	storagetanks	19	storagetanks20.tif	storagetanks/storagetanks20.tif	UCM_80/train/storagetanks/storagetanks20.tif
train	storagetanks	19	storagetanks21.tif	storagetanks/storagetanks21.tif	UCM_80/train/storagetanks/storagetanks21.tif
train	storagetanks	19	storagetanks22.tif	storagetanks/storagetanks22.tif	UCM_80/train/storagetanks/storagetanks22.tif
train	storagetanks	19	storagetanks23.tif	storagetanks/storagetanks23.tif	UCM_80/train/storagetanks/storagetanks23.tif
train	storagetanks	19	storagetanks24.tif	storagetanks/storagetanks24.tif	UCM_80/train/storagetanks/storagetanks24.tif
train	storagetanks	19	storagetanks25.tif	storagetanks/storagetanks25.tif	UCM_80/train/storagetanks/storagetanks25.tif
train	storagetanks	19	storagetanks27.tif	storagetanks/storagetanks27.tif	UCM_80/train/storagetanks/storagetanks27.tif
train	storagetanks	19	storagetanks28.tif	storagetanks/storagetanks28.tif	UCM_80/train/storagetanks/storagetanks28.tif
train	storagetanks	19	storagetanks30.tif	storagetanks/storagetanks30.tif	UCM_80/train/storagetanks/storagetanks30.tif
train	storagetanks	19	storagetanks31.tif	storagetanks/storagetanks31.tif	UCM_80/train/storagetanks/storagetanks31.tif
train	storagetanks	19	storagetanks32.tif	storagetanks/storagetanks32.tif	UCM_80/train/storagetanks/storagetanks32.tif
train	storagetanks	19	storagetanks33.tif	storagetanks/storagetanks33.tif	UCM_80/train/storagetanks/storagetanks33.tif
train	storagetanks	19	storagetanks35.tif	storagetanks/storagetanks35.tif	UCM_80/train/storagetanks/storagetanks35.tif
train	storagetanks	19	storagetanks36.tif	storagetanks/storagetanks36.tif	UCM_80/train/storagetanks/storagetanks36.tif
train	storagetanks	19	storagetanks37.tif	storagetanks/storagetanks37.tif	UCM_80/train/storagetanks/storagetanks37.tif
train	storagetanks	19	storagetanks38.tif	storagetanks/storagetanks38.tif	UCM_80/train/storagetanks/storagetanks38.tif
train	storagetanks	19	storagetanks39.tif	storagetanks/storagetanks39.tif	UCM_80/train/storagetanks/storagetanks39.tif
train	storagetanks	19	storagetanks43.tif	storagetanks/storagetanks43.tif	UCM_80/train/storagetanks/storagetanks43.tif
train	storagetanks	19	storagetanks45.tif	storagetanks/storagetanks45.tif	UCM_80/train/storagetanks/storagetanks45.tif
train	storagetanks	19	storagetanks47.tif	storagetanks/storagetanks47.tif	UCM_80/train/storagetanks/storagetanks47.tif
train	storagetanks	19	storagetanks48.tif	storagetanks/storagetanks48.tif	UCM_80/train/storagetanks/storagetanks48.tif
train	storagetanks	19	storagetanks49.tif	storagetanks/storagetanks49.tif	UCM_80/train/storagetanks/storagetanks49.tif
train	storagetanks	19	storagetanks50.tif	storagetanks/storagetanks50.tif	UCM_80/train/storagetanks/storagetanks50.tif
train	storagetanks	19	storagetanks51.tif	storagetanks/storagetanks51.tif	UCM_80/train/storagetanks/storagetanks51.tif
train	storagetanks	19	storagetanks52.tif	storagetanks/storagetanks52.tif	UCM_80/train/storagetanks/storagetanks52.tif
train	storagetanks	19	storagetanks53.tif	storagetanks/storagetanks53.tif	UCM_80/train/storagetanks/storagetanks53.tif
train	storagetanks	19	storagetanks54.tif	storagetanks/storagetanks54.tif	UCM_80/train/storagetanks/storagetanks54.tif
train	storagetanks	19	storagetanks56.tif	storagetanks/storagetanks56.tif	UCM_80/train/storagetanks/storagetanks56.tif
train	storagetanks	19	storagetanks57.tif	storagetanks/storagetanks57.tif	UCM_80/train/storagetanks/storagetanks57.tif
train	storagetanks	19	storagetanks58.tif	storagetanks/storagetanks58.tif	UCM_80/train/storagetanks/storagetanks58.tif
train	storagetanks	19	storagetanks59.tif	storagetanks/storagetanks59.tif	UCM_80/train/storagetanks/storagetanks59.tif
train	storagetanks	19	storagetanks60.tif	storagetanks/storagetanks60.tif	UCM_80/train/storagetanks/storagetanks60.tif
train	storagetanks	19	storagetanks61.tif	storagetanks/storagetanks61.tif	UCM_80/train/storagetanks/storagetanks61.tif
train	storagetanks	19	storagetanks62.tif	storagetanks/storagetanks62.tif	UCM_80/train/storagetanks/storagetanks62.tif
train	storagetanks	19	storagetanks64.tif	storagetanks/storagetanks64.tif	UCM_80/train/storagetanks/storagetanks64.tif
train	storagetanks	19	storagetanks65.tif	storagetanks/storagetanks65.tif	UCM_80/train/storagetanks/storagetanks65.tif
train	storagetanks	19	storagetanks69.tif	storagetanks/storagetanks69.tif	UCM_80/train/storagetanks/storagetanks69.tif
train	storagetanks	19	storagetanks70.tif	storagetanks/storagetanks70.tif	UCM_80/train/storagetanks/storagetanks70.tif
train	storagetanks	19	storagetanks71.tif	storagetanks/storagetanks71.tif	UCM_80/train/storagetanks/storagetanks71.tif
train	storagetanks	19	storagetanks72.tif	storagetanks/storagetanks72.tif	UCM_80/train/storagetanks/storagetanks72.tif
train	storagetanks	19	storagetanks73.tif	storagetanks/storagetanks73.tif	UCM_80/train/storagetanks/storagetanks73.tif
train	storagetanks	19	storagetanks74.tif	storagetanks/storagetanks74.tif	UCM_80/train/storagetanks/storagetanks74.tif
train	storagetanks	19	storagetanks75.tif	storagetanks/storagetanks75.tif	UCM_80/train/storagetanks/storagetanks75.tif
train	storagetanks	19	storagetanks77.tif	storagetanks/storagetanks77.tif	UCM_80/train/storagetanks/storagetanks77.tif
train	storagetanks	19	storagetanks78.tif	storagetanks/storagetanks78.tif	UCM_80/train/storagetanks/storagetanks78.tif
train	storagetanks	19	storagetanks79.tif	storagetanks/storagetanks79.tif	UCM_80/train/storagetanks/storagetanks79.tif
train	storagetanks	19	storagetanks80.tif	storagetanks/storagetanks80.tif	UCM_80/train/storagetanks/storagetanks80.tif
train	storagetanks	19	storagetanks81.tif	storagetanks/storagetanks81.tif	UCM_80/train/storagetanks/storagetanks81.tif
train	storagetanks	19	storagetanks82.tif	storagetanks/storagetanks82.tif	UCM_80/train/storagetanks/storagetanks82.tif
train	storagetanks	19	storagetanks83.tif	storagetanks/storagetanks83.tif	UCM_80/train/storagetanks/storagetanks83.tif
train	storagetanks	19	storagetanks84.tif	storagetanks/storagetanks84.tif	UCM_80/train/storagetanks/storagetanks84.tif
train	storagetanks	19	storagetanks85.tif	storagetanks/storagetanks85.tif	UCM_80/train/storagetanks/storagetanks85.tif
train	storagetanks	19	storagetanks86.tif	storagetanks/storagetanks86.tif	UCM_80/train/storagetanks/storagetanks86.tif
train	storagetanks	19	storagetanks87.tif	storagetanks/storagetanks87.tif	UCM_80/train/storagetanks/storagetanks87.tif
train	storagetanks	19	storagetanks88.tif	storagetanks/storagetanks88.tif	UCM_80/train/storagetanks/storagetanks88.tif
train	storagetanks	19	storagetanks89.tif	storagetanks/storagetanks89.tif	UCM_80/train/storagetanks/storagetanks89.tif
train	storagetanks	19	storagetanks90.tif	storagetanks/storagetanks90.tif	UCM_80/train/storagetanks/storagetanks90.tif
train	storagetanks	19	storagetanks92.tif	storagetanks/storagetanks92.tif	UCM_80/train/storagetanks/storagetanks92.tif
train	storagetanks	19	storagetanks94.tif	storagetanks/storagetanks94.tif	UCM_80/train/storagetanks/storagetanks94.tif
train	storagetanks	19	storagetanks95.tif	storagetanks/storagetanks95.tif	UCM_80/train/storagetanks/storagetanks95.tif
train	storagetanks	19	storagetanks96.tif	storagetanks/storagetanks96.tif	UCM_80/train/storagetanks/storagetanks96.tif
train	storagetanks	19	storagetanks97.tif	storagetanks/storagetanks97.tif	UCM_80/train/storagetanks/storagetanks97.tif
train	storagetanks	19	storagetanks98.tif	storagetanks/storagetanks98.tif	UCM_80/train/storagetanks/storagetanks98.tif
train	storagetanks	19	storagetanks99.tif	storagetanks/storagetanks99.tif	UCM_80/train/storagetanks/storagetanks99.tif
train	tenniscourt	20	tenniscourt02.tif	tenniscourt/tenniscourt02.tif	UCM_80/train/tenniscourt/tenniscourt02.tif
train	tenniscourt	20	tenniscourt03.tif	tenniscourt/tenniscourt03.tif	UCM_80/train/tenniscourt/tenniscourt03.tif
train	tenniscourt	20	tenniscourt04.tif	tenniscourt/tenniscourt04.tif	UCM_80/train/tenniscourt/tenniscourt04.tif
train	tenniscourt	20	tenniscourt06.tif	tenniscourt/tenniscourt06.tif	UCM_80/train/tenniscourt/tenniscourt06.tif
train	tenniscourt	20	tenniscourt07.tif	tenniscourt/tenniscourt07.tif	UCM_80/train/tenniscourt/tenniscourt07.tif
train	tenniscourt	20	tenniscourt08.tif	tenniscourt/tenniscourt08.tif	UCM_80/train/tenniscourt/tenniscourt08.tif
train	tenniscourt	20	tenniscourt10.tif	tenniscourt/tenniscourt10.tif	UCM_80/train/tenniscourt/tenniscourt10.tif
train	tenniscourt	20	tenniscourt12.tif	tenniscourt/tenniscourt12.tif	UCM_80/train/tenniscourt/tenniscourt12.tif
train	tenniscourt	20	tenniscourt13.tif	tenniscourt/tenniscourt13.tif	UCM_80/train/tenniscourt/tenniscourt13.tif
train	tenniscourt	20	tenniscourt14.tif	tenniscourt/tenniscourt14.tif	UCM_80/train/tenniscourt/tenniscourt14.tif
train	tenniscourt	20	tenniscourt15.tif	tenniscourt/tenniscourt15.tif	UCM_80/train/tenniscourt/tenniscourt15.tif
train	tenniscourt	20	tenniscourt16.tif	tenniscourt/tenniscourt16.tif	UCM_80/train/tenniscourt/tenniscourt16.tif
train	tenniscourt	20	tenniscourt17.tif	tenniscourt/tenniscourt17.tif	UCM_80/train/tenniscourt/tenniscourt17.tif
train	tenniscourt	20	tenniscourt18.tif	tenniscourt/tenniscourt18.tif	UCM_80/train/tenniscourt/tenniscourt18.tif
train	tenniscourt	20	tenniscourt19.tif	tenniscourt/tenniscourt19.tif	UCM_80/train/tenniscourt/tenniscourt19.tif
train	tenniscourt	20	tenniscourt20.tif	tenniscourt/tenniscourt20.tif	UCM_80/train/tenniscourt/tenniscourt20.tif
train	tenniscourt	20	tenniscourt21.tif	tenniscourt/tenniscourt21.tif	UCM_80/train/tenniscourt/tenniscourt21.tif
train	tenniscourt	20	tenniscourt22.tif	tenniscourt/tenniscourt22.tif	UCM_80/train/tenniscourt/tenniscourt22.tif
train	tenniscourt	20	tenniscourt23.tif	tenniscourt/tenniscourt23.tif	UCM_80/train/tenniscourt/tenniscourt23.tif
train	tenniscourt	20	tenniscourt24.tif	tenniscourt/tenniscourt24.tif	UCM_80/train/tenniscourt/tenniscourt24.tif
train	tenniscourt	20	tenniscourt26.tif	tenniscourt/tenniscourt26.tif	UCM_80/train/tenniscourt/tenniscourt26.tif
train	tenniscourt	20	tenniscourt27.tif	tenniscourt/tenniscourt27.tif	UCM_80/train/tenniscourt/tenniscourt27.tif
train	tenniscourt	20	tenniscourt28.tif	tenniscourt/tenniscourt28.tif	UCM_80/train/tenniscourt/tenniscourt28.tif
train	tenniscourt	20	tenniscourt30.tif	tenniscourt/tenniscourt30.tif	UCM_80/train/tenniscourt/tenniscourt30.tif
train	tenniscourt	20	tenniscourt31.tif	tenniscourt/tenniscourt31.tif	UCM_80/train/tenniscourt/tenniscourt31.tif
train	tenniscourt	20	tenniscourt33.tif	tenniscourt/tenniscourt33.tif	UCM_80/train/tenniscourt/tenniscourt33.tif
train	tenniscourt	20	tenniscourt34.tif	tenniscourt/tenniscourt34.tif	UCM_80/train/tenniscourt/tenniscourt34.tif
train	tenniscourt	20	tenniscourt35.tif	tenniscourt/tenniscourt35.tif	UCM_80/train/tenniscourt/tenniscourt35.tif
train	tenniscourt	20	tenniscourt36.tif	tenniscourt/tenniscourt36.tif	UCM_80/train/tenniscourt/tenniscourt36.tif
train	tenniscourt	20	tenniscourt37.tif	tenniscourt/tenniscourt37.tif	UCM_80/train/tenniscourt/tenniscourt37.tif
train	tenniscourt	20	tenniscourt38.tif	tenniscourt/tenniscourt38.tif	UCM_80/train/tenniscourt/tenniscourt38.tif
train	tenniscourt	20	tenniscourt40.tif	tenniscourt/tenniscourt40.tif	UCM_80/train/tenniscourt/tenniscourt40.tif
train	tenniscourt	20	tenniscourt41.tif	tenniscourt/tenniscourt41.tif	UCM_80/train/tenniscourt/tenniscourt41.tif
train	tenniscourt	20	tenniscourt42.tif	tenniscourt/tenniscourt42.tif	UCM_80/train/tenniscourt/tenniscourt42.tif
train	tenniscourt	20	tenniscourt43.tif	tenniscourt/tenniscourt43.tif	UCM_80/train/tenniscourt/tenniscourt43.tif
train	tenniscourt	20	tenniscourt45.tif	tenniscourt/tenniscourt45.tif	UCM_80/train/tenniscourt/tenniscourt45.tif
train	tenniscourt	20	tenniscourt46.tif	tenniscourt/tenniscourt46.tif	UCM_80/train/tenniscourt/tenniscourt46.tif
train	tenniscourt	20	tenniscourt47.tif	tenniscourt/tenniscourt47.tif	UCM_80/train/tenniscourt/tenniscourt47.tif
train	tenniscourt	20	tenniscourt48.tif	tenniscourt/tenniscourt48.tif	UCM_80/train/tenniscourt/tenniscourt48.tif
train	tenniscourt	20	tenniscourt49.tif	tenniscourt/tenniscourt49.tif	UCM_80/train/tenniscourt/tenniscourt49.tif
train	tenniscourt	20	tenniscourt50.tif	tenniscourt/tenniscourt50.tif	UCM_80/train/tenniscourt/tenniscourt50.tif
train	tenniscourt	20	tenniscourt51.tif	tenniscourt/tenniscourt51.tif	UCM_80/train/tenniscourt/tenniscourt51.tif
train	tenniscourt	20	tenniscourt52.tif	tenniscourt/tenniscourt52.tif	UCM_80/train/tenniscourt/tenniscourt52.tif
train	tenniscourt	20	tenniscourt53.tif	tenniscourt/tenniscourt53.tif	UCM_80/train/tenniscourt/tenniscourt53.tif
train	tenniscourt	20	tenniscourt54.tif	tenniscourt/tenniscourt54.tif	UCM_80/train/tenniscourt/tenniscourt54.tif
train	tenniscourt	20	tenniscourt55.tif	tenniscourt/tenniscourt55.tif	UCM_80/train/tenniscourt/tenniscourt55.tif
train	tenniscourt	20	tenniscourt57.tif	tenniscourt/tenniscourt57.tif	UCM_80/train/tenniscourt/tenniscourt57.tif
train	tenniscourt	20	tenniscourt58.tif	tenniscourt/tenniscourt58.tif	UCM_80/train/tenniscourt/tenniscourt58.tif
train	tenniscourt	20	tenniscourt59.tif	tenniscourt/tenniscourt59.tif	UCM_80/train/tenniscourt/tenniscourt59.tif
train	tenniscourt	20	tenniscourt61.tif	tenniscourt/tenniscourt61.tif	UCM_80/train/tenniscourt/tenniscourt61.tif
train	tenniscourt	20	tenniscourt62.tif	tenniscourt/tenniscourt62.tif	UCM_80/train/tenniscourt/tenniscourt62.tif
train	tenniscourt	20	tenniscourt64.tif	tenniscourt/tenniscourt64.tif	UCM_80/train/tenniscourt/tenniscourt64.tif
train	tenniscourt	20	tenniscourt65.tif	tenniscourt/tenniscourt65.tif	UCM_80/train/tenniscourt/tenniscourt65.tif
train	tenniscourt	20	tenniscourt66.tif	tenniscourt/tenniscourt66.tif	UCM_80/train/tenniscourt/tenniscourt66.tif
train	tenniscourt	20	tenniscourt67.tif	tenniscourt/tenniscourt67.tif	UCM_80/train/tenniscourt/tenniscourt67.tif
train	tenniscourt	20	tenniscourt70.tif	tenniscourt/tenniscourt70.tif	UCM_80/train/tenniscourt/tenniscourt70.tif
train	tenniscourt	20	tenniscourt71.tif	tenniscourt/tenniscourt71.tif	UCM_80/train/tenniscourt/tenniscourt71.tif
train	tenniscourt	20	tenniscourt72.tif	tenniscourt/tenniscourt72.tif	UCM_80/train/tenniscourt/tenniscourt72.tif
train	tenniscourt	20	tenniscourt73.tif	tenniscourt/tenniscourt73.tif	UCM_80/train/tenniscourt/tenniscourt73.tif
train	tenniscourt	20	tenniscourt74.tif	tenniscourt/tenniscourt74.tif	UCM_80/train/tenniscourt/tenniscourt74.tif
train	tenniscourt	20	tenniscourt75.tif	tenniscourt/tenniscourt75.tif	UCM_80/train/tenniscourt/tenniscourt75.tif
train	tenniscourt	20	tenniscourt76.tif	tenniscourt/tenniscourt76.tif	UCM_80/train/tenniscourt/tenniscourt76.tif
train	tenniscourt	20	tenniscourt77.tif	tenniscourt/tenniscourt77.tif	UCM_80/train/tenniscourt/tenniscourt77.tif
train	tenniscourt	20	tenniscourt79.tif	tenniscourt/tenniscourt79.tif	UCM_80/train/tenniscourt/tenniscourt79.tif
train	tenniscourt	20	tenniscourt80.tif	tenniscourt/tenniscourt80.tif	UCM_80/train/tenniscourt/tenniscourt80.tif
train	tenniscourt	20	tenniscourt81.tif	tenniscourt/tenniscourt81.tif	UCM_80/train/tenniscourt/tenniscourt81.tif
train	tenniscourt	20	tenniscourt83.tif	tenniscourt/tenniscourt83.tif	UCM_80/train/tenniscourt/tenniscourt83.tif
train	tenniscourt	20	tenniscourt84.tif	tenniscourt/tenniscourt84.tif	UCM_80/train/tenniscourt/tenniscourt84.tif
train	tenniscourt	20	tenniscourt86.tif	tenniscourt/tenniscourt86.tif	UCM_80/train/tenniscourt/tenniscourt86.tif
train	tenniscourt	20	tenniscourt87.tif	tenniscourt/tenniscourt87.tif	UCM_80/train/tenniscourt/tenniscourt87.tif
train	tenniscourt	20	tenniscourt88.tif	tenniscourt/tenniscourt88.tif	UCM_80/train/tenniscourt/tenniscourt88.tif
train	tenniscourt	20	tenniscourt89.tif	tenniscourt/tenniscourt89.tif	UCM_80/train/tenniscourt/tenniscourt89.tif
train	tenniscourt	20	tenniscourt90.tif	tenniscourt/tenniscourt90.tif	UCM_80/train/tenniscourt/tenniscourt90.tif
train	tenniscourt	20	tenniscourt91.tif	tenniscourt/tenniscourt91.tif	UCM_80/train/tenniscourt/tenniscourt91.tif
train	tenniscourt	20	tenniscourt92.tif	tenniscourt/tenniscourt92.tif	UCM_80/train/tenniscourt/tenniscourt92.tif
train	tenniscourt	20	tenniscourt94.tif	tenniscourt/tenniscourt94.tif	UCM_80/train/tenniscourt/tenniscourt94.tif
train	tenniscourt	20	tenniscourt95.tif	tenniscourt/tenniscourt95.tif	UCM_80/train/tenniscourt/tenniscourt95.tif
train	tenniscourt	20	tenniscourt96.tif	tenniscourt/tenniscourt96.tif	UCM_80/train/tenniscourt/tenniscourt96.tif
train	tenniscourt	20	tenniscourt97.tif	tenniscourt/tenniscourt97.tif	UCM_80/train/tenniscourt/tenniscourt97.tif
train	tenniscourt	20	tenniscourt98.tif	tenniscourt/tenniscourt98.tif	UCM_80/train/tenniscourt/tenniscourt98.tif
