subset	class_name	label	filename	class_relative_path	dataset_relative_path
train	agricultural	0	agricultural00.tif	agricultural/agricultural00.tif	UCM_50/train/agricultural/agricultural00.tif
train	agricultural	0	agricultural01.tif	agricultural/agricultural01.tif	UCM_50/train/agricultural/agricultural01.tif
train	agricultural	0	agricultural10.tif	agricultural/agricultural10.tif	UCM_50/train/agricultural/agricultural10.tif
train	agricultural	0	agricultural14.tif	agricultural/agricultural14.tif	UCM_50/train/agricultural/agricultural14.tif
train	agricultural	0	agricultural15.tif	agricultural/agricultural15.tif	UCM_50/train/agricultural/agricultural15.tif
train	agricultural	0	agricultural16.tif	agricultural/agricultural16.tif	UCM_50/train/agricultural/agricultural16.tif
train	agricultural	0	agricultural18.tif	agricultural/agricultural18.tif	UCM_50/train/agricultural/agricultural18.tif
train	agricultural	0	agricultural19.tif	agricultural/agricultural19.tif	UCM_50/train/agricultural/agricultural19.tif
train	agricultural	0	agricultural23.tif	agricultural/agricultural23.tif	UCM_50/train/agricultural/agricultural23.tif
train	agricultural	0	agricultural25.tif	agricultural/agricultural25.tif	UCM_50/train/agricultural/agricultural25.tif
train	agricultural	0	agricultural28.tif	agricultural/agricultural28.tif	UCM_50/train/agricultural/agricultural28.tif
train	agricultural	0	agricultural31.tif	agricultural/agricultural31.tif	UCM_50/train/agricultural/agricultural31.tif
train	agricultural	0	agricultural32.tif	agricultural/agricultural32.tif	UCM_50/train/agricultural/agricultural32.tif
train	agricultural	0	agricultural35.tif	agricultural/agricultural35.tif	UCM_50/train/agricultural/agricultural35.tif
train	agricultural	0	agricultural36.tif	agricultural/agricultural36.tif	UCM_50/train/agricultural/agricultural36.tif
train	agricultural	0	agricultural37.tif	agricultural/agricultural37.tif	UCM_50/train/agricultural/agricultural37.tif
train	agricultural	0	agricultural40.tif	agricultural/agricultural40.tif	UCM_50/train/agricultural/agricultural40.tif
train	agricultural	0	agricultural41.tif	agricultural/agricultural41.tif	UCM_50/train/agricultural/agricultural41.tif
train	agricultural	0	agricultural45.tif	agricultural/agricultural45.tif	UCM_50/train/agricultural/agricultural45.tif
train	agricultural	0	agricultural48.tif	agricultural/agricultural48.tif	UCM_50/train/agricultural/agricultural48.tif
train	agricultural	0	agricultural50.tif	agricultural/agricultural50.tif	UCM_50/train/agricultural/agricultural50.tif
train	agricultural	0	agricultural51.tif	agricultural/agricultural51.tif	UCM_50/train/agricultural/agricultural51.tif
train	agricultural	0	agricultural53.tif	agricultural/agricultural53.tif	UCM_50/train/agricultural/agricultural53.tif
train	agricultural	0	agricultural55.tif	agricultural/agricultural55.tif	UCM_50/train/agricultural/agricultural55.tif
train	agricultural	0	agricultural56.tif	agricultural/agricultural56.tif	UCM_50/train/agricultural/agricultural56.tif
train	agricultural	0	agricultural59.tif	agricultural/agricultural59.tif	UCM_50/train/agricultural/agricultural59.tif
train	agricultural	0	agricultural61.tif	agricultural/agricultural61.tif	UCM_50/train/agricultural/agricultural61.tif
train	agricultural	0	agricultural62.tif	agricultural/agricultural62.tif	UCM_50/train/agricultural/agricultural62.tif
train	agricultural	0	agricultural63.tif	agricultural/agricultural63.tif	UCM_50/train/agricultural/agricultural63.tif
train	agricultural	0	agricultural65.tif	agricultural/agricultural65.tif	UCM_50/train/agricultural/agricultural65.tif
train	agricultural	0	agricultural66.tif	agricultural/agricultural66.tif	UCM_50/train/agricultural/agricultural66.tif
train	agricultural	0	agricultural67.tif	agricultural/agricultural67.tif	UCM_50/train/agricultural/agricultural67.tif
train	agricultural	0	agricultural71.tif	agricultural/agricultural71.tif	UCM_50/train/agricultural/agricultural71.tif
train	agricultural	0	agricultural73.tif	agricultural/agricultural73.tif	UCM_50/train/agricultural/agricultural73.tif
train	agricultural	0	agricultural75.tif	agricultural/agricultural75.tif	UCM_50/train/agricultural/agricultural75.tif
train	agricultural	0	agricultural76.tif	agricultural/agricultural76.tif	UCM_50/train/agricultural/agricultural76.tif
train	agricultural	0	agricultural77.tif	agricultural/agricultural77.tif	UCM_50/train/agricultural/agricultural77.tif
train	agricultural	0	agricultural78.tif	agricultural/agricultural78.tif	UCM_50/train/agricultural/agricultural78.tif
train	agricultural	0	agricultural80.tif	agricultural/agricultural80.tif	UCM_50/train/agricultural/agricultural80.tif
train	agricultural	0	agricultural82.tif	agricultural/agricultural82.tif	UCM_50/train/agricultural/agricultural82.tif
train	agricultural	0	agricultural83.tif	agricultural/agricultural83.tif	UCM_50/train/agricultural/agricultural83.tif
train	agricultural	0	agricultural85.tif	agricultural/agricultural85.tif	UCM_50/train/agricultural/agricultural85.tif
train	agricultural	0	agricultural87.tif	agricultural/agricultural87.tif	UCM_50/train/agricultural/agricultural87.tif
train	agricultural	0	agricultural91.tif	agricultural/agricultural91.tif	UCM_50/train/agricultural/agricultural91.tif
train	agricultural	0	agricultural92.tif	agricultural/agricultural92.tif	UCM_50/train/agricultural/agricultural92.tif
train	agricultural	0	agricultural93.tif	agricultural/agricultural93.tif	UCM_50/train/agricultural/agricultural93.tif
train	agricultural	0	agricultural94.tif	agricultural/agricultural94.tif	UCM_50/train/agricultural/agricultural94.tif
train	agricultural	0	agricultural96.tif	agricultural/agricultural96.tif	UCM_50/train/agricultural/agricultural96.tif
train	agricultural	0	agricultural98.tif	agricultural/agricultural98.tif	UCM_50/train/agricultural/agricultural98.tif
train	agricultural	0	agricultural99.tif	agricultural/agricultural99.tif	UCM_50/train/agricultural/agricultural99.tif
train	airplane	1	airplane00.tif	airplane/airplane00.tif	UCM_50/train/airplane/airplane00.tif
train	airplane	1	airplane03.tif	airplane/airplane03.tif	UCM_50/train/airplane/airplane03.tif
train	airplane	1	airplane04.tif	airplane/airplane04.tif	UCM_50/train/airplane/airplane04.tif
train	airplane	1	airplane07.tif	airplane/airplane07.tif	UCM_50/train/airplane/airplane07.tif
train	airplane	1	airplane08.tif	airplane/airplane08.tif	UCM_50/train/airplane/airplane08.tif
train	airplane	1	airplane10.tif	airplane/airplane10.tif	UCM_50/train/airplane/airplane10.tif
train	airplane	1	airplane11.tif	airplane/airplane11.tif	UCM_50/train/airplane/airplane11.tif
train	airplane	1	airplane13.tif	airplane/airplane13.tif	UCM_50/train/airplane/airplane13.tif
train	airplane	1	airplane15.tif	airplane/airplane15.tif	UCM_50/train/airplane/airplane15.tif
train	airplane	1	airplane19.tif	airplane/airplane19.tif	UCM_50/train/airplane/airplane19.tif
train	airplane	1	airplane22.tif	airplane/airplane22.tif	UCM_50/train/airplane/airplane22.tif
train	airplane	1	airplane23.tif	airplane/airplane23.tif	UCM_50/train/airplane/airplane23.tif
train	airplane	1	airplane27.tif	airplane/airplane27.tif	UCM_50/train/airplane/airplane27.tif
train	airplane	1	airplane28.tif	airplane/airplane28.tif	UCM_50/train/airplane/airplane28.tif
train	airplane	1	airplane29.tif	airplane/airplane29.tif	UCM_50/train/airplane/airplane29.tif
train	airplane	1	airplane31.tif	airplane/airplane31.tif	UCM_50/train/airplane/airplane31.tif
train	airplane	1	airplane34.tif	airplane/airplane34.tif	UCM_50/train/airplane/airplane34.tif
train	airplane	1	airplane40.tif	airplane/airplane40.tif	UCM_50/train/airplane/airplane40.tif
train	airplane	1	airplane43.tif	airplane/airplane43.tif	UCM_50/train/airplane/airplane43.tif
train	airplane	1	airplane47.tif	airplane/airplane47.tif	UCM_50/train/airplane/airplane47.tif
train	airplane	1	airplane48.tif	airplane/airplane48.tif	UCM_50/train/airplane/airplane48.tif
train	airplane	1	airplane50.tif	airplane/airplane50.tif	UCM_50/train/airplane/airplane50.tif
train	airplane	1	airplane51.tif	airplane/airplane51.tif	UCM_50/train/airplane/airplane51.tif
train	airplane	1	airplane58.tif	airplane/airplane58.tif	UCM_50/train/airplane/airplane58.tif
train	airplane	1	airplane59.tif	airplane/airplane59.tif	UCM_50/train/airplane/airplane59.tif
train	airplane	1	airplane60.tif	airplane/airplane60.tif	UCM_50/train/airplane/airplane60.tif
train	airplane	1	airplane62.tif	airplane/airplane62.tif	UCM_50/train/airplane/airplane62.tif
train	airplane	1	airplane64.tif	airplane/airplane64.tif	UCM_50/train/airplane/airplane64.tif
train	airplane	1	airplane65.tif	airplane/airplane65.tif	UCM_50/train/airplane/airplane65.tif
train	airplane	1	airplane66.tif	airplane/airplane66.tif	UCM_50/train/airplane/airplane66.tif
train	airplane	1	airplane67.tif	airplane/airplane67.tif	UCM_50/train/airplane/airplane67.tif
train	airplane	1	airplane68.tif	airplane/airplane68.tif	UCM_50/train/airplane/airplane68.tif
train	airplane	1	airplane69.tif	airplane/airplane69.tif	UCM_50/train/airplane/airplane69.tif
train	airplane	1	airplane72.tif	airplane/airplane72.tif	UCM_50/train/airplane/airplane72.tif
train	airplane	1	airplane73.tif	airplane/airplane73.tif	UCM_50/train/airplane/airplane73.tif
train	airplane	1	airplane76.tif	airplane/airplane76.tif	UCM_50/train/airplane/airplane76.tif
train	airplane	1	airplane77.tif	airplane/airplane77.tif	UCM_50/train/airplane/airplane77.tif
train	airplane	1	airplane78.tif	airplane/airplane78.tif	UCM_50/train/airplane/airplane78.tif
train	airplane	1	airplane79.tif	airplane/airplane79.tif	UCM_50/train/airplane/airplane79.tif
train	airplane	1	airplane81.tif	airplane/airplane81.tif	UCM_50/train/airplane/airplane81.tif
train	airplane	1	airplane83.tif	airplane/airplane83.tif	UCM_50/train/airplane/airplane83.tif
train	airplane	1	airplane84.tif	airplane/airplane84.tif	UCM_50/train/airplane/airplane84.tif
train	airplane	1	airplane85.tif	airplane/airplane85.tif	UCM_50/train/airplane/airplane85.tif
train	airplane	1	airplane86.tif	airplane/airplane86.tif	UCM_50/train/airplane/airplane86.tif
train	airplane	1	airplane87.tif	airplane/airplane87.tif	UCM_50/train/airplane/airplane87.tif
train	airplane	1	airplane88.tif	airplane/airplane88.tif	UCM_50/train/airplane/airplane88.tif
train	airplane	1	airplane90.tif	airplane/airplane90.tif	UCM_50/train/airplane/airplane90.tif
train	airplane	1	airplane95.tif	airplane/airplane95.tif	UCM_50/train/airplane/airplane95.tif
train	airplane	1	airplane96.tif	airplane/airplane96.tif	UCM_50/train/airplane/airplane96.tif
train	airplane	1	airplane98.tif	airplane/airplane98.tif	UCM_50/train/airplane/airplane98.tif
train	baseballdiamond	2	baseballdiamond00.tif	baseballdiamond/baseballdiamond00.tif	UCM_50/train/baseballdiamond/baseballdiamond00.tif
train	baseballdiamond	2	baseballdiamond01.tif	baseballdiamond/baseballdiamond01.tif	UCM_50/train/baseballdiamond/baseballdiamond01.tif
train	baseballdiamond	2	baseballdiamond02.tif	baseballdiamond/baseballdiamond02.tif	UCM_50/train/baseballdiamond/baseballdiamond02.tif
train	baseballdiamond	2	baseballdiamond03.tif	baseballdiamond/baseballdiamond03.tif	UCM_50/train/baseballdiamond/baseballdiamond03.tif
train	baseballdiamond	2	baseballdiamond04.tif	baseballdiamond/baseballdiamond04.tif	UCM_50/train/baseballdiamond/baseballdiamond04.tif
train	baseballdiamond	2	baseballdiamond05.tif	baseballdiamond/baseballdiamond05.tif	UCM_50/train/baseballdiamond/baseballdiamond05.tif
train	baseballdiamond	2	baseballdiamond06.tif	baseballdiamond/baseballdiamond06.tif	UCM_50/train/baseballdiamond/baseballdiamond06.tif
train	baseballdiamond	2	baseballdiamond08.tif	baseballdiamond/baseballdiamond08.tif	UCM_50/train/baseballdiamond/baseballdiamond08.tif
train	baseballdiamond	2	baseballdiamond09.tif	baseballdiamond/baseballdiamond09.tif	UCM_50/train/baseballdiamond/baseballdiamond09.tif
train	baseballdiamond	2	baseballdiamond10.tif	baseballdiamond/baseballdiamond10.tif	UCM_50/train/baseballdiamond/baseballdiamond10.tif
train	baseballdiamond	2	baseballdiamond12.tif	baseballdiamond/baseballdiamond12.tif	UCM_50/train/baseballdiamond/baseballdiamond12.tif
train	baseballdiamond	2	baseballdiamond13.tif	baseballdiamond/baseballdiamond13.tif	UCM_50/train/baseballdiamond/baseballdiamond13.tif
train	baseballdiamond	2	baseballdiamond14.tif	baseballdiamond/baseballdiamond14.tif	UCM_50/train/baseballdiamond/baseballdiamond14.tif
train	baseballdiamond	2	baseballdiamond15.tif	baseballdiamond/baseballdiamond15.tif	UCM_50/train/baseballdiamond/baseballdiamond15.tif
train	baseballdiamond	2	baseballdiamond16.tif	baseballdiamond/baseballdiamond16.tif	UCM_50/train/baseballdiamond/baseballdiamond16.tif
train	baseballdiamond	2	baseballdiamond18.tif	baseballdiamond/baseballdiamond18.tif	UCM_50/train/baseballdiamond/baseballdiamond18.tif
train	baseballdiamond	2	baseballdiamond19.tif	baseballdiamond/baseballdiamond19.tif	UCM_50/train/baseballdiamond/baseballdiamond19.tif
train	baseballdiamond	2	baseballdiamond22.tif	baseballdiamond/baseballdiamond22.tif	UCM_50/train/baseballdiamond/baseballdiamond22.tif
train	baseballdiamond	2	baseballdiamond23.tif	baseballdiamond/baseballdiamond23.tif	UCM_50/train/baseballdiamond/baseballdiamond23.tif
train	baseballdiamond	2	baseballdiamond24.tif	baseballdiamond/baseballdiamond24.tif	UCM_50/train/baseballdiamond/baseballdiamond24.tif
train	baseballdiamond	2	baseballdiamond25.tif	baseballdiamond/baseballdiamond25.tif	UCM_50/train/baseballdiamond/baseballdiamond25.tif
train	baseballdiamond	2	baseballdiamond26.tif	baseballdiamond/baseballdiamond26.tif	UCM_50/train/baseballdiamond/baseballdiamond26.tif
train	baseballdiamond	2	baseballdiamond29.tif	baseballdiamond/baseballdiamond29.tif	UCM_50/train/baseballdiamond/baseballdiamond29.tif
train	baseballdiamond	2	baseballdiamond31.tif	baseballdiamond/baseballdiamond31.tif	UCM_50/train/baseballdiamond/baseballdiamond31.tif
train	baseballdiamond	2	baseballdiamond34.tif	baseballdiamond/baseballdiamond34.tif	UCM_50/train/baseballdiamond/baseballdiamond34.tif
train	baseballdiamond	2	baseballdiamond35.tif	baseballdiamond/baseballdiamond35.tif	UCM_50/train/baseballdiamond/baseballdiamond35.tif
train	baseballdiamond	2	baseballdiamond36.tif	baseballdiamond/baseballdiamond36.tif	UCM_50/train/baseballdiamond/baseballdiamond36.tif
train	baseballdiamond	2	baseballdiamond39.tif	baseballdiamond/baseballdiamond39.tif	UCM_50/train/baseballdiamond/baseballdiamond39.tif
train	baseballdiamond	2	baseballdiamond40.tif	baseballdiamond/baseballdiamond40.tif	UCM_50/train/baseballdiamond/baseballdiamond40.tif
train	baseballdiamond	2	baseballdiamond42.tif	baseballdiamond/baseballdiamond42.tif	UCM_50/train/baseballdiamond/baseballdiamond42.tif
train	baseballdiamond	2	baseballdiamond43.tif	baseballdiamond/baseballdiamond43.tif	UCM_50/train/baseballdiamond/baseballdiamond43.tif
train	baseballdiamond	2	baseballdiamond46.tif	baseballdiamond/baseballdiamond46.tif	UCM_50/train/baseballdiamond/baseballdiamond46.tif
train	baseballdiamond	2	baseballdiamond50.tif	baseballdiamond/baseballdiamond50.tif	UCM_50/train/baseballdiamond/baseballdiamond50.tif
train	baseballdiamond	2	baseballdiamond52.tif	baseballdiamond/baseballdiamond52.tif	UCM_50/train/baseballdiamond/baseballdiamond52.tif
train	baseballdiamond	2	baseballdiamond53.tif	baseballdiamond/baseballdiamond53.tif	UCM_50/train/baseballdiamond/baseballdiamond53.tif
train	baseballdiamond	2	baseballdiamond59.tif	baseballdiamond/baseballdiamond59.tif	UCM_50/train/baseballdiamond/baseballdiamond59.tif
train	baseballdiamond	2	baseballdiamond60.tif	baseballdiamond/baseballdiamond60.tif	UCM_50/train/baseballdiamond/baseballdiamond60.tif
train	baseballdiamond	2	baseballdiamond66.tif	baseballdiamond/baseballdiamond66.tif	UCM_50/train/baseballdiamond/baseballdiamond66.tif
train	baseballdiamond	2	baseballdiamond70.tif	baseballdiamond/baseballdiamond70.tif	UCM_50/train/baseballdiamond/baseballdiamond70.tif
train	baseballdiamond	2	baseballdiamond75.tif	baseballdiamond/baseballdiamond75.tif	UCM_50/train/baseballdiamond/baseballdiamond75.tif
train	baseballdiamond	2	baseballdiamond79.tif	baseballdiamond/baseballdiamond79.tif	UCM_50/train/baseballdiamond/baseballdiamond79.tif
train	baseballdiamond	2	baseballdiamond84.tif	baseballdiamond/baseballdiamond84.tif	UCM_50/train/baseballdiamond/baseballdiamond84.tif
train	baseballdiamond	2	baseballdiamond85.tif	baseballdiamond/baseballdiamond85.tif	UCM_50/train/baseballdiamond/baseballdiamond85.tif
train	baseballdiamond	2	baseballdiamond86.tif	baseballdiamond/baseballdiamond86.tif	UCM_50/train/baseballdiamond/baseballdiamond86.tif
train	baseballdiamond	2	baseballdiamond87.tif	baseballdiamond/baseballdiamond87.tif	UCM_50/train/baseballdiamond/baseballdiamond87.tif
train	baseballdiamond	2	baseballdiamond88.tif	baseballdiamond/baseballdiamond88.tif	UCM_50/train/baseballdiamond/baseballdiamond88.tif
train	baseballdiamond	2	baseballdiamond90.tif	baseballdiamond/baseballdiamond90.tif	UCM_50/train/baseballdiamond/baseballdiamond90.tif
train	baseballdiamond	2	baseballdiamond91.tif	baseballdiamond/baseballdiamond91.tif	UCM_50/train/baseballdiamond/baseballdiamond91.tif
train	baseballdiamond	2	baseballdiamond95.tif	baseballdiamond/baseballdiamond95.tif	UCM_50/train/baseballdiamond/baseballdiamond95.tif
train	baseballdiamond	2	baseballdiamond99.tif	baseballdiamond/baseballdiamond99.tif	UCM_50/train/baseballdiamond/baseballdiamond99.tif
train	beach	3	beach00.tif	beach/beach00.tif	UCM_50/train/beach/beach00.tif
train	beach	3	beach03.tif	beach/beach03.tif	UCM_50/train/beach/beach03.tif
train	beach	3	beach06.tif	beach/beach06.tif	UCM_50/train/beach/beach06.tif
train	beach	3	beach10.tif	beach/beach10.tif	UCM_50/train/beach/beach10.tif
train	beach	3	beach11.tif	beach/beach11.tif	UCM_50/train/beach/beach11.tif
train	beach	3	beach14.tif	beach/beach14.tif	UCM_50/train/beach/beach14.tif
train	beach	3	beach16.tif	beach/beach16.tif	UCM_50/train/beach/beach16.tif
train	beach	3	beach17.tif	beach/beach17.tif	UCM_50/train/beach/beach17.tif
train	beach	3	beach18.tif	beach/beach18.tif	UCM_50/train/beach/beach18.tif
train	beach	3	beach21.tif	beach/beach21.tif	UCM_50/train/beach/beach21.tif
train	beach	3	beach22.tif	beach/beach22.tif	UCM_50/train/beach/beach22.tif
train	beach	3	beach24.tif	beach/beach24.tif	UCM_50/train/beach/beach24.tif
train	beach	3	beach25.tif	beach/beach25.tif	UCM_50/train/beach/beach25.tif
train	beach	3	beach30.tif	beach/beach30.tif	UCM_50/train/beach/beach30.tif
train	beach	3	beach32.tif	beach/beach32.tif	UCM_50/train/beach/beach32.tif
train	beach	3	beach33.tif	beach/beach33.tif	UCM_50/train/beach/beach33.tif
train	beach	3	beach37.tif	beach/beach37.tif	UCM_50/train/beach/beach37.tif
train	beach	3	beach38.tif	beach/beach38.tif	UCM_50/train/beach/beach38.tif
train	beach	3	beach40.tif	beach/beach40.tif	UCM_50/train/beach/beach40.tif
train	beach	3	beach42.tif	beach/beach42.tif	UCM_50/train/beach/beach42.tif
train	beach	3	beach43.tif	beach/beach43.tif	UCM_50/train/beach/beach43.tif
train	beach	3	beach44.tif	beach/beach44.tif	UCM_50/train/beach/beach44.tif
train	beach	3	beach47.tif	beach/beach47.tif	UCM_50/train/beach/beach47.tif
train	beach	3	beach50.tif	beach/beach50.tif	UCM_50/train/beach/beach50.tif
train	beach	3	beach51.tif	beach/beach51.tif	UCM_50/train/beach/beach51.tif
train	beach	3	beach55.tif	beach/beach55.tif	UCM_50/train/beach/beach55.tif
train	beach	3	beach56.tif	beach/beach56.tif	UCM_50/train/beach/beach56.tif
train	beach	3	beach57.tif	beach/beach57.tif	UCM_50/train/beach/beach57.tif
train	beach	3	beach58.tif	beach/beach58.tif	UCM_50/train/beach/beach58.tif
train	beach	3	beach59.tif	beach/beach59.tif	UCM_50/train/beach/beach59.tif
train	beach	3	beach60.tif	beach/beach60.tif	UCM_50/train/beach/beach60.tif
train	beach	3	beach64.tif	beach/beach64.tif	UCM_50/train/beach/beach64.tif
train	beach	3	beach65.tif	beach/beach65.tif	UCM_50/train/beach/beach65.tif
train	beach	3	beach66.tif	beach/beach66.tif	UCM_50/train/beach/beach66.tif
train	beach	3	beach69.tif	beach/beach69.tif	UCM_50/train/beach/beach69.tif
train	beach	3	beach70.tif	beach/beach70.tif	UCM_50/train/beach/beach70.tif
train	beach	3	beach71.tif	beach/beach71.tif	UCM_50/train/beach/beach71.tif
train	beach	3	beach73.tif	beach/beach73.tif	UCM_50/train/beach/beach73.tif
train	beach	3	beach74.tif	beach/beach74.tif	UCM_50/train/beach/beach74.tif
train	beach	3	beach75.tif	beach/beach75.tif	UCM_50/train/beach/beach75.tif
train	beach	3	beach76.tif	beach/beach76.tif	UCM_50/train/beach/beach76.tif
train	beach	3	beach77.tif	beach/beach77.tif	UCM_50/train/beach/beach77.tif
train	beach	3	beach81.tif	beach/beach81.tif	UCM_50/train/beach/beach81.tif
train	beach	3	beach82.tif	beach/beach82.tif	UCM_50/train/beach/beach82.tif
train	beach	3	beach83.tif	beach/beach83.tif	UCM_50/train/beach/beach83.tif
train	beach	3	beach85.tif	beach/beach85.tif	UCM_50/train/beach/beach85.tif
train	beach	3	beach88.tif	beach/beach88.tif	UCM_50/train/beach/beach88.tif
train	beach	3	beach96.tif	beach/beach96.tif	UCM_50/train/beach/beach96.tif
train	beach	3	beach97.tif	beach/beach97.tif	UCM_50/train/beach/beach97.tif
train	beach	3	beach98.tif	beach/beach98.tif	UCM_50/train/beach/beach98.tif
train	buildings	4	buildings03.tif	buildings/buildings03.tif	UCM_50/train/buildings/buildings03.tif
train	buildings	4	buildings06.tif	buildings/buildings06.tif	UCM_50/train/buildings/buildings06.tif
train	buildings	4	buildings10.tif	buildings/buildings10.tif	UCM_50/train/buildings/buildings10.tif
train	buildings	4	buildings11.tif	buildings/buildings11.tif	UCM_50/train/buildings/buildings11.tif
train	buildings	4	buildings13.tif	buildings/buildings13.tif	UCM_50/train/buildings/buildings13.tif
train	buildings	4	buildings20.tif	buildings/buildings20.tif	UCM_50/train/buildings/buildings20.tif
train	buildings	4	buildings22.tif	buildings/buildings22.tif	UCM_50/train/buildings/buildings22.tif
train	buildings	4	buildings23.tif	buildings/buildings23.tif	UCM_50/train/buildings/buildings23.tif
train	buildings	4	buildings26.tif	buildings/buildings26.tif	UCM_50/train/buildings/buildings26.tif
train	buildings	4	buildings28.tif	buildings/buildings28.tif	UCM_50/train/buildings/buildings28.tif
train	buildings	4	buildings32.tif	buildings/buildings32.tif	UCM_50/train/buildings/buildings32.tif
train	buildings	4	buildings35.tif	buildings/buildings35.tif	UCM_50/train/buildings/buildings35.tif
train	buildings	4	buildings36.tif	buildings/buildings36.tif	UCM_50/train/buildings/buildings36.tif
train	buildings	4	buildings37.tif	buildings/buildings37.tif	UCM_50/train/buildings/buildings37.tif
train	buildings	4	buildings38.tif	buildings/buildings38.tif	UCM_50/train/buildings/buildings38.tif
train	buildings	4	buildings41.tif	buildings/buildings41.tif	UCM_50/train/buildings/buildings41.tif
train	buildings	4	buildings42.tif	buildings/buildings42.tif	UCM_50/train/buildings/buildings42.tif
train	buildings	4	buildings44.tif	buildings/buildings44.tif	UCM_50/train/buildings/buildings44.tif
train	buildings	4	buildings45.tif	buildings/buildings45.tif	UCM_50/train/buildings/buildings45.tif
train	buildings	4	buildings46.tif	buildings/buildings46.tif	UCM_50/train/buildings/buildings46.tif
train	buildings	4	buildings47.tif	buildings/buildings47.tif	UCM_50/train/buildings/buildings47.tif
train	buildings	4	buildings49.tif	buildings/buildings49.tif	UCM_50/train/buildings/buildings49.tif
train	buildings	4	buildings51.tif	buildings/buildings51.tif	UCM_50/train/buildings/buildings51.tif
train	buildings	4	buildings52.tif	buildings/buildings52.tif	UCM_50/train/buildings/buildings52.tif
train	buildings	4	buildings54.tif	buildings/buildings54.tif	UCM_50/train/buildings/buildings54.tif
train	buildings	4	buildings55.tif	buildings/buildings55.tif	UCM_50/train/buildings/buildings55.tif
train	buildings	4	buildings56.tif	buildings/buildings56.tif	UCM_50/train/buildings/buildings56.tif
train	buildings	4	buildings57.tif	buildings/buildings57.tif	UCM_50/train/buildings/buildings57.tif
train	buildings	4	buildings59.tif	buildings/buildings59.tif	UCM_50/train/buildings/buildings59.tif
train	buildings	4	buildings60.tif	buildings/buildings60.tif	UCM_50/train/buildings/buildings60.tif
train	buildings	4	buildings61.tif	buildings/buildings61.tif	UCM_50/train/buildings/buildings61.tif
train	buildings	4	buildings62.tif	buildings/buildings62.tif	UCM_50/train/buildings/buildings62.tif
train	buildings	4	buildings64.tif	buildings/buildings64.tif	UCM_50/train/buildings/buildings64.tif
train	buildings	4	buildings65.tif	buildings/buildings65.tif	UCM_50/train/buildings/buildings65.tif
train	buildings	4	buildings66.tif	buildings/buildings66.tif	UCM_50/train/buildings/buildings66.tif
train	buildings	4	buildings68.tif	buildings/buildings68.tif	UCM_50/train/buildings/buildings68.tif
train	buildings	4	buildings70.tif	buildings/buildings70.tif	UCM_50/train/buildings/buildings70.tif
train	buildings	4	buildings73.tif	buildings/buildings73.tif	UCM_50/train/buildings/buildings73.tif
train	buildings	4	buildings74.tif	buildings/buildings74.tif	UCM_50/train/buildings/buildings74.tif
train	buildings	4	buildings75.tif	buildings/buildings75.tif	UCM_50/train/buildings/buildings75.tif
train	buildings	4	buildings77.tif	buildings/buildings77.tif	UCM_50/train/buildings/buildings77.tif
train	buildings	4	buildings79.tif	buildings/buildings79.tif	UCM_50/train/buildings/buildings79.tif
train	buildings	4	buildings81.tif	buildings/buildings81.tif	UCM_50/train/buildings/buildings81.tif
train	buildings	4	buildings82.tif	buildings/buildings82.tif	UCM_50/train/buildings/buildings82.tif
train	buildings	4	buildings83.tif	buildings/buildings83.tif	UCM_50/train/buildings/buildings83.tif
train	buildings	4	buildings88.tif	buildings/buildings88.tif	UCM_50/train/buildings/buildings88.tif
train	buildings	4	buildings92.tif	buildings/buildings92.tif	UCM_50/train/buildings/buildings92.tif
train	buildings	4	buildings93.tif	buildings/buildings93.tif	UCM_50/train/buildings/buildings93.tif
train	buildings	4	buildings94.tif	buildings/buildings94.tif	UCM_50/train/buildings/buildings94.tif
train	buildings	4	buildings98.tif	buildings/buildings98.tif	UCM_50/train/buildings/buildings98.tif
train	chaparral	5	chaparral03.tif	chaparral/chaparral03.tif	UCM_50/train/chaparral/chaparral03.tif
train	chaparral	5	chaparral04.tif	chaparral/chaparral04.tif	UCM_50/train/chaparral/chaparral04.tif
train	chaparral	5	chaparral05.tif	chaparral/chaparral05.tif	UCM_50/train/chaparral/chaparral05.tif
train	chaparral	5	chaparral06.tif	chaparral/chaparral06.tif	UCM_50/train/chaparral/chaparral06.tif
train	chaparral	5	chaparral07.tif	chaparral/chaparral07.tif	UCM_50/train/chaparral/chaparral07.tif
train	chaparral	5	chaparral08.tif	chaparral/chaparral08.tif	UCM_50/train/chaparral/chaparral08.tif
train	chaparral	5	chaparral09.tif	chaparral/chaparral09.tif	UCM_50/train/chaparral/chaparral09.tif
train	chaparral	5	chaparral10.tif	chaparral/chaparral10.tif	UCM_50/train/chaparral/chaparral10.tif
train	chaparral	5	chaparral12.tif	chaparral/chaparral12.tif	UCM_50/train/chaparral/chaparral12.tif
train	chaparral	5	chaparral20.tif	chaparral/chaparral20.tif	UCM_50/train/chaparral/chaparral20.tif
train	chaparral	5	chaparral23.tif	chaparral/chaparral23.tif	UCM_50/train/chaparral/chaparral23.tif
train	chaparral	5	chaparral25.tif	chaparral/chaparral25.tif	UCM_50/train/chaparral/chaparral25.tif
train	chaparral	5	chaparral34.tif	chaparral/chaparral34.tif	UCM_50/train/chaparral/chaparral34.tif
train	chaparral	5	chaparral35.tif	chaparral/chaparral35.tif	UCM_50/train/chaparral/chaparral35.tif
train	chaparral	5	chaparral38.tif	chaparral/chaparral38.tif	UCM_50/train/chaparral/chaparral38.tif
train	chaparral	5	chaparral39.tif	chaparral/chaparral39.tif	UCM_50/train/chaparral/chaparral39.tif
train	chaparral	5	chaparral40.tif	chaparral/chaparral40.tif	UCM_50/train/chaparral/chaparral40.tif
train	chaparral	5	chaparral43.tif	chaparral/chaparral43.tif	UCM_50/train/chaparral/chaparral43.tif
train	chaparral	5	chaparral45.tif	chaparral/chaparral45.tif	UCM_50/train/chaparral/chaparral45.tif
train	chaparral	5	chaparral48.tif	chaparral/chaparral48.tif	UCM_50/train/chaparral/chaparral48.tif
train	chaparral	5	chaparral54.tif	chaparral/chaparral54.tif	UCM_50/train/chaparral/chaparral54.tif
train	chaparral	5	chaparral55.tif	chaparral/chaparral55.tif	UCM_50/train/chaparral/chaparral55.tif
train	chaparral	5	chaparral57.tif	chaparral/chaparral57.tif	UCM_50/train/chaparral/chaparral57.tif
train	chaparral	5	chaparral58.tif	chaparral/chaparral58.tif	UCM_50/train/chaparral/chaparral58.tif
train	chaparral	5	chaparral60.tif	chaparral/chaparral60.tif	UCM_50/train/chaparral/chaparral60.tif
train	chaparral	5	chaparral62.tif	chaparral/chaparral62.tif	UCM_50/train/chaparral/chaparral62.tif
train	chaparral	5	chaparral65.tif	chaparral/chaparral65.tif	UCM_50/train/chaparral/chaparral65.tif
train	chaparral	5	chaparral66.tif	chaparral/chaparral66.tif	UCM_50/train/chaparral/chaparral66.tif
train	chaparral	5	chaparral68.tif	chaparral/chaparral68.tif	UCM_50/train/chaparral/chaparral68.tif
train	chaparral	5	chaparral69.tif	chaparral/chaparral69.tif	UCM_50/train/chaparral/chaparral69.tif
train	chaparral	5	chaparral70.tif	chaparral/chaparral70.tif	UCM_50/train/chaparral/chaparral70.tif
train	chaparral	5	chaparral72.tif	chaparral/chaparral72.tif	UCM_50/train/chaparral/chaparral72.tif
train	chaparral	5	chaparral74.tif	chaparral/chaparral74.tif	UCM_50/train/chaparral/chaparral74.tif
train	chaparral	5	chaparral75.tif	chaparral/chaparral75.tif	UCM_50/train/chaparral/chaparral75.tif
train	chaparral	5	chaparral76.tif	chaparral/chaparral76.tif	UCM_50/train/chaparral/chaparral76.tif
train	chaparral	5	chaparral77.tif	chaparral/chaparral77.tif	UCM_50/train/chaparral/chaparral77.tif
train	chaparral	5	chaparral78.tif	chaparral/chaparral78.tif	UCM_50/train/chaparral/chaparral78.tif
train	chaparral	5	chaparral81.tif	chaparral/chaparral81.tif	UCM_50/train/chaparral/chaparral81.tif
train	chaparral	5	chaparral82.tif	chaparral/chaparral82.tif	UCM_50/train/chaparral/chaparral82.tif
train	chaparral	5	chaparral85.tif	chaparral/chaparral85.tif	UCM_50/train/chaparral/chaparral85.tif
train	chaparral	5	chaparral86.tif	chaparral/chaparral86.tif	UCM_50/train/chaparral/chaparral86.tif
train	chaparral	5	chaparral87.tif	chaparral/chaparral87.tif	UCM_50/train/chaparral/chaparral87.tif
train	chaparral	5	chaparral91.tif	chaparral/chaparral91.tif	UCM_50/train/chaparral/chaparral91.tif
train	chaparral	5	chaparral92.tif	chaparral/chaparral92.tif	UCM_50/train/chaparral/chaparral92.tif
train	chaparral	5	chaparral93.tif	chaparral/chaparral93.tif	UCM_50/train/chaparral/chaparral93.tif
train	chaparral	5	chaparral94.tif	chaparral/chaparral94.tif	UCM_50/train/chaparral/chaparral94.tif
train	chaparral	5	chaparral95.tif	chaparral/chaparral95.tif	UCM_50/train/chaparral/chaparral95.tif
train	chaparral	5	chaparral97.tif	chaparral/chaparral97.tif	UCM_50/train/chaparral/chaparral97.tif
train	chaparral	5	chaparral98.tif	chaparral/chaparral98.tif	UCM_50/train/chaparral/chaparral98.tif
train	chaparral	5	chaparral99.tif	chaparral/chaparral99.tif	UCM_50/train/chaparral/chaparral99.tif
train	denseresidential	6	denseresidential00.tif	denseresidential/denseresidential00.tif	UCM_50/train/denseresidential/denseresidential00.tif
train	denseresidential	6	denseresidential02.tif	denseresidential/denseresidential02.tif	UCM_50/train/denseresidential/denseresidential02.tif
train	denseresidential	6	denseresidential04.tif	denseresidential/denseresidential04.tif	UCM_50/train/denseresidential/denseresidential04.tif
train	denseresidential	6	denseresidential05.tif	denseresidential/denseresidential05.tif	UCM_50/train/denseresidential/denseresidential05.tif
train	denseresidential	6	denseresidential07.tif	denseresidential/denseresidential07.tif	UCM_50/train/denseresidential/denseresidential07.tif
train	denseresidential	6	denseresidential08.tif	denseresidential/denseresidential08.tif	UCM_50/train/denseresidential/denseresidential08.tif
train	denseresidential	6	denseresidential10.tif	denseresidential/denseresidential10.tif	UCM_50/train/denseresidential/denseresidential10.tif
train	denseresidential	6	denseresidential11.tif	denseresidential/denseresidential11.tif	UCM_50/train/denseresidential/denseresidential11.tif
train	denseresidential	6	denseresidential13.tif	denseresidential/denseresidential13.tif	UCM_50/train/denseresidential/denseresidential13.tif
train	denseresidential	6	denseresidential17.tif	denseresidential/denseresidential17.tif	UCM_50/train/denseresidential/denseresidential17.tif
train	denseresidential	6	denseresidential20.tif	denseresidential/denseresidential20.tif	UCM_50/train/denseresidential/denseresidential20.tif
train	denseresidential	6	denseresidential23.tif	denseresidential/denseresidential23.tif	UCM_50/train/denseresidential/denseresidential23.tif
train	denseresidential	6	denseresidential24.tif	denseresidential/denseresidential24.tif	UCM_50/train/denseresidential/denseresidential24.tif
train	denseresidential	6	denseresidential26.tif	denseresidential/denseresidential26.tif	UCM_50/train/denseresidential/denseresidential26.tif
train	denseresidential	6	denseresidential28.tif	denseresidential/denseresidential28.tif	UCM_50/train/denseresidential/denseresidential28.tif
train	denseresidential	6	denseresidential29.tif	denseresidential/denseresidential29.tif	UCM_50/train/denseresidential/denseresidential29.tif
train	denseresidential	6	denseresidential30.tif	denseresidential/denseresidential30.tif	UCM_50/train/denseresidential/denseresidential30.tif
train	denseresidential	6	denseresidential33.tif	denseresidential/denseresidential33.tif	UCM_50/train/denseresidential/denseresidential33.tif
train	denseresidential	6	denseresidential34.tif	denseresidential/denseresidential34.tif	UCM_50/train/denseresidential/denseresidential34.tif
train	denseresidential	6	denseresidential36.tif	denseresidential/denseresidential36.tif	UCM_50/train/denseresidential/denseresidential36.tif
train	denseresidential	6	denseresidential38.tif	denseresidential/denseresidential38.tif	UCM_50/train/denseresidential/denseresidential38.tif
train	denseresidential	6	denseresidential40.tif	denseresidential/denseresidential40.tif	UCM_50/train/denseresidential/denseresidential40.tif
train	denseresidential	6	denseresidential42.tif	denseresidential/denseresidential42.tif	UCM_50/train/denseresidential/denseresidential42.tif
train	denseresidential	6	denseresidential45.tif	denseresidential/denseresidential45.tif	UCM_50/train/denseresidential/denseresidential45.tif
train	denseresidential	6	denseresidential47.tif	denseresidential/denseresidential47.tif	UCM_50/train/denseresidential/denseresidential47.tif
train	denseresidential	6	denseresidential49.tif	denseresidential/denseresidential49.tif	UCM_50/train/denseresidential/denseresidential49.tif
train	denseresidential	6	denseresidential50.tif	denseresidential/denseresidential50.tif	UCM_50/train/denseresidential/denseresidential50.tif
train	denseresidential	6	denseresidential51.tif	denseresidential/denseresidential51.tif	UCM_50/train/denseresidential/denseresidential51.tif
train	denseresidential	6	denseresidential52.tif	denseresidential/denseresidential52.tif	UCM_50/train/denseresidential/denseresidential52.tif
train	denseresidential	6	denseresidential53.tif	denseresidential/denseresidential53.tif	UCM_50/train/denseresidential/denseresidential53.tif
train	denseresidential	6	denseresidential55.tif	denseresidential/denseresidential55.tif	UCM_50/train/denseresidential/denseresidential55.tif
train	denseresidential	6	denseresidential56.tif	denseresidential/denseresidential56.tif	UCM_50/train/denseresidential/denseresidential56.tif
train	denseresidential	6	denseresidential60.tif	denseresidential/denseresidential60.tif	UCM_50/train/denseresidential/denseresidential60.tif
train	denseresidential	6	denseresidential61.tif	denseresidential/denseresidential61.tif	UCM_50/train/denseresidential/denseresidential61.tif
train	denseresidential	6	denseresidential65.tif	denseresidential/denseresidential65.tif	UCM_50/train/denseresidential/denseresidential65.tif
train	denseresidential	6	denseresidential67.tif	denseresidential/denseresidential67.tif	UCM_50/train/denseresidential/denseresidential67.tif
train	denseresidential	6	denseresidential69.tif	denseresidential/denseresidential69.tif	UCM_50/train/denseresidential/denseresidential69.tif
train	denseresidential	6	denseresidential70.tif	denseresidential/denseresidential70.tif	UCM_50/train/denseresidential/denseresidential70.tif
train	denseresidential	6	denseresidential73.tif	denseresidential/denseresidential73.tif	UCM_50/train/denseresidential/denseresidential73.tif
train	denseresidential	6	denseresidential76.tif	denseresidential/denseresidential76.tif	UCM_50/train/denseresidential/denseresidential76.tif
train	denseresidential	6	denseresidential78.tif	denseresidential/denseresidential78.tif	UCM_50/train/denseresidential/denseresidential78.tif
train	denseresidential	6	denseresidential79.tif	denseresidential/denseresidential79.tif	UCM_50/train/denseresidential/denseresidential79.tif
train	denseresidential	6	denseresidential80.tif	denseresidential/denseresidential80.tif	UCM_50/train/denseresidential/denseresidential80.tif
train	denseresidential	6	denseresidential82.tif	denseresidential/denseresidential82.tif	UCM_50/train/denseresidential/denseresidential82.tif
train	denseresidential	6	denseresidential87.tif	denseresidential/denseresidential87.tif	UCM_50/train/denseresidential/denseresidential87.tif
train	denseresidential	6	denseresidential89.tif	denseresidential/denseresidential89.tif	UCM_50/train/denseresidential/denseresidential89.tif
train	denseresidential	6	denseresidential92.tif	denseresidential/denseresidential92.tif	UCM_50/train/denseresidential/denseresidential92.tif
train	denseresidential	6	denseresidential97.tif	denseresidential/denseresidential97.tif	UCM_50/train/denseresidential/denseresidential97.tif
train	denseresidential	6	denseresidential98.tif	denseresidential/denseresidential98.tif	UCM_50/train/denseresidential/denseresidential98.tif
train	denseresidential	6	denseresidential99.tif	denseresidential/denseresidential99.tif	UCM_50/train/denseresidential/denseresidential99.tif
train	forest	7	forest00.tif	forest/forest00.tif	UCM_50/train/forest/forest00.tif
train	forest	7	forest02.tif	forest/forest02.tif	UCM_50/train/forest/forest02.tif
train	forest	7	forest03.tif	forest/forest03.tif	UCM_50/train/forest/forest03.tif
train	forest	7	forest05.tif	forest/forest05.tif	UCM_50/train/forest/forest05.tif
train	forest	7	forest06.tif	forest/forest06.tif	UCM_50/train/forest/forest06.tif
train	forest	7	forest15.tif	forest/forest15.tif	UCM_50/train/forest/forest15.tif
train	forest	7	forest16.tif	forest/forest16.tif	UCM_50/train/forest/forest16.tif
train	forest	7	forest17.tif	forest/forest17.tif	UCM_50/train/forest/forest17.tif
train	forest	7	forest18.tif	forest/forest18.tif	UCM_50/train/forest/forest18.tif
train	forest	7	forest21.tif	forest/forest21.tif	UCM_50/train/forest/forest21.tif
train	forest	7	forest22.tif	forest/forest22.tif	UCM_50/train/forest/forest22.tif
train	forest	7	forest24.tif	forest/forest24.tif	UCM_50/train/forest/forest24.tif
train	forest	7	forest26.tif	forest/forest26.tif	UCM_50/train/forest/forest26.tif
train	forest	7	forest29.tif	forest/forest29.tif	UCM_50/train/forest/forest29.tif
train	forest	7	forest30.tif	forest/forest30.tif	UCM_50/train/forest/forest30.tif
train	forest	7	forest32.tif	forest/forest32.tif	UCM_50/train/forest/forest32.tif
train	forest	7	forest33.tif	forest/forest33.tif	UCM_50/train/forest/forest33.tif
train	forest	7	forest35.tif	forest/forest35.tif	UCM_50/train/forest/forest35.tif
train	forest	7	forest36.tif	forest/forest36.tif	UCM_50/train/forest/forest36.tif
train	forest	7	forest37.tif	forest/forest37.tif	UCM_50/train/forest/forest37.tif
train	forest	7	forest40.tif	forest/forest40.tif	UCM_50/train/forest/forest40.tif
train	forest	7	forest41.tif	forest/forest41.tif	UCM_50/train/forest/forest41.tif
train	forest	7	forest42.tif	forest/forest42.tif	UCM_50/train/forest/forest42.tif
train	forest	7	forest44.tif	forest/forest44.tif	UCM_50/train/forest/forest44.tif
train	forest	7	forest49.tif	forest/forest49.tif	UCM_50/train/forest/forest49.tif
train	forest	7	forest53.tif	forest/forest53.tif	UCM_50/train/forest/forest53.tif
train	forest	7	forest54.tif	forest/forest54.tif	UCM_50/train/forest/forest54.tif
train	forest	7	forest60.tif	forest/forest60.tif	UCM_50/train/forest/forest60.tif
train	forest	7	forest62.tif	forest/forest62.tif	UCM_50/train/forest/forest62.tif
train	forest	7	forest63.tif	forest/forest63.tif	UCM_50/train/forest/forest63.tif
train	forest	7	forest64.tif	forest/forest64.tif	UCM_50/train/forest/forest64.tif
train	forest	7	forest65.tif	forest/forest65.tif	UCM_50/train/forest/forest65.tif
train	forest	7	forest68.tif	forest/forest68.tif	UCM_50/train/forest/forest68.tif
train	forest	7	forest71.tif	forest/forest71.tif	UCM_50/train/forest/forest71.tif
train	forest	7	forest72.tif	forest/forest72.tif	UCM_50/train/forest/forest72.tif
train	forest	7	forest73.tif	forest/forest73.tif	UCM_50/train/forest/forest73.tif
train	forest	7	forest74.tif	forest/forest74.tif	UCM_50/train/forest/forest74.tif
train	forest	7	forest75.tif	forest/forest75.tif	UCM_50/train/forest/forest75.tif
train	forest	7	forest76.tif	forest/forest76.tif	UCM_50/train/forest/forest76.tif
train	forest	7	forest77.tif	forest/forest77.tif	UCM_50/train/forest/forest77.tif
train	forest	7	forest79.tif	forest/forest79.tif	UCM_50/train/forest/forest79.tif
train	forest	7	forest80.tif	forest/forest80.tif	UCM_50/train/forest/forest80.tif
train	forest	7	forest83.tif	forest/forest83.tif	UCM_50/train/forest/forest83.tif
train	forest	7	forest84.tif	forest/forest84.tif	UCM_50/train/forest/forest84.tif
train	forest	7	forest87.tif	forest/forest87.tif	UCM_50/train/forest/forest87.tif
train	forest	7	forest90.tif	forest/forest90.tif	UCM_50/train/forest/forest90.tif
train	forest	7	forest92.tif	forest/forest92.tif	UCM_50/train/forest/forest92.tif
train	forest	7	forest93.tif	forest/forest93.tif	UCM_50/train/forest/forest93.tif
train	forest	7	forest94.tif	forest/forest94.tif	UCM_50/train/forest/forest94.tif
train	forest	7	forest97.tif	forest/forest97.tif	UCM_50/train/forest/forest97.tif
train	freeway	8	freeway00.tif	freeway/freeway00.tif	UCM_50/train/freeway/freeway00.tif
train	freeway	8	freeway01.tif	freeway/freeway01.tif	UCM_50/train/freeway/freeway01.tif
train	freeway	8	freeway02.tif	freeway/freeway02.tif	UCM_50/train/freeway/freeway02.tif
train	freeway	8	freeway04.tif	freeway/freeway04.tif	UCM_50/train/freeway/freeway04.tif
train	freeway	8	freeway05.tif	freeway/freeway05.tif	UCM_50/train/freeway/freeway05.tif
train	freeway	8	freeway09.tif	freeway/freeway09.tif	UCM_50/train/freeway/freeway09.tif
train	freeway	8	freeway11.tif	freeway/freeway11.tif	UCM_50/train/freeway/freeway11.tif
train	freeway	8	freeway12.tif	freeway/freeway12.tif	UCM_50/train/freeway/freeway12.tif
train	freeway	8	freeway19.tif	freeway/freeway19.tif	UCM_50/train/freeway/freeway19.tif
train	freeway	8	freeway20.tif	freeway/freeway20.tif	UCM_50/train/freeway/freeway20.tif
train	freeway	8	freeway24.tif	freeway/freeway24.tif	UCM_50/train/freeway/freeway24.tif
train	freeway	8	freeway26.tif	freeway/freeway26.tif	UCM_50/train/freeway/freeway26.tif
train	freeway	8	freeway27.tif	freeway/freeway27.tif	UCM_50/train/freeway/freeway27.tif
train	freeway	8	freeway33.tif	freeway/freeway33.tif	UCM_50/train/freeway/freeway33.tif
train	freeway	8	freeway41.tif	freeway/freeway41.tif	UCM_50/train/freeway/freeway41.tif
train	freeway	8	freeway44.tif	freeway/freeway44.tif	UCM_50/train/freeway/freeway44.tif
train	freeway	8	freeway45.tif	freeway/freeway45.tif	UCM_50/train/freeway/freeway45.tif
train	freeway	8	freeway46.tif	freeway/freeway46.tif	UCM_50/train/freeway/freeway46.tif
train	freeway	8	freeway47.tif	freeway/freeway47.tif	UCM_50/train/freeway/freeway47.tif
train	freeway	8	freeway49.tif	freeway/freeway49.tif	UCM_50/train/freeway/freeway49.tif
train	freeway	8	freeway51.tif	freeway/freeway51.tif	UCM_50/train/freeway/freeway51.tif
train	freeway	8	freeway53.tif	freeway/freeway53.tif	UCM_50/train/freeway/freeway53.tif
train	freeway	8	freeway54.tif	freeway/freeway54.tif	UCM_50/train/freeway/freeway54.tif
train	freeway	8	freeway56.tif	freeway/freeway56.tif	UCM_50/train/freeway/freeway56.tif
train	freeway	8	freeway57.tif	freeway/freeway57.tif	UCM_50/train/freeway/freeway57.tif
train	freeway	8	freeway59.tif	freeway/freeway59.tif	UCM_50/train/freeway/freeway59.tif
train	freeway	8	freeway61.tif	freeway/freeway61.tif	UCM_50/train/freeway/freeway61.tif
train	freeway	8	freeway62.tif	freeway/freeway62.tif	UCM_50/train/freeway/freeway62.tif
train	freeway	8	freeway65.tif	freeway/freeway65.tif	UCM_50/train/freeway/freeway65.tif
train	freeway	8	freeway66.tif	freeway/freeway66.tif	UCM_50/train/freeway/freeway66.tif
train	freeway	8	freeway67.tif	freeway/freeway67.tif	UCM_50/train/freeway/freeway67.tif
train	freeway	8	freeway68.tif	freeway/freeway68.tif	UCM_50/train/freeway/freeway68.tif
train	freeway	8	freeway69.tif	freeway/freeway69.tif	UCM_50/train/freeway/freeway69.tif
train	freeway	8	freeway70.tif	freeway/freeway70.tif	UCM_50/train/freeway/freeway70.tif
train	freeway	8	freeway71.tif	freeway/freeway71.tif	UCM_50/train/freeway/freeway71.tif
train	freeway	8	freeway72.tif	freeway/freeway72.tif	UCM_50/train/freeway/freeway72.tif
train	freeway	8	freeway77.tif	freeway/freeway77.tif	UCM_50/train/freeway/freeway77.tif
train	freeway	8	freeway78.tif	freeway/freeway78.tif	UCM_50/train/freeway/freeway78.tif
train	freeway	8	freeway80.tif	freeway/freeway80.tif	UCM_50/train/freeway/freeway80.tif
train	freeway	8	freeway81.tif	freeway/freeway81.tif	UCM_50/train/freeway/freeway81.tif
train	freeway	8	freeway82.tif	freeway/freeway82.tif	UCM_50/train/freeway/freeway82.tif
train	freeway	8	freeway85.tif	freeway/freeway85.tif	UCM_50/train/freeway/freeway85.tif
train	freeway	8	freeway86.tif	freeway/freeway86.tif	UCM_50/train/freeway/freeway86.tif
train	freeway	8	freeway88.tif	freeway/freeway88.tif	UCM_50/train/freeway/freeway88.tif
train	freeway	8	freeway90.tif	freeway/freeway90.tif	UCM_50/train/freeway/freeway90.tif
train	freeway	8	freeway93.tif	freeway/freeway93.tif	UCM_50/train/freeway/freeway93.tif
train	freeway	8	freeway94.tif	freeway/freeway94.tif	UCM_50/train/freeway/freeway94.tif
train	freeway	8	freeway96.tif	freeway/freeway96.tif	UCM_50/train/freeway/freeway96.tif
train	freeway	8	freeway97.tif	freeway/freeway97.tif	UCM_50/train/freeway/freeway97.tif
train	freeway	8	freeway98.tif	freeway/freeway98.tif	UCM_50/train/freeway/freeway98.tif
train	golfcourse	9	golfcourse00.tif	golfcourse/golfcourse00.tif	UCM_50/train/golfcourse/golfcourse00.tif
train	golfcourse	9	golfcourse02.tif	golfcourse/golfcourse02.tif	UCM_50/train/golfcourse/golfcourse02.tif
train	golfcourse	9	golfcourse03.tif	golfcourse/golfcourse03.tif	UCM_50/train/golfcourse/golfcourse03.tif
train	golfcourse	9	golfcourse05.tif	golfcourse/golfcourse05.tif	UCM_50/train/golfcourse/golfcourse05.tif
train	golfcourse	9	golfcourse08.tif	golfcourse/golfcourse08.tif	UCM_50/train/golfcourse/golfcourse08.tif
train	golfcourse	9	golfcourse09.tif	golfcourse/golfcourse09.tif	UCM_50/train/golfcourse/golfcourse09.tif
train	golfcourse	9	golfcourse10.tif	golfcourse/golfcourse10.tif	UCM_50/train/golfcourse/golfcourse10.tif
train	golfcourse	9	golfcourse11.tif	golfcourse/golfcourse11.tif	UCM_50/train/golfcourse/golfcourse11.tif
train	golfcourse	9	golfcourse12.tif	golfcourse/golfcourse12.tif	UCM_50/train/golfcourse/golfcourse12.tif
train	golfcourse	9	golfcourse17.tif	golfcourse/golfcourse17.tif	UCM_50/train/golfcourse/golfcourse17.tif
train	golfcourse	9	golfcourse18.tif	golfcourse/golfcourse18.tif	UCM_50/train/golfcourse/golfcourse18.tif
train	golfcourse	9	golfcourse19.tif	golfcourse/golfcourse19.tif	UCM_50/train/golfcourse/golfcourse19.tif
train	golfcourse	9	golfcourse21.tif	golfcourse/golfcourse21.tif	UCM_50/train/golfcourse/golfcourse21.tif
train	golfcourse	9	golfcourse24.tif	golfcourse/golfcourse24.tif	UCM_50/train/golfcourse/golfcourse24.tif
train	golfcourse	9	golfcourse29.tif	golfcourse/golfcourse29.tif	UCM_50/train/golfcourse/golfcourse29.tif
train	golfcourse	9	golfcourse32.tif	golfcourse/golfcourse32.tif	UCM_50/train/golfcourse/golfcourse32.tif
train	golfcourse	9	golfcourse33.tif	golfcourse/golfcourse33.tif	UCM_50/train/golfcourse/golfcourse33.tif
train	golfcourse	9	golfcourse34.tif	golfcourse/golfcourse34.tif	UCM_50/train/golfcourse/golfcourse34.tif
train	golfcourse	9	golfcourse35.tif	golfcourse/golfcourse35.tif	UCM_50/train/golfcourse/golfcourse35.tif
train	golfcourse	9	golfcourse36.tif	golfcourse/golfcourse36.tif	UCM_50/train/golfcourse/golfcourse36.tif
train	golfcourse	9	golfcourse37.tif	golfcourse/golfcourse37.tif	UCM_50/train/golfcourse/golfcourse37.tif
train	golfcourse	9	golfcourse38.tif	golfcourse/golfcourse38.tif	UCM_50/train/golfcourse/golfcourse38.tif
train	golfcourse	9	golfcourse40.tif	golfcourse/golfcourse40.tif	UCM_50/train/golfcourse/golfcourse40.tif
train	golfcourse	9	golfcourse41.tif	golfcourse/golfcourse41.tif	UCM_50/train/golfcourse/golfcourse41.tif
train	golfcourse	9	golfcourse48.tif	golfcourse/golfcourse48.tif	UCM_50/train/golfcourse/golfcourse48.tif
train	golfcourse	9	golfcourse50.tif	golfcourse/golfcourse50.tif	UCM_50/train/golfcourse/golfcourse50.tif
train	golfcourse	9	golfcourse53.tif	golfcourse/golfcourse53.tif	UCM_50/train/golfcourse/golfcourse53.tif
train	golfcourse	9	golfcourse54.tif	golfcourse/golfcourse54.tif	UCM_50/train/golfcourse/golfcourse54.tif
train	golfcourse	9	golfcourse56.tif	golfcourse/golfcourse56.tif	UCM_50/train/golfcourse/golfcourse56.tif
train	golfcourse	9	golfcourse59.tif	golfcourse/golfcourse59.tif	UCM_50/train/golfcourse/golfcourse59.tif
train	golfcourse	9	golfcourse60.tif	golfcourse/golfcourse60.tif	UCM_50/train/golfcourse/golfcourse60.tif
train	golfcourse	9	golfcourse61.tif	golfcourse/golfcourse61.tif	UCM_50/train/golfcourse/golfcourse61.tif
train	golfcourse	9	golfcourse65.tif	golfcourse/golfcourse65.tif	UCM_50/train/golfcourse/golfcourse65.tif
train	golfcourse	9	golfcourse66.tif	golfcourse/golfcourse66.tif	UCM_50/train/golfcourse/golfcourse66.tif
train	golfcourse	9	golfcourse67.tif	golfcourse/golfcourse67.tif	UCM_50/train/golfcourse/golfcourse67.tif
train	golfcourse	9	golfcourse68.tif	golfcourse/golfcourse68.tif	UCM_50/train/golfcourse/golfcourse68.tif
train	golfcourse	9	golfcourse70.tif	golfcourse/golfcourse70.tif	UCM_50/train/golfcourse/golfcourse70.tif
train	golfcourse	9	golfcourse71.tif	golfcourse/golfcourse71.tif	UCM_50/train/golfcourse/golfcourse71.tif
train	golfcourse	9	golfcourse73.tif	golfcourse/golfcourse73.tif	UCM_50/train/golfcourse/golfcourse73.tif
train	golfcourse	9	golfcourse74.tif	golfcourse/golfcourse74.tif	UCM_50/train/golfcourse/golfcourse74.tif
train	golfcourse	9	golfcourse75.tif	golfcourse/golfcourse75.tif	UCM_50/train/golfcourse/golfcourse75.tif
train	golfcourse	9	golfcourse77.tif	golfcourse/golfcourse77.tif	UCM_50/train/golfcourse/golfcourse77.tif
train	golfcourse	9	golfcourse81.tif	golfcourse/golfcourse81.tif	UCM_50/train/golfcourse/golfcourse81.tif
train	golfcourse	9	golfcourse84.tif	golfcourse/golfcourse84.tif	UCM_50/train/golfcourse/golfcourse84.tif
train	golfcourse	9	golfcourse86.tif	golfcourse/golfcourse86.tif	UCM_50/train/golfcourse/golfcourse86.tif
train	golfcourse	9	golfcourse88.tif	golfcourse/golfcourse88.tif	UCM_50/train/golfcourse/golfcourse88.tif
train	golfcourse	9	golfcourse89.tif	golfcourse/golfcourse89.tif	UCM_50/train/golfcourse/golfcourse89.tif
train	golfcourse	9	golfcourse90.tif	golfcourse/golfcourse90.tif	UCM_50/train/golfcourse/golfcourse90.tif
train	golfcourse	9	golfcourse96.tif	golfcourse/golfcourse96.tif	UCM_50/train/golfcourse/golfcourse96.tif
train	golfcourse	9	golfcourse99.tif	golfcourse/golfcourse99.tif	UCM_50/train/golfcourse/golfcourse99.tif
train	harbor	10	harbor01.tif	harbor/harbor01.tif	UCM_50/train/harbor/harbor01.tif
train	harbor	10	harbor02.tif	harbor/harbor02.tif	UCM_50/train/harbor/harbor02.tif
train	harbor	10	harbor03.tif	harbor/harbor03.tif	UCM_50/train/harbor/harbor03.tif
train	harbor	10	harbor07.tif	harbor/harbor07.tif	UCM_50/train/harbor/harbor07.tif
train	harbor	10	harbor08.tif	harbor/harbor08.tif	UCM_50/train/harbor/harbor08.tif
train	harbor	10	harbor09.tif	harbor/harbor09.tif	UCM_50/train/harbor/harbor09.tif
train	harbor	10	harbor11.tif	harbor/harbor11.tif	UCM_50/train/harbor/harbor11.tif
train	harbor	10	harbor12.tif	harbor/harbor12.tif	UCM_50/train/harbor/harbor12.tif
train	harbor	10	harbor14.tif	harbor/harbor14.tif	UCM_50/train/harbor/harbor14.tif
train	harbor	10	harbor22.tif	harbor/harbor22.tif	UCM_50/train/harbor/harbor22.tif
train	harbor	10	harbor23.tif	harbor/harbor23.tif	UCM_50/train/harbor/harbor23.tif
train	harbor	10	harbor24.tif	harbor/harbor24.tif	UCM_50/train/harbor/harbor24.tif
train	harbor	10	harbor27.tif	harbor/harbor27.tif	UCM_50/train/harbor/harbor27.tif
train	harbor	10	harbor29.tif	harbor/harbor29.tif	UCM_50/train/harbor/harbor29.tif
train	harbor	10	harbor30.tif	harbor/harbor30.tif	UCM_50/train/harbor/harbor30.tif
train	harbor	10	harbor31.tif	harbor/harbor31.tif	UCM_50/train/harbor/harbor31.tif
train	harbor	10	harbor32.tif	harbor/harbor32.tif	UCM_50/train/harbor/harbor32.tif
train	harbor	10	harbor35.tif	harbor/harbor35.tif	UCM_50/train/harbor/harbor35.tif
train	harbor	10	harbor38.tif	harbor/harbor38.tif	UCM_50/train/harbor/harbor38.tif
train	harbor	10	harbor39.tif	harbor/harbor39.tif	UCM_50/train/harbor/harbor39.tif
train	harbor	10	harbor41.tif	harbor/harbor41.tif	UCM_50/train/harbor/harbor41.tif
train	harbor	10	harbor43.tif	harbor/harbor43.tif	UCM_50/train/harbor/harbor43.tif
train	harbor	10	harbor44.tif	harbor/harbor44.tif	UCM_50/train/harbor/harbor44.tif
train	harbor	10	harbor51.tif	harbor/harbor51.tif	UCM_50/train/harbor/harbor51.tif
train	harbor	10	harbor52.tif	harbor/harbor52.tif	UCM_50/train/harbor/harbor52.tif
train	harbor	10	harbor57.tif	harbor/harbor57.tif	UCM_50/train/harbor/harbor57.tif
train	harbor	10	harbor58.tif	harbor/harbor58.tif	UCM_50/train/harbor/harbor58.tif
train	harbor	10	harbor59.tif	harbor/harbor59.tif	UCM_50/train/harbor/harbor59.tif
train	harbor	10	harbor62.tif	harbor/harbor62.tif	UCM_50/train/harbor/harbor62.tif
train	harbor	10	harbor63.tif	harbor/harbor63.tif	UCM_50/train/harbor/harbor63.tif
train	harbor	10	harbor64.tif	harbor/harbor64.tif	UCM_50/train/harbor/harbor64.tif
train	harbor	10	harbor65.tif	harbor/harbor65.tif	UCM_50/train/harbor/harbor65.tif
train	harbor	10	harbor66.tif	harbor/harbor66.tif	UCM_50/train/harbor/harbor66.tif
train	harbor	10	harbor67.tif	harbor/harbor67.tif	UCM_50/train/harbor/harbor67.tif
train	harbor	10	harbor69.tif	harbor/harbor69.tif	UCM_50/train/harbor/harbor69.tif
train	harbor	10	harbor73.tif	harbor/harbor73.tif	UCM_50/train/harbor/harbor73.tif
train	harbor	10	harbor74.tif	harbor/harbor74.tif	UCM_50/train/harbor/harbor74.tif
train	harbor	10	harbor75.tif	harbor/harbor75.tif	UCM_50/train/harbor/harbor75.tif
train	harbor	10	harbor77.tif	harbor/harbor77.tif	UCM_50/train/harbor/harbor77.tif
train	harbor	10	harbor79.tif	harbor/harbor79.tif	UCM_50/train/harbor/harbor79.tif
train	harbor	10	harbor80.tif	harbor/harbor80.tif	UCM_50/train/harbor/harbor80.tif
train	harbor	10	harbor81.tif	harbor/harbor81.tif	UCM_50/train/harbor/harbor81.tif
train	harbor	10	harbor85.tif	harbor/harbor85.tif	UCM_50/train/harbor/harbor85.tif
train	harbor	10	harbor87.tif	harbor/harbor87.tif	UCM_50/train/harbor/harbor87.tif
train	harbor	10	harbor88.tif	harbor/harbor88.tif	UCM_50/train/harbor/harbor88.tif
train	harbor	10	harbor90.tif	harbor/harbor90.tif	UCM_50/train/harbor/harbor90.tif
train	harbor	10	harbor93.tif	harbor/harbor93.tif	UCM_50/train/harbor/harbor93.tif
train	harbor	10	harbor95.tif	harbor/harbor95.tif	UCM_50/train/harbor/harbor95.tif
train	harbor	10	harbor96.tif	harbor/harbor96.tif	UCM_50/train/harbor/harbor96.tif
train	harbor	10	harbor97.tif	harbor/harbor97.tif	UCM_50/train/harbor/harbor97.tif
train	intersection	11	intersection00.tif	intersection/intersection00.tif	UCM_50/train/intersection/intersection00.tif
train	intersection	11	intersection01.tif	intersection/intersection01.tif	UCM_50/train/intersection/intersection01.tif
train	intersection	11	intersection03.tif	intersection/intersection03.tif	UCM_50/train/intersection/intersection03.tif
train	intersection	11	intersection05.tif	intersection/intersection05.tif	UCM_50/train/intersection/intersection05.tif
train	intersection	11	intersection08.tif	intersection/intersection08.tif	UCM_50/train/intersection/intersection08.tif
train	intersection	11	intersection09.tif	intersection/intersection09.tif	UCM_50/train/intersection/intersection09.tif
train	intersection	11	intersection10.tif	intersection/intersection10.tif	UCM_50/train/intersection/intersection10.tif
train	intersection	11	intersection11.tif	intersection/intersection11.tif	UCM_50/train/intersection/intersection11.tif
train	intersection	11	intersection12.tif	intersection/intersection12.tif	UCM_50/train/intersection/intersection12.tif
train	intersection	11	intersection15.tif	intersection/intersection15.tif	UCM_50/train/intersection/intersection15.tif
train	intersection	11	intersection16.tif	intersection/intersection16.tif	UCM_50/train/intersection/intersection16.tif
train	intersection	11	intersection19.tif	intersection/intersection19.tif	UCM_50/train/intersection/intersection19.tif
train	intersection	11	intersection22.tif	intersection/intersection22.tif	UCM_50/train/intersection/intersection22.tif
train	intersection	11	intersection24.tif	intersection/intersection24.tif	UCM_50/train/intersection/intersection24.tif
train	intersection	11	intersection26.tif	intersection/intersection26.tif	UCM_50/train/intersection/intersection26.tif
train	intersection	11	intersection28.tif	intersection/intersection28.tif	UCM_50/train/intersection/intersection28.tif
train	intersection	11	intersection29.tif	intersection/intersection29.tif	UCM_50/train/intersection/intersection29.tif
train	intersection	11	intersection30.tif	intersection/intersection30.tif	UCM_50/train/intersection/intersection30.tif
train	intersection	11	intersection31.tif	intersection/intersection31.tif	UCM_50/train/intersection/intersection31.tif
train	intersection	11	intersection32.tif	intersection/intersection32.tif	UCM_50/train/intersection/intersection32.tif
train	intersection	11	intersection35.tif	intersection/intersection35.tif	UCM_50/train/intersection/intersection35.tif
train	intersection	11	intersection36.tif	intersection/intersection36.tif	UCM_50/train/intersection/intersection36.tif
train	intersection	11	intersection38.tif	intersection/intersection38.tif	UCM_50/train/intersection/intersection38.tif
train	intersection	11	intersection40.tif	intersection/intersection40.tif	UCM_50/train/intersection/intersection40.tif
train	intersection	11	intersection42.tif	intersection/intersection42.tif	UCM_50/train/intersection/intersection42.tif
train	intersection	11	intersection48.tif	intersection/intersection48.tif	UCM_50/train/intersection/intersection48.tif
train	intersection	11	intersection49.tif	intersection/intersection49.tif	UCM_50/train/intersection/intersection49.tif
train	intersection	11	intersection52.tif	intersection/intersection52.tif	UCM_50/train/intersection/intersection52.tif
train	intersection	11	intersection55.tif	intersection/intersection55.tif	UCM_50/train/intersection/intersection55.tif
train	intersection	11	intersection58.tif	intersection/intersection58.tif	UCM_50/train/intersection/intersection58.tif
train	intersection	11	intersection61.tif	intersection/intersection61.tif	UCM_50/train/intersection/intersection61.tif
train	intersection	11	intersection63.tif	intersection/intersection63.tif	UCM_50/train/intersection/intersection63.tif
train	intersection	11	intersection66.tif	intersection/intersection66.tif	UCM_50/train/intersection/intersection66.tif
train	intersection	11	intersection67.tif	intersection/intersection67.tif	UCM_50/train/intersection/intersection67.tif
train	intersection	11	intersection69.tif	intersection/intersection69.tif	UCM_50/train/intersection/intersection69.tif
train	intersection	11	intersection72.tif	intersection/intersection72.tif	UCM_50/train/intersection/intersection72.tif
train	intersection	11	intersection73.tif	intersection/intersection73.tif	UCM_50/train/intersection/intersection73.tif
train	intersection	11	intersection74.tif	intersection/intersection74.tif	UCM_50/train/intersection/intersection74.tif
train	intersection	11	intersection77.tif	intersection/intersection77.tif	UCM_50/train/intersection/intersection77.tif
train	intersection	11	intersection78.tif	intersection/intersection78.tif	UCM_50/train/intersection/intersection78.tif
train	intersection	11	intersection80.tif	intersection/intersection80.tif	UCM_50/train/intersection/intersection80.tif
train	intersection	11	intersection83.tif	intersection/intersection83.tif	UCM_50/train/intersection/intersection83.tif
train	intersection	11	intersection84.tif	intersection/intersection84.tif	UCM_50/train/intersection/intersection84.tif
train	intersection	11	intersection88.tif	intersection/intersection88.tif	UCM_50/train/intersection/intersection88.tif
train	intersection	11	intersection89.tif	intersection/intersection89.tif	UCM_50/train/intersection/intersection89.tif
train	intersection	11	intersection90.tif	intersection/intersection90.tif	UCM_50/train/intersection/intersection90.tif
train	intersection	11	intersection92.tif	intersection/intersection92.tif	UCM_50/train/intersection/intersection92.tif
train	intersection	11	intersection94.tif	intersection/intersection94.tif	UCM_50/train/intersection/intersection94.tif
train	intersection	11	intersection96.tif	intersection/intersection96.tif	UCM_50/train/intersection/intersection96.tif
train	intersection	11	intersection99.tif	intersection/intersection99.tif	UCM_50/train/intersection/intersection99.tif
train	mediumresidential	12	mediumresidential01.tif	mediumresidential/mediumresidential01.tif	UCM_50/train/mediumresidential/mediumresidential01.tif
train	mediumresidential	12	mediumresidential02.tif	mediumresidential/mediumresidential02.tif	UCM_50/train/mediumresidential/mediumresidential02.tif
train	mediumresidential	12	mediumresidential03.tif	mediumresidential/mediumresidential03.tif	UCM_50/train/mediumresidential/mediumresidential03.tif
train	mediumresidential	12	mediumresidential05.tif	mediumresidential/mediumresidential05.tif	UCM_50/train/mediumresidential/mediumresidential05.tif
train	mediumresidential	12	mediumresidential07.tif	mediumresidential/mediumresidential07.tif	UCM_50/train/mediumresidential/mediumresidential07.tif
train	mediumresidential	12	mediumresidential09.tif	mediumresidential/mediumresidential09.tif	UCM_50/train/mediumresidential/mediumresidential09.tif
train	mediumresidential	12	mediumresidential11.tif	mediumresidential/mediumresidential11.tif	UCM_50/train/mediumresidential/mediumresidential11.tif
train	mediumresidential	12	mediumresidential14.tif	mediumresidential/mediumresidential14.tif	UCM_50/train/mediumresidential/mediumresidential14.tif
train	mediumresidential	12	mediumresidential17.tif	mediumresidential/mediumresidential17.tif	UCM_50/train/mediumresidential/mediumresidential17.tif
train	mediumresidential	12	mediumresidential20.tif	mediumresidential/mediumresidential20.tif	UCM_50/train/mediumresidential/mediumresidential20.tif
train	mediumresidential	12	mediumresidential22.tif	mediumresidential/mediumresidential22.tif	UCM_50/train/mediumresidential/mediumresidential22.tif
train	mediumresidential	12	mediumresidential24.tif	mediumresidential/mediumresidential24.tif	UCM_50/train/mediumresidential/mediumresidential24.tif
train	mediumresidential	12	mediumresidential30.tif	mediumresidential/mediumresidential30.tif	UCM_50/train/mediumresidential/mediumresidential30.tif
train	mediumresidential	12	mediumresidential31.tif	mediumresidential/mediumresidential31.tif	UCM_50/train/mediumresidential/mediumresidential31.tif
train	mediumresidential	12	mediumresidential32.tif	mediumresidential/mediumresidential32.tif	UCM_50/train/mediumresidential/mediumresidential32.tif
train	mediumresidential	12	mediumresidential34.tif	mediumresidential/mediumresidential34.tif	UCM_50/train/mediumresidential/mediumresidential34.tif
train	mediumresidential	12	mediumresidential35.tif	mediumresidential/mediumresidential35.tif	UCM_50/train/mediumresidential/mediumresidential35.tif
train	mediumresidential	12	mediumresidential37.tif	mediumresidential/mediumresidential37.tif	UCM_50/train/mediumresidential/mediumresidential37.tif
train	mediumresidential	12	mediumresidential38.tif	mediumresidential/mediumresidential38.tif	UCM_50/train/mediumresidential/mediumresidential38.tif
train	mediumresidential	12	mediumresidential39.tif	mediumresidential/mediumresidential39.tif	UCM_50/train/mediumresidential/mediumresidential39.tif
train	mediumresidential	12	mediumresidential41.tif	mediumresidential/mediumresidential41.tif	UCM_50/train/mediumresidential/mediumresidential41.tif
train	mediumresidential	12	mediumresidential42.tif	mediumresidential/mediumresidential42.tif	UCM_50/train/mediumresidential/mediumresidential42.tif
train	mediumresidential	12	mediumresidential43.tif	mediumresidential/mediumresidential43.tif	UCM_50/train/mediumresidential/mediumresidential43.tif
train	mediumresidential	12	mediumresidential44.tif	mediumresidential/mediumresidential44.tif	UCM_50/train/mediumresidential/mediumresidential44.tif
train	mediumresidential	12	mediumresidential45.tif	mediumresidential/mediumresidential45.tif	UCM_50/train/mediumresidential/mediumresidential45.tif
train	mediumresidential	12	mediumresidential46.tif	mediumresidential/mediumresidential46.tif	UCM_50/train/mediumresidential/mediumresidential46.tif
train	mediumresidential	12	mediumresidential48.tif	mediumresidential/mediumresidential48.tif	UCM_50/train/mediumresidential/mediumresidential48.tif
train	mediumresidential	12	mediumresidential50.tif	mediumresidential/mediumresidential50.tif	UCM_50/train/mediumresidential/mediumresidential50.tif
train	mediumresidential	12	mediumresidential51.tif	mediumresidential/mediumresidential51.tif	UCM_50/train/mediumresidential/mediumresidential51.tif
train	mediumresidential	12	mediumresidential52.tif	mediumresidential/mediumresidential52.tif	UCM_50/train/mediumresidential/mediumresidential52.tif
train	mediumresidential	12	mediumresidential53.tif	mediumresidential/mediumresidential53.tif	UCM_50/train/mediumresidential/mediumresidential53.tif
train	mediumresidential	12	mediumresidential56.tif	mediumresidential/mediumresidential56.tif	UCM_50/train/mediumresidential/mediumresidential56.tif
train	mediumresidential	12	mediumresidential57.tif	mediumresidential/mediumresidential57.tif	UCM_50/train/mediumresidential/mediumresidential57.tif
train	mediumresidential	12	mediumresidential59.tif	mediumresidential/mediumresidential59.tif	UCM_50/train/mediumresidential/mediumresidential59.tif
train	mediumresidential	12	mediumresidential60.tif	mediumresidential/mediumresidential60.tif	UCM_50/train/mediumresidential/mediumresidential60.tif
train	mediumresidential	12	mediumresidential63.tif	mediumresidential/mediumresidential63.tif	UCM_50/train/mediumresidential/mediumresidential63.tif
train	mediumresidential	12	mediumresidential68.tif	mediumresidential/mediumresidential68.tif	UCM_50/train/mediumresidential/mediumresidential68.tif
train	mediumresidential	12	mediumresidential73.tif	mediumresidential/mediumresidential73.tif	UCM_50/train/mediumresidential/mediumresidential73.tif
train	mediumresidential	12	mediumresidential75.tif	mediumresidential/mediumresidential75.tif	UCM_50/train/mediumresidential/mediumresidential75.tif
train	mediumresidential	12	mediumresidential76.tif	mediumresidential/mediumresidential76.tif	UCM_50/train/mediumresidential/mediumresidential76.tif
train	mediumresidential	12	mediumresidential78.tif	mediumresidential/mediumresidential78.tif	UCM_50/train/mediumresidential/mediumresidential78.tif
train	mediumresidential	12	mediumresidential81.tif	mediumresidential/mediumresidential81.tif	UCM_50/train/mediumresidential/mediumresidential81.tif
train	mediumresidential	12	mediumresidential83.tif	mediumresidential/mediumresidential83.tif	UCM_50/train/mediumresidential/mediumresidential83.tif
train	mediumresidential	12	mediumresidential86.tif	mediumresidential/mediumresidential86.tif	UCM_50/train/mediumresidential/mediumresidential86.tif
train	mediumresidential	12	mediumresidential91.tif	mediumresidential/mediumresidential91.tif	UCM_50/train/mediumresidential/mediumresidential91.tif
train	mediumresidential	12	mediumresidential92.tif	mediumresidential/mediumresidential92.tif	UCM_50/train/mediumresidential/mediumresidential92.tif
train	mediumresidential	12	mediumresidential95.tif	mediumresidential/mediumresidential95.tif	UCM_50/train/mediumresidential/mediumresidential95.tif
train	mediumresidential	12	mediumresidential96.tif	mediumresidential/mediumresidential96.tif	UCM_50/train/mediumresidential/mediumresidential96.tif
train	mediumresidential	12	mediumresidential98.tif	mediumresidential/mediumresidential98.tif	UCM_50/train/mediumresidential/mediumresidential98.tif
train	mediumresidential	12	mediumresidential99.tif	mediumresidential/mediumresidential99.tif	UCM_50/train/mediumresidential/mediumresidential99.tif
train	mobilehomepark	13	mobilehomepark02.tif	mobilehomepark/mobilehomepark02.tif	UCM_50/train/mobilehomepark/mobilehomepark02.tif
train	mobilehomepark	13	mobilehomepark03.tif	mobilehomepark/mobilehomepark03.tif	UCM_50/train/mobilehomepark/mobilehomepark03.tif
train	mobilehomepark	13	mobilehomepark04.tif	mobilehomepark/mobilehomepark04.tif	UCM_50/train/mobilehomepark/mobilehomepark04.tif
train	mobilehomepark	13	mobilehomepark05.tif	mobilehomepark/mobilehomepark05.tif	UCM_50/train/mobilehomepark/mobilehomepark05.tif
train	mobilehomepark	13	mobilehomepark06.tif	mobilehomepark/mobilehomepark06.tif	UCM_50/train/mobilehomepark/mobilehomepark06.tif
train	mobilehomepark	13	mobilehomepark07.tif	mobilehomepark/mobilehomepark07.tif	UCM_50/train/mobilehomepark/mobilehomepark07.tif
train	mobilehomepark	13	mobilehomepark09.tif	mobilehomepark/mobilehomepark09.tif	UCM_50/train/mobilehomepark/mobilehomepark09.tif
train	mobilehomepark	13	mobilehomepark10.tif	mobilehomepark/mobilehomepark10.tif	UCM_50/train/mobilehomepark/mobilehomepark10.tif
train	mobilehomepark	13	mobilehomepark13.tif	mobilehomepark/mobilehomepark13.tif	UCM_50/train/mobilehomepark/mobilehomepark13.tif
train	mobilehomepark	13	mobilehomepark17.tif	mobilehomepark/mobilehomepark17.tif	UCM_50/train/mobilehomepark/mobilehomepark17.tif
train	mobilehomepark	13	mobilehomepark20.tif	mobilehomepark/mobilehomepark20.tif	UCM_50/train/mobilehomepark/mobilehomepark20.tif
train	mobilehomepark	13	mobilehomepark23.tif	mobilehomepark/mobilehomepark23.tif	UCM_50/train/mobilehomepark/mobilehomepark23.tif
train	mobilehomepark	13	mobilehomepark28.tif	mobilehomepark/mobilehomepark28.tif	UCM_50/train/mobilehomepark/mobilehomepark28.tif
train	mobilehomepark	13	mobilehomepark33.tif	mobilehomepark/mobilehomepark33.tif	UCM_50/train/mobilehomepark/mobilehomepark33.tif
train	mobilehomepark	13	mobilehomepark34.tif	mobilehomepark/mobilehomepark34.tif	UCM_50/train/mobilehomepark/mobilehomepark34.tif
train	mobilehomepark	13	mobilehomepark35.tif	mobilehomepark/mobilehomepark35.tif	UCM_50/train/mobilehomepark/mobilehomepark35.tif
train	mobilehomepark	13	mobilehomepark38.tif	mobilehomepark/mobilehomepark38.tif	UCM_50/train/mobilehomepark/mobilehomepark38.tif
train	mobilehomepark	13	mobilehomepark39.tif	mobilehomepark/mobilehomepark39.tif	UCM_50/train/mobilehomepark/mobilehomepark39.tif
train	mobilehomepark	13	mobilehomepark40.tif	mobilehomepark/mobilehomepark40.tif	UCM_50/train/mobilehomepark/mobilehomepark40.tif
train	mobilehomepark	13	mobilehomepark44.tif	mobilehomepark/mobilehomepark44.tif	UCM_50/train/mobilehomepark/mobilehomepark44.tif
train	mobilehomepark	13	mobilehomepark46.tif	mobilehomepark/mobilehomepark46.tif	UCM_50/train/mobilehomepark/mobilehomepark46.tif
train	mobilehomepark	13	mobilehomepark48.tif	mobilehomepark/mobilehomepark48.tif	UCM_50/train/mobilehomepark/mobilehomepark48.tif
train	mobilehomepark	13	mobilehomepark51.tif	mobilehomepark/mobilehomepark51.tif	UCM_50/train/mobilehomepark/mobilehomepark51.tif
train	mobilehomepark	13	mobilehomepark53.tif	mobilehomepark/mobilehomepark53.tif	UCM_50/train/mobilehomepark/mobilehomepark53.tif
train	mobilehomepark	13	mobilehomepark56.tif	mobilehomepark/mobilehomepark56.tif	UCM_50/train/mobilehomepark/mobilehomepark56.tif
train	mobilehomepark	13	mobilehomepark57.tif	mobilehomepark/mobilehomepark57.tif	UCM_50/train/mobilehomepark/mobilehomepark57.tif
train	mobilehomepark	13	mobilehomepark61.tif	mobilehomepark/mobilehomepark61.tif	UCM_50/train/mobilehomepark/mobilehomepark61.tif
train	mobilehomepark	13	mobilehomepark63.tif	mobilehomepark/mobilehomepark63.tif	UCM_50/train/mobilehomepark/mobilehomepark63.tif
train	mobilehomepark	13	mobilehomepark64.tif	mobilehomepark/mobilehomepark64.tif	UCM_50/train/mobilehomepark/mobilehomepark64.tif
train	mobilehomepark	13	mobilehomepark65.tif	mobilehomepark/mobilehomepark65.tif	UCM_50/train/mobilehomepark/mobilehomepark65.tif
train	mobilehomepark	13	mobilehomepark67.tif	mobilehomepark/mobilehomepark67.tif	UCM_50/train/mobilehomepark/mobilehomepark67.tif
train	mobilehomepark	13	mobilehomepark69.tif	mobilehomepark/mobilehomepark69.tif	UCM_50/train/mobilehomepark/mobilehomepark69.tif
train	mobilehomepark	13	mobilehomepark70.tif	mobilehomepark/mobilehomepark70.tif	UCM_50/train/mobilehomepark/mobilehomepark70.tif
train	mobilehomepark	13	mobilehomepark73.tif	mobilehomepark/mobilehomepark73.tif	UCM_50/train/mobilehomepark/mobilehomepark73.tif
train	mobilehomepark	13	mobilehomepark74.tif	mobilehomepark/mobilehomepark74.tif	UCM_50/train/mobilehomepark/mobilehomepark74.tif
train	mobilehomepark	13	mobilehomepark79.tif	mobilehomepark/mobilehomepark79.tif	UCM_50/train/mobilehomepark/mobilehomepark79.tif
train	mobilehomepark	13	mobilehomepark81.tif	mobilehomepark/mobilehomepark81.tif	UCM_50/train/mobilehomepark/mobilehomepark81.tif
train	mobilehomepark	13	mobilehomepark82.tif	mobilehomepark/mobilehomepark82.tif	UCM_50/train/mobilehomepark/mobilehomepark82.tif
train	mobilehomepark	13	mobilehomepark85.tif	mobilehomepark/mobilehomepark85.tif	UCM_50/train/mobilehomepark/mobilehomepark85.tif
train	mobilehomepark	13	mobilehomepark86.tif	mobilehomepark/mobilehomepark86.tif	UCM_50/train/mobilehomepark/mobilehomepark86.tif
train	mobilehomepark	13	mobilehomepark87.tif	mobilehomepark/mobilehomepark87.tif	UCM_50/train/mobilehomepark/mobilehomepark87.tif
train	mobilehomepark	13	mobilehomepark88.tif	mobilehomepark/mobilehomepark88.tif	UCM_50/train/mobilehomepark/mobilehomepark88.tif
train	mobilehomepark	13	mobilehomepark89.tif	mobilehomepark/mobilehomepark89.tif	UCM_50/train/mobilehomepark/mobilehomepark89.tif
train	mobilehomepark	13	mobilehomepark90.tif	mobilehomepark/mobilehomepark90.tif	UCM_50/train/mobilehomepark/mobilehomepark90.tif
train	mobilehomepark	13	mobilehomepark92.tif	mobilehomepark/mobilehomepark92.tif	UCM_50/train/mobilehomepark/mobilehomepark92.tif
train	mobilehomepark	13	mobilehomepark93.tif	mobilehomepark/mobilehomepark93.tif	UCM_50/train/mobilehomepark/mobilehomepark93.tif
train	mobilehomepark	13	mobilehomepark94.tif	mobilehomepark/mobilehomepark94.tif	UCM_50/train/mobilehomepark/mobilehomepark94.tif
train	mobilehomepark	13	mobilehomepark96.tif	mobilehomepark/mobilehomepark96.tif	UCM_50/train/mobilehomepark/mobilehomepark96.tif
train	mobilehomepark	13	mobilehomepark97.tif	mobilehomepark/mobilehomepark97.tif	UCM_50/train/mobilehomepark/mobilehomepark97.tif
train	mobilehomepark	13	mobilehomepark98.tif	mobilehomepark/mobilehomepark98.tif	UCM_50/train/mobilehomepark/mobilehomepark98.tif
train	overpass	14	overpass00.tif	overpass/overpass00.tif	UCM_50/train/overpass/overpass00.tif
train	overpass	14	overpass01.tif	overpass/overpass01.tif	UCM_50/train/overpass/overpass01.tif
train	overpass	14	overpass04.tif	overpass/overpass04.tif	UCM_50/train/overpass/overpass04.tif
train	overpass	14	overpass07.tif	overpass/overpass07.tif	UCM_50/train/overpass/overpass07.tif
train	overpass	14	overpass08.tif	overpass/overpass08.tif	UCM_50/train/overpass/overpass08.tif
train	overpass	14	overpass09.tif	overpass/overpass09.tif	UCM_50/train/overpass/overpass09.tif
train	overpass	14	overpass12.tif	overpass/overpass12.tif	UCM_50/train/overpass/overpass12.tif
train	overpass	14	overpass13.tif	overpass/overpass13.tif	UCM_50/train/overpass/overpass13.tif
train	overpass	14	overpass14.tif	overpass/overpass14.tif	UCM_50/train/overpass/overpass14.tif
train	overpass	14	overpass15.tif	overpass/overpass15.tif	UCM_50/train/overpass/overpass15.tif
train	overpass	14	overpass18.tif	overpass/overpass18.tif	UCM_50/train/overpass/overpass18.tif
train	overpass	14	overpass22.tif	overpass/overpass22.tif	UCM_50/train/overpass/overpass22.tif
train	overpass	14	overpass23.tif	overpass/overpass23.tif	UCM_50/train/overpass/overpass23.tif
train	overpass	14	overpass25.tif	overpass/overpass25.tif	UCM_50/train/overpass/overpass25.tif
train	overpass	14	overpass26.tif	overpass/overpass26.tif	UCM_50/train/overpass/overpass26.tif
train	overpass	14	overpass32.tif	overpass/overpass32.tif	UCM_50/train/overpass/overpass32.tif
train	overpass	14	overpass35.tif	overpass/overpass35.tif	UCM_50/train/overpass/overpass35.tif
train	overpass	14	overpass36.tif	overpass/overpass36.tif	UCM_50/train/overpass/overpass36.tif
train	overpass	14	overpass38.tif	overpass/overpass38.tif	UCM_50/train/overpass/overpass38.tif
train	overpass	14	overpass40.tif	overpass/overpass40.tif	UCM_50/train/overpass/overpass40.tif
train	overpass	14	overpass41.tif	overpass/overpass41.tif	UCM_50/train/overpass/overpass41.tif
train	overpass	14	overpass42.tif	overpass/overpass42.tif	UCM_50/train/overpass/overpass42.tif
train	overpass	14	overpass44.tif	overpass/overpass44.tif	UCM_50/train/overpass/overpass44.tif
train	overpass	14	overpass45.tif	overpass/overpass45.tif	UCM_50/train/overpass/overpass45.tif
train	overpass	14	overpass49.tif	overpass/overpass49.tif	UCM_50/train/overpass/overpass49.tif
train	overpass	14	overpass50.tif	overpass/overpass50.tif	UCM_50/train/overpass/overpass50.tif
train	overpass	14	overpass51.tif	overpass/overpass51.tif	UCM_50/train/overpass/overpass51.tif
train	overpass	14	overpass52.tif	overpass/overpass52.tif	UCM_50/train/overpass/overpass52.tif
train	overpass	14	overpass55.tif	overpass/overpass55.tif	UCM_50/train/overpass/overpass55.tif
train	overpass	14	overpass56.tif	overpass/overpass56.tif	UCM_50/train/overpass/overpass56.tif
train	overpass	14	overpass59.tif	overpass/overpass59.tif	UCM_50/train/overpass/overpass59.tif
train	overpass	14	overpass60.tif	overpass/overpass60.tif	UCM_50/train/overpass/overpass60.tif
train	overpass	14	overpass65.tif	overpass/overpass65.tif	UCM_50/train/overpass/overpass65.tif
train	overpass	14	overpass67.tif	overpass/overpass67.tif	UCM_50/train/overpass/overpass67.tif
train	overpass	14	overpass68.tif	overpass/overpass68.tif	UCM_50/train/overpass/overpass68.tif
train	overpass	14	overpass70.tif	overpass/overpass70.tif	UCM_50/train/overpass/overpass70.tif
train	overpass	14	overpass72.tif	overpass/overpass72.tif	UCM_50/train/overpass/overpass72.tif
train	overpass	14	overpass73.tif	overpass/overpass73.tif	UCM_50/train/overpass/overpass73.tif
train	overpass	14	overpass75.tif	overpass/overpass75.tif	UCM_50/train/overpass/overpass75.tif
train	overpass	14	overpass76.tif	overpass/overpass76.tif	UCM_50/train/overpass/overpass76.tif
train	overpass	14	overpass80.tif	overpass/overpass80.tif	UCM_50/train/overpass/overpass80.tif
train	overpass	14	overpass84.tif	overpass/overpass84.tif	UCM_50/train/overpass/overpass84.tif
train	overpass	14	overpass86.tif	overpass/overpass86.tif	UCM_50/train/overpass/overpass86.tif
train	overpass	14	overpass89.tif	overpass/overpass89.tif	UCM_50/train/overpass/overpass89.tif
train	overpass	14	overpass91.tif	overpass/overpass91.tif	UCM_50/train/overpass/overpass91.tif
train	overpass	14	overpass93.tif	overpass/overpass93.tif	UCM_50/train/overpass/overpass93.tif
train	overpass	14	overpass95.tif	overpass/overpass95.tif	UCM_50/train/overpass/overpass95.tif
train	overpass	14	overpass96.tif	overpass/overpass96.tif	UCM_50/train/overpass/overpass96.tif
train	overpass	14	overpass97.tif	overpass/overpass97.tif	UCM_50/train/overpass/overpass97.tif
train	overpass	14	overpass99.tif	overpass/overpass99.tif	UCM_50/train/overpass/overpass99.tif
train	parkinglot	15	parkinglot00.tif	parkinglot/parkinglot00.tif	UCM_50/train/parkinglot/parkinglot00.tif
train	parkinglot	15	parkinglot03.tif	parkinglot/parkinglot03.tif	UCM_50/train/parkinglot/parkinglot03.tif
train	parkinglot	15	parkinglot04.tif	parkinglot/parkinglot04.tif	UCM_50/train/parkinglot/parkinglot04.tif
train	parkinglot	15	parkinglot05.tif	parkinglot/parkinglot05.tif	UCM_50/train/parkinglot/parkinglot05.tif
train	parkinglot	15	parkinglot07.tif	parkinglot/parkinglot07.tif	UCM_50/train/parkinglot/parkinglot07.tif
train	parkinglot	15	parkinglot13.tif	parkinglot/parkinglot13.tif	UCM_50/train/parkinglot/parkinglot13.tif
train	parkinglot	15	parkinglot15.tif	parkinglot/parkinglot15.tif	UCM_50/train/parkinglot/parkinglot15.tif
train	parkinglot	15	parkinglot16.tif	parkinglot/parkinglot16.tif	UCM_50/train/parkinglot/parkinglot16.tif
train	parkinglot	15	parkinglot18.tif	parkinglot/parkinglot18.tif	UCM_50/train/parkinglot/parkinglot18.tif
train	parkinglot	15	parkinglot20.tif	parkinglot/parkinglot20.tif	UCM_50/train/parkinglot/parkinglot20.tif
train	parkinglot	15	parkinglot23.tif	parkinglot/parkinglot23.tif	UCM_50/train/parkinglot/parkinglot23.tif
train	parkinglot	15	parkinglot25.tif	parkinglot/parkinglot25.tif	UCM_50/train/parkinglot/parkinglot25.tif
train	parkinglot	15	parkinglot27.tif	parkinglot/parkinglot27.tif	UCM_50/train/parkinglot/parkinglot27.tif
train	parkinglot	15	parkinglot29.tif	parkinglot/parkinglot29.tif	UCM_50/train/parkinglot/parkinglot29.tif
train	parkinglot	15	parkinglot30.tif	parkinglot/parkinglot30.tif	UCM_50/train/parkinglot/parkinglot30.tif
train	parkinglot	15	parkinglot31.tif	parkinglot/parkinglot31.tif	UCM_50/train/parkinglot/parkinglot31.tif
train	parkinglot	15	parkinglot32.tif	parkinglot/parkinglot32.tif	UCM_50/train/parkinglot/parkinglot32.tif
train	parkinglot	15	parkinglot35.tif	parkinglot/parkinglot35.tif	UCM_50/train/parkinglot/parkinglot35.tif
train	parkinglot	15	parkinglot39.tif	parkinglot/parkinglot39.tif	UCM_50/train/parkinglot/parkinglot39.tif
train	parkinglot	15	parkinglot40.tif	parkinglot/parkinglot40.tif	UCM_50/train/parkinglot/parkinglot40.tif
train	parkinglot	15	parkinglot41.tif	parkinglot/parkinglot41.tif	UCM_50/train/parkinglot/parkinglot41.tif
train	parkinglot	15	parkinglot43.tif	parkinglot/parkinglot43.tif	UCM_50/train/parkinglot/parkinglot43.tif
train	parkinglot	15	parkinglot46.tif	parkinglot/parkinglot46.tif	UCM_50/train/parkinglot/parkinglot46.tif
train	parkinglot	15	parkinglot47.tif	parkinglot/parkinglot47.tif	UCM_50/train/parkinglot/parkinglot47.tif
train	parkinglot	15	parkinglot49.tif	parkinglot/parkinglot49.tif	UCM_50/train/parkinglot/parkinglot49.tif
train	parkinglot	15	parkinglot51.tif	parkinglot/parkinglot51.tif	UCM_50/train/parkinglot/parkinglot51.tif
train	parkinglot	15	parkinglot52.tif	parkinglot/parkinglot52.tif	UCM_50/train/parkinglot/parkinglot52.tif
train	parkinglot	15	parkinglot56.tif	parkinglot/parkinglot56.tif	UCM_50/train/parkinglot/parkinglot56.tif
train	parkinglot	15	parkinglot57.tif	parkinglot/parkinglot57.tif	UCM_50/train/parkinglot/parkinglot57.tif
train	parkinglot	15	parkinglot60.tif	parkinglot/parkinglot60.tif	UCM_50/train/parkinglot/parkinglot60.tif
train	parkinglot	15	parkinglot66.tif	parkinglot/parkinglot66.tif	UCM_50/train/parkinglot/parkinglot66.tif
train	parkinglot	15	parkinglot67.tif	parkinglot/parkinglot67.tif	UCM_50/train/parkinglot/parkinglot67.tif
train	parkinglot	15	parkinglot69.tif	parkinglot/parkinglot69.tif	UCM_50/train/parkinglot/parkinglot69.tif
train	parkinglot	15	parkinglot70.tif	parkinglot/parkinglot70.tif	UCM_50/train/parkinglot/parkinglot70.tif
train	parkinglot	15	parkinglot71.tif	parkinglot/parkinglot71.tif	UCM_50/train/parkinglot/parkinglot71.tif
train	parkinglot	15	parkinglot72.tif	parkinglot/parkinglot72.tif	UCM_50/train/parkinglot/parkinglot72.tif
train	parkinglot	15	parkinglot73.tif	parkinglot/parkinglot73.tif	UCM_50/train/parkinglot/parkinglot73.tif
train	parkinglot	15	parkinglot78.tif	parkinglot/parkinglot78.tif	UCM_50/train/parkinglot/parkinglot78.tif
train	parkinglot	15	parkinglot81.tif	parkinglot/parkinglot81.tif	UCM_50/train/parkinglot/parkinglot81.tif
train	parkinglot	15	parkinglot82.tif	parkinglot/parkinglot82.tif	UCM_50/train/parkinglot/parkinglot82.tif
train	parkinglot	15	parkinglot84.tif	parkinglot/parkinglot84.tif	UCM_50/train/parkinglot/parkinglot84.tif
train	parkinglot	15	parkinglot87.tif	parkinglot/parkinglot87.tif	UCM_50/train/parkinglot/parkinglot87.tif
train	parkinglot	15	parkinglot88.tif	parkinglot/parkinglot88.tif	UCM_50/train/parkinglot/parkinglot88.tif
train	parkinglot	15	parkinglot91.tif	parkinglot/parkinglot91.tif	UCM_50/train/parkinglot/parkinglot91.tif
train	parkinglot	15	parkinglot93.tif	parkinglot/parkinglot93.tif	UCM_50/train/parkinglot/parkinglot93.tif
train	parkinglot	15	parkinglot94.tif	parkinglot/parkinglot94.tif	UCM_50/train/parkinglot/parkinglot94.tif
train	parkinglot	15	parkinglot96.tif	parkinglot/parkinglot96.tif	UCM_50/train/parkinglot/parkinglot96.tif
train	parkinglot	15	parkinglot97.tif	parkinglot/parkinglot97.tif	UCM_50/train/parkinglot/parkinglot97.tif
train	parkinglot	15	parkinglot98.tif	parkinglot/parkinglot98.tif	UCM_50/train/parkinglot/parkinglot98.tif
train	parkinglot	15	parkinglot99.tif	parkinglot/parkinglot99.tif	UCM_50/train/parkinglot/parkinglot99.tif
train	river	16	river00.tif	river/river00.tif	UCM_50/train/river/river00.tif
train	river	16	river07.tif	river/river07.tif	UCM_50/train/river/river07.tif
train	river	16	river09.tif	river/river09.tif	UCM_50/train/river/river09.tif
train	river	16	river10.tif	river/river10.tif	UCM_50/train/river/river10.tif
train	river	16	river12.tif	river/river12.tif	UCM_50/train/river/river12.tif
train	river	16	river16.tif	river/river16.tif	UCM_50/train/river/river16.tif
train	river	16	river20.tif	river/river20.tif	UCM_50/train/river/river20.tif
train	river	16	river21.tif	river/river21.tif	UCM_50/train/river/river21.tif
train	river	16	river23.tif	river/river23.tif	UCM_50/train/river/river23.tif
train	river	16	river26.tif	river/river26.tif	UCM_50/train/river/river26.tif
train	river	16	river27.tif	river/river27.tif	UCM_50/train/river/river27.tif
train	river	16	river30.tif	river/river30.tif	UCM_50/train/river/river30.tif
train	river	16	river32.tif	river/river32.tif	UCM_50/train/river/river32.tif
train	river	16	river33.tif	river/river33.tif	UCM_50/train/river/river33.tif
train	river	16	river34.tif	river/river34.tif	UCM_50/train/river/river34.tif
train	river	16	river36.tif	river/river36.tif	UCM_50/train/river/river36.tif
train	river	16	river37.tif	river/river37.tif	UCM_50/train/river/river37.tif
train	river	16	river40.tif	river/river40.tif	UCM_50/train/river/river40.tif
train	river	16	river47.tif	river/river47.tif	UCM_50/train/river/river47.tif
train	river	16	river53.tif	river/river53.tif	UCM_50/train/river/river53.tif
train	river	16	river54.tif	river/river54.tif	UCM_50/train/river/river54.tif
train	river	16	river56.tif	river/river56.tif	UCM_50/train/river/river56.tif
train	river	16	river58.tif	river/river58.tif	UCM_50/train/river/river58.tif
train	river	16	river59.tif	river/river59.tif	UCM_50/train/river/river59.tif
train	river	16	river60.tif	river/river60.tif	UCM_50/train/river/river60.tif
train	river	16	river61.tif	river/river61.tif	UCM_50/train/river/river61.tif
train	river	16	river63.tif	river/river63.tif	UCM_50/train/river/river63.tif
train	river	16	river64.tif	river/river64.tif	UCM_50/train/river/river64.tif
train	river	16	river66.tif	river/river66.tif	UCM_50/train/river/river66.tif
train	river	16	river68.tif	river/river68.tif	UCM_50/train/river/river68.tif
train	river	16	river69.tif	river/river69.tif	UCM_50/train/river/river69.tif
train	river	16	river70.tif	river/river70.tif	UCM_50/train/river/river70.tif
train	river	16	river73.tif	river/river73.tif	UCM_50/train/river/river73.tif
train	river	16	river74.tif	river/river74.tif	UCM_50/train/river/river74.tif
train	river	16	river75.tif	river/river75.tif	UCM_50/train/river/river75.tif
train	river	16	river77.tif	river/river77.tif	UCM_50/train/river/river77.tif
train	river	16	river78.tif	river/river78.tif	UCM_50/train/river/river78.tif
train	river	16	river79.tif	river/river79.tif	UCM_50/train/river/river79.tif
train	river	16	river82.tif	river/river82.tif	UCM_50/train/river/river82.tif
train	river	16	river83.tif	river/river83.tif	UCM_50/train/river/river83.tif
train	river	16	river84.tif	river/river84.tif	UCM_50/train/river/river84.tif
train	river	16	river89.tif	river/river89.tif	UCM_50/train/river/river89.tif
train	river	16	river90.tif	river/river90.tif	UCM_50/train/river/river90.tif
train	river	16	river91.tif	river/river91.tif	UCM_50/train/river/river91.tif
train	river	16	river92.tif	river/river92.tif	UCM_50/train/river/river92.tif
train	river	16	river93.tif	river/river93.tif	UCM_50/train/river/river93.tif
train	river	16	river94.tif	river/river94.tif	UCM_50/train/river/river94.tif
train	river	16	river95.tif	river/river95.tif	UCM_50/train/river/river95.tif
train	river	16	river97.tif	river/river97.tif	UCM_50/train/river/river97.tif
train	river	16	river99.tif	river/river99.tif	UCM_50/train/river/river99.tif
train	runway	17	runway00.tif	runway/runway00.tif	UCM_50/train/runway/runway00.tif
train	runway	17	runway01.tif	runway/runway01.tif	UCM_50/train/runway/runway01.tif
train	runway	17	runway02.tif	runway/runway02.tif	UCM_50/train/runway/runway02.tif
train	runway	17	runway03.tif	runway/runway03.tif	UCM_50/train/runway/runway03.tif
train	runway	17	runway04.tif	runway/runway04.tif	UCM_50/train/runway/runway04.tif
train	runway	17	runway05.tif	runway/runway05.tif	UCM_50/train/runway/runway05.tif
train	runway	17	runway08.tif	runway/runway08.tif	UCM_50/train/runway/runway08.tif
train	runway	17	runway09.tif	runway/runway09.tif	UCM_50/train/runway/runway09.tif
train	runway	17	runway12.tif	runway/runway12.tif	UCM_50/train/runway/runway12.tif
train	runway	17	runway14.tif	runway/runway14.tif	UCM_50/train/runway/runway14.tif
train	runway	17	runway15.tif	runway/runway15.tif	UCM_50/train/runway/runway15.tif
train	runway	17	runway16.tif	runway/runway16.tif	UCM_50/train/runway/runway16.tif
train	runway	17	runway17.tif	runway/runway17.tif	UCM_50/train/runway/runway17.tif
train	runway	17	runway19.tif	runway/runway19.tif	UCM_50/train/runway/runway19.tif
train	runway	17	runway22.tif	runway/runway22.tif	UCM_50/train/runway/runway22.tif
train	runway	17	runway24.tif	runway/runway24.tif	UCM_50/train/runway/runway24.tif
train	runway	17	runway25.tif	runway/runway25.tif	UCM_50/train/runway/runway25.tif
train	runway	17	runway26.tif	runway/runway26.tif	UCM_50/train/runway/runway26.tif
train	runway	17	runway27.tif	runway/runway27.tif	UCM_50/train/runway/runway27.tif
train	runway	17	runway31.tif	runway/runway31.tif	UCM_50/train/runway/runway31.tif
train	runway	17	runway33.tif	runway/runway33.tif	UCM_50/train/runway/runway33.tif
train	runway	17	runway34.tif	runway/runway34.tif	UCM_50/train/runway/runway34.tif
train	runway	17	runway36.tif	runway/runway36.tif	UCM_50/train/runway/runway36.tif
train	runway	17	runway37.tif	runway/runway37.tif	UCM_50/train/runway/runway37.tif
train	runway	17	runway38.tif	runway/runway38.tif	UCM_50/train/runway/runway38.tif
train	runway	17	runway39.tif	runway/runway39.tif	UCM_50/train/runway/runway39.tif
train	runway	17	runway41.tif	runway/runway41.tif	UCM_50/train/runway/runway41.tif
train	runway	17	runway42.tif	runway/runway42.tif	UCM_50/train/runway/runway42.tif
train	runway	17	runway43.tif	runway/runway43.tif	UCM_50/train/runway/runway43.tif
train	runway	17	runway45.tif	runway/runway45.tif	UCM_50/train/runway/runway45.tif
train	runway	17	runway46.tif	runway/runway46.tif	UCM_50/train/runway/runway46.tif
train	runway	17	runway47.tif	runway/runway47.tif	UCM_50/train/runway/runway47.tif
train	runway	17	runway51.tif	runway/runway51.tif	UCM_50/train/runway/runway51.tif
train	runway	17	runway52.tif	runway/runway52.tif	UCM_50/train/runway/runway52.tif
train	runway	17	runway56.tif	runway/runway56.tif	UCM_50/train/runway/runway56.tif
train	runway	17	runway58.tif	runway/runway58.tif	UCM_50/train/runway/runway58.tif
train	runway	17	runway60.tif	runway/runway60.tif	UCM_50/train/runway/runway60.tif
train	runway	17	runway62.tif	runway/runway62.tif	UCM_50/train/runway/runway62.tif
train	runway	17	runway63.tif	runway/runway63.tif	UCM_50/train/runway/runway63.tif
train	runway	17	runway65.tif	runway/runway65.tif	UCM_50/train/runway/runway65.tif
train	runway	17	runway67.tif	runway/runway67.tif	UCM_50/train/runway/runway67.tif
train	runway	17	runway70.tif	runway/runway70.tif	UCM_50/train/runway/runway70.tif
train	runway	17	runway73.tif	runway/runway73.tif	UCM_50/train/runway/runway73.tif
train	runway	17	runway76.tif	runway/runway76.tif	UCM_50/train/runway/runway76.tif
train	runway	17	runway85.tif	runway/runway85.tif	UCM_50/train/runway/runway85.tif
train	runway	17	runway90.tif	runway/runway90.tif	UCM_50/train/runway/runway90.tif
train	runway	17	runway91.tif	runway/runway91.tif	UCM_50/train/runway/runway91.tif
train	runway	17	runway93.tif	runway/runway93.tif	UCM_50/train/runway/runway93.tif
train	runway	17	runway96.tif	runway/runway96.tif	UCM_50/train/runway/runway96.tif
train	runway	17	runway98.tif	runway/runway98.tif	UCM_50/train/runway/runway98.tif
train	sparseresidential	18	sparseresidential01.tif	sparseresidential/sparseresidential01.tif	UCM_50/train/sparseresidential/sparseresidential01.tif
train	sparseresidential	18	sparseresidential02.tif	sparseresidential/sparseresidential02.tif	UCM_50/train/sparseresidential/sparseresidential02.tif
train	sparseresidential	18	sparseresidential04.tif	sparseresidential/sparseresidential04.tif	UCM_50/train/sparseresidential/sparseresidential04.tif
train	sparseresidential	18	sparseresidential05.tif	sparseresidential/sparseresidential05.tif	UCM_50/train/sparseresidential/sparseresidential05.tif
train	sparseresidential	18	sparseresidential06.tif	sparseresidential/sparseresidential06.tif	UCM_50/train/sparseresidential/sparseresidential06.tif
train	sparseresidential	18	sparseresidential07.tif	sparseresidential/sparseresidential07.tif	UCM_50/train/sparseresidential/sparseresidential07.tif
train	sparseresidential	18	sparseresidential08.tif	sparseresidential/sparseresidential08.tif	UCM_50/train/sparseresidential/sparseresidential08.tif
train	sparseresidential	18	sparseresidential10.tif	sparseresidential/sparseresidential10.tif	UCM_50/train/sparseresidential/sparseresidential10.tif
train	sparseresidential	18	sparseresidential12.tif	sparseresidential/sparseresidential12.tif	UCM_50/train/sparseresidential/sparseresidential12.tif
train	sparseresidential	18	sparseresidential14.tif	sparseresidential/sparseresidential14.tif	UCM_50/train/sparseresidential/sparseresidential14.tif
train	sparseresidential	18	sparseresidential15.tif	sparseresidential/sparseresidential15.tif	UCM_50/train/sparseresidential/sparseresidential15.tif
train	sparseresidential	18	sparseresidential17.tif	sparseresidential/sparseresidential17.tif	UCM_50/train/sparseresidential/sparseresidential17.tif
train	sparseresidential	18	sparseresidential19.tif	sparseresidential/sparseresidential19.tif	UCM_50/train/sparseresidential/sparseresidential19.tif
train	sparseresidential	18	sparseresidential23.tif	sparseresidential/sparseresidential23.tif	UCM_50/train/sparseresidential/sparseresidential23.tif
train	sparseresidential	18	sparseresidential25.tif	sparseresidential/sparseresidential25.tif	UCM_50/train/sparseresidential/sparseresidential25.tif
train	sparseresidential	18	sparseresidential27.tif	sparseresidential/sparseresidential27.tif	UCM_50/train/sparseresidential/sparseresidential27.tif
train	sparseresidential	18	sparseresidential28.tif	sparseresidential/sparseresidential28.tif	UCM_50/train/sparseresidential/sparseresidential28.tif
train	sparseresidential	18	sparseresidential29.tif	sparseresidential/sparseresidential29.tif	UCM_50/train/sparseresidential/sparseresidential29.tif
train	sparseresidential	18	sparseresidential30.tif	sparseresidential/sparseresidential30.tif	UCM_50/train/sparseresidential/sparseresidential30.tif
train	sparseresidential	18	sparseresidential31.tif	sparseresidential/sparseresidential31.tif	UCM_50/train/sparseresidential/sparseresidential31.tif
train	sparseresidential	18	sparseresidential32.tif	sparseresidential/sparseresidential32.tif	UCM_50/train/sparseresidential/sparseresidential32.tif
train	sparseresidential	18	sparseresidential33.tif	sparseresidential/sparseresidential33.tif	UCM_50/train/sparseresidential/sparseresidential33.tif
train	sparseresidential	18	sparseresidential35.tif	sparseresidential/sparseresidential35.tif	UCM_50/train/sparseresidential/sparseresidential35.tif
train	sparseresidential	18	sparseresidential39.tif	sparseresidential/sparseresidential39.tif	UCM_50/train/sparseresidential/sparseresidential39.tif
train	sparseresidential	18	sparseresidential40.tif	sparseresidential/sparseresidential40.tif	UCM_50/train/sparseresidential/sparseresidential40.tif
train	sparseresidential	18	sparseresidential42.tif	sparseresidential/sparseresidential42.tif	UCM_50/train/sparseresidential/sparseresidential42.tif
train	sparseresidential	18	sparseresidential43.tif	sparseresidential/sparseresidential43.tif	UCM_50/train/sparseresidential/sparseresidential43.tif
train	sparseresidential	18	sparseresidential49.tif	sparseresidential/sparseresidential49.tif	UCM_50/train/sparseresidential/sparseresidential49.tif
train	sparseresidential	18	sparseresidential50.tif	sparseresidential/sparseresidential50.tif	UCM_50/train/sparseresidential/sparseresidential50.tif
train	sparseresidential	18	sparseresidential52.tif	sparseresidential/sparseresidential52.tif	UCM_50/train/sparseresidential/sparseresidential52.tif
train	sparseresidential	18	sparseresidential54.tif	sparseresidential/sparseresidential54.tif	UCM_50/train/sparseresidential/sparseresidential54.tif
train	sparseresidential	18	sparseresidential55.tif	sparseresidential/sparseresidential55.tif	UCM_50/train/sparseresidential/sparseresidential55.tif
train	sparseresidential	18	sparseresidential58.tif	sparseresidential/sparseresidential58.tif	UCM_50/train/sparseresidential/sparseresidential58.tif
train	sparseresidential	18	sparseresidential59.tif	sparseresidential/sparseresidential59.tif	UCM_50/train/sparseresidential/sparseresidential59.tif
train	sparseresidential	18	sparseresidential63.tif	sparseresidential/sparseresidential63.tif	UCM_50/train/sparseresidential/sparseresidential63.tif
train	sparseresidential	18	sparseresidential67.tif	sparseresidential/sparseresidential67.tif	UCM_50/train/sparseresidential/sparseresidential67.tif
train	sparseresidential	18	sparseresidential72.tif	sparseresidential/sparseresidential72.tif	UCM_50/train/sparseresidential/sparseresidential72.tif
train	sparseresidential	18	sparseresidential75.tif	sparseresidential/sparseresidential75.tif	UCM_50/train/sparseresidential/sparseresidential75.tif
train	sparseresidential	18	sparseresidential78.tif	sparseresidential/sparseresidential78.tif	UCM_50/train/sparseresidential/sparseresidential78.tif
train	sparseresidential	18	sparseresidential79.tif	sparseresidential/sparseresidential79.tif	UCM_50/train/sparseresidential/sparseresidential79.tif
train	sparseresidential	18	sparseresidential80.tif	sparseresidential/sparseresidential80.tif	UCM_50/train/sparseresidential/sparseresidential80.tif
train	sparseresidential	18	sparseresidential85.tif	sparseresidential/sparseresidential85.tif	UCM_50/train/sparseresidential/sparseresidential85.tif
train	sparseresidential	18	sparseresidential86.tif	sparseresidential/sparseresidential86.tif	UCM_50/train/sparseresidential/sparseresidential86.tif
train	sparseresidential	18	sparseresidential88.tif	sparseresidential/sparseresidential88.tif	UCM_50/train/sparseresidential/sparseresidential88.tif
train	sparseresidential	18	sparseresidential89.tif	sparseresidential/sparseresidential89.tif	UCM_50/train/sparseresidential/sparseresidential89.tif
train	sparseresidential	18	sparseresidential90.tif	sparseresidential/sparseresidential90.tif	UCM_50/train/sparseresidential/sparseresidential90.tif
train	sparseresidential	18	sparseresidential91.tif	sparseresidential/sparseresidential91.tif	UCM_50/train/sparseresidential/sparseresidential91.tif
train	sparseresidential	18	sparseresidential93.tif	sparseresidential/sparseresidential93.tif	UCM_50/train/sparseresidential/sparseresidential93.tif
train	sparseresidential	18	sparseresidential97.tif	sparseresidential/sparseresidential97.tif	UCM_50/train/sparseresidential/sparseresidential97.tif
train	sparseresidential	18	sparseresidential99.tif	sparseresidential/sparseresidential99.tif	UCM_50/train/sparseresidential/sparseresidential99.tif
train	storagetanks	19	storagetanks01.tif	storagetanks/storagetanks01.tif	UCM_50/train/storagetanks/storagetanks01.tif
train	storagetanks	19	storagetanks02.tif	storagetanks/storagetanks02.tif	UCM_50/train/storagetanks/storagetanks02.tif
train	storagetanks	19	storagetanks03.tif	storagetanks/storagetanks03.tif	UCM_50/train/storagetanks/storagetanks03.tif
train	storagetanks	19	storagetanks04.tif	storagetanks/storagetanks04.tif	UCM_50/train/storagetanks/storagetanks04.tif
train	storagetanks	19	storagetanks05.tif	storagetanks/storagetanks05.tif	UCM_50/train/storagetanks/storagetanks05.tif
train	storagetanks	19	storagetanks10.tif	storagetanks/storagetanks10.tif	UCM_50/train/storagetanks/storagetanks10.tif
train	storagetanks	19	storagetanks11.tif	storagetanks/storagetanks11.tif	UCM_50/train/storagetanks/storagetanks11.tif
train	storagetanks	19	storagetanks12.tif	storagetanks/storagetanks12.tif	UCM_50/train/storagetanks/storagetanks12.tif
train	storagetanks	19	storagetanks15.tif	storagetanks/storagetanks15.tif	UCM_50/train/storagetanks/storagetanks15.tif
train	storagetanks	19	storagetanks16.tif	storagetanks/storagetanks16.tif	UCM_50/train/storagetanks/storagetanks16.tif
train	storagetanks	19	storagetanks17.tif	storagetanks/storagetanks17.tif	UCM_50/train/storagetanks/storagetanks17.tif
train	storagetanks	19	storagetanks20.tif	storagetanks/storagetanks20.tif	UCM_50/train/storagetanks/storagetanks20.tif
train	storagetanks	19	storagetanks21.tif	storagetanks/storagetanks21.tif	UCM_50/train/storagetanks/storagetanks21.tif
train	storagetanks	19	storagetanks23.tif	storagetanks/storagetanks23.tif	UCM_50/train/storagetanks/storagetanks23.tif
train	storagetanks	19	storagetanks24.tif	storagetanks/storagetanks24.tif	UCM_50/train/storagetanks/storagetanks24.tif
train	storagetanks	19	storagetanks29.tif	storagetanks/storagetanks29.tif	UCM_50/train/storagetanks/storagetanks29.tif
train	storagetanks	19	storagetanks36.tif	storagetanks/storagetanks36.tif	UCM_50/train/storagetanks/storagetanks36.tif
train	storagetanks	19	storagetanks38.tif	storagetanks/storagetanks38.tif	UCM_50/train/storagetanks/storagetanks38.tif
train	storagetanks	19	storagetanks39.tif	storagetanks/storagetanks39.tif	UCM_50/train/storagetanks/storagetanks39.tif
train	storagetanks	19	storagetanks41.tif	storagetanks/storagetanks41.tif	UCM_50/train/storagetanks/storagetanks41.tif
train	storagetanks	19	storagetanks42.tif	storagetanks/storagetanks42.tif	UCM_50/train/storagetanks/storagetanks42.tif
train	storagetanks	19	storagetanks43.tif	storagetanks/storagetanks43.tif	UCM_50/train/storagetanks/storagetanks43.tif
train	storagetanks	19	storagetanks44.tif	storagetanks/storagetanks44.tif	UCM_50/train/storagetanks/storagetanks44.tif
train	storagetanks	19	storagetanks45.tif	storagetanks/storagetanks45.tif	UCM_50/train/storagetanks/storagetanks45.tif
train	storagetanks	19	storagetanks47.tif	storagetanks/storagetanks47.tif	UCM_50/train/storagetanks/storagetanks47.tif
train	storagetanks	19	storagetanks48.tif	storagetanks/storagetanks48.tif	UCM_50/train/storagetanks/storagetanks48.tif
train	storagetanks	19	storagetanks52.tif	storagetanks/storagetanks52.tif	UCM_50/train/storagetanks/storagetanks52.tif
train	storagetanks	19	storagetanks53.tif	storagetanks/storagetanks53.tif	UCM_50/train/storagetanks/storagetanks53.tif
train	storagetanks	19	storagetanks55.tif	storagetanks/storagetanks55.tif	UCM_50/train/storagetanks/storagetanks55.tif
train	storagetanks	19	storagetanks56.tif	storagetanks/storagetanks56.tif	UCM_50/train/storagetanks/storagetanks56.tif
train	storagetanks	19	storagetanks59.tif	storagetanks/storagetanks59.tif	UCM_50/train/storagetanks/storagetanks59.tif
train	storagetanks	19	storagetanks60.tif	storagetanks/storagetanks60.tif	UCM_50/train/storagetanks/storagetanks60.tif
train	storagetanks	19	storagetanks63.tif	storagetanks/storagetanks63.tif	UCM_50/train/storagetanks/storagetanks63.tif
train	storagetanks	19	storagetanks65.tif	storagetanks/storagetanks65.tif	UCM_50/train/storagetanks/storagetanks65.tif
train	storagetanks	19	storagetanks66.tif	storagetanks/storagetanks66.tif	UCM_50/train/storagetanks/storagetanks66.tif
train	storagetanks	19	storagetanks69.tif	storagetanks/storagetanks69.tif	UCM_50/train/storagetanks/storagetanks69.tif
train	storagetanks	19	storagetanks70.tif	storagetanks/storagetanks70.tif	UCM_50/train/storagetanks/storagetanks70.tif
train	storagetanks	19	storagetanks74.tif	storagetanks/storagetanks74.tif	UCM_50/train/storagetanks/storagetanks74.tif
train	storagetanks	19	storagetanks77.tif	storagetanks/storagetanks77.tif	UCM_50/train/storagetanks/storagetanks77.tif
train	storagetanks	19	storagetanks78.tif	storagetanks/storagetanks78.tif	UCM_50/train/storagetanks/storagetanks78.tif
train	storagetanks	19	storagetanks79.tif	storagetanks/storagetanks79.tif	UCM_50/train/storagetanks/storagetanks79.tif
train	storagetanks	19	storagetanks81.tif	storagetanks/storagetanks81.tif	UCM_50/train/storagetanks/storagetanks81.tif
train	storagetanks	19	storagetanks82.tif	storagetanks/storagetanks82.tif	UCM_50/train/storagetanks/storagetanks82.tif
train	storagetanks	19	storagetanks84.tif	storagetanks/storagetanks84.tif	UCM_50/train/storagetanks/storagetanks84.tif
train	storagetanks	19	storagetanks86.tif	storagetanks/storagetanks86.tif	UCM_50/train/storagetanks/storagetanks86.tif
train	storagetanks	19	storagetanks88.tif	storagetanks/storagetanks88.tif	UCM_50/train/storagetanks/storagetanks88.tif
train	storagetanks	19	storagetanks89.tif	storagetanks/storagetanks89.tif	UCM_50/train/storagetanks/storagetanks89.tif
train	storagetanks	19	storagetanks91.tif	storagetanks/storagetanks91.tif	UCM_50/train/storagetanks/storagetanks91.tif
train	storagetanks	19	storagetanks96.tif	storagetanks/storagetanks96.tif	UCM_50/train/storagetanks/storagetanks96.tif
train	storagetanks	19	storagetanks99.tif	storagetanks/storagetanks99.tif	UCM_50/train/storagetanks/storagetanks99.tif
train	tenniscourt	20	tenniscourt00.tif	tenniscourt/tenniscourt00.tif	UCM_50/train/tenniscourt/tenniscourt00.tif
train	tenniscourt	20	tenniscourt01.tif	tenniscourt/tenniscourt01.tif	UCM_50/train/tenniscourt/tenniscourt01.tif
train	tenniscourt	20	tenniscourt02.tif	tenniscourt/tenniscourt02.tif	UCM_50/train/tenniscourt/tenniscourt02.tif
train	tenniscourt	20	tenniscourt06.tif	tenniscourt/tenniscourt06.tif	UCM_50/train/tenniscourt/tenniscourt06.tif
train	tenniscourt	20	tenniscourt10.tif	tenniscourt/tenniscourt10.tif	UCM_50/train/tenniscourt/tenniscourt10.tif
train	tenniscourt	20	tenniscourt11.tif	tenniscourt/tenniscourt11.tif	UCM_50/train/tenniscourt/tenniscourt11.tif
train	tenniscourt	20	tenniscourt13.tif	tenniscourt/tenniscourt13.tif	UCM_50/train/tenniscourt/tenniscourt13.tif
train	tenniscourt	20	tenniscourt14.tif	tenniscourt/tenniscourt14.tif	UCM_50/train/tenniscourt/tenniscourt14.tif
train	tenniscourt	20	tenniscourt16.tif	tenniscourt/tenniscourt16.tif	UCM_50/train/tenniscourt/tenniscourt16.tif
train	tenniscourt	20	tenniscourt18.tif	tenniscourt/tenniscourt18.tif	UCM_50/train/tenniscourt/tenniscourt18.tif
train	tenniscourt	20	tenniscourt19.tif	tenniscourt/tenniscourt19.tif	UCM_50/train/tenniscourt/tenniscourt19.tif
train	tenniscourt	20	tenniscourt21.tif	tenniscourt/tenniscourt21.tif	UCM_50/train/tenniscourt/tenniscourt21.tif
train	tenniscourt	20	tenniscourt22.tif	tenniscourt/tenniscourt22.tif	UCM_50/train/tenniscourt/tenniscourt22.tif
train	tenniscourt	20	tenniscourt23.tif	tenniscourt/tenniscourt23.tif	UCM_50/train/tenniscourt/tenniscourt23.tif
train	tenniscourt	20	tenniscourt25.tif	tenniscourt/tenniscourt25.tif	UCM_50/train/tenniscourt/tenniscourt25.tif
train	tenniscourt	20	tenniscourt26.tif	tenniscourt/tenniscourt26.tif	UCM_50/train/tenniscourt/tenniscourt26.tif
train	tenniscourt	20	tenniscourt28.tif	tenniscourt/tenniscourt28.tif	UCM_50/train/tenniscourt/tenniscourt28.tif
train	tenniscourt	20	tenniscourt34.tif	tenniscourt/tenniscourt34.tif	UCM_50/train/tenniscourt/tenniscourt34.tif
train	tenniscourt	20	tenniscourt36.tif	tenniscourt/tenniscourt36.tif	UCM_50/train/tenniscourt/tenniscourt36.tif
train	tenniscourt	20	tenniscourt37.tif	tenniscourt/tenniscourt37.tif	UCM_50/train/tenniscourt/tenniscourt37.tif
train	tenniscourt	20	tenniscourt38.tif	tenniscourt/tenniscourt38.tif	UCM_50/train/tenniscourt/tenniscourt38.tif
train	tenniscourt	20	tenniscourt39.tif	tenniscourt/tenniscourt39.tif	UCM_50/train/tenniscourt/tenniscourt39.tif
train	tenniscourt	20	tenniscourt40.tif	tenniscourt/tenniscourt40.tif	UCM_50/train/tenniscourt/tenniscourt40.tif
train	tenniscourt	20	tenniscourt41.tif	tenniscourt/tenniscourt41.tif	UCM_50/train/tenniscourt/tenniscourt41.tif
train	tenniscourt	20	tenniscourt42.tif	tenniscourt/tenniscourt42.tif	UCM_50/train/tenniscourt/tenniscourt42.tif
train	tenniscourt	20	tenniscourt43.tif	tenniscourt/tenniscourt43.tif	UCM_50/train/tenniscourt/tenniscourt43.tif
train	tenniscourt	20	tenniscourt47.tif	tenniscourt/tenniscourt47.tif	UCM_50/train/tenniscourt/tenniscourt47.tif
train	tenniscourt	20	tenniscourt48.tif	tenniscourt/tenniscourt48.tif	UCM_50/train/tenniscourt/tenniscourt48.tif
train	tenniscourt	20	tenniscourt49.tif	tenniscourt/tenniscourt49.tif	UCM_50/train/tenniscourt/tenniscourt49.tif
train	tenniscourt	20	tenniscourt50.tif	tenniscourt/tenniscourt50.tif	UCM_50/train/tenniscourt/tenniscourt50.tif
train	tenniscourt	20	tenniscourt51.tif	tenniscourt/tenniscourt51.tif	UCM_50/train/tenniscourt/tenniscourt51.tif
train	tenniscourt	20	tenniscourt53.tif	tenniscourt/tenniscourt53.tif	UCM_50/train/tenniscourt/tenniscourt53.tif
train	tenniscourt	20	tenniscourt57.tif	tenniscourt/tenniscourt57.tif	UCM_50/train/tenniscourt/tenniscourt57.tif
train	tenniscourt	20	tenniscourt59.tif	tenniscourt/tenniscourt59.tif	UCM_50/train/tenniscourt/tenniscourt59.tif
train	tenniscourt	20	tenniscourt60.tif	tenniscourt/tenniscourt60.tif	UCM_50/train/tenniscourt/tenniscourt60.tif
train	tenniscourt	20	tenniscourt65.tif	tenniscourt/tenniscourt65.tif	UCM_50/train/tenniscourt/tenniscourt65.tif
train	tenniscourt	20	tenniscourt66.tif	tenniscourt/tenniscourt66.tif	UCM_50/train/tenniscourt/tenniscourt66.tif
train	tenniscourt	20	tenniscourt67.tif	tenniscourt/tenniscourt67.tif	UCM_50/train/tenniscourt/tenniscourt67.tif
train	tenniscourt	20	tenniscourt69.tif	tenniscourt/tenniscourt69.tif	UCM_50/train/tenniscourt/tenniscourt69.tif
train	tenniscourt	20	tenniscourt70.tif	tenniscourt/tenniscourt70.tif	UCM_50/train/tenniscourt/tenniscourt70.tif
train	tenniscourt	20	tenniscourt71.tif	tenniscourt/tenniscourt71.tif	UCM_50/train/tenniscourt/tenniscourt71.tif
train	tenniscourt	20	tenniscourt74.tif	tenniscourt/tenniscourt74.tif	UCM_50/train/tenniscourt/tenniscourt74.tif
train	tenniscourt	20	tenniscourt75.tif	tenniscourt/tenniscourt75.tif	UCM_50/train/tenniscourt/tenniscourt75.tif
train	tenniscourt	20	tenniscourt78.tif	tenniscourt/tenniscourt78.tif	UCM_50/train/tenniscourt/tenniscourt78.tif
train	tenniscourt	20	tenniscourt79.tif	tenniscourt/tenniscourt79.tif	UCM_50/train/tenniscourt/tenniscourt79.tif
train	tenniscourt	20	tenniscourt80.tif	tenniscourt/tenniscourt80.tif	UCM_50/train/tenniscourt/tenniscourt80.tif
train	tenniscourt	20	tenniscourt84.tif	tenniscourt/tenniscourt84.tif	UCM_50/train/tenniscourt/tenniscourt84.tif
train	tenniscourt	20	tenniscourt88.tif	tenniscourt/tenniscourt88.tif	UCM_50/train/tenniscourt/tenniscourt88.tif
train	tenniscourt	20	tenniscourt93.tif	tenniscourt/tenniscourt93.tif	UCM_50/train/tenniscourt/tenniscourt93.tif
train	tenniscourt	20	tenniscourt95.tif	tenniscourt/tenniscourt95.tif	UCM_50/train/tenniscourt/tenniscourt95.tif
