subset	class_name	label	filename	class_relative_path	dataset_relative_path
train	Airport	0	airport_1.tif	Airport/airport_1.tif	AID_50/train/Airport/airport_1.tif
train	Airport	0	airport_102.tif	Airport/airport_102.tif	AID_50/train/Airport/airport_102.tif
train	Airport	0	airport_103.tif	Airport/airport_103.tif	AID_50/train/Airport/airport_103.tif
train	Airport	0	airport_105.tif	Airport/airport_105.tif	AID_50/train/Airport/airport_105.tif
train	Airport	0	airport_106.tif	Airport/airport_106.tif	AID_50/train/Airport/airport_106.tif
train	Airport	0	airport_107.tif	Airport/airport_107.tif	AID_50/train/Airport/airport_107.tif
train	Airport	0	airport_108.tif	Airport/airport_108.tif	AID_50/train/Airport/airport_108.tif
train	Airport	0	airport_115.tif	Airport/airport_115.tif	AID_50/train/Airport/airport_115.tif
train	Airport	0	airport_116.tif	Airport/airport_116.tif	AID_50/train/Airport/airport_116.tif
train	Airport	0	airport_117.tif	Airport/airport_117.tif	AID_50/train/Airport/airport_117.tif
train	Airport	0	airport_118.tif	Airport/airport_118.tif	AID_50/train/Airport/airport_118.tif
train	Airport	0	airport_12.tif	Airport/airport_12.tif	AID_50/train/Airport/airport_12.tif
train	Airport	0	airport_125.tif	Airport/airport_125.tif	AID_50/train/Airport/airport_125.tif
train	Airport	0	airport_126.tif	Airport/airport_126.tif	AID_50/train/Airport/airport_126.tif
train	Airport	0	airport_13.tif	Airport/airport_13.tif	AID_50/train/Airport/airport_13.tif
train	Airport	0	airport_131.tif	Airport/airport_131.tif	AID_50/train/Airport/airport_131.tif
train	Airport	0	airport_134.tif	Airport/airport_134.tif	AID_50/train/Airport/airport_134.tif
train	Airport	0	airport_135.tif	Airport/airport_135.tif	AID_50/train/Airport/airport_135.tif
train	Airport	0	airport_137.tif	Airport/airport_137.tif	AID_50/train/Airport/airport_137.tif
train	Airport	0	airport_139.tif	Airport/airport_139.tif	AID_50/train/Airport/airport_139.tif
train	Airport	0	airport_14.tif	Airport/airport_14.tif	AID_50/train/Airport/airport_14.tif
train	Airport	0	airport_140.tif	Airport/airport_140.tif	AID_50/train/Airport/airport_140.tif
train	Airport	0	airport_144.tif	Airport/airport_144.tif	AID_50/train/Airport/airport_144.tif
train	Airport	0	airport_145.tif	Airport/airport_145.tif	AID_50/train/Airport/airport_145.tif
train	Airport	0	airport_146.tif	Airport/airport_146.tif	AID_50/train/Airport/airport_146.tif
train	Airport	0	airport_147.tif	Airport/airport_147.tif	AID_50/train/Airport/airport_147.tif
train	Airport	0	airport_148.tif	Airport/airport_148.tif	AID_50/train/Airport/airport_148.tif
train	Airport	0	airport_150.tif	Airport/airport_150.tif	AID_50/train/Airport/airport_150.tif
train	Airport	0	airport_151.tif	Airport/airport_151.tif	AID_50/train/Airport/airport_151.tif
train	Airport	0	airport_153.tif	Airport/airport_153.tif	AID_50/train/Airport/airport_153.tif
train	Airport	0	airport_154.tif	Airport/airport_154.tif	AID_50/train/Airport/airport_154.tif
train	Airport	0	airport_157.tif	Airport/airport_157.tif	AID_50/train/Airport/airport_157.tif
train	Airport	0	airport_159.tif	Airport/airport_159.tif	AID_50/train/Airport/airport_159.tif
train	Airport	0	airport_16.tif	Airport/airport_16.tif	AID_50/train/Airport/airport_16.tif
train	Airport	0	airport_160.tif	Airport/airport_160.tif	AID_50/train/Airport/airport_160.tif
train	Airport	0	airport_161.tif	Airport/airport_161.tif	AID_50/train/Airport/airport_161.tif
train	Airport	0	airport_162.tif	Airport/airport_162.tif	AID_50/train/Airport/airport_162.tif
train	Airport	0	airport_163.tif	Airport/airport_163.tif	AID_50/train/Airport/airport_163.tif
train	Airport	0	airport_164.tif	Airport/airport_164.tif	AID_50/train/Airport/airport_164.tif
train	Airport	0	airport_165.tif	Airport/airport_165.tif	AID_50/train/Airport/airport_165.tif
train	Airport	0	airport_166.tif	Airport/airport_166.tif	AID_50/train/Airport/airport_166.tif
train	Airport	0	airport_168.tif	Airport/airport_168.tif	AID_50/train/Airport/airport_168.tif
train	Airport	0	airport_169.tif	Airport/airport_169.tif	AID_50/train/Airport/airport_169.tif
train	Airport	0	airport_17.tif	Airport/airport_17.tif	AID_50/train/Airport/airport_17.tif
train	Airport	0	airport_171.tif	Airport/airport_171.tif	AID_50/train/Airport/airport_171.tif
train	Airport	0	airport_172.tif	Airport/airport_172.tif	AID_50/train/Airport/airport_172.tif
train	Airport	0	airport_173.tif	Airport/airport_173.tif	AID_50/train/Airport/airport_173.tif
train	Airport	0	airport_174.tif	Airport/airport_174.tif	AID_50/train/Airport/airport_174.tif
train	Airport	0	airport_176.tif	Airport/airport_176.tif	AID_50/train/Airport/airport_176.tif
train	Airport	0	airport_179.tif	Airport/airport_179.tif	AID_50/train/Airport/airport_179.tif
train	Airport	0	airport_182.tif	Airport/airport_182.tif	AID_50/train/Airport/airport_182.tif
train	Airport	0	airport_183.tif	Airport/airport_183.tif	AID_50/train/Airport/airport_183.tif
train	Airport	0	airport_184.tif	Airport/airport_184.tif	AID_50/train/Airport/airport_184.tif
train	Airport	0	airport_185.tif	Airport/airport_185.tif	AID_50/train/Airport/airport_185.tif
train	Airport	0	airport_186.tif	Airport/airport_186.tif	AID_50/train/Airport/airport_186.tif
train	Airport	0	airport_190.tif	Airport/airport_190.tif	AID_50/train/Airport/airport_190.tif
train	Airport	0	airport_192.tif	Airport/airport_192.tif	AID_50/train/Airport/airport_192.tif
train	Airport	0	airport_193.tif	Airport/airport_193.tif	AID_50/train/Airport/airport_193.tif
train	Airport	0	airport_195.tif	Airport/airport_195.tif	AID_50/train/Airport/airport_195.tif
train	Airport	0	airport_197.tif	Airport/airport_197.tif	AID_50/train/Airport/airport_197.tif
train	Airport	0	airport_199.tif	Airport/airport_199.tif	AID_50/train/Airport/airport_199.tif
train	Airport	0	airport_20.tif	Airport/airport_20.tif	AID_50/train/Airport/airport_20.tif
train	Airport	0	airport_204.tif	Airport/airport_204.tif	AID_50/train/Airport/airport_204.tif
train	Airport	0	airport_206.tif	Airport/airport_206.tif	AID_50/train/Airport/airport_206.tif
train	Airport	0	airport_207.tif	Airport/airport_207.tif	AID_50/train/Airport/airport_207.tif
train	Airport	0	airport_210.tif	Airport/airport_210.tif	AID_50/train/Airport/airport_210.tif
train	Airport	0	airport_211.tif	Airport/airport_211.tif	AID_50/train/Airport/airport_211.tif
train	Airport	0	airport_219.tif	Airport/airport_219.tif	AID_50/train/Airport/airport_219.tif
train	Airport	0	airport_22.tif	Airport/airport_22.tif	AID_50/train/Airport/airport_22.tif
train	Airport	0	airport_220.tif	Airport/airport_220.tif	AID_50/train/Airport/airport_220.tif
train	Airport	0	airport_221.tif	Airport/airport_221.tif	AID_50/train/Airport/airport_221.tif
train	Airport	0	airport_222.tif	Airport/airport_222.tif	AID_50/train/Airport/airport_222.tif
train	Airport	0	airport_224.tif	Airport/airport_224.tif	AID_50/train/Airport/airport_224.tif
train	Airport	0	airport_226.tif	Airport/airport_226.tif	AID_50/train/Airport/airport_226.tif
train	Airport	0	airport_229.tif	Airport/airport_229.tif	AID_50/train/Airport/airport_229.tif
train	Airport	0	airport_23.tif	Airport/airport_23.tif	AID_50/train/Airport/airport_23.tif
train	Airport	0	airport_231.tif	Airport/airport_231.tif	AID_50/train/Airport/airport_231.tif
train	Airport	0	airport_232.tif	Airport/airport_232.tif	AID_50/train/Airport/airport_232.tif
train	Airport	0	airport_239.tif	Airport/airport_239.tif	AID_50/train/Airport/airport_239.tif
train	Airport	0	airport_24.tif	Airport/airport_24.tif	AID_50/train/Airport/airport_24.tif
train	Airport	0	airport_240.tif	Airport/airport_240.tif	AID_50/train/Airport/airport_240.tif
train	Airport	0	airport_245.tif	Airport/airport_245.tif	AID_50/train/Airport/airport_245.tif
train	Airport	0	airport_247.tif	Airport/airport_247.tif	AID_50/train/Airport/airport_247.tif
train	Airport	0	airport_25.tif	Airport/airport_25.tif	AID_50/train/Airport/airport_25.tif
train	Airport	0	airport_251.tif	Airport/airport_251.tif	AID_50/train/Airport/airport_251.tif
train	Airport	0	airport_257.tif	Airport/airport_257.tif	AID_50/train/Airport/airport_257.tif
train	Airport	0	airport_258.tif	Airport/airport_258.tif	AID_50/train/Airport/airport_258.tif
train	Airport	0	airport_259.tif	Airport/airport_259.tif	AID_50/train/Airport/airport_259.tif
train	Airport	0	airport_26.tif	Airport/airport_26.tif	AID_50/train/Airport/airport_26.tif
train	Airport	0	airport_260.tif	Airport/airport_260.tif	AID_50/train/Airport/airport_260.tif
train	Airport	0	airport_261.tif	Airport/airport_261.tif	AID_50/train/Airport/airport_261.tif
train	Airport	0	airport_262.tif	Airport/airport_262.tif	AID_50/train/Airport/airport_262.tif
train	Airport	0	airport_264.tif	Airport/airport_264.tif	AID_50/train/Airport/airport_264.tif
train	Airport	0	airport_265.tif	Airport/airport_265.tif	AID_50/train/Airport/airport_265.tif
train	Airport	0	airport_267.tif	Airport/airport_267.tif	AID_50/train/Airport/airport_267.tif
train	Airport	0	airport_27.tif	Airport/airport_27.tif	AID_50/train/Airport/airport_27.tif
train	Airport	0	airport_270.tif	Airport/airport_270.tif	AID_50/train/Airport/airport_270.tif
train	Airport	0	airport_271.tif	Airport/airport_271.tif	AID_50/train/Airport/airport_271.tif
train	Airport	0	airport_274.tif	Airport/airport_274.tif	AID_50/train/Airport/airport_274.tif
train	Airport	0	airport_275.tif	Airport/airport_275.tif	AID_50/train/Airport/airport_275.tif
train	Airport	0	airport_276.tif	Airport/airport_276.tif	AID_50/train/Airport/airport_276.tif
train	Airport	0	airport_277.tif	Airport/airport_277.tif	AID_50/train/Airport/airport_277.tif
train	Airport	0	airport_278.tif	Airport/airport_278.tif	AID_50/train/Airport/airport_278.tif
train	Airport	0	airport_279.tif	Airport/airport_279.tif	AID_50/train/Airport/airport_279.tif
train	Airport	0	airport_284.tif	Airport/airport_284.tif	AID_50/train/Airport/airport_284.tif
train	Airport	0	airport_285.tif	Airport/airport_285.tif	AID_50/train/Airport/airport_285.tif
train	Airport	0	airport_286.tif	Airport/airport_286.tif	AID_50/train/Airport/airport_286.tif
train	Airport	0	airport_288.tif	Airport/airport_288.tif	AID_50/train/Airport/airport_288.tif
train	Airport	0	airport_289.tif	Airport/airport_289.tif	AID_50/train/Airport/airport_289.tif
train	Airport	0	airport_29.tif	Airport/airport_29.tif	AID_50/train/Airport/airport_29.tif
train	Airport	0	airport_290.tif	Airport/airport_290.tif	AID_50/train/Airport/airport_290.tif
train	Airport	0	airport_291.tif	Airport/airport_291.tif	AID_50/train/Airport/airport_291.tif
train	Airport	0	airport_292.tif	Airport/airport_292.tif	AID_50/train/Airport/airport_292.tif
train	Airport	0	airport_297.tif	Airport/airport_297.tif	AID_50/train/Airport/airport_297.tif
train	Airport	0	airport_298.tif	Airport/airport_298.tif	AID_50/train/Airport/airport_298.tif
train	Airport	0	airport_3.tif	Airport/airport_3.tif	AID_50/train/Airport/airport_3.tif
train	Airport	0	airport_306.tif	Airport/airport_306.tif	AID_50/train/Airport/airport_306.tif
train	Airport	0	airport_307.tif	Airport/airport_307.tif	AID_50/train/Airport/airport_307.tif
train	Airport	0	airport_31.tif	Airport/airport_31.tif	AID_50/train/Airport/airport_31.tif
train	Airport	0	airport_310.tif	Airport/airport_310.tif	AID_50/train/Airport/airport_310.tif
train	Airport	0	airport_311.tif	Airport/airport_311.tif	AID_50/train/Airport/airport_311.tif
train	Airport	0	airport_312.tif	Airport/airport_312.tif	AID_50/train/Airport/airport_312.tif
train	Airport	0	airport_314.tif	Airport/airport_314.tif	AID_50/train/Airport/airport_314.tif
train	Airport	0	airport_315.tif	Airport/airport_315.tif	AID_50/train/Airport/airport_315.tif
train	Airport	0	airport_316.tif	Airport/airport_316.tif	AID_50/train/Airport/airport_316.tif
train	Airport	0	airport_319.tif	Airport/airport_319.tif	AID_50/train/Airport/airport_319.tif
train	Airport	0	airport_320.tif	Airport/airport_320.tif	AID_50/train/Airport/airport_320.tif
train	Airport	0	airport_321.tif	Airport/airport_321.tif	AID_50/train/Airport/airport_321.tif
train	Airport	0	airport_322.tif	Airport/airport_322.tif	AID_50/train/Airport/airport_322.tif
train	Airport	0	airport_323.tif	Airport/airport_323.tif	AID_50/train/Airport/airport_323.tif
train	Airport	0	airport_324.tif	Airport/airport_324.tif	AID_50/train/Airport/airport_324.tif
train	Airport	0	airport_325.tif	Airport/airport_325.tif	AID_50/train/Airport/airport_325.tif
train	Airport	0	airport_328.tif	Airport/airport_328.tif	AID_50/train/Airport/airport_328.tif
train	Airport	0	airport_330.tif	Airport/airport_330.tif	AID_50/train/Airport/airport_330.tif
train	Airport	0	airport_332.tif	Airport/airport_332.tif	AID_50/train/Airport/airport_332.tif
train	Airport	0	airport_334.tif	Airport/airport_334.tif	AID_50/train/Airport/airport_334.tif
train	Airport	0	airport_335.tif	Airport/airport_335.tif	AID_50/train/Airport/airport_335.tif
train	Airport	0	airport_336.tif	Airport/airport_336.tif	AID_50/train/Airport/airport_336.tif
train	Airport	0	airport_340.tif	Airport/airport_340.tif	AID_50/train/Airport/airport_340.tif
train	Airport	0	airport_341.tif	Airport/airport_341.tif	AID_50/train/Airport/airport_341.tif
train	Airport	0	airport_342.tif	Airport/airport_342.tif	AID_50/train/Airport/airport_342.tif
train	Airport	0	airport_343.tif	Airport/airport_343.tif	AID_50/train/Airport/airport_343.tif
train	Airport	0	airport_345.tif	Airport/airport_345.tif	AID_50/train/Airport/airport_345.tif
train	Airport	0	airport_346.tif	Airport/airport_346.tif	AID_50/train/Airport/airport_346.tif
train	Airport	0	airport_348.tif	Airport/airport_348.tif	AID_50/train/Airport/airport_348.tif
train	Airport	0	airport_349.tif	Airport/airport_349.tif	AID_50/train/Airport/airport_349.tif
train	Airport	0	airport_35.tif	Airport/airport_35.tif	AID_50/train/Airport/airport_35.tif
train	Airport	0	airport_350.tif	Airport/airport_350.tif	AID_50/train/Airport/airport_350.tif
train	Airport	0	airport_351.tif	Airport/airport_351.tif	AID_50/train/Airport/airport_351.tif
train	Airport	0	airport_352.tif	Airport/airport_352.tif	AID_50/train/Airport/airport_352.tif
train	Airport	0	airport_354.tif	Airport/airport_354.tif	AID_50/train/Airport/airport_354.tif
train	Airport	0	airport_356.tif	Airport/airport_356.tif	AID_50/train/Airport/airport_356.tif
train	Airport	0	airport_39.tif	Airport/airport_39.tif	AID_50/train/Airport/airport_39.tif
train	Airport	0	airport_4.tif	Airport/airport_4.tif	AID_50/train/Airport/airport_4.tif
train	Airport	0	airport_40.tif	Airport/airport_40.tif	AID_50/train/Airport/airport_40.tif
train	Airport	0	airport_41.tif	Airport/airport_41.tif	AID_50/train/Airport/airport_41.tif
train	Airport	0	airport_43.tif	Airport/airport_43.tif	AID_50/train/Airport/airport_43.tif
train	Airport	0	airport_44.tif	Airport/airport_44.tif	AID_50/train/Airport/airport_44.tif
train	Airport	0	airport_49.tif	Airport/airport_49.tif	AID_50/train/Airport/airport_49.tif
train	Airport	0	airport_5.tif	Airport/airport_5.tif	AID_50/train/Airport/airport_5.tif
train	Airport	0	airport_50.tif	Airport/airport_50.tif	AID_50/train/Airport/airport_50.tif
train	Airport	0	airport_54.tif	Airport/airport_54.tif	AID_50/train/Airport/airport_54.tif
train	Airport	0	airport_55.tif	Airport/airport_55.tif	AID_50/train/Airport/airport_55.tif
train	Airport	0	airport_59.tif	Airport/airport_59.tif	AID_50/train/Airport/airport_59.tif
train	Airport	0	airport_61.tif	Airport/airport_61.tif	AID_50/train/Airport/airport_61.tif
train	Airport	0	airport_62.tif	Airport/airport_62.tif	AID_50/train/Airport/airport_62.tif
train	Airport	0	airport_64.tif	Airport/airport_64.tif	AID_50/train/Airport/airport_64.tif
train	Airport	0	airport_66.tif	Airport/airport_66.tif	AID_50/train/Airport/airport_66.tif
train	Airport	0	airport_67.tif	Airport/airport_67.tif	AID_50/train/Airport/airport_67.tif
train	Airport	0	airport_68.tif	Airport/airport_68.tif	AID_50/train/Airport/airport_68.tif
train	Airport	0	airport_7.tif	Airport/airport_7.tif	AID_50/train/Airport/airport_7.tif
train	Airport	0	airport_75.tif	Airport/airport_75.tif	AID_50/train/Airport/airport_75.tif
train	Airport	0	airport_81.tif	Airport/airport_81.tif	AID_50/train/Airport/airport_81.tif
train	Airport	0	airport_83.tif	Airport/airport_83.tif	AID_50/train/Airport/airport_83.tif
train	Airport	0	airport_86.tif	Airport/airport_86.tif	AID_50/train/Airport/airport_86.tif
train	Airport	0	airport_9.tif	Airport/airport_9.tif	AID_50/train/Airport/airport_9.tif
train	Airport	0	airport_90.tif	Airport/airport_90.tif	AID_50/train/Airport/airport_90.tif
train	Airport	0	airport_91.tif	Airport/airport_91.tif	AID_50/train/Airport/airport_91.tif
train	Airport	0	airport_92.tif	Airport/airport_92.tif	AID_50/train/Airport/airport_92.tif
train	Airport	0	airport_95.tif	Airport/airport_95.tif	AID_50/train/Airport/airport_95.tif
train	BareLand	1	bareland_1.tif	BareLand/bareland_1.tif	AID_50/train/BareLand/bareland_1.tif
train	BareLand	1	bareland_10.tif	BareLand/bareland_10.tif	AID_50/train/BareLand/bareland_10.tif
train	BareLand	1	bareland_104.tif	BareLand/bareland_104.tif	AID_50/train/BareLand/bareland_104.tif
train	BareLand	1	bareland_107.tif	BareLand/bareland_107.tif	AID_50/train/BareLand/bareland_107.tif
train	BareLand	1	bareland_108.tif	BareLand/bareland_108.tif	AID_50/train/BareLand/bareland_108.tif
train	BareLand	1	bareland_109.tif	BareLand/bareland_109.tif	AID_50/train/BareLand/bareland_109.tif
train	BareLand	1	bareland_110.tif	BareLand/bareland_110.tif	AID_50/train/BareLand/bareland_110.tif
train	BareLand	1	bareland_111.tif	BareLand/bareland_111.tif	AID_50/train/BareLand/bareland_111.tif
train	BareLand	1	bareland_112.tif	BareLand/bareland_112.tif	AID_50/train/BareLand/bareland_112.tif
train	BareLand	1	bareland_114.tif	BareLand/bareland_114.tif	AID_50/train/BareLand/bareland_114.tif
train	BareLand	1	bareland_115.tif	BareLand/bareland_115.tif	AID_50/train/BareLand/bareland_115.tif
train	BareLand	1	bareland_117.tif	BareLand/bareland_117.tif	AID_50/train/BareLand/bareland_117.tif
train	BareLand	1	bareland_119.tif	BareLand/bareland_119.tif	AID_50/train/BareLand/bareland_119.tif
train	BareLand	1	bareland_120.tif	BareLand/bareland_120.tif	AID_50/train/BareLand/bareland_120.tif
train	BareLand	1	bareland_121.tif	BareLand/bareland_121.tif	AID_50/train/BareLand/bareland_121.tif
train	BareLand	1	bareland_124.tif	BareLand/bareland_124.tif	AID_50/train/BareLand/bareland_124.tif
train	BareLand	1	bareland_125.tif	BareLand/bareland_125.tif	AID_50/train/BareLand/bareland_125.tif
train	BareLand	1	bareland_126.tif	BareLand/bareland_126.tif	AID_50/train/BareLand/bareland_126.tif
train	BareLand	1	bareland_127.tif	BareLand/bareland_127.tif	AID_50/train/BareLand/bareland_127.tif
train	BareLand	1	bareland_129.tif	BareLand/bareland_129.tif	AID_50/train/BareLand/bareland_129.tif
train	BareLand	1	bareland_13.tif	BareLand/bareland_13.tif	AID_50/train/BareLand/bareland_13.tif
train	BareLand	1	bareland_132.tif	BareLand/bareland_132.tif	AID_50/train/BareLand/bareland_132.tif
train	BareLand	1	bareland_136.tif	BareLand/bareland_136.tif	AID_50/train/BareLand/bareland_136.tif
train	BareLand	1	bareland_139.tif	BareLand/bareland_139.tif	AID_50/train/BareLand/bareland_139.tif
train	BareLand	1	bareland_140.tif	BareLand/bareland_140.tif	AID_50/train/BareLand/bareland_140.tif
train	BareLand	1	bareland_141.tif	BareLand/bareland_141.tif	AID_50/train/BareLand/bareland_141.tif
train	BareLand	1	bareland_143.tif	BareLand/bareland_143.tif	AID_50/train/BareLand/bareland_143.tif
train	BareLand	1	bareland_145.tif	BareLand/bareland_145.tif	AID_50/train/BareLand/bareland_145.tif
train	BareLand	1	bareland_148.tif	BareLand/bareland_148.tif	AID_50/train/BareLand/bareland_148.tif
train	BareLand	1	bareland_149.tif	BareLand/bareland_149.tif	AID_50/train/BareLand/bareland_149.tif
train	BareLand	1	bareland_15.tif	BareLand/bareland_15.tif	AID_50/train/BareLand/bareland_15.tif
train	BareLand	1	bareland_154.tif	BareLand/bareland_154.tif	AID_50/train/BareLand/bareland_154.tif
train	BareLand	1	bareland_155.tif	BareLand/bareland_155.tif	AID_50/train/BareLand/bareland_155.tif
train	BareLand	1	bareland_156.tif	BareLand/bareland_156.tif	AID_50/train/BareLand/bareland_156.tif
train	BareLand	1	bareland_157.tif	BareLand/bareland_157.tif	AID_50/train/BareLand/bareland_157.tif
train	BareLand	1	bareland_158.tif	BareLand/bareland_158.tif	AID_50/train/BareLand/bareland_158.tif
train	BareLand	1	bareland_159.tif	BareLand/bareland_159.tif	AID_50/train/BareLand/bareland_159.tif
train	BareLand	1	bareland_16.tif	BareLand/bareland_16.tif	AID_50/train/BareLand/bareland_16.tif
train	BareLand	1	bareland_161.tif	BareLand/bareland_161.tif	AID_50/train/BareLand/bareland_161.tif
train	BareLand	1	bareland_163.tif	BareLand/bareland_163.tif	AID_50/train/BareLand/bareland_163.tif
train	BareLand	1	bareland_164.tif	BareLand/bareland_164.tif	AID_50/train/BareLand/bareland_164.tif
train	BareLand	1	bareland_165.tif	BareLand/bareland_165.tif	AID_50/train/BareLand/bareland_165.tif
train	BareLand	1	bareland_166.tif	BareLand/bareland_166.tif	AID_50/train/BareLand/bareland_166.tif
train	BareLand	1	bareland_167.tif	BareLand/bareland_167.tif	AID_50/train/BareLand/bareland_167.tif
train	BareLand	1	bareland_170.tif	BareLand/bareland_170.tif	AID_50/train/BareLand/bareland_170.tif
train	BareLand	1	bareland_172.tif	BareLand/bareland_172.tif	AID_50/train/BareLand/bareland_172.tif
train	BareLand	1	bareland_173.tif	BareLand/bareland_173.tif	AID_50/train/BareLand/bareland_173.tif
train	BareLand	1	bareland_176.tif	BareLand/bareland_176.tif	AID_50/train/BareLand/bareland_176.tif
train	BareLand	1	bareland_179.tif	BareLand/bareland_179.tif	AID_50/train/BareLand/bareland_179.tif
train	BareLand	1	bareland_18.tif	BareLand/bareland_18.tif	AID_50/train/BareLand/bareland_18.tif
train	BareLand	1	bareland_182.tif	BareLand/bareland_182.tif	AID_50/train/BareLand/bareland_182.tif
train	BareLand	1	bareland_183.tif	BareLand/bareland_183.tif	AID_50/train/BareLand/bareland_183.tif
train	BareLand	1	bareland_184.tif	BareLand/bareland_184.tif	AID_50/train/BareLand/bareland_184.tif
train	BareLand	1	bareland_186.tif	BareLand/bareland_186.tif	AID_50/train/BareLand/bareland_186.tif
train	BareLand	1	bareland_189.tif	BareLand/bareland_189.tif	AID_50/train/BareLand/bareland_189.tif
train	BareLand	1	bareland_193.tif	BareLand/bareland_193.tif	AID_50/train/BareLand/bareland_193.tif
train	BareLand	1	bareland_194.tif	BareLand/bareland_194.tif	AID_50/train/BareLand/bareland_194.tif
train	BareLand	1	bareland_199.tif	BareLand/bareland_199.tif	AID_50/train/BareLand/bareland_199.tif
train	BareLand	1	bareland_2.tif	BareLand/bareland_2.tif	AID_50/train/BareLand/bareland_2.tif
train	BareLand	1	bareland_200.tif	BareLand/bareland_200.tif	AID_50/train/BareLand/bareland_200.tif
train	BareLand	1	bareland_201.tif	BareLand/bareland_201.tif	AID_50/train/BareLand/bareland_201.tif
train	BareLand	1	bareland_209.tif	BareLand/bareland_209.tif	AID_50/train/BareLand/bareland_209.tif
train	BareLand	1	bareland_21.tif	BareLand/bareland_21.tif	AID_50/train/BareLand/bareland_21.tif
train	BareLand	1	bareland_210.tif	BareLand/bareland_210.tif	AID_50/train/BareLand/bareland_210.tif
train	BareLand	1	bareland_211.tif	BareLand/bareland_211.tif	AID_50/train/BareLand/bareland_211.tif
train	BareLand	1	bareland_212.tif	BareLand/bareland_212.tif	AID_50/train/BareLand/bareland_212.tif
train	BareLand	1	bareland_215.tif	BareLand/bareland_215.tif	AID_50/train/BareLand/bareland_215.tif
train	BareLand	1	bareland_216.tif	BareLand/bareland_216.tif	AID_50/train/BareLand/bareland_216.tif
train	BareLand	1	bareland_22.tif	BareLand/bareland_22.tif	AID_50/train/BareLand/bareland_22.tif
train	BareLand	1	bareland_223.tif	BareLand/bareland_223.tif	AID_50/train/BareLand/bareland_223.tif
train	BareLand	1	bareland_228.tif	BareLand/bareland_228.tif	AID_50/train/BareLand/bareland_228.tif
train	BareLand	1	bareland_233.tif	BareLand/bareland_233.tif	AID_50/train/BareLand/bareland_233.tif
train	BareLand	1	bareland_236.tif	BareLand/bareland_236.tif	AID_50/train/BareLand/bareland_236.tif
train	BareLand	1	bareland_24.tif	BareLand/bareland_24.tif	AID_50/train/BareLand/bareland_24.tif
train	BareLand	1	bareland_240.tif	BareLand/bareland_240.tif	AID_50/train/BareLand/bareland_240.tif
train	BareLand	1	bareland_241.tif	BareLand/bareland_241.tif	AID_50/train/BareLand/bareland_241.tif
train	BareLand	1	bareland_242.tif	BareLand/bareland_242.tif	AID_50/train/BareLand/bareland_242.tif
train	BareLand	1	bareland_243.tif	BareLand/bareland_243.tif	AID_50/train/BareLand/bareland_243.tif
train	BareLand	1	bareland_246.tif	BareLand/bareland_246.tif	AID_50/train/BareLand/bareland_246.tif
train	BareLand	1	bareland_247.tif	BareLand/bareland_247.tif	AID_50/train/BareLand/bareland_247.tif
train	BareLand	1	bareland_248.tif	BareLand/bareland_248.tif	AID_50/train/BareLand/bareland_248.tif
train	BareLand	1	bareland_249.tif	BareLand/bareland_249.tif	AID_50/train/BareLand/bareland_249.tif
train	BareLand	1	bareland_251.tif	BareLand/bareland_251.tif	AID_50/train/BareLand/bareland_251.tif
train	BareLand	1	bareland_253.tif	BareLand/bareland_253.tif	AID_50/train/BareLand/bareland_253.tif
train	BareLand	1	bareland_255.tif	BareLand/bareland_255.tif	AID_50/train/BareLand/bareland_255.tif
train	BareLand	1	bareland_262.tif	BareLand/bareland_262.tif	AID_50/train/BareLand/bareland_262.tif
train	BareLand	1	bareland_263.tif	BareLand/bareland_263.tif	AID_50/train/BareLand/bareland_263.tif
train	BareLand	1	bareland_267.tif	BareLand/bareland_267.tif	AID_50/train/BareLand/bareland_267.tif
train	BareLand	1	bareland_268.tif	BareLand/bareland_268.tif	AID_50/train/BareLand/bareland_268.tif
train	BareLand	1	bareland_27.tif	BareLand/bareland_27.tif	AID_50/train/BareLand/bareland_27.tif
train	BareLand	1	bareland_270.tif	BareLand/bareland_270.tif	AID_50/train/BareLand/bareland_270.tif
train	BareLand	1	bareland_276.tif	BareLand/bareland_276.tif	AID_50/train/BareLand/bareland_276.tif
train	BareLand	1	bareland_278.tif	BareLand/bareland_278.tif	AID_50/train/BareLand/bareland_278.tif
train	BareLand	1	bareland_279.tif	BareLand/bareland_279.tif	AID_50/train/BareLand/bareland_279.tif
train	BareLand	1	bareland_282.tif	BareLand/bareland_282.tif	AID_50/train/BareLand/bareland_282.tif
train	BareLand	1	bareland_283.tif	BareLand/bareland_283.tif	AID_50/train/BareLand/bareland_283.tif
train	BareLand	1	bareland_284.tif	BareLand/bareland_284.tif	AID_50/train/BareLand/bareland_284.tif
train	BareLand	1	bareland_286.tif	BareLand/bareland_286.tif	AID_50/train/BareLand/bareland_286.tif
train	BareLand	1	bareland_29.tif	BareLand/bareland_29.tif	AID_50/train/BareLand/bareland_29.tif
train	BareLand	1	bareland_290.tif	BareLand/bareland_290.tif	AID_50/train/BareLand/bareland_290.tif
train	BareLand	1	bareland_291.tif	BareLand/bareland_291.tif	AID_50/train/BareLand/bareland_291.tif
train	BareLand	1	bareland_292.tif	BareLand/bareland_292.tif	AID_50/train/BareLand/bareland_292.tif
train	BareLand	1	bareland_293.tif	BareLand/bareland_293.tif	AID_50/train/BareLand/bareland_293.tif
train	BareLand	1	bareland_297.tif	BareLand/bareland_297.tif	AID_50/train/BareLand/bareland_297.tif
train	BareLand	1	bareland_298.tif	BareLand/bareland_298.tif	AID_50/train/BareLand/bareland_298.tif
train	BareLand	1	bareland_3.tif	BareLand/bareland_3.tif	AID_50/train/BareLand/bareland_3.tif
train	BareLand	1	bareland_30.tif	BareLand/bareland_30.tif	AID_50/train/BareLand/bareland_30.tif
train	BareLand	1	bareland_300.tif	BareLand/bareland_300.tif	AID_50/train/BareLand/bareland_300.tif
train	BareLand	1	bareland_305.tif	BareLand/bareland_305.tif	AID_50/train/BareLand/bareland_305.tif
train	BareLand	1	bareland_307.tif	BareLand/bareland_307.tif	AID_50/train/BareLand/bareland_307.tif
train	BareLand	1	bareland_308.tif	BareLand/bareland_308.tif	AID_50/train/BareLand/bareland_308.tif
train	BareLand	1	bareland_310.tif	BareLand/bareland_310.tif	AID_50/train/BareLand/bareland_310.tif
train	BareLand	1	bareland_32.tif	BareLand/bareland_32.tif	AID_50/train/BareLand/bareland_32.tif
train	BareLand	1	bareland_33.tif	BareLand/bareland_33.tif	AID_50/train/BareLand/bareland_33.tif
train	BareLand	1	bareland_36.tif	BareLand/bareland_36.tif	AID_50/train/BareLand/bareland_36.tif
train	BareLand	1	bareland_37.tif	BareLand/bareland_37.tif	AID_50/train/BareLand/bareland_37.tif
train	BareLand	1	bareland_39.tif	BareLand/bareland_39.tif	AID_50/train/BareLand/bareland_39.tif
train	BareLand	1	bareland_4.tif	BareLand/bareland_4.tif	AID_50/train/BareLand/bareland_4.tif
train	BareLand	1	bareland_40.tif	BareLand/bareland_40.tif	AID_50/train/BareLand/bareland_40.tif
train	BareLand	1	bareland_41.tif	BareLand/bareland_41.tif	AID_50/train/BareLand/bareland_41.tif
train	BareLand	1	bareland_44.tif	BareLand/bareland_44.tif	AID_50/train/BareLand/bareland_44.tif
train	BareLand	1	bareland_47.tif	BareLand/bareland_47.tif	AID_50/train/BareLand/bareland_47.tif
train	BareLand	1	bareland_5.tif	BareLand/bareland_5.tif	AID_50/train/BareLand/bareland_5.tif
train	BareLand	1	bareland_51.tif	BareLand/bareland_51.tif	AID_50/train/BareLand/bareland_51.tif
train	BareLand	1	bareland_52.tif	BareLand/bareland_52.tif	AID_50/train/BareLand/bareland_52.tif
train	BareLand	1	bareland_53.tif	BareLand/bareland_53.tif	AID_50/train/BareLand/bareland_53.tif
train	BareLand	1	bareland_54.tif	BareLand/bareland_54.tif	AID_50/train/BareLand/bareland_54.tif
train	BareLand	1	bareland_58.tif	BareLand/bareland_58.tif	AID_50/train/BareLand/bareland_58.tif
train	BareLand	1	bareland_60.tif	BareLand/bareland_60.tif	AID_50/train/BareLand/bareland_60.tif
train	BareLand	1	bareland_61.tif	BareLand/bareland_61.tif	AID_50/train/BareLand/bareland_61.tif
train	BareLand	1	bareland_62.tif	BareLand/bareland_62.tif	AID_50/train/BareLand/bareland_62.tif
train	BareLand	1	bareland_64.tif	BareLand/bareland_64.tif	AID_50/train/BareLand/bareland_64.tif
train	BareLand	1	bareland_65.tif	BareLand/bareland_65.tif	AID_50/train/BareLand/bareland_65.tif
train	BareLand	1	bareland_66.tif	BareLand/bareland_66.tif	AID_50/train/BareLand/bareland_66.tif
train	BareLand	1	bareland_67.tif	BareLand/bareland_67.tif	AID_50/train/BareLand/bareland_67.tif
train	BareLand	1	bareland_69.tif	BareLand/bareland_69.tif	AID_50/train/BareLand/bareland_69.tif
train	BareLand	1	bareland_7.tif	BareLand/bareland_7.tif	AID_50/train/BareLand/bareland_7.tif
train	BareLand	1	bareland_70.tif	BareLand/bareland_70.tif	AID_50/train/BareLand/bareland_70.tif
train	BareLand	1	bareland_72.tif	BareLand/bareland_72.tif	AID_50/train/BareLand/bareland_72.tif
train	BareLand	1	bareland_75.tif	BareLand/bareland_75.tif	AID_50/train/BareLand/bareland_75.tif
train	BareLand	1	bareland_77.tif	BareLand/bareland_77.tif	AID_50/train/BareLand/bareland_77.tif
train	BareLand	1	bareland_78.tif	BareLand/bareland_78.tif	AID_50/train/BareLand/bareland_78.tif
train	BareLand	1	bareland_79.tif	BareLand/bareland_79.tif	AID_50/train/BareLand/bareland_79.tif
train	BareLand	1	bareland_8.tif	BareLand/bareland_8.tif	AID_50/train/BareLand/bareland_8.tif
train	BareLand	1	bareland_80.tif	BareLand/bareland_80.tif	AID_50/train/BareLand/bareland_80.tif
train	BareLand	1	bareland_81.tif	BareLand/bareland_81.tif	AID_50/train/BareLand/bareland_81.tif
train	BareLand	1	bareland_82.tif	BareLand/bareland_82.tif	AID_50/train/BareLand/bareland_82.tif
train	BareLand	1	bareland_84.tif	BareLand/bareland_84.tif	AID_50/train/BareLand/bareland_84.tif
train	BareLand	1	bareland_86.tif	BareLand/bareland_86.tif	AID_50/train/BareLand/bareland_86.tif
train	BareLand	1	bareland_88.tif	BareLand/bareland_88.tif	AID_50/train/BareLand/bareland_88.tif
train	BareLand	1	bareland_92.tif	BareLand/bareland_92.tif	AID_50/train/BareLand/bareland_92.tif
train	BareLand	1	bareland_93.tif	BareLand/bareland_93.tif	AID_50/train/BareLand/bareland_93.tif
train	BareLand	1	bareland_96.tif	BareLand/bareland_96.tif	AID_50/train/BareLand/bareland_96.tif
train	BareLand	1	bareland_97.tif	BareLand/bareland_97.tif	AID_50/train/BareLand/bareland_97.tif
train	BareLand	1	bareland_99.tif	BareLand/bareland_99.tif	AID_50/train/BareLand/bareland_99.tif
train	BaseballField	2	baseballfield_1.tif	BaseballField/baseballfield_1.tif	AID_50/train/BaseballField/baseballfield_1.tif
train	BaseballField	2	baseballfield_103.tif	BaseballField/baseballfield_103.tif	AID_50/train/BaseballField/baseballfield_103.tif
train	BaseballField	2	baseballfield_104.tif	BaseballField/baseballfield_104.tif	AID_50/train/BaseballField/baseballfield_104.tif
train	BaseballField	2	baseballfield_107.tif	BaseballField/baseballfield_107.tif	AID_50/train/BaseballField/baseballfield_107.tif
train	BaseballField	2	baseballfield_108.tif	BaseballField/baseballfield_108.tif	AID_50/train/BaseballField/baseballfield_108.tif
train	BaseballField	2	baseballfield_111.tif	BaseballField/baseballfield_111.tif	AID_50/train/BaseballField/baseballfield_111.tif
train	BaseballField	2	baseballfield_112.tif	BaseballField/baseballfield_112.tif	AID_50/train/BaseballField/baseballfield_112.tif
train	BaseballField	2	baseballfield_115.tif	BaseballField/baseballfield_115.tif	AID_50/train/BaseballField/baseballfield_115.tif
train	BaseballField	2	baseballfield_117.tif	BaseballField/baseballfield_117.tif	AID_50/train/BaseballField/baseballfield_117.tif
train	BaseballField	2	baseballfield_118.tif	BaseballField/baseballfield_118.tif	AID_50/train/BaseballField/baseballfield_118.tif
train	BaseballField	2	baseballfield_121.tif	BaseballField/baseballfield_121.tif	AID_50/train/BaseballField/baseballfield_121.tif
train	BaseballField	2	baseballfield_124.tif	BaseballField/baseballfield_124.tif	AID_50/train/BaseballField/baseballfield_124.tif
train	BaseballField	2	baseballfield_125.tif	BaseballField/baseballfield_125.tif	AID_50/train/BaseballField/baseballfield_125.tif
train	BaseballField	2	baseballfield_127.tif	BaseballField/baseballfield_127.tif	AID_50/train/BaseballField/baseballfield_127.tif
train	BaseballField	2	baseballfield_128.tif	BaseballField/baseballfield_128.tif	AID_50/train/BaseballField/baseballfield_128.tif
train	BaseballField	2	baseballfield_129.tif	BaseballField/baseballfield_129.tif	AID_50/train/BaseballField/baseballfield_129.tif
train	BaseballField	2	baseballfield_13.tif	BaseballField/baseballfield_13.tif	AID_50/train/BaseballField/baseballfield_13.tif
train	BaseballField	2	baseballfield_130.tif	BaseballField/baseballfield_130.tif	AID_50/train/BaseballField/baseballfield_130.tif
train	BaseballField	2	baseballfield_131.tif	BaseballField/baseballfield_131.tif	AID_50/train/BaseballField/baseballfield_131.tif
train	BaseballField	2	baseballfield_132.tif	BaseballField/baseballfield_132.tif	AID_50/train/BaseballField/baseballfield_132.tif
train	BaseballField	2	baseballfield_133.tif	BaseballField/baseballfield_133.tif	AID_50/train/BaseballField/baseballfield_133.tif
train	BaseballField	2	baseballfield_135.tif	BaseballField/baseballfield_135.tif	AID_50/train/BaseballField/baseballfield_135.tif
train	BaseballField	2	baseballfield_140.tif	BaseballField/baseballfield_140.tif	AID_50/train/BaseballField/baseballfield_140.tif
train	BaseballField	2	baseballfield_141.tif	BaseballField/baseballfield_141.tif	AID_50/train/BaseballField/baseballfield_141.tif
train	BaseballField	2	baseballfield_144.tif	BaseballField/baseballfield_144.tif	AID_50/train/BaseballField/baseballfield_144.tif
train	BaseballField	2	baseballfield_146.tif	BaseballField/baseballfield_146.tif	AID_50/train/BaseballField/baseballfield_146.tif
train	BaseballField	2	baseballfield_150.tif	BaseballField/baseballfield_150.tif	AID_50/train/BaseballField/baseballfield_150.tif
train	BaseballField	2	baseballfield_151.tif	BaseballField/baseballfield_151.tif	AID_50/train/BaseballField/baseballfield_151.tif
train	BaseballField	2	baseballfield_153.tif	BaseballField/baseballfield_153.tif	AID_50/train/BaseballField/baseballfield_153.tif
train	BaseballField	2	baseballfield_155.tif	BaseballField/baseballfield_155.tif	AID_50/train/BaseballField/baseballfield_155.tif
train	BaseballField	2	baseballfield_158.tif	BaseballField/baseballfield_158.tif	AID_50/train/BaseballField/baseballfield_158.tif
train	BaseballField	2	baseballfield_159.tif	BaseballField/baseballfield_159.tif	AID_50/train/BaseballField/baseballfield_159.tif
train	BaseballField	2	baseballfield_16.tif	BaseballField/baseballfield_16.tif	AID_50/train/BaseballField/baseballfield_16.tif
train	BaseballField	2	baseballfield_160.tif	BaseballField/baseballfield_160.tif	AID_50/train/BaseballField/baseballfield_160.tif
train	BaseballField	2	baseballfield_162.tif	BaseballField/baseballfield_162.tif	AID_50/train/BaseballField/baseballfield_162.tif
train	BaseballField	2	baseballfield_164.tif	BaseballField/baseballfield_164.tif	AID_50/train/BaseballField/baseballfield_164.tif
train	BaseballField	2	baseballfield_165.tif	BaseballField/baseballfield_165.tif	AID_50/train/BaseballField/baseballfield_165.tif
train	BaseballField	2	baseballfield_166.tif	BaseballField/baseballfield_166.tif	AID_50/train/BaseballField/baseballfield_166.tif
train	BaseballField	2	baseballfield_167.tif	BaseballField/baseballfield_167.tif	AID_50/train/BaseballField/baseballfield_167.tif
train	BaseballField	2	baseballfield_170.tif	BaseballField/baseballfield_170.tif	AID_50/train/BaseballField/baseballfield_170.tif
train	BaseballField	2	baseballfield_175.tif	BaseballField/baseballfield_175.tif	AID_50/train/BaseballField/baseballfield_175.tif
train	BaseballField	2	baseballfield_176.tif	BaseballField/baseballfield_176.tif	AID_50/train/BaseballField/baseballfield_176.tif
train	BaseballField	2	baseballfield_178.tif	BaseballField/baseballfield_178.tif	AID_50/train/BaseballField/baseballfield_178.tif
train	BaseballField	2	baseballfield_180.tif	BaseballField/baseballfield_180.tif	AID_50/train/BaseballField/baseballfield_180.tif
train	BaseballField	2	baseballfield_182.tif	BaseballField/baseballfield_182.tif	AID_50/train/BaseballField/baseballfield_182.tif
train	BaseballField	2	baseballfield_183.tif	BaseballField/baseballfield_183.tif	AID_50/train/BaseballField/baseballfield_183.tif
train	BaseballField	2	baseballfield_19.tif	BaseballField/baseballfield_19.tif	AID_50/train/BaseballField/baseballfield_19.tif
train	BaseballField	2	baseballfield_192.tif	BaseballField/baseballfield_192.tif	AID_50/train/BaseballField/baseballfield_192.tif
train	BaseballField	2	baseballfield_193.tif	BaseballField/baseballfield_193.tif	AID_50/train/BaseballField/baseballfield_193.tif
train	BaseballField	2	baseballfield_197.tif	BaseballField/baseballfield_197.tif	AID_50/train/BaseballField/baseballfield_197.tif
train	BaseballField	2	baseballfield_199.tif	BaseballField/baseballfield_199.tif	AID_50/train/BaseballField/baseballfield_199.tif
train	BaseballField	2	baseballfield_2.tif	BaseballField/baseballfield_2.tif	AID_50/train/BaseballField/baseballfield_2.tif
train	BaseballField	2	baseballfield_201.tif	BaseballField/baseballfield_201.tif	AID_50/train/BaseballField/baseballfield_201.tif
train	BaseballField	2	baseballfield_202.tif	BaseballField/baseballfield_202.tif	AID_50/train/BaseballField/baseballfield_202.tif
train	BaseballField	2	baseballfield_206.tif	BaseballField/baseballfield_206.tif	AID_50/train/BaseballField/baseballfield_206.tif
train	BaseballField	2	baseballfield_207.tif	BaseballField/baseballfield_207.tif	AID_50/train/BaseballField/baseballfield_207.tif
train	BaseballField	2	baseballfield_208.tif	BaseballField/baseballfield_208.tif	AID_50/train/BaseballField/baseballfield_208.tif
train	BaseballField	2	baseballfield_21.tif	BaseballField/baseballfield_21.tif	AID_50/train/BaseballField/baseballfield_21.tif
train	BaseballField	2	baseballfield_210.tif	BaseballField/baseballfield_210.tif	AID_50/train/BaseballField/baseballfield_210.tif
train	BaseballField	2	baseballfield_211.tif	BaseballField/baseballfield_211.tif	AID_50/train/BaseballField/baseballfield_211.tif
train	BaseballField	2	baseballfield_212.tif	BaseballField/baseballfield_212.tif	AID_50/train/BaseballField/baseballfield_212.tif
train	BaseballField	2	baseballfield_214.tif	BaseballField/baseballfield_214.tif	AID_50/train/BaseballField/baseballfield_214.tif
train	BaseballField	2	baseballfield_215.tif	BaseballField/baseballfield_215.tif	AID_50/train/BaseballField/baseballfield_215.tif
train	BaseballField	2	baseballfield_216.tif	BaseballField/baseballfield_216.tif	AID_50/train/BaseballField/baseballfield_216.tif
train	BaseballField	2	baseballfield_218.tif	BaseballField/baseballfield_218.tif	AID_50/train/BaseballField/baseballfield_218.tif
train	BaseballField	2	baseballfield_220.tif	BaseballField/baseballfield_220.tif	AID_50/train/BaseballField/baseballfield_220.tif
train	BaseballField	2	baseballfield_24.tif	BaseballField/baseballfield_24.tif	AID_50/train/BaseballField/baseballfield_24.tif
train	BaseballField	2	baseballfield_26.tif	BaseballField/baseballfield_26.tif	AID_50/train/BaseballField/baseballfield_26.tif
train	BaseballField	2	baseballfield_27.tif	BaseballField/baseballfield_27.tif	AID_50/train/BaseballField/baseballfield_27.tif
train	BaseballField	2	baseballfield_28.tif	BaseballField/baseballfield_28.tif	AID_50/train/BaseballField/baseballfield_28.tif
train	BaseballField	2	baseballfield_29.tif	BaseballField/baseballfield_29.tif	AID_50/train/BaseballField/baseballfield_29.tif
train	BaseballField	2	baseballfield_31.tif	BaseballField/baseballfield_31.tif	AID_50/train/BaseballField/baseballfield_31.tif
train	BaseballField	2	baseballfield_33.tif	BaseballField/baseballfield_33.tif	AID_50/train/BaseballField/baseballfield_33.tif
train	BaseballField	2	baseballfield_34.tif	BaseballField/baseballfield_34.tif	AID_50/train/BaseballField/baseballfield_34.tif
train	BaseballField	2	baseballfield_35.tif	BaseballField/baseballfield_35.tif	AID_50/train/BaseballField/baseballfield_35.tif
train	BaseballField	2	baseballfield_36.tif	BaseballField/baseballfield_36.tif	AID_50/train/BaseballField/baseballfield_36.tif
train	BaseballField	2	baseballfield_38.tif	BaseballField/baseballfield_38.tif	AID_50/train/BaseballField/baseballfield_38.tif
train	BaseballField	2	baseballfield_4.tif	BaseballField/baseballfield_4.tif	AID_50/train/BaseballField/baseballfield_4.tif
train	BaseballField	2	baseballfield_40.tif	BaseballField/baseballfield_40.tif	AID_50/train/BaseballField/baseballfield_40.tif
train	BaseballField	2	baseballfield_41.tif	BaseballField/baseballfield_41.tif	AID_50/train/BaseballField/baseballfield_41.tif
train	BaseballField	2	baseballfield_42.tif	BaseballField/baseballfield_42.tif	AID_50/train/BaseballField/baseballfield_42.tif
train	BaseballField	2	baseballfield_43.tif	BaseballField/baseballfield_43.tif	AID_50/train/BaseballField/baseballfield_43.tif
train	BaseballField	2	baseballfield_44.tif	BaseballField/baseballfield_44.tif	AID_50/train/BaseballField/baseballfield_44.tif
train	BaseballField	2	baseballfield_46.tif	BaseballField/baseballfield_46.tif	AID_50/train/BaseballField/baseballfield_46.tif
train	BaseballField	2	baseballfield_48.tif	BaseballField/baseballfield_48.tif	AID_50/train/BaseballField/baseballfield_48.tif
train	BaseballField	2	baseballfield_59.tif	BaseballField/baseballfield_59.tif	AID_50/train/BaseballField/baseballfield_59.tif
train	BaseballField	2	baseballfield_60.tif	BaseballField/baseballfield_60.tif	AID_50/train/BaseballField/baseballfield_60.tif
train	BaseballField	2	baseballfield_62.tif	BaseballField/baseballfield_62.tif	AID_50/train/BaseballField/baseballfield_62.tif
train	BaseballField	2	baseballfield_63.tif	BaseballField/baseballfield_63.tif	AID_50/train/BaseballField/baseballfield_63.tif
train	BaseballField	2	baseballfield_64.tif	BaseballField/baseballfield_64.tif	AID_50/train/BaseballField/baseballfield_64.tif
train	BaseballField	2	baseballfield_67.tif	BaseballField/baseballfield_67.tif	AID_50/train/BaseballField/baseballfield_67.tif
train	BaseballField	2	baseballfield_69.tif	BaseballField/baseballfield_69.tif	AID_50/train/BaseballField/baseballfield_69.tif
train	BaseballField	2	baseballfield_7.tif	BaseballField/baseballfield_7.tif	AID_50/train/BaseballField/baseballfield_7.tif
train	BaseballField	2	baseballfield_70.tif	BaseballField/baseballfield_70.tif	AID_50/train/BaseballField/baseballfield_70.tif
train	BaseballField	2	baseballfield_71.tif	BaseballField/baseballfield_71.tif	AID_50/train/BaseballField/baseballfield_71.tif
train	BaseballField	2	baseballfield_72.tif	BaseballField/baseballfield_72.tif	AID_50/train/BaseballField/baseballfield_72.tif
train	BaseballField	2	baseballfield_73.tif	BaseballField/baseballfield_73.tif	AID_50/train/BaseballField/baseballfield_73.tif
train	BaseballField	2	baseballfield_76.tif	BaseballField/baseballfield_76.tif	AID_50/train/BaseballField/baseballfield_76.tif
train	BaseballField	2	baseballfield_79.tif	BaseballField/baseballfield_79.tif	AID_50/train/BaseballField/baseballfield_79.tif
train	BaseballField	2	baseballfield_8.tif	BaseballField/baseballfield_8.tif	AID_50/train/BaseballField/baseballfield_8.tif
train	BaseballField	2	baseballfield_82.tif	BaseballField/baseballfield_82.tif	AID_50/train/BaseballField/baseballfield_82.tif
train	BaseballField	2	baseballfield_85.tif	BaseballField/baseballfield_85.tif	AID_50/train/BaseballField/baseballfield_85.tif
train	BaseballField	2	baseballfield_87.tif	BaseballField/baseballfield_87.tif	AID_50/train/BaseballField/baseballfield_87.tif
train	BaseballField	2	baseballfield_88.tif	BaseballField/baseballfield_88.tif	AID_50/train/BaseballField/baseballfield_88.tif
train	BaseballField	2	baseballfield_9.tif	BaseballField/baseballfield_9.tif	AID_50/train/BaseballField/baseballfield_9.tif
train	BaseballField	2	baseballfield_91.tif	BaseballField/baseballfield_91.tif	AID_50/train/BaseballField/baseballfield_91.tif
train	BaseballField	2	baseballfield_92.tif	BaseballField/baseballfield_92.tif	AID_50/train/BaseballField/baseballfield_92.tif
train	BaseballField	2	baseballfield_93.tif	BaseballField/baseballfield_93.tif	AID_50/train/BaseballField/baseballfield_93.tif
train	BaseballField	2	baseballfield_95.tif	BaseballField/baseballfield_95.tif	AID_50/train/BaseballField/baseballfield_95.tif
train	BaseballField	2	baseballfield_98.tif	BaseballField/baseballfield_98.tif	AID_50/train/BaseballField/baseballfield_98.tif
train	Beach	3	beach_102.tif	Beach/beach_102.tif	AID_50/train/Beach/beach_102.tif
train	Beach	3	beach_103.tif	Beach/beach_103.tif	AID_50/train/Beach/beach_103.tif
train	Beach	3	beach_106.tif	Beach/beach_106.tif	AID_50/train/Beach/beach_106.tif
train	Beach	3	beach_107.tif	Beach/beach_107.tif	AID_50/train/Beach/beach_107.tif
train	Beach	3	beach_109.tif	Beach/beach_109.tif	AID_50/train/Beach/beach_109.tif
train	Beach	3	beach_11.tif	Beach/beach_11.tif	AID_50/train/Beach/beach_11.tif
train	Beach	3	beach_110.tif	Beach/beach_110.tif	AID_50/train/Beach/beach_110.tif
train	Beach	3	beach_115.tif	Beach/beach_115.tif	AID_50/train/Beach/beach_115.tif
train	Beach	3	beach_119.tif	Beach/beach_119.tif	AID_50/train/Beach/beach_119.tif
train	Beach	3	beach_12.tif	Beach/beach_12.tif	AID_50/train/Beach/beach_12.tif
train	Beach	3	beach_122.tif	Beach/beach_122.tif	AID_50/train/Beach/beach_122.tif
train	Beach	3	beach_124.tif	Beach/beach_124.tif	AID_50/train/Beach/beach_124.tif
train	Beach	3	beach_128.tif	Beach/beach_128.tif	AID_50/train/Beach/beach_128.tif
train	Beach	3	beach_129.tif	Beach/beach_129.tif	AID_50/train/Beach/beach_129.tif
train	Beach	3	beach_13.tif	Beach/beach_13.tif	AID_50/train/Beach/beach_13.tif
train	Beach	3	beach_132.tif	Beach/beach_132.tif	AID_50/train/Beach/beach_132.tif
train	Beach	3	beach_133.tif	Beach/beach_133.tif	AID_50/train/Beach/beach_133.tif
train	Beach	3	beach_134.tif	Beach/beach_134.tif	AID_50/train/Beach/beach_134.tif
train	Beach	3	beach_135.tif	Beach/beach_135.tif	AID_50/train/Beach/beach_135.tif
train	Beach	3	beach_138.tif	Beach/beach_138.tif	AID_50/train/Beach/beach_138.tif
train	Beach	3	beach_139.tif	Beach/beach_139.tif	AID_50/train/Beach/beach_139.tif
train	Beach	3	beach_140.tif	Beach/beach_140.tif	AID_50/train/Beach/beach_140.tif
train	Beach	3	beach_142.tif	Beach/beach_142.tif	AID_50/train/Beach/beach_142.tif
train	Beach	3	beach_144.tif	Beach/beach_144.tif	AID_50/train/Beach/beach_144.tif
train	Beach	3	beach_145.tif	Beach/beach_145.tif	AID_50/train/Beach/beach_145.tif
train	Beach	3	beach_146.tif	Beach/beach_146.tif	AID_50/train/Beach/beach_146.tif
train	Beach	3	beach_147.tif	Beach/beach_147.tif	AID_50/train/Beach/beach_147.tif
train	Beach	3	beach_150.tif	Beach/beach_150.tif	AID_50/train/Beach/beach_150.tif
train	Beach	3	beach_151.tif	Beach/beach_151.tif	AID_50/train/Beach/beach_151.tif
train	Beach	3	beach_154.tif	Beach/beach_154.tif	AID_50/train/Beach/beach_154.tif
train	Beach	3	beach_155.tif	Beach/beach_155.tif	AID_50/train/Beach/beach_155.tif
train	Beach	3	beach_157.tif	Beach/beach_157.tif	AID_50/train/Beach/beach_157.tif
train	Beach	3	beach_158.tif	Beach/beach_158.tif	AID_50/train/Beach/beach_158.tif
train	Beach	3	beach_159.tif	Beach/beach_159.tif	AID_50/train/Beach/beach_159.tif
train	Beach	3	beach_16.tif	Beach/beach_16.tif	AID_50/train/Beach/beach_16.tif
train	Beach	3	beach_163.tif	Beach/beach_163.tif	AID_50/train/Beach/beach_163.tif
train	Beach	3	beach_164.tif	Beach/beach_164.tif	AID_50/train/Beach/beach_164.tif
train	Beach	3	beach_166.tif	Beach/beach_166.tif	AID_50/train/Beach/beach_166.tif
train	Beach	3	beach_168.tif	Beach/beach_168.tif	AID_50/train/Beach/beach_168.tif
train	Beach	3	beach_169.tif	Beach/beach_169.tif	AID_50/train/Beach/beach_169.tif
train	Beach	3	beach_171.tif	Beach/beach_171.tif	AID_50/train/Beach/beach_171.tif
train	Beach	3	beach_172.tif	Beach/beach_172.tif	AID_50/train/Beach/beach_172.tif
train	Beach	3	beach_179.tif	Beach/beach_179.tif	AID_50/train/Beach/beach_179.tif
train	Beach	3	beach_181.tif	Beach/beach_181.tif	AID_50/train/Beach/beach_181.tif
train	Beach	3	beach_182.tif	Beach/beach_182.tif	AID_50/train/Beach/beach_182.tif
train	Beach	3	beach_192.tif	Beach/beach_192.tif	AID_50/train/Beach/beach_192.tif
train	Beach	3	beach_194.tif	Beach/beach_194.tif	AID_50/train/Beach/beach_194.tif
train	Beach	3	beach_195.tif	Beach/beach_195.tif	AID_50/train/Beach/beach_195.tif
train	Beach	3	beach_199.tif	Beach/beach_199.tif	AID_50/train/Beach/beach_199.tif
train	Beach	3	beach_2.tif	Beach/beach_2.tif	AID_50/train/Beach/beach_2.tif
train	Beach	3	beach_200.tif	Beach/beach_200.tif	AID_50/train/Beach/beach_200.tif
train	Beach	3	beach_201.tif	Beach/beach_201.tif	AID_50/train/Beach/beach_201.tif
train	Beach	3	beach_202.tif	Beach/beach_202.tif	AID_50/train/Beach/beach_202.tif
train	Beach	3	beach_203.tif	Beach/beach_203.tif	AID_50/train/Beach/beach_203.tif
train	Beach	3	beach_204.tif	Beach/beach_204.tif	AID_50/train/Beach/beach_204.tif
train	Beach	3	beach_205.tif	Beach/beach_205.tif	AID_50/train/Beach/beach_205.tif
train	Beach	3	beach_206.tif	Beach/beach_206.tif	AID_50/train/Beach/beach_206.tif
train	Beach	3	beach_207.tif	Beach/beach_207.tif	AID_50/train/Beach/beach_207.tif
train	Beach	3	beach_21.tif	Beach/beach_21.tif	AID_50/train/Beach/beach_21.tif
train	Beach	3	beach_211.tif	Beach/beach_211.tif	AID_50/train/Beach/beach_211.tif
train	Beach	3	beach_213.tif	Beach/beach_213.tif	AID_50/train/Beach/beach_213.tif
train	Beach	3	beach_214.tif	Beach/beach_214.tif	AID_50/train/Beach/beach_214.tif
train	Beach	3	beach_22.tif	Beach/beach_22.tif	AID_50/train/Beach/beach_22.tif
train	Beach	3	beach_220.tif	Beach/beach_220.tif	AID_50/train/Beach/beach_220.tif
train	Beach	3	beach_221.tif	Beach/beach_221.tif	AID_50/train/Beach/beach_221.tif
train	Beach	3	beach_223.tif	Beach/beach_223.tif	AID_50/train/Beach/beach_223.tif
train	Beach	3	beach_224.tif	Beach/beach_224.tif	AID_50/train/Beach/beach_224.tif
train	Beach	3	beach_225.tif	Beach/beach_225.tif	AID_50/train/Beach/beach_225.tif
train	Beach	3	beach_226.tif	Beach/beach_226.tif	AID_50/train/Beach/beach_226.tif
train	Beach	3	beach_227.tif	Beach/beach_227.tif	AID_50/train/Beach/beach_227.tif
train	Beach	3	beach_228.tif	Beach/beach_228.tif	AID_50/train/Beach/beach_228.tif
train	Beach	3	beach_229.tif	Beach/beach_229.tif	AID_50/train/Beach/beach_229.tif
train	Beach	3	beach_230.tif	Beach/beach_230.tif	AID_50/train/Beach/beach_230.tif
train	Beach	3	beach_232.tif	Beach/beach_232.tif	AID_50/train/Beach/beach_232.tif
train	Beach	3	beach_234.tif	Beach/beach_234.tif	AID_50/train/Beach/beach_234.tif
train	Beach	3	beach_235.tif	Beach/beach_235.tif	AID_50/train/Beach/beach_235.tif
train	Beach	3	beach_236.tif	Beach/beach_236.tif	AID_50/train/Beach/beach_236.tif
train	Beach	3	beach_239.tif	Beach/beach_239.tif	AID_50/train/Beach/beach_239.tif
train	Beach	3	beach_241.tif	Beach/beach_241.tif	AID_50/train/Beach/beach_241.tif
train	Beach	3	beach_244.tif	Beach/beach_244.tif	AID_50/train/Beach/beach_244.tif
train	Beach	3	beach_246.tif	Beach/beach_246.tif	AID_50/train/Beach/beach_246.tif
train	Beach	3	beach_247.tif	Beach/beach_247.tif	AID_50/train/Beach/beach_247.tif
train	Beach	3	beach_248.tif	Beach/beach_248.tif	AID_50/train/Beach/beach_248.tif
train	Beach	3	beach_249.tif	Beach/beach_249.tif	AID_50/train/Beach/beach_249.tif
train	Beach	3	beach_25.tif	Beach/beach_25.tif	AID_50/train/Beach/beach_25.tif
train	Beach	3	beach_250.tif	Beach/beach_250.tif	AID_50/train/Beach/beach_250.tif
train	Beach	3	beach_251.tif	Beach/beach_251.tif	AID_50/train/Beach/beach_251.tif
train	Beach	3	beach_253.tif	Beach/beach_253.tif	AID_50/train/Beach/beach_253.tif
train	Beach	3	beach_255.tif	Beach/beach_255.tif	AID_50/train/Beach/beach_255.tif
train	Beach	3	beach_256.tif	Beach/beach_256.tif	AID_50/train/Beach/beach_256.tif
train	Beach	3	beach_257.tif	Beach/beach_257.tif	AID_50/train/Beach/beach_257.tif
train	Beach	3	beach_259.tif	Beach/beach_259.tif	AID_50/train/Beach/beach_259.tif
train	Beach	3	beach_260.tif	Beach/beach_260.tif	AID_50/train/Beach/beach_260.tif
train	Beach	3	beach_261.tif	Beach/beach_261.tif	AID_50/train/Beach/beach_261.tif
train	Beach	3	beach_262.tif	Beach/beach_262.tif	AID_50/train/Beach/beach_262.tif
train	Beach	3	beach_263.tif	Beach/beach_263.tif	AID_50/train/Beach/beach_263.tif
train	Beach	3	beach_264.tif	Beach/beach_264.tif	AID_50/train/Beach/beach_264.tif
train	Beach	3	beach_265.tif	Beach/beach_265.tif	AID_50/train/Beach/beach_265.tif
train	Beach	3	beach_267.tif	Beach/beach_267.tif	AID_50/train/Beach/beach_267.tif
train	Beach	3	beach_268.tif	Beach/beach_268.tif	AID_50/train/Beach/beach_268.tif
train	Beach	3	beach_27.tif	Beach/beach_27.tif	AID_50/train/Beach/beach_27.tif
train	Beach	3	beach_270.tif	Beach/beach_270.tif	AID_50/train/Beach/beach_270.tif
train	Beach	3	beach_278.tif	Beach/beach_278.tif	AID_50/train/Beach/beach_278.tif
train	Beach	3	beach_279.tif	Beach/beach_279.tif	AID_50/train/Beach/beach_279.tif
train	Beach	3	beach_28.tif	Beach/beach_28.tif	AID_50/train/Beach/beach_28.tif
train	Beach	3	beach_280.tif	Beach/beach_280.tif	AID_50/train/Beach/beach_280.tif
train	Beach	3	beach_284.tif	Beach/beach_284.tif	AID_50/train/Beach/beach_284.tif
train	Beach	3	beach_285.tif	Beach/beach_285.tif	AID_50/train/Beach/beach_285.tif
train	Beach	3	beach_287.tif	Beach/beach_287.tif	AID_50/train/Beach/beach_287.tif
train	Beach	3	beach_292.tif	Beach/beach_292.tif	AID_50/train/Beach/beach_292.tif
train	Beach	3	beach_302.tif	Beach/beach_302.tif	AID_50/train/Beach/beach_302.tif
train	Beach	3	beach_303.tif	Beach/beach_303.tif	AID_50/train/Beach/beach_303.tif
train	Beach	3	beach_305.tif	Beach/beach_305.tif	AID_50/train/Beach/beach_305.tif
train	Beach	3	beach_307.tif	Beach/beach_307.tif	AID_50/train/Beach/beach_307.tif
train	Beach	3	beach_31.tif	Beach/beach_31.tif	AID_50/train/Beach/beach_31.tif
train	Beach	3	beach_310.tif	Beach/beach_310.tif	AID_50/train/Beach/beach_310.tif
train	Beach	3	beach_311.tif	Beach/beach_311.tif	AID_50/train/Beach/beach_311.tif
train	Beach	3	beach_313.tif	Beach/beach_313.tif	AID_50/train/Beach/beach_313.tif
train	Beach	3	beach_317.tif	Beach/beach_317.tif	AID_50/train/Beach/beach_317.tif
train	Beach	3	beach_318.tif	Beach/beach_318.tif	AID_50/train/Beach/beach_318.tif
train	Beach	3	beach_321.tif	Beach/beach_321.tif	AID_50/train/Beach/beach_321.tif
train	Beach	3	beach_326.tif	Beach/beach_326.tif	AID_50/train/Beach/beach_326.tif
train	Beach	3	beach_328.tif	Beach/beach_328.tif	AID_50/train/Beach/beach_328.tif
train	Beach	3	beach_329.tif	Beach/beach_329.tif	AID_50/train/Beach/beach_329.tif
train	Beach	3	beach_332.tif	Beach/beach_332.tif	AID_50/train/Beach/beach_332.tif
train	Beach	3	beach_334.tif	Beach/beach_334.tif	AID_50/train/Beach/beach_334.tif
train	Beach	3	beach_336.tif	Beach/beach_336.tif	AID_50/train/Beach/beach_336.tif
train	Beach	3	beach_337.tif	Beach/beach_337.tif	AID_50/train/Beach/beach_337.tif
train	Beach	3	beach_339.tif	Beach/beach_339.tif	AID_50/train/Beach/beach_339.tif
train	Beach	3	beach_34.tif	Beach/beach_34.tif	AID_50/train/Beach/beach_34.tif
train	Beach	3	beach_342.tif	Beach/beach_342.tif	AID_50/train/Beach/beach_342.tif
train	Beach	3	beach_343.tif	Beach/beach_343.tif	AID_50/train/Beach/beach_343.tif
train	Beach	3	beach_345.tif	Beach/beach_345.tif	AID_50/train/Beach/beach_345.tif
train	Beach	3	beach_346.tif	Beach/beach_346.tif	AID_50/train/Beach/beach_346.tif
train	Beach	3	beach_35.tif	Beach/beach_35.tif	AID_50/train/Beach/beach_35.tif
train	Beach	3	beach_350.tif	Beach/beach_350.tif	AID_50/train/Beach/beach_350.tif
train	Beach	3	beach_351.tif	Beach/beach_351.tif	AID_50/train/Beach/beach_351.tif
train	Beach	3	beach_355.tif	Beach/beach_355.tif	AID_50/train/Beach/beach_355.tif
train	Beach	3	beach_356.tif	Beach/beach_356.tif	AID_50/train/Beach/beach_356.tif
train	Beach	3	beach_357.tif	Beach/beach_357.tif	AID_50/train/Beach/beach_357.tif
train	Beach	3	beach_359.tif	Beach/beach_359.tif	AID_50/train/Beach/beach_359.tif
train	Beach	3	beach_360.tif	Beach/beach_360.tif	AID_50/train/Beach/beach_360.tif
train	Beach	3	beach_361.tif	Beach/beach_361.tif	AID_50/train/Beach/beach_361.tif
train	Beach	3	beach_362.tif	Beach/beach_362.tif	AID_50/train/Beach/beach_362.tif
train	Beach	3	beach_364.tif	Beach/beach_364.tif	AID_50/train/Beach/beach_364.tif
train	Beach	3	beach_368.tif	Beach/beach_368.tif	AID_50/train/Beach/beach_368.tif
train	Beach	3	beach_369.tif	Beach/beach_369.tif	AID_50/train/Beach/beach_369.tif
train	Beach	3	beach_374.tif	Beach/beach_374.tif	AID_50/train/Beach/beach_374.tif
train	Beach	3	beach_376.tif	Beach/beach_376.tif	AID_50/train/Beach/beach_376.tif
train	Beach	3	beach_38.tif	Beach/beach_38.tif	AID_50/train/Beach/beach_38.tif
train	Beach	3	beach_381.tif	Beach/beach_381.tif	AID_50/train/Beach/beach_381.tif
train	Beach	3	beach_382.tif	Beach/beach_382.tif	AID_50/train/Beach/beach_382.tif
train	Beach	3	beach_383.tif	Beach/beach_383.tif	AID_50/train/Beach/beach_383.tif
train	Beach	3	beach_386.tif	Beach/beach_386.tif	AID_50/train/Beach/beach_386.tif
train	Beach	3	beach_389.tif	Beach/beach_389.tif	AID_50/train/Beach/beach_389.tif
train	Beach	3	beach_39.tif	Beach/beach_39.tif	AID_50/train/Beach/beach_39.tif
train	Beach	3	beach_390.tif	Beach/beach_390.tif	AID_50/train/Beach/beach_390.tif
train	Beach	3	beach_391.tif	Beach/beach_391.tif	AID_50/train/Beach/beach_391.tif
train	Beach	3	beach_394.tif	Beach/beach_394.tif	AID_50/train/Beach/beach_394.tif
train	Beach	3	beach_396.tif	Beach/beach_396.tif	AID_50/train/Beach/beach_396.tif
train	Beach	3	beach_397.tif	Beach/beach_397.tif	AID_50/train/Beach/beach_397.tif
train	Beach	3	beach_399.tif	Beach/beach_399.tif	AID_50/train/Beach/beach_399.tif
train	Beach	3	beach_4.tif	Beach/beach_4.tif	AID_50/train/Beach/beach_4.tif
train	Beach	3	beach_40.tif	Beach/beach_40.tif	AID_50/train/Beach/beach_40.tif
train	Beach	3	beach_42.tif	Beach/beach_42.tif	AID_50/train/Beach/beach_42.tif
train	Beach	3	beach_43.tif	Beach/beach_43.tif	AID_50/train/Beach/beach_43.tif
train	Beach	3	beach_44.tif	Beach/beach_44.tif	AID_50/train/Beach/beach_44.tif
train	Beach	3	beach_46.tif	Beach/beach_46.tif	AID_50/train/Beach/beach_46.tif
train	Beach	3	beach_47.tif	Beach/beach_47.tif	AID_50/train/Beach/beach_47.tif
train	Beach	3	beach_48.tif	Beach/beach_48.tif	AID_50/train/Beach/beach_48.tif
train	Beach	3	beach_49.tif	Beach/beach_49.tif	AID_50/train/Beach/beach_49.tif
train	Beach	3	beach_5.tif	Beach/beach_5.tif	AID_50/train/Beach/beach_5.tif
train	Beach	3	beach_50.tif	Beach/beach_50.tif	AID_50/train/Beach/beach_50.tif
train	Beach	3	beach_56.tif	Beach/beach_56.tif	AID_50/train/Beach/beach_56.tif
train	Beach	3	beach_57.tif	Beach/beach_57.tif	AID_50/train/Beach/beach_57.tif
train	Beach	3	beach_62.tif	Beach/beach_62.tif	AID_50/train/Beach/beach_62.tif
train	Beach	3	beach_63.tif	Beach/beach_63.tif	AID_50/train/Beach/beach_63.tif
train	Beach	3	beach_64.tif	Beach/beach_64.tif	AID_50/train/Beach/beach_64.tif
train	Beach	3	beach_65.tif	Beach/beach_65.tif	AID_50/train/Beach/beach_65.tif
train	Beach	3	beach_66.tif	Beach/beach_66.tif	AID_50/train/Beach/beach_66.tif
train	Beach	3	beach_69.tif	Beach/beach_69.tif	AID_50/train/Beach/beach_69.tif
train	Beach	3	beach_7.tif	Beach/beach_7.tif	AID_50/train/Beach/beach_7.tif
train	Beach	3	beach_70.tif	Beach/beach_70.tif	AID_50/train/Beach/beach_70.tif
train	Beach	3	beach_72.tif	Beach/beach_72.tif	AID_50/train/Beach/beach_72.tif
train	Beach	3	beach_73.tif	Beach/beach_73.tif	AID_50/train/Beach/beach_73.tif
train	Beach	3	beach_75.tif	Beach/beach_75.tif	AID_50/train/Beach/beach_75.tif
train	Beach	3	beach_77.tif	Beach/beach_77.tif	AID_50/train/Beach/beach_77.tif
train	Beach	3	beach_79.tif	Beach/beach_79.tif	AID_50/train/Beach/beach_79.tif
train	Beach	3	beach_8.tif	Beach/beach_8.tif	AID_50/train/Beach/beach_8.tif
train	Beach	3	beach_80.tif	Beach/beach_80.tif	AID_50/train/Beach/beach_80.tif
train	Beach	3	beach_81.tif	Beach/beach_81.tif	AID_50/train/Beach/beach_81.tif
train	Beach	3	beach_82.tif	Beach/beach_82.tif	AID_50/train/Beach/beach_82.tif
train	Beach	3	beach_83.tif	Beach/beach_83.tif	AID_50/train/Beach/beach_83.tif
train	Beach	3	beach_90.tif	Beach/beach_90.tif	AID_50/train/Beach/beach_90.tif
train	Beach	3	beach_91.tif	Beach/beach_91.tif	AID_50/train/Beach/beach_91.tif
train	Beach	3	beach_92.tif	Beach/beach_92.tif	AID_50/train/Beach/beach_92.tif
train	Beach	3	beach_93.tif	Beach/beach_93.tif	AID_50/train/Beach/beach_93.tif
train	Beach	3	beach_95.tif	Beach/beach_95.tif	AID_50/train/Beach/beach_95.tif
train	Beach	3	beach_96.tif	Beach/beach_96.tif	AID_50/train/Beach/beach_96.tif
train	Beach	3	beach_97.tif	Beach/beach_97.tif	AID_50/train/Beach/beach_97.tif
train	Bridge	4	bridge_10.tif	Bridge/bridge_10.tif	AID_50/train/Bridge/bridge_10.tif
train	Bridge	4	bridge_101.tif	Bridge/bridge_101.tif	AID_50/train/Bridge/bridge_101.tif
train	Bridge	4	bridge_104.tif	Bridge/bridge_104.tif	AID_50/train/Bridge/bridge_104.tif
train	Bridge	4	bridge_105.tif	Bridge/bridge_105.tif	AID_50/train/Bridge/bridge_105.tif
train	Bridge	4	bridge_11.tif	Bridge/bridge_11.tif	AID_50/train/Bridge/bridge_11.tif
train	Bridge	4	bridge_110.tif	Bridge/bridge_110.tif	AID_50/train/Bridge/bridge_110.tif
train	Bridge	4	bridge_111.tif	Bridge/bridge_111.tif	AID_50/train/Bridge/bridge_111.tif
train	Bridge	4	bridge_112.tif	Bridge/bridge_112.tif	AID_50/train/Bridge/bridge_112.tif
train	Bridge	4	bridge_113.tif	Bridge/bridge_113.tif	AID_50/train/Bridge/bridge_113.tif
train	Bridge	4	bridge_115.tif	Bridge/bridge_115.tif	AID_50/train/Bridge/bridge_115.tif
train	Bridge	4	bridge_12.tif	Bridge/bridge_12.tif	AID_50/train/Bridge/bridge_12.tif
train	Bridge	4	bridge_120.tif	Bridge/bridge_120.tif	AID_50/train/Bridge/bridge_120.tif
train	Bridge	4	bridge_125.tif	Bridge/bridge_125.tif	AID_50/train/Bridge/bridge_125.tif
train	Bridge	4	bridge_126.tif	Bridge/bridge_126.tif	AID_50/train/Bridge/bridge_126.tif
train	Bridge	4	bridge_129.tif	Bridge/bridge_129.tif	AID_50/train/Bridge/bridge_129.tif
train	Bridge	4	bridge_132.tif	Bridge/bridge_132.tif	AID_50/train/Bridge/bridge_132.tif
train	Bridge	4	bridge_133.tif	Bridge/bridge_133.tif	AID_50/train/Bridge/bridge_133.tif
train	Bridge	4	bridge_134.tif	Bridge/bridge_134.tif	AID_50/train/Bridge/bridge_134.tif
train	Bridge	4	bridge_135.tif	Bridge/bridge_135.tif	AID_50/train/Bridge/bridge_135.tif
train	Bridge	4	bridge_139.tif	Bridge/bridge_139.tif	AID_50/train/Bridge/bridge_139.tif
train	Bridge	4	bridge_140.tif	Bridge/bridge_140.tif	AID_50/train/Bridge/bridge_140.tif
train	Bridge	4	bridge_141.tif	Bridge/bridge_141.tif	AID_50/train/Bridge/bridge_141.tif
train	Bridge	4	bridge_145.tif	Bridge/bridge_145.tif	AID_50/train/Bridge/bridge_145.tif
train	Bridge	4	bridge_148.tif	Bridge/bridge_148.tif	AID_50/train/Bridge/bridge_148.tif
train	Bridge	4	bridge_15.tif	Bridge/bridge_15.tif	AID_50/train/Bridge/bridge_15.tif
train	Bridge	4	bridge_150.tif	Bridge/bridge_150.tif	AID_50/train/Bridge/bridge_150.tif
train	Bridge	4	bridge_151.tif	Bridge/bridge_151.tif	AID_50/train/Bridge/bridge_151.tif
train	Bridge	4	bridge_160.tif	Bridge/bridge_160.tif	AID_50/train/Bridge/bridge_160.tif
train	Bridge	4	bridge_161.tif	Bridge/bridge_161.tif	AID_50/train/Bridge/bridge_161.tif
train	Bridge	4	bridge_164.tif	Bridge/bridge_164.tif	AID_50/train/Bridge/bridge_164.tif
train	Bridge	4	bridge_165.tif	Bridge/bridge_165.tif	AID_50/train/Bridge/bridge_165.tif
train	Bridge	4	bridge_169.tif	Bridge/bridge_169.tif	AID_50/train/Bridge/bridge_169.tif
train	Bridge	4	bridge_17.tif	Bridge/bridge_17.tif	AID_50/train/Bridge/bridge_17.tif
train	Bridge	4	bridge_170.tif	Bridge/bridge_170.tif	AID_50/train/Bridge/bridge_170.tif
train	Bridge	4	bridge_172.tif	Bridge/bridge_172.tif	AID_50/train/Bridge/bridge_172.tif
train	Bridge	4	bridge_175.tif	Bridge/bridge_175.tif	AID_50/train/Bridge/bridge_175.tif
train	Bridge	4	bridge_176.tif	Bridge/bridge_176.tif	AID_50/train/Bridge/bridge_176.tif
train	Bridge	4	bridge_178.tif	Bridge/bridge_178.tif	AID_50/train/Bridge/bridge_178.tif
train	Bridge	4	bridge_18.tif	Bridge/bridge_18.tif	AID_50/train/Bridge/bridge_18.tif
train	Bridge	4	bridge_185.tif	Bridge/bridge_185.tif	AID_50/train/Bridge/bridge_185.tif
train	Bridge	4	bridge_186.tif	Bridge/bridge_186.tif	AID_50/train/Bridge/bridge_186.tif
train	Bridge	4	bridge_188.tif	Bridge/bridge_188.tif	AID_50/train/Bridge/bridge_188.tif
train	Bridge	4	bridge_190.tif	Bridge/bridge_190.tif	AID_50/train/Bridge/bridge_190.tif
train	Bridge	4	bridge_192.tif	Bridge/bridge_192.tif	AID_50/train/Bridge/bridge_192.tif
train	Bridge	4	bridge_193.tif	Bridge/bridge_193.tif	AID_50/train/Bridge/bridge_193.tif
train	Bridge	4	bridge_198.tif	Bridge/bridge_198.tif	AID_50/train/Bridge/bridge_198.tif
train	Bridge	4	bridge_199.tif	Bridge/bridge_199.tif	AID_50/train/Bridge/bridge_199.tif
train	Bridge	4	bridge_20.tif	Bridge/bridge_20.tif	AID_50/train/Bridge/bridge_20.tif
train	Bridge	4	bridge_201.tif	Bridge/bridge_201.tif	AID_50/train/Bridge/bridge_201.tif
train	Bridge	4	bridge_204.tif	Bridge/bridge_204.tif	AID_50/train/Bridge/bridge_204.tif
train	Bridge	4	bridge_205.tif	Bridge/bridge_205.tif	AID_50/train/Bridge/bridge_205.tif
train	Bridge	4	bridge_206.tif	Bridge/bridge_206.tif	AID_50/train/Bridge/bridge_206.tif
train	Bridge	4	bridge_207.tif	Bridge/bridge_207.tif	AID_50/train/Bridge/bridge_207.tif
train	Bridge	4	bridge_208.tif	Bridge/bridge_208.tif	AID_50/train/Bridge/bridge_208.tif
train	Bridge	4	bridge_209.tif	Bridge/bridge_209.tif	AID_50/train/Bridge/bridge_209.tif
train	Bridge	4	bridge_210.tif	Bridge/bridge_210.tif	AID_50/train/Bridge/bridge_210.tif
train	Bridge	4	bridge_212.tif	Bridge/bridge_212.tif	AID_50/train/Bridge/bridge_212.tif
train	Bridge	4	bridge_213.tif	Bridge/bridge_213.tif	AID_50/train/Bridge/bridge_213.tif
train	Bridge	4	bridge_214.tif	Bridge/bridge_214.tif	AID_50/train/Bridge/bridge_214.tif
train	Bridge	4	bridge_217.tif	Bridge/bridge_217.tif	AID_50/train/Bridge/bridge_217.tif
train	Bridge	4	bridge_22.tif	Bridge/bridge_22.tif	AID_50/train/Bridge/bridge_22.tif
train	Bridge	4	bridge_220.tif	Bridge/bridge_220.tif	AID_50/train/Bridge/bridge_220.tif
train	Bridge	4	bridge_223.tif	Bridge/bridge_223.tif	AID_50/train/Bridge/bridge_223.tif
train	Bridge	4	bridge_227.tif	Bridge/bridge_227.tif	AID_50/train/Bridge/bridge_227.tif
train	Bridge	4	bridge_23.tif	Bridge/bridge_23.tif	AID_50/train/Bridge/bridge_23.tif
train	Bridge	4	bridge_230.tif	Bridge/bridge_230.tif	AID_50/train/Bridge/bridge_230.tif
train	Bridge	4	bridge_232.tif	Bridge/bridge_232.tif	AID_50/train/Bridge/bridge_232.tif
train	Bridge	4	bridge_234.tif	Bridge/bridge_234.tif	AID_50/train/Bridge/bridge_234.tif
train	Bridge	4	bridge_237.tif	Bridge/bridge_237.tif	AID_50/train/Bridge/bridge_237.tif
train	Bridge	4	bridge_24.tif	Bridge/bridge_24.tif	AID_50/train/Bridge/bridge_24.tif
train	Bridge	4	bridge_240.tif	Bridge/bridge_240.tif	AID_50/train/Bridge/bridge_240.tif
train	Bridge	4	bridge_241.tif	Bridge/bridge_241.tif	AID_50/train/Bridge/bridge_241.tif
train	Bridge	4	bridge_244.tif	Bridge/bridge_244.tif	AID_50/train/Bridge/bridge_244.tif
train	Bridge	4	bridge_245.tif	Bridge/bridge_245.tif	AID_50/train/Bridge/bridge_245.tif
train	Bridge	4	bridge_246.tif	Bridge/bridge_246.tif	AID_50/train/Bridge/bridge_246.tif
train	Bridge	4	bridge_247.tif	Bridge/bridge_247.tif	AID_50/train/Bridge/bridge_247.tif
train	Bridge	4	bridge_25.tif	Bridge/bridge_25.tif	AID_50/train/Bridge/bridge_25.tif
train	Bridge	4	bridge_252.tif	Bridge/bridge_252.tif	AID_50/train/Bridge/bridge_252.tif
train	Bridge	4	bridge_253.tif	Bridge/bridge_253.tif	AID_50/train/Bridge/bridge_253.tif
train	Bridge	4	bridge_254.tif	Bridge/bridge_254.tif	AID_50/train/Bridge/bridge_254.tif
train	Bridge	4	bridge_256.tif	Bridge/bridge_256.tif	AID_50/train/Bridge/bridge_256.tif
train	Bridge	4	bridge_257.tif	Bridge/bridge_257.tif	AID_50/train/Bridge/bridge_257.tif
train	Bridge	4	bridge_260.tif	Bridge/bridge_260.tif	AID_50/train/Bridge/bridge_260.tif
train	Bridge	4	bridge_261.tif	Bridge/bridge_261.tif	AID_50/train/Bridge/bridge_261.tif
train	Bridge	4	bridge_262.tif	Bridge/bridge_262.tif	AID_50/train/Bridge/bridge_262.tif
train	Bridge	4	bridge_264.tif	Bridge/bridge_264.tif	AID_50/train/Bridge/bridge_264.tif
train	Bridge	4	bridge_265.tif	Bridge/bridge_265.tif	AID_50/train/Bridge/bridge_265.tif
train	Bridge	4	bridge_268.tif	Bridge/bridge_268.tif	AID_50/train/Bridge/bridge_268.tif
train	Bridge	4	bridge_27.tif	Bridge/bridge_27.tif	AID_50/train/Bridge/bridge_27.tif
train	Bridge	4	bridge_270.tif	Bridge/bridge_270.tif	AID_50/train/Bridge/bridge_270.tif
train	Bridge	4	bridge_271.tif	Bridge/bridge_271.tif	AID_50/train/Bridge/bridge_271.tif
train	Bridge	4	bridge_274.tif	Bridge/bridge_274.tif	AID_50/train/Bridge/bridge_274.tif
train	Bridge	4	bridge_277.tif	Bridge/bridge_277.tif	AID_50/train/Bridge/bridge_277.tif
train	Bridge	4	bridge_278.tif	Bridge/bridge_278.tif	AID_50/train/Bridge/bridge_278.tif
train	Bridge	4	bridge_279.tif	Bridge/bridge_279.tif	AID_50/train/Bridge/bridge_279.tif
train	Bridge	4	bridge_281.tif	Bridge/bridge_281.tif	AID_50/train/Bridge/bridge_281.tif
train	Bridge	4	bridge_283.tif	Bridge/bridge_283.tif	AID_50/train/Bridge/bridge_283.tif
train	Bridge	4	bridge_284.tif	Bridge/bridge_284.tif	AID_50/train/Bridge/bridge_284.tif
train	Bridge	4	bridge_287.tif	Bridge/bridge_287.tif	AID_50/train/Bridge/bridge_287.tif
train	Bridge	4	bridge_289.tif	Bridge/bridge_289.tif	AID_50/train/Bridge/bridge_289.tif
train	Bridge	4	bridge_29.tif	Bridge/bridge_29.tif	AID_50/train/Bridge/bridge_29.tif
train	Bridge	4	bridge_290.tif	Bridge/bridge_290.tif	AID_50/train/Bridge/bridge_290.tif
train	Bridge	4	bridge_291.tif	Bridge/bridge_291.tif	AID_50/train/Bridge/bridge_291.tif
train	Bridge	4	bridge_293.tif	Bridge/bridge_293.tif	AID_50/train/Bridge/bridge_293.tif
train	Bridge	4	bridge_294.tif	Bridge/bridge_294.tif	AID_50/train/Bridge/bridge_294.tif
train	Bridge	4	bridge_297.tif	Bridge/bridge_297.tif	AID_50/train/Bridge/bridge_297.tif
train	Bridge	4	bridge_299.tif	Bridge/bridge_299.tif	AID_50/train/Bridge/bridge_299.tif
train	Bridge	4	bridge_30.tif	Bridge/bridge_30.tif	AID_50/train/Bridge/bridge_30.tif
train	Bridge	4	bridge_300.tif	Bridge/bridge_300.tif	AID_50/train/Bridge/bridge_300.tif
train	Bridge	4	bridge_305.tif	Bridge/bridge_305.tif	AID_50/train/Bridge/bridge_305.tif
train	Bridge	4	bridge_306.tif	Bridge/bridge_306.tif	AID_50/train/Bridge/bridge_306.tif
train	Bridge	4	bridge_308.tif	Bridge/bridge_308.tif	AID_50/train/Bridge/bridge_308.tif
train	Bridge	4	bridge_309.tif	Bridge/bridge_309.tif	AID_50/train/Bridge/bridge_309.tif
train	Bridge	4	bridge_310.tif	Bridge/bridge_310.tif	AID_50/train/Bridge/bridge_310.tif
train	Bridge	4	bridge_313.tif	Bridge/bridge_313.tif	AID_50/train/Bridge/bridge_313.tif
train	Bridge	4	bridge_314.tif	Bridge/bridge_314.tif	AID_50/train/Bridge/bridge_314.tif
train	Bridge	4	bridge_318.tif	Bridge/bridge_318.tif	AID_50/train/Bridge/bridge_318.tif
train	Bridge	4	bridge_319.tif	Bridge/bridge_319.tif	AID_50/train/Bridge/bridge_319.tif
train	Bridge	4	bridge_320.tif	Bridge/bridge_320.tif	AID_50/train/Bridge/bridge_320.tif
train	Bridge	4	bridge_323.tif	Bridge/bridge_323.tif	AID_50/train/Bridge/bridge_323.tif
train	Bridge	4	bridge_325.tif	Bridge/bridge_325.tif	AID_50/train/Bridge/bridge_325.tif
train	Bridge	4	bridge_327.tif	Bridge/bridge_327.tif	AID_50/train/Bridge/bridge_327.tif
train	Bridge	4	bridge_328.tif	Bridge/bridge_328.tif	AID_50/train/Bridge/bridge_328.tif
train	Bridge	4	bridge_329.tif	Bridge/bridge_329.tif	AID_50/train/Bridge/bridge_329.tif
train	Bridge	4	bridge_33.tif	Bridge/bridge_33.tif	AID_50/train/Bridge/bridge_33.tif
train	Bridge	4	bridge_331.tif	Bridge/bridge_331.tif	AID_50/train/Bridge/bridge_331.tif
train	Bridge	4	bridge_332.tif	Bridge/bridge_332.tif	AID_50/train/Bridge/bridge_332.tif
train	Bridge	4	bridge_334.tif	Bridge/bridge_334.tif	AID_50/train/Bridge/bridge_334.tif
train	Bridge	4	bridge_335.tif	Bridge/bridge_335.tif	AID_50/train/Bridge/bridge_335.tif
train	Bridge	4	bridge_339.tif	Bridge/bridge_339.tif	AID_50/train/Bridge/bridge_339.tif
train	Bridge	4	bridge_343.tif	Bridge/bridge_343.tif	AID_50/train/Bridge/bridge_343.tif
train	Bridge	4	bridge_344.tif	Bridge/bridge_344.tif	AID_50/train/Bridge/bridge_344.tif
train	Bridge	4	bridge_346.tif	Bridge/bridge_346.tif	AID_50/train/Bridge/bridge_346.tif
train	Bridge	4	bridge_349.tif	Bridge/bridge_349.tif	AID_50/train/Bridge/bridge_349.tif
train	Bridge	4	bridge_35.tif	Bridge/bridge_35.tif	AID_50/train/Bridge/bridge_35.tif
train	Bridge	4	bridge_350.tif	Bridge/bridge_350.tif	AID_50/train/Bridge/bridge_350.tif
train	Bridge	4	bridge_352.tif	Bridge/bridge_352.tif	AID_50/train/Bridge/bridge_352.tif
train	Bridge	4	bridge_359.tif	Bridge/bridge_359.tif	AID_50/train/Bridge/bridge_359.tif
train	Bridge	4	bridge_36.tif	Bridge/bridge_36.tif	AID_50/train/Bridge/bridge_36.tif
train	Bridge	4	bridge_38.tif	Bridge/bridge_38.tif	AID_50/train/Bridge/bridge_38.tif
train	Bridge	4	bridge_39.tif	Bridge/bridge_39.tif	AID_50/train/Bridge/bridge_39.tif
train	Bridge	4	bridge_41.tif	Bridge/bridge_41.tif	AID_50/train/Bridge/bridge_41.tif
train	Bridge	4	bridge_44.tif	Bridge/bridge_44.tif	AID_50/train/Bridge/bridge_44.tif
train	Bridge	4	bridge_46.tif	Bridge/bridge_46.tif	AID_50/train/Bridge/bridge_46.tif
train	Bridge	4	bridge_50.tif	Bridge/bridge_50.tif	AID_50/train/Bridge/bridge_50.tif
train	Bridge	4	bridge_51.tif	Bridge/bridge_51.tif	AID_50/train/Bridge/bridge_51.tif
train	Bridge	4	bridge_53.tif	Bridge/bridge_53.tif	AID_50/train/Bridge/bridge_53.tif
train	Bridge	4	bridge_55.tif	Bridge/bridge_55.tif	AID_50/train/Bridge/bridge_55.tif
train	Bridge	4	bridge_58.tif	Bridge/bridge_58.tif	AID_50/train/Bridge/bridge_58.tif
train	Bridge	4	bridge_6.tif	Bridge/bridge_6.tif	AID_50/train/Bridge/bridge_6.tif
train	Bridge	4	bridge_61.tif	Bridge/bridge_61.tif	AID_50/train/Bridge/bridge_61.tif
train	Bridge	4	bridge_63.tif	Bridge/bridge_63.tif	AID_50/train/Bridge/bridge_63.tif
train	Bridge	4	bridge_64.tif	Bridge/bridge_64.tif	AID_50/train/Bridge/bridge_64.tif
train	Bridge	4	bridge_65.tif	Bridge/bridge_65.tif	AID_50/train/Bridge/bridge_65.tif
train	Bridge	4	bridge_66.tif	Bridge/bridge_66.tif	AID_50/train/Bridge/bridge_66.tif
train	Bridge	4	bridge_67.tif	Bridge/bridge_67.tif	AID_50/train/Bridge/bridge_67.tif
train	Bridge	4	bridge_68.tif	Bridge/bridge_68.tif	AID_50/train/Bridge/bridge_68.tif
train	Bridge	4	bridge_70.tif	Bridge/bridge_70.tif	AID_50/train/Bridge/bridge_70.tif
train	Bridge	4	bridge_71.tif	Bridge/bridge_71.tif	AID_50/train/Bridge/bridge_71.tif
train	Bridge	4	bridge_72.tif	Bridge/bridge_72.tif	AID_50/train/Bridge/bridge_72.tif
train	Bridge	4	bridge_73.tif	Bridge/bridge_73.tif	AID_50/train/Bridge/bridge_73.tif
train	Bridge	4	bridge_74.tif	Bridge/bridge_74.tif	AID_50/train/Bridge/bridge_74.tif
train	Bridge	4	bridge_75.tif	Bridge/bridge_75.tif	AID_50/train/Bridge/bridge_75.tif
train	Bridge	4	bridge_76.tif	Bridge/bridge_76.tif	AID_50/train/Bridge/bridge_76.tif
train	Bridge	4	bridge_78.tif	Bridge/bridge_78.tif	AID_50/train/Bridge/bridge_78.tif
train	Bridge	4	bridge_8.tif	Bridge/bridge_8.tif	AID_50/train/Bridge/bridge_8.tif
train	Bridge	4	bridge_80.tif	Bridge/bridge_80.tif	AID_50/train/Bridge/bridge_80.tif
train	Bridge	4	bridge_81.tif	Bridge/bridge_81.tif	AID_50/train/Bridge/bridge_81.tif
train	Bridge	4	bridge_82.tif	Bridge/bridge_82.tif	AID_50/train/Bridge/bridge_82.tif
train	Bridge	4	bridge_83.tif	Bridge/bridge_83.tif	AID_50/train/Bridge/bridge_83.tif
train	Bridge	4	bridge_84.tif	Bridge/bridge_84.tif	AID_50/train/Bridge/bridge_84.tif
train	Bridge	4	bridge_86.tif	Bridge/bridge_86.tif	AID_50/train/Bridge/bridge_86.tif
train	Bridge	4	bridge_87.tif	Bridge/bridge_87.tif	AID_50/train/Bridge/bridge_87.tif
train	Bridge	4	bridge_88.tif	Bridge/bridge_88.tif	AID_50/train/Bridge/bridge_88.tif
train	Bridge	4	bridge_89.tif	Bridge/bridge_89.tif	AID_50/train/Bridge/bridge_89.tif
train	Bridge	4	bridge_91.tif	Bridge/bridge_91.tif	AID_50/train/Bridge/bridge_91.tif
train	Bridge	4	bridge_92.tif	Bridge/bridge_92.tif	AID_50/train/Bridge/bridge_92.tif
train	Bridge	4	bridge_93.tif	Bridge/bridge_93.tif	AID_50/train/Bridge/bridge_93.tif
train	Bridge	4	bridge_95.tif	Bridge/bridge_95.tif	AID_50/train/Bridge/bridge_95.tif
train	Bridge	4	bridge_99.tif	Bridge/bridge_99.tif	AID_50/train/Bridge/bridge_99.tif
train	Center	5	center_1.tif	Center/center_1.tif	AID_50/train/Center/center_1.tif
train	Center	5	center_102.tif	Center/center_102.tif	AID_50/train/Center/center_102.tif
train	Center	5	center_104.tif	Center/center_104.tif	AID_50/train/Center/center_104.tif
train	Center	5	center_105.tif	Center/center_105.tif	AID_50/train/Center/center_105.tif
train	Center	5	center_107.tif	Center/center_107.tif	AID_50/train/Center/center_107.tif
train	Center	5	center_109.tif	Center/center_109.tif	AID_50/train/Center/center_109.tif
train	Center	5	center_11.tif	Center/center_11.tif	AID_50/train/Center/center_11.tif
train	Center	5	center_112.tif	Center/center_112.tif	AID_50/train/Center/center_112.tif
train	Center	5	center_113.tif	Center/center_113.tif	AID_50/train/Center/center_113.tif
train	Center	5	center_114.tif	Center/center_114.tif	AID_50/train/Center/center_114.tif
train	Center	5	center_116.tif	Center/center_116.tif	AID_50/train/Center/center_116.tif
train	Center	5	center_117.tif	Center/center_117.tif	AID_50/train/Center/center_117.tif
train	Center	5	center_119.tif	Center/center_119.tif	AID_50/train/Center/center_119.tif
train	Center	5	center_12.tif	Center/center_12.tif	AID_50/train/Center/center_12.tif
train	Center	5	center_120.tif	Center/center_120.tif	AID_50/train/Center/center_120.tif
train	Center	5	center_131.tif	Center/center_131.tif	AID_50/train/Center/center_131.tif
train	Center	5	center_132.tif	Center/center_132.tif	AID_50/train/Center/center_132.tif
train	Center	5	center_133.tif	Center/center_133.tif	AID_50/train/Center/center_133.tif
train	Center	5	center_135.tif	Center/center_135.tif	AID_50/train/Center/center_135.tif
train	Center	5	center_137.tif	Center/center_137.tif	AID_50/train/Center/center_137.tif
train	Center	5	center_138.tif	Center/center_138.tif	AID_50/train/Center/center_138.tif
train	Center	5	center_139.tif	Center/center_139.tif	AID_50/train/Center/center_139.tif
train	Center	5	center_14.tif	Center/center_14.tif	AID_50/train/Center/center_14.tif
train	Center	5	center_143.tif	Center/center_143.tif	AID_50/train/Center/center_143.tif
train	Center	5	center_145.tif	Center/center_145.tif	AID_50/train/Center/center_145.tif
train	Center	5	center_146.tif	Center/center_146.tif	AID_50/train/Center/center_146.tif
train	Center	5	center_147.tif	Center/center_147.tif	AID_50/train/Center/center_147.tif
train	Center	5	center_148.tif	Center/center_148.tif	AID_50/train/Center/center_148.tif
train	Center	5	center_149.tif	Center/center_149.tif	AID_50/train/Center/center_149.tif
train	Center	5	center_15.tif	Center/center_15.tif	AID_50/train/Center/center_15.tif
train	Center	5	center_151.tif	Center/center_151.tif	AID_50/train/Center/center_151.tif
train	Center	5	center_152.tif	Center/center_152.tif	AID_50/train/Center/center_152.tif
train	Center	5	center_154.tif	Center/center_154.tif	AID_50/train/Center/center_154.tif
train	Center	5	center_155.tif	Center/center_155.tif	AID_50/train/Center/center_155.tif
train	Center	5	center_158.tif	Center/center_158.tif	AID_50/train/Center/center_158.tif
train	Center	5	center_159.tif	Center/center_159.tif	AID_50/train/Center/center_159.tif
train	Center	5	center_161.tif	Center/center_161.tif	AID_50/train/Center/center_161.tif
train	Center	5	center_162.tif	Center/center_162.tif	AID_50/train/Center/center_162.tif
train	Center	5	center_165.tif	Center/center_165.tif	AID_50/train/Center/center_165.tif
train	Center	5	center_167.tif	Center/center_167.tif	AID_50/train/Center/center_167.tif
train	Center	5	center_169.tif	Center/center_169.tif	AID_50/train/Center/center_169.tif
train	Center	5	center_17.tif	Center/center_17.tif	AID_50/train/Center/center_17.tif
train	Center	5	center_170.tif	Center/center_170.tif	AID_50/train/Center/center_170.tif
train	Center	5	center_171.tif	Center/center_171.tif	AID_50/train/Center/center_171.tif
train	Center	5	center_172.tif	Center/center_172.tif	AID_50/train/Center/center_172.tif
train	Center	5	center_173.tif	Center/center_173.tif	AID_50/train/Center/center_173.tif
train	Center	5	center_176.tif	Center/center_176.tif	AID_50/train/Center/center_176.tif
train	Center	5	center_177.tif	Center/center_177.tif	AID_50/train/Center/center_177.tif
train	Center	5	center_182.tif	Center/center_182.tif	AID_50/train/Center/center_182.tif
train	Center	5	center_184.tif	Center/center_184.tif	AID_50/train/Center/center_184.tif
train	Center	5	center_186.tif	Center/center_186.tif	AID_50/train/Center/center_186.tif
train	Center	5	center_187.tif	Center/center_187.tif	AID_50/train/Center/center_187.tif
train	Center	5	center_188.tif	Center/center_188.tif	AID_50/train/Center/center_188.tif
train	Center	5	center_19.tif	Center/center_19.tif	AID_50/train/Center/center_19.tif
train	Center	5	center_192.tif	Center/center_192.tif	AID_50/train/Center/center_192.tif
train	Center	5	center_193.tif	Center/center_193.tif	AID_50/train/Center/center_193.tif
train	Center	5	center_195.tif	Center/center_195.tif	AID_50/train/Center/center_195.tif
train	Center	5	center_197.tif	Center/center_197.tif	AID_50/train/Center/center_197.tif
train	Center	5	center_200.tif	Center/center_200.tif	AID_50/train/Center/center_200.tif
train	Center	5	center_201.tif	Center/center_201.tif	AID_50/train/Center/center_201.tif
train	Center	5	center_202.tif	Center/center_202.tif	AID_50/train/Center/center_202.tif
train	Center	5	center_203.tif	Center/center_203.tif	AID_50/train/Center/center_203.tif
train	Center	5	center_206.tif	Center/center_206.tif	AID_50/train/Center/center_206.tif
train	Center	5	center_21.tif	Center/center_21.tif	AID_50/train/Center/center_21.tif
train	Center	5	center_213.tif	Center/center_213.tif	AID_50/train/Center/center_213.tif
train	Center	5	center_215.tif	Center/center_215.tif	AID_50/train/Center/center_215.tif
train	Center	5	center_218.tif	Center/center_218.tif	AID_50/train/Center/center_218.tif
train	Center	5	center_219.tif	Center/center_219.tif	AID_50/train/Center/center_219.tif
train	Center	5	center_22.tif	Center/center_22.tif	AID_50/train/Center/center_22.tif
train	Center	5	center_221.tif	Center/center_221.tif	AID_50/train/Center/center_221.tif
train	Center	5	center_223.tif	Center/center_223.tif	AID_50/train/Center/center_223.tif
train	Center	5	center_224.tif	Center/center_224.tif	AID_50/train/Center/center_224.tif
train	Center	5	center_227.tif	Center/center_227.tif	AID_50/train/Center/center_227.tif
train	Center	5	center_228.tif	Center/center_228.tif	AID_50/train/Center/center_228.tif
train	Center	5	center_229.tif	Center/center_229.tif	AID_50/train/Center/center_229.tif
train	Center	5	center_231.tif	Center/center_231.tif	AID_50/train/Center/center_231.tif
train	Center	5	center_232.tif	Center/center_232.tif	AID_50/train/Center/center_232.tif
train	Center	5	center_233.tif	Center/center_233.tif	AID_50/train/Center/center_233.tif
train	Center	5	center_234.tif	Center/center_234.tif	AID_50/train/Center/center_234.tif
train	Center	5	center_235.tif	Center/center_235.tif	AID_50/train/Center/center_235.tif
train	Center	5	center_237.tif	Center/center_237.tif	AID_50/train/Center/center_237.tif
train	Center	5	center_238.tif	Center/center_238.tif	AID_50/train/Center/center_238.tif
train	Center	5	center_242.tif	Center/center_242.tif	AID_50/train/Center/center_242.tif
train	Center	5	center_244.tif	Center/center_244.tif	AID_50/train/Center/center_244.tif
train	Center	5	center_246.tif	Center/center_246.tif	AID_50/train/Center/center_246.tif
train	Center	5	center_247.tif	Center/center_247.tif	AID_50/train/Center/center_247.tif
train	Center	5	center_248.tif	Center/center_248.tif	AID_50/train/Center/center_248.tif
train	Center	5	center_249.tif	Center/center_249.tif	AID_50/train/Center/center_249.tif
train	Center	5	center_25.tif	Center/center_25.tif	AID_50/train/Center/center_25.tif
train	Center	5	center_253.tif	Center/center_253.tif	AID_50/train/Center/center_253.tif
train	Center	5	center_255.tif	Center/center_255.tif	AID_50/train/Center/center_255.tif
train	Center	5	center_256.tif	Center/center_256.tif	AID_50/train/Center/center_256.tif
train	Center	5	center_257.tif	Center/center_257.tif	AID_50/train/Center/center_257.tif
train	Center	5	center_258.tif	Center/center_258.tif	AID_50/train/Center/center_258.tif
train	Center	5	center_259.tif	Center/center_259.tif	AID_50/train/Center/center_259.tif
train	Center	5	center_26.tif	Center/center_26.tif	AID_50/train/Center/center_26.tif
train	Center	5	center_260.tif	Center/center_260.tif	AID_50/train/Center/center_260.tif
train	Center	5	center_3.tif	Center/center_3.tif	AID_50/train/Center/center_3.tif
train	Center	5	center_31.tif	Center/center_31.tif	AID_50/train/Center/center_31.tif
train	Center	5	center_33.tif	Center/center_33.tif	AID_50/train/Center/center_33.tif
train	Center	5	center_34.tif	Center/center_34.tif	AID_50/train/Center/center_34.tif
train	Center	5	center_35.tif	Center/center_35.tif	AID_50/train/Center/center_35.tif
train	Center	5	center_40.tif	Center/center_40.tif	AID_50/train/Center/center_40.tif
train	Center	5	center_44.tif	Center/center_44.tif	AID_50/train/Center/center_44.tif
train	Center	5	center_45.tif	Center/center_45.tif	AID_50/train/Center/center_45.tif
train	Center	5	center_47.tif	Center/center_47.tif	AID_50/train/Center/center_47.tif
train	Center	5	center_48.tif	Center/center_48.tif	AID_50/train/Center/center_48.tif
train	Center	5	center_51.tif	Center/center_51.tif	AID_50/train/Center/center_51.tif
train	Center	5	center_54.tif	Center/center_54.tif	AID_50/train/Center/center_54.tif
train	Center	5	center_55.tif	Center/center_55.tif	AID_50/train/Center/center_55.tif
train	Center	5	center_56.tif	Center/center_56.tif	AID_50/train/Center/center_56.tif
train	Center	5	center_58.tif	Center/center_58.tif	AID_50/train/Center/center_58.tif
train	Center	5	center_59.tif	Center/center_59.tif	AID_50/train/Center/center_59.tif
train	Center	5	center_6.tif	Center/center_6.tif	AID_50/train/Center/center_6.tif
train	Center	5	center_61.tif	Center/center_61.tif	AID_50/train/Center/center_61.tif
train	Center	5	center_65.tif	Center/center_65.tif	AID_50/train/Center/center_65.tif
train	Center	5	center_66.tif	Center/center_66.tif	AID_50/train/Center/center_66.tif
train	Center	5	center_68.tif	Center/center_68.tif	AID_50/train/Center/center_68.tif
train	Center	5	center_69.tif	Center/center_69.tif	AID_50/train/Center/center_69.tif
train	Center	5	center_72.tif	Center/center_72.tif	AID_50/train/Center/center_72.tif
train	Center	5	center_73.tif	Center/center_73.tif	AID_50/train/Center/center_73.tif
train	Center	5	center_78.tif	Center/center_78.tif	AID_50/train/Center/center_78.tif
train	Center	5	center_8.tif	Center/center_8.tif	AID_50/train/Center/center_8.tif
train	Center	5	center_85.tif	Center/center_85.tif	AID_50/train/Center/center_85.tif
train	Center	5	center_86.tif	Center/center_86.tif	AID_50/train/Center/center_86.tif
train	Center	5	center_89.tif	Center/center_89.tif	AID_50/train/Center/center_89.tif
train	Center	5	center_91.tif	Center/center_91.tif	AID_50/train/Center/center_91.tif
train	Center	5	center_93.tif	Center/center_93.tif	AID_50/train/Center/center_93.tif
train	Center	5	center_95.tif	Center/center_95.tif	AID_50/train/Center/center_95.tif
train	Center	5	center_96.tif	Center/center_96.tif	AID_50/train/Center/center_96.tif
train	Church	6	church_10.tif	Church/church_10.tif	AID_50/train/Church/church_10.tif
train	Church	6	church_101.tif	Church/church_101.tif	AID_50/train/Church/church_101.tif
train	Church	6	church_103.tif	Church/church_103.tif	AID_50/train/Church/church_103.tif
train	Church	6	church_104.tif	Church/church_104.tif	AID_50/train/Church/church_104.tif
train	Church	6	church_105.tif	Church/church_105.tif	AID_50/train/Church/church_105.tif
train	Church	6	church_106.tif	Church/church_106.tif	AID_50/train/Church/church_106.tif
train	Church	6	church_107.tif	Church/church_107.tif	AID_50/train/Church/church_107.tif
train	Church	6	church_11.tif	Church/church_11.tif	AID_50/train/Church/church_11.tif
train	Church	6	church_113.tif	Church/church_113.tif	AID_50/train/Church/church_113.tif
train	Church	6	church_114.tif	Church/church_114.tif	AID_50/train/Church/church_114.tif
train	Church	6	church_115.tif	Church/church_115.tif	AID_50/train/Church/church_115.tif
train	Church	6	church_117.tif	Church/church_117.tif	AID_50/train/Church/church_117.tif
train	Church	6	church_121.tif	Church/church_121.tif	AID_50/train/Church/church_121.tif
train	Church	6	church_122.tif	Church/church_122.tif	AID_50/train/Church/church_122.tif
train	Church	6	church_124.tif	Church/church_124.tif	AID_50/train/Church/church_124.tif
train	Church	6	church_127.tif	Church/church_127.tif	AID_50/train/Church/church_127.tif
train	Church	6	church_128.tif	Church/church_128.tif	AID_50/train/Church/church_128.tif
train	Church	6	church_129.tif	Church/church_129.tif	AID_50/train/Church/church_129.tif
train	Church	6	church_130.tif	Church/church_130.tif	AID_50/train/Church/church_130.tif
train	Church	6	church_131.tif	Church/church_131.tif	AID_50/train/Church/church_131.tif
train	Church	6	church_133.tif	Church/church_133.tif	AID_50/train/Church/church_133.tif
train	Church	6	church_136.tif	Church/church_136.tif	AID_50/train/Church/church_136.tif
train	Church	6	church_139.tif	Church/church_139.tif	AID_50/train/Church/church_139.tif
train	Church	6	church_143.tif	Church/church_143.tif	AID_50/train/Church/church_143.tif
train	Church	6	church_144.tif	Church/church_144.tif	AID_50/train/Church/church_144.tif
train	Church	6	church_145.tif	Church/church_145.tif	AID_50/train/Church/church_145.tif
train	Church	6	church_148.tif	Church/church_148.tif	AID_50/train/Church/church_148.tif
train	Church	6	church_151.tif	Church/church_151.tif	AID_50/train/Church/church_151.tif
train	Church	6	church_154.tif	Church/church_154.tif	AID_50/train/Church/church_154.tif
train	Church	6	church_157.tif	Church/church_157.tif	AID_50/train/Church/church_157.tif
train	Church	6	church_162.tif	Church/church_162.tif	AID_50/train/Church/church_162.tif
train	Church	6	church_165.tif	Church/church_165.tif	AID_50/train/Church/church_165.tif
train	Church	6	church_168.tif	Church/church_168.tif	AID_50/train/Church/church_168.tif
train	Church	6	church_17.tif	Church/church_17.tif	AID_50/train/Church/church_17.tif
train	Church	6	church_170.tif	Church/church_170.tif	AID_50/train/Church/church_170.tif
train	Church	6	church_171.tif	Church/church_171.tif	AID_50/train/Church/church_171.tif
train	Church	6	church_172.tif	Church/church_172.tif	AID_50/train/Church/church_172.tif
train	Church	6	church_173.tif	Church/church_173.tif	AID_50/train/Church/church_173.tif
train	Church	6	church_175.tif	Church/church_175.tif	AID_50/train/Church/church_175.tif
train	Church	6	church_176.tif	Church/church_176.tif	AID_50/train/Church/church_176.tif
train	Church	6	church_177.tif	Church/church_177.tif	AID_50/train/Church/church_177.tif
train	Church	6	church_178.tif	Church/church_178.tif	AID_50/train/Church/church_178.tif
train	Church	6	church_18.tif	Church/church_18.tif	AID_50/train/Church/church_18.tif
train	Church	6	church_180.tif	Church/church_180.tif	AID_50/train/Church/church_180.tif
train	Church	6	church_182.tif	Church/church_182.tif	AID_50/train/Church/church_182.tif
train	Church	6	church_183.tif	Church/church_183.tif	AID_50/train/Church/church_183.tif
train	Church	6	church_185.tif	Church/church_185.tif	AID_50/train/Church/church_185.tif
train	Church	6	church_186.tif	Church/church_186.tif	AID_50/train/Church/church_186.tif
train	Church	6	church_19.tif	Church/church_19.tif	AID_50/train/Church/church_19.tif
train	Church	6	church_192.tif	Church/church_192.tif	AID_50/train/Church/church_192.tif
train	Church	6	church_194.tif	Church/church_194.tif	AID_50/train/Church/church_194.tif
train	Church	6	church_195.tif	Church/church_195.tif	AID_50/train/Church/church_195.tif
train	Church	6	church_196.tif	Church/church_196.tif	AID_50/train/Church/church_196.tif
train	Church	6	church_197.tif	Church/church_197.tif	AID_50/train/Church/church_197.tif
train	Church	6	church_198.tif	Church/church_198.tif	AID_50/train/Church/church_198.tif
train	Church	6	church_202.tif	Church/church_202.tif	AID_50/train/Church/church_202.tif
train	Church	6	church_205.tif	Church/church_205.tif	AID_50/train/Church/church_205.tif
train	Church	6	church_206.tif	Church/church_206.tif	AID_50/train/Church/church_206.tif
train	Church	6	church_207.tif	Church/church_207.tif	AID_50/train/Church/church_207.tif
train	Church	6	church_208.tif	Church/church_208.tif	AID_50/train/Church/church_208.tif
train	Church	6	church_21.tif	Church/church_21.tif	AID_50/train/Church/church_21.tif
train	Church	6	church_210.tif	Church/church_210.tif	AID_50/train/Church/church_210.tif
train	Church	6	church_211.tif	Church/church_211.tif	AID_50/train/Church/church_211.tif
train	Church	6	church_213.tif	Church/church_213.tif	AID_50/train/Church/church_213.tif
train	Church	6	church_215.tif	Church/church_215.tif	AID_50/train/Church/church_215.tif
train	Church	6	church_218.tif	Church/church_218.tif	AID_50/train/Church/church_218.tif
train	Church	6	church_219.tif	Church/church_219.tif	AID_50/train/Church/church_219.tif
train	Church	6	church_220.tif	Church/church_220.tif	AID_50/train/Church/church_220.tif
train	Church	6	church_223.tif	Church/church_223.tif	AID_50/train/Church/church_223.tif
train	Church	6	church_224.tif	Church/church_224.tif	AID_50/train/Church/church_224.tif
train	Church	6	church_227.tif	Church/church_227.tif	AID_50/train/Church/church_227.tif
train	Church	6	church_23.tif	Church/church_23.tif	AID_50/train/Church/church_23.tif
train	Church	6	church_231.tif	Church/church_231.tif	AID_50/train/Church/church_231.tif
train	Church	6	church_232.tif	Church/church_232.tif	AID_50/train/Church/church_232.tif
train	Church	6	church_233.tif	Church/church_233.tif	AID_50/train/Church/church_233.tif
train	Church	6	church_234.tif	Church/church_234.tif	AID_50/train/Church/church_234.tif
train	Church	6	church_236.tif	Church/church_236.tif	AID_50/train/Church/church_236.tif
train	Church	6	church_237.tif	Church/church_237.tif	AID_50/train/Church/church_237.tif
train	Church	6	church_240.tif	Church/church_240.tif	AID_50/train/Church/church_240.tif
train	Church	6	church_26.tif	Church/church_26.tif	AID_50/train/Church/church_26.tif
train	Church	6	church_27.tif	Church/church_27.tif	AID_50/train/Church/church_27.tif
train	Church	6	church_29.tif	Church/church_29.tif	AID_50/train/Church/church_29.tif
train	Church	6	church_31.tif	Church/church_31.tif	AID_50/train/Church/church_31.tif
train	Church	6	church_36.tif	Church/church_36.tif	AID_50/train/Church/church_36.tif
train	Church	6	church_38.tif	Church/church_38.tif	AID_50/train/Church/church_38.tif
train	Church	6	church_39.tif	Church/church_39.tif	AID_50/train/Church/church_39.tif
train	Church	6	church_4.tif	Church/church_4.tif	AID_50/train/Church/church_4.tif
train	Church	6	church_41.tif	Church/church_41.tif	AID_50/train/Church/church_41.tif
train	Church	6	church_44.tif	Church/church_44.tif	AID_50/train/Church/church_44.tif
train	Church	6	church_48.tif	Church/church_48.tif	AID_50/train/Church/church_48.tif
train	Church	6	church_5.tif	Church/church_5.tif	AID_50/train/Church/church_5.tif
train	Church	6	church_50.tif	Church/church_50.tif	AID_50/train/Church/church_50.tif
train	Church	6	church_52.tif	Church/church_52.tif	AID_50/train/Church/church_52.tif
train	Church	6	church_54.tif	Church/church_54.tif	AID_50/train/Church/church_54.tif
train	Church	6	church_55.tif	Church/church_55.tif	AID_50/train/Church/church_55.tif
train	Church	6	church_60.tif	Church/church_60.tif	AID_50/train/Church/church_60.tif
train	Church	6	church_61.tif	Church/church_61.tif	AID_50/train/Church/church_61.tif
train	Church	6	church_63.tif	Church/church_63.tif	AID_50/train/Church/church_63.tif
train	Church	6	church_67.tif	Church/church_67.tif	AID_50/train/Church/church_67.tif
train	Church	6	church_68.tif	Church/church_68.tif	AID_50/train/Church/church_68.tif
train	Church	6	church_7.tif	Church/church_7.tif	AID_50/train/Church/church_7.tif
train	Church	6	church_71.tif	Church/church_71.tif	AID_50/train/Church/church_71.tif
train	Church	6	church_72.tif	Church/church_72.tif	AID_50/train/Church/church_72.tif
train	Church	6	church_73.tif	Church/church_73.tif	AID_50/train/Church/church_73.tif
train	Church	6	church_75.tif	Church/church_75.tif	AID_50/train/Church/church_75.tif
train	Church	6	church_78.tif	Church/church_78.tif	AID_50/train/Church/church_78.tif
train	Church	6	church_79.tif	Church/church_79.tif	AID_50/train/Church/church_79.tif
train	Church	6	church_8.tif	Church/church_8.tif	AID_50/train/Church/church_8.tif
train	Church	6	church_80.tif	Church/church_80.tif	AID_50/train/Church/church_80.tif
train	Church	6	church_81.tif	Church/church_81.tif	AID_50/train/Church/church_81.tif
train	Church	6	church_82.tif	Church/church_82.tif	AID_50/train/Church/church_82.tif
train	Church	6	church_85.tif	Church/church_85.tif	AID_50/train/Church/church_85.tif
train	Church	6	church_86.tif	Church/church_86.tif	AID_50/train/Church/church_86.tif
train	Church	6	church_87.tif	Church/church_87.tif	AID_50/train/Church/church_87.tif
train	Church	6	church_90.tif	Church/church_90.tif	AID_50/train/Church/church_90.tif
train	Church	6	church_94.tif	Church/church_94.tif	AID_50/train/Church/church_94.tif
train	Church	6	church_95.tif	Church/church_95.tif	AID_50/train/Church/church_95.tif
train	Church	6	church_96.tif	Church/church_96.tif	AID_50/train/Church/church_96.tif
train	Church	6	church_97.tif	Church/church_97.tif	AID_50/train/Church/church_97.tif
train	Church	6	church_98.tif	Church/church_98.tif	AID_50/train/Church/church_98.tif
train	Commercial	7	commercial_1.tif	Commercial/commercial_1.tif	AID_50/train/Commercial/commercial_1.tif
train	Commercial	7	commercial_102.tif	Commercial/commercial_102.tif	AID_50/train/Commercial/commercial_102.tif
train	Commercial	7	commercial_103.tif	Commercial/commercial_103.tif	AID_50/train/Commercial/commercial_103.tif
train	Commercial	7	commercial_105.tif	Commercial/commercial_105.tif	AID_50/train/Commercial/commercial_105.tif
train	Commercial	7	commercial_107.tif	Commercial/commercial_107.tif	AID_50/train/Commercial/commercial_107.tif
train	Commercial	7	commercial_108.tif	Commercial/commercial_108.tif	AID_50/train/Commercial/commercial_108.tif
train	Commercial	7	commercial_109.tif	Commercial/commercial_109.tif	AID_50/train/Commercial/commercial_109.tif
train	Commercial	7	commercial_11.tif	Commercial/commercial_11.tif	AID_50/train/Commercial/commercial_11.tif
train	Commercial	7	commercial_113.tif	Commercial/commercial_113.tif	AID_50/train/Commercial/commercial_113.tif
train	Commercial	7	commercial_114.tif	Commercial/commercial_114.tif	AID_50/train/Commercial/commercial_114.tif
train	Commercial	7	commercial_115.tif	Commercial/commercial_115.tif	AID_50/train/Commercial/commercial_115.tif
train	Commercial	7	commercial_117.tif	Commercial/commercial_117.tif	AID_50/train/Commercial/commercial_117.tif
train	Commercial	7	commercial_118.tif	Commercial/commercial_118.tif	AID_50/train/Commercial/commercial_118.tif
train	Commercial	7	commercial_119.tif	Commercial/commercial_119.tif	AID_50/train/Commercial/commercial_119.tif
train	Commercial	7	commercial_120.tif	Commercial/commercial_120.tif	AID_50/train/Commercial/commercial_120.tif
train	Commercial	7	commercial_121.tif	Commercial/commercial_121.tif	AID_50/train/Commercial/commercial_121.tif
train	Commercial	7	commercial_125.tif	Commercial/commercial_125.tif	AID_50/train/Commercial/commercial_125.tif
train	Commercial	7	commercial_127.tif	Commercial/commercial_127.tif	AID_50/train/Commercial/commercial_127.tif
train	Commercial	7	commercial_129.tif	Commercial/commercial_129.tif	AID_50/train/Commercial/commercial_129.tif
train	Commercial	7	commercial_131.tif	Commercial/commercial_131.tif	AID_50/train/Commercial/commercial_131.tif
train	Commercial	7	commercial_133.tif	Commercial/commercial_133.tif	AID_50/train/Commercial/commercial_133.tif
train	Commercial	7	commercial_138.tif	Commercial/commercial_138.tif	AID_50/train/Commercial/commercial_138.tif
train	Commercial	7	commercial_14.tif	Commercial/commercial_14.tif	AID_50/train/Commercial/commercial_14.tif
train	Commercial	7	commercial_142.tif	Commercial/commercial_142.tif	AID_50/train/Commercial/commercial_142.tif
train	Commercial	7	commercial_144.tif	Commercial/commercial_144.tif	AID_50/train/Commercial/commercial_144.tif
train	Commercial	7	commercial_145.tif	Commercial/commercial_145.tif	AID_50/train/Commercial/commercial_145.tif
train	Commercial	7	commercial_146.tif	Commercial/commercial_146.tif	AID_50/train/Commercial/commercial_146.tif
train	Commercial	7	commercial_147.tif	Commercial/commercial_147.tif	AID_50/train/Commercial/commercial_147.tif
train	Commercial	7	commercial_149.tif	Commercial/commercial_149.tif	AID_50/train/Commercial/commercial_149.tif
train	Commercial	7	commercial_152.tif	Commercial/commercial_152.tif	AID_50/train/Commercial/commercial_152.tif
train	Commercial	7	commercial_154.tif	Commercial/commercial_154.tif	AID_50/train/Commercial/commercial_154.tif
train	Commercial	7	commercial_155.tif	Commercial/commercial_155.tif	AID_50/train/Commercial/commercial_155.tif
train	Commercial	7	commercial_156.tif	Commercial/commercial_156.tif	AID_50/train/Commercial/commercial_156.tif
train	Commercial	7	commercial_157.tif	Commercial/commercial_157.tif	AID_50/train/Commercial/commercial_157.tif
train	Commercial	7	commercial_16.tif	Commercial/commercial_16.tif	AID_50/train/Commercial/commercial_16.tif
train	Commercial	7	commercial_169.tif	Commercial/commercial_169.tif	AID_50/train/Commercial/commercial_169.tif
train	Commercial	7	commercial_170.tif	Commercial/commercial_170.tif	AID_50/train/Commercial/commercial_170.tif
train	Commercial	7	commercial_172.tif	Commercial/commercial_172.tif	AID_50/train/Commercial/commercial_172.tif
train	Commercial	7	commercial_173.tif	Commercial/commercial_173.tif	AID_50/train/Commercial/commercial_173.tif
train	Commercial	7	commercial_174.tif	Commercial/commercial_174.tif	AID_50/train/Commercial/commercial_174.tif
train	Commercial	7	commercial_175.tif	Commercial/commercial_175.tif	AID_50/train/Commercial/commercial_175.tif
train	Commercial	7	commercial_176.tif	Commercial/commercial_176.tif	AID_50/train/Commercial/commercial_176.tif
train	Commercial	7	commercial_178.tif	Commercial/commercial_178.tif	AID_50/train/Commercial/commercial_178.tif
train	Commercial	7	commercial_179.tif	Commercial/commercial_179.tif	AID_50/train/Commercial/commercial_179.tif
train	Commercial	7	commercial_18.tif	Commercial/commercial_18.tif	AID_50/train/Commercial/commercial_18.tif
train	Commercial	7	commercial_180.tif	Commercial/commercial_180.tif	AID_50/train/Commercial/commercial_180.tif
train	Commercial	7	commercial_181.tif	Commercial/commercial_181.tif	AID_50/train/Commercial/commercial_181.tif
train	Commercial	7	commercial_182.tif	Commercial/commercial_182.tif	AID_50/train/Commercial/commercial_182.tif
train	Commercial	7	commercial_184.tif	Commercial/commercial_184.tif	AID_50/train/Commercial/commercial_184.tif
train	Commercial	7	commercial_188.tif	Commercial/commercial_188.tif	AID_50/train/Commercial/commercial_188.tif
train	Commercial	7	commercial_189.tif	Commercial/commercial_189.tif	AID_50/train/Commercial/commercial_189.tif
train	Commercial	7	commercial_195.tif	Commercial/commercial_195.tif	AID_50/train/Commercial/commercial_195.tif
train	Commercial	7	commercial_198.tif	Commercial/commercial_198.tif	AID_50/train/Commercial/commercial_198.tif
train	Commercial	7	commercial_199.tif	Commercial/commercial_199.tif	AID_50/train/Commercial/commercial_199.tif
train	Commercial	7	commercial_2.tif	Commercial/commercial_2.tif	AID_50/train/Commercial/commercial_2.tif
train	Commercial	7	commercial_202.tif	Commercial/commercial_202.tif	AID_50/train/Commercial/commercial_202.tif
train	Commercial	7	commercial_205.tif	Commercial/commercial_205.tif	AID_50/train/Commercial/commercial_205.tif
train	Commercial	7	commercial_208.tif	Commercial/commercial_208.tif	AID_50/train/Commercial/commercial_208.tif
train	Commercial	7	commercial_21.tif	Commercial/commercial_21.tif	AID_50/train/Commercial/commercial_21.tif
train	Commercial	7	commercial_212.tif	Commercial/commercial_212.tif	AID_50/train/Commercial/commercial_212.tif
train	Commercial	7	commercial_213.tif	Commercial/commercial_213.tif	AID_50/train/Commercial/commercial_213.tif
train	Commercial	7	commercial_215.tif	Commercial/commercial_215.tif	AID_50/train/Commercial/commercial_215.tif
train	Commercial	7	commercial_216.tif	Commercial/commercial_216.tif	AID_50/train/Commercial/commercial_216.tif
train	Commercial	7	commercial_217.tif	Commercial/commercial_217.tif	AID_50/train/Commercial/commercial_217.tif
train	Commercial	7	commercial_218.tif	Commercial/commercial_218.tif	AID_50/train/Commercial/commercial_218.tif
train	Commercial	7	commercial_22.tif	Commercial/commercial_22.tif	AID_50/train/Commercial/commercial_22.tif
train	Commercial	7	commercial_221.tif	Commercial/commercial_221.tif	AID_50/train/Commercial/commercial_221.tif
train	Commercial	7	commercial_222.tif	Commercial/commercial_222.tif	AID_50/train/Commercial/commercial_222.tif
train	Commercial	7	commercial_223.tif	Commercial/commercial_223.tif	AID_50/train/Commercial/commercial_223.tif
train	Commercial	7	commercial_224.tif	Commercial/commercial_224.tif	AID_50/train/Commercial/commercial_224.tif
train	Commercial	7	commercial_225.tif	Commercial/commercial_225.tif	AID_50/train/Commercial/commercial_225.tif
train	Commercial	7	commercial_229.tif	Commercial/commercial_229.tif	AID_50/train/Commercial/commercial_229.tif
train	Commercial	7	commercial_23.tif	Commercial/commercial_23.tif	AID_50/train/Commercial/commercial_23.tif
train	Commercial	7	commercial_231.tif	Commercial/commercial_231.tif	AID_50/train/Commercial/commercial_231.tif
train	Commercial	7	commercial_232.tif	Commercial/commercial_232.tif	AID_50/train/Commercial/commercial_232.tif
train	Commercial	7	commercial_233.tif	Commercial/commercial_233.tif	AID_50/train/Commercial/commercial_233.tif
train	Commercial	7	commercial_235.tif	Commercial/commercial_235.tif	AID_50/train/Commercial/commercial_235.tif
train	Commercial	7	commercial_236.tif	Commercial/commercial_236.tif	AID_50/train/Commercial/commercial_236.tif
train	Commercial	7	commercial_237.tif	Commercial/commercial_237.tif	AID_50/train/Commercial/commercial_237.tif
train	Commercial	7	commercial_239.tif	Commercial/commercial_239.tif	AID_50/train/Commercial/commercial_239.tif
train	Commercial	7	commercial_24.tif	Commercial/commercial_24.tif	AID_50/train/Commercial/commercial_24.tif
train	Commercial	7	commercial_240.tif	Commercial/commercial_240.tif	AID_50/train/Commercial/commercial_240.tif
train	Commercial	7	commercial_242.tif	Commercial/commercial_242.tif	AID_50/train/Commercial/commercial_242.tif
train	Commercial	7	commercial_243.tif	Commercial/commercial_243.tif	AID_50/train/Commercial/commercial_243.tif
train	Commercial	7	commercial_244.tif	Commercial/commercial_244.tif	AID_50/train/Commercial/commercial_244.tif
train	Commercial	7	commercial_245.tif	Commercial/commercial_245.tif	AID_50/train/Commercial/commercial_245.tif
train	Commercial	7	commercial_249.tif	Commercial/commercial_249.tif	AID_50/train/Commercial/commercial_249.tif
train	Commercial	7	commercial_250.tif	Commercial/commercial_250.tif	AID_50/train/Commercial/commercial_250.tif
train	Commercial	7	commercial_251.tif	Commercial/commercial_251.tif	AID_50/train/Commercial/commercial_251.tif
train	Commercial	7	commercial_253.tif	Commercial/commercial_253.tif	AID_50/train/Commercial/commercial_253.tif
train	Commercial	7	commercial_254.tif	Commercial/commercial_254.tif	AID_50/train/Commercial/commercial_254.tif
train	Commercial	7	commercial_255.tif	Commercial/commercial_255.tif	AID_50/train/Commercial/commercial_255.tif
train	Commercial	7	commercial_257.tif	Commercial/commercial_257.tif	AID_50/train/Commercial/commercial_257.tif
train	Commercial	7	commercial_258.tif	Commercial/commercial_258.tif	AID_50/train/Commercial/commercial_258.tif
train	Commercial	7	commercial_260.tif	Commercial/commercial_260.tif	AID_50/train/Commercial/commercial_260.tif
train	Commercial	7	commercial_264.tif	Commercial/commercial_264.tif	AID_50/train/Commercial/commercial_264.tif
train	Commercial	7	commercial_267.tif	Commercial/commercial_267.tif	AID_50/train/Commercial/commercial_267.tif
train	Commercial	7	commercial_269.tif	Commercial/commercial_269.tif	AID_50/train/Commercial/commercial_269.tif
train	Commercial	7	commercial_27.tif	Commercial/commercial_27.tif	AID_50/train/Commercial/commercial_27.tif
train	Commercial	7	commercial_274.tif	Commercial/commercial_274.tif	AID_50/train/Commercial/commercial_274.tif
train	Commercial	7	commercial_275.tif	Commercial/commercial_275.tif	AID_50/train/Commercial/commercial_275.tif
train	Commercial	7	commercial_278.tif	Commercial/commercial_278.tif	AID_50/train/Commercial/commercial_278.tif
train	Commercial	7	commercial_280.tif	Commercial/commercial_280.tif	AID_50/train/Commercial/commercial_280.tif
train	Commercial	7	commercial_281.tif	Commercial/commercial_281.tif	AID_50/train/Commercial/commercial_281.tif
train	Commercial	7	commercial_282.tif	Commercial/commercial_282.tif	AID_50/train/Commercial/commercial_282.tif
train	Commercial	7	commercial_284.tif	Commercial/commercial_284.tif	AID_50/train/Commercial/commercial_284.tif
train	Commercial	7	commercial_285.tif	Commercial/commercial_285.tif	AID_50/train/Commercial/commercial_285.tif
train	Commercial	7	commercial_286.tif	Commercial/commercial_286.tif	AID_50/train/Commercial/commercial_286.tif
train	Commercial	7	commercial_287.tif	Commercial/commercial_287.tif	AID_50/train/Commercial/commercial_287.tif
train	Commercial	7	commercial_289.tif	Commercial/commercial_289.tif	AID_50/train/Commercial/commercial_289.tif
train	Commercial	7	commercial_294.tif	Commercial/commercial_294.tif	AID_50/train/Commercial/commercial_294.tif
train	Commercial	7	commercial_297.tif	Commercial/commercial_297.tif	AID_50/train/Commercial/commercial_297.tif
train	Commercial	7	commercial_298.tif	Commercial/commercial_298.tif	AID_50/train/Commercial/commercial_298.tif
train	Commercial	7	commercial_299.tif	Commercial/commercial_299.tif	AID_50/train/Commercial/commercial_299.tif
train	Commercial	7	commercial_3.tif	Commercial/commercial_3.tif	AID_50/train/Commercial/commercial_3.tif
train	Commercial	7	commercial_300.tif	Commercial/commercial_300.tif	AID_50/train/Commercial/commercial_300.tif
train	Commercial	7	commercial_302.tif	Commercial/commercial_302.tif	AID_50/train/Commercial/commercial_302.tif
train	Commercial	7	commercial_303.tif	Commercial/commercial_303.tif	AID_50/train/Commercial/commercial_303.tif
train	Commercial	7	commercial_305.tif	Commercial/commercial_305.tif	AID_50/train/Commercial/commercial_305.tif
train	Commercial	7	commercial_306.tif	Commercial/commercial_306.tif	AID_50/train/Commercial/commercial_306.tif
train	Commercial	7	commercial_308.tif	Commercial/commercial_308.tif	AID_50/train/Commercial/commercial_308.tif
train	Commercial	7	commercial_31.tif	Commercial/commercial_31.tif	AID_50/train/Commercial/commercial_31.tif
train	Commercial	7	commercial_311.tif	Commercial/commercial_311.tif	AID_50/train/Commercial/commercial_311.tif
train	Commercial	7	commercial_312.tif	Commercial/commercial_312.tif	AID_50/train/Commercial/commercial_312.tif
train	Commercial	7	commercial_313.tif	Commercial/commercial_313.tif	AID_50/train/Commercial/commercial_313.tif
train	Commercial	7	commercial_314.tif	Commercial/commercial_314.tif	AID_50/train/Commercial/commercial_314.tif
train	Commercial	7	commercial_318.tif	Commercial/commercial_318.tif	AID_50/train/Commercial/commercial_318.tif
train	Commercial	7	commercial_32.tif	Commercial/commercial_32.tif	AID_50/train/Commercial/commercial_32.tif
train	Commercial	7	commercial_321.tif	Commercial/commercial_321.tif	AID_50/train/Commercial/commercial_321.tif
train	Commercial	7	commercial_322.tif	Commercial/commercial_322.tif	AID_50/train/Commercial/commercial_322.tif
train	Commercial	7	commercial_323.tif	Commercial/commercial_323.tif	AID_50/train/Commercial/commercial_323.tif
train	Commercial	7	commercial_324.tif	Commercial/commercial_324.tif	AID_50/train/Commercial/commercial_324.tif
train	Commercial	7	commercial_325.tif	Commercial/commercial_325.tif	AID_50/train/Commercial/commercial_325.tif
train	Commercial	7	commercial_33.tif	Commercial/commercial_33.tif	AID_50/train/Commercial/commercial_33.tif
train	Commercial	7	commercial_332.tif	Commercial/commercial_332.tif	AID_50/train/Commercial/commercial_332.tif
train	Commercial	7	commercial_334.tif	Commercial/commercial_334.tif	AID_50/train/Commercial/commercial_334.tif
train	Commercial	7	commercial_336.tif	Commercial/commercial_336.tif	AID_50/train/Commercial/commercial_336.tif
train	Commercial	7	commercial_337.tif	Commercial/commercial_337.tif	AID_50/train/Commercial/commercial_337.tif
train	Commercial	7	commercial_338.tif	Commercial/commercial_338.tif	AID_50/train/Commercial/commercial_338.tif
train	Commercial	7	commercial_340.tif	Commercial/commercial_340.tif	AID_50/train/Commercial/commercial_340.tif
train	Commercial	7	commercial_349.tif	Commercial/commercial_349.tif	AID_50/train/Commercial/commercial_349.tif
train	Commercial	7	commercial_35.tif	Commercial/commercial_35.tif	AID_50/train/Commercial/commercial_35.tif
train	Commercial	7	commercial_36.tif	Commercial/commercial_36.tif	AID_50/train/Commercial/commercial_36.tif
train	Commercial	7	commercial_39.tif	Commercial/commercial_39.tif	AID_50/train/Commercial/commercial_39.tif
train	Commercial	7	commercial_4.tif	Commercial/commercial_4.tif	AID_50/train/Commercial/commercial_4.tif
train	Commercial	7	commercial_41.tif	Commercial/commercial_41.tif	AID_50/train/Commercial/commercial_41.tif
train	Commercial	7	commercial_42.tif	Commercial/commercial_42.tif	AID_50/train/Commercial/commercial_42.tif
train	Commercial	7	commercial_43.tif	Commercial/commercial_43.tif	AID_50/train/Commercial/commercial_43.tif
train	Commercial	7	commercial_46.tif	Commercial/commercial_46.tif	AID_50/train/Commercial/commercial_46.tif
train	Commercial	7	commercial_48.tif	Commercial/commercial_48.tif	AID_50/train/Commercial/commercial_48.tif
train	Commercial	7	commercial_50.tif	Commercial/commercial_50.tif	AID_50/train/Commercial/commercial_50.tif
train	Commercial	7	commercial_52.tif	Commercial/commercial_52.tif	AID_50/train/Commercial/commercial_52.tif
train	Commercial	7	commercial_53.tif	Commercial/commercial_53.tif	AID_50/train/Commercial/commercial_53.tif
train	Commercial	7	commercial_57.tif	Commercial/commercial_57.tif	AID_50/train/Commercial/commercial_57.tif
train	Commercial	7	commercial_59.tif	Commercial/commercial_59.tif	AID_50/train/Commercial/commercial_59.tif
train	Commercial	7	commercial_62.tif	Commercial/commercial_62.tif	AID_50/train/Commercial/commercial_62.tif
train	Commercial	7	commercial_63.tif	Commercial/commercial_63.tif	AID_50/train/Commercial/commercial_63.tif
train	Commercial	7	commercial_66.tif	Commercial/commercial_66.tif	AID_50/train/Commercial/commercial_66.tif
train	Commercial	7	commercial_67.tif	Commercial/commercial_67.tif	AID_50/train/Commercial/commercial_67.tif
train	Commercial	7	commercial_7.tif	Commercial/commercial_7.tif	AID_50/train/Commercial/commercial_7.tif
train	Commercial	7	commercial_70.tif	Commercial/commercial_70.tif	AID_50/train/Commercial/commercial_70.tif
train	Commercial	7	commercial_74.tif	Commercial/commercial_74.tif	AID_50/train/Commercial/commercial_74.tif
train	Commercial	7	commercial_77.tif	Commercial/commercial_77.tif	AID_50/train/Commercial/commercial_77.tif
train	Commercial	7	commercial_79.tif	Commercial/commercial_79.tif	AID_50/train/Commercial/commercial_79.tif
train	Commercial	7	commercial_8.tif	Commercial/commercial_8.tif	AID_50/train/Commercial/commercial_8.tif
train	Commercial	7	commercial_80.tif	Commercial/commercial_80.tif	AID_50/train/Commercial/commercial_80.tif
train	Commercial	7	commercial_81.tif	Commercial/commercial_81.tif	AID_50/train/Commercial/commercial_81.tif
train	Commercial	7	commercial_83.tif	Commercial/commercial_83.tif	AID_50/train/Commercial/commercial_83.tif
train	Commercial	7	commercial_85.tif	Commercial/commercial_85.tif	AID_50/train/Commercial/commercial_85.tif
train	Commercial	7	commercial_87.tif	Commercial/commercial_87.tif	AID_50/train/Commercial/commercial_87.tif
train	Commercial	7	commercial_88.tif	Commercial/commercial_88.tif	AID_50/train/Commercial/commercial_88.tif
train	Commercial	7	commercial_9.tif	Commercial/commercial_9.tif	AID_50/train/Commercial/commercial_9.tif
train	Commercial	7	commercial_90.tif	Commercial/commercial_90.tif	AID_50/train/Commercial/commercial_90.tif
train	Commercial	7	commercial_93.tif	Commercial/commercial_93.tif	AID_50/train/Commercial/commercial_93.tif
train	Commercial	7	commercial_97.tif	Commercial/commercial_97.tif	AID_50/train/Commercial/commercial_97.tif
train	DenseResidential	8	denseresidential_1.tif	DenseResidential/denseresidential_1.tif	AID_50/train/DenseResidential/denseresidential_1.tif
train	DenseResidential	8	denseresidential_100.tif	DenseResidential/denseresidential_100.tif	AID_50/train/DenseResidential/denseresidential_100.tif
train	DenseResidential	8	denseresidential_101.tif	DenseResidential/denseresidential_101.tif	AID_50/train/DenseResidential/denseresidential_101.tif
train	DenseResidential	8	denseresidential_102.tif	DenseResidential/denseresidential_102.tif	AID_50/train/DenseResidential/denseresidential_102.tif
train	DenseResidential	8	denseresidential_104.tif	DenseResidential/denseresidential_104.tif	AID_50/train/DenseResidential/denseresidential_104.tif
train	DenseResidential	8	denseresidential_107.tif	DenseResidential/denseresidential_107.tif	AID_50/train/DenseResidential/denseresidential_107.tif
train	DenseResidential	8	denseresidential_108.tif	DenseResidential/denseresidential_108.tif	AID_50/train/DenseResidential/denseresidential_108.tif
train	DenseResidential	8	denseresidential_11.tif	DenseResidential/denseresidential_11.tif	AID_50/train/DenseResidential/denseresidential_11.tif
train	DenseResidential	8	denseresidential_110.tif	DenseResidential/denseresidential_110.tif	AID_50/train/DenseResidential/denseresidential_110.tif
train	DenseResidential	8	denseresidential_111.tif	DenseResidential/denseresidential_111.tif	AID_50/train/DenseResidential/denseresidential_111.tif
train	DenseResidential	8	denseresidential_112.tif	DenseResidential/denseresidential_112.tif	AID_50/train/DenseResidential/denseresidential_112.tif
train	DenseResidential	8	denseresidential_114.tif	DenseResidential/denseresidential_114.tif	AID_50/train/DenseResidential/denseresidential_114.tif
train	DenseResidential	8	denseresidential_117.tif	DenseResidential/denseresidential_117.tif	AID_50/train/DenseResidential/denseresidential_117.tif
train	DenseResidential	8	denseresidential_118.tif	DenseResidential/denseresidential_118.tif	AID_50/train/DenseResidential/denseresidential_118.tif
train	DenseResidential	8	denseresidential_119.tif	DenseResidential/denseresidential_119.tif	AID_50/train/DenseResidential/denseresidential_119.tif
train	DenseResidential	8	denseresidential_12.tif	DenseResidential/denseresidential_12.tif	AID_50/train/DenseResidential/denseresidential_12.tif
train	DenseResidential	8	denseresidential_120.tif	DenseResidential/denseresidential_120.tif	AID_50/train/DenseResidential/denseresidential_120.tif
train	DenseResidential	8	denseresidential_124.tif	DenseResidential/denseresidential_124.tif	AID_50/train/DenseResidential/denseresidential_124.tif
train	DenseResidential	8	denseresidential_126.tif	DenseResidential/denseresidential_126.tif	AID_50/train/DenseResidential/denseresidential_126.tif
train	DenseResidential	8	denseresidential_128.tif	DenseResidential/denseresidential_128.tif	AID_50/train/DenseResidential/denseresidential_128.tif
train	DenseResidential	8	denseresidential_13.tif	DenseResidential/denseresidential_13.tif	AID_50/train/DenseResidential/denseresidential_13.tif
train	DenseResidential	8	denseresidential_131.tif	DenseResidential/denseresidential_131.tif	AID_50/train/DenseResidential/denseresidential_131.tif
train	DenseResidential	8	denseresidential_132.tif	DenseResidential/denseresidential_132.tif	AID_50/train/DenseResidential/denseresidential_132.tif
train	DenseResidential	8	denseresidential_133.tif	DenseResidential/denseresidential_133.tif	AID_50/train/DenseResidential/denseresidential_133.tif
train	DenseResidential	8	denseresidential_135.tif	DenseResidential/denseresidential_135.tif	AID_50/train/DenseResidential/denseresidential_135.tif
train	DenseResidential	8	denseresidential_140.tif	DenseResidential/denseresidential_140.tif	AID_50/train/DenseResidential/denseresidential_140.tif
train	DenseResidential	8	denseresidential_142.tif	DenseResidential/denseresidential_142.tif	AID_50/train/DenseResidential/denseresidential_142.tif
train	DenseResidential	8	denseresidential_145.tif	DenseResidential/denseresidential_145.tif	AID_50/train/DenseResidential/denseresidential_145.tif
train	DenseResidential	8	denseresidential_146.tif	DenseResidential/denseresidential_146.tif	AID_50/train/DenseResidential/denseresidential_146.tif
train	DenseResidential	8	denseresidential_15.tif	DenseResidential/denseresidential_15.tif	AID_50/train/DenseResidential/denseresidential_15.tif
train	DenseResidential	8	denseresidential_152.tif	DenseResidential/denseresidential_152.tif	AID_50/train/DenseResidential/denseresidential_152.tif
train	DenseResidential	8	denseresidential_153.tif	DenseResidential/denseresidential_153.tif	AID_50/train/DenseResidential/denseresidential_153.tif
train	DenseResidential	8	denseresidential_154.tif	DenseResidential/denseresidential_154.tif	AID_50/train/DenseResidential/denseresidential_154.tif
train	DenseResidential	8	denseresidential_155.tif	DenseResidential/denseresidential_155.tif	AID_50/train/DenseResidential/denseresidential_155.tif
train	DenseResidential	8	denseresidential_158.tif	DenseResidential/denseresidential_158.tif	AID_50/train/DenseResidential/denseresidential_158.tif
train	DenseResidential	8	denseresidential_159.tif	DenseResidential/denseresidential_159.tif	AID_50/train/DenseResidential/denseresidential_159.tif
train	DenseResidential	8	denseresidential_161.tif	DenseResidential/denseresidential_161.tif	AID_50/train/DenseResidential/denseresidential_161.tif
train	DenseResidential	8	denseresidential_162.tif	DenseResidential/denseresidential_162.tif	AID_50/train/DenseResidential/denseresidential_162.tif
train	DenseResidential	8	denseresidential_163.tif	DenseResidential/denseresidential_163.tif	AID_50/train/DenseResidential/denseresidential_163.tif
train	DenseResidential	8	denseresidential_165.tif	DenseResidential/denseresidential_165.tif	AID_50/train/DenseResidential/denseresidential_165.tif
train	DenseResidential	8	denseresidential_168.tif	DenseResidential/denseresidential_168.tif	AID_50/train/DenseResidential/denseresidential_168.tif
train	DenseResidential	8	denseresidential_171.tif	DenseResidential/denseresidential_171.tif	AID_50/train/DenseResidential/denseresidential_171.tif
train	DenseResidential	8	denseresidential_172.tif	DenseResidential/denseresidential_172.tif	AID_50/train/DenseResidential/denseresidential_172.tif
train	DenseResidential	8	denseresidential_177.tif	DenseResidential/denseresidential_177.tif	AID_50/train/DenseResidential/denseresidential_177.tif
train	DenseResidential	8	denseresidential_178.tif	DenseResidential/denseresidential_178.tif	AID_50/train/DenseResidential/denseresidential_178.tif
train	DenseResidential	8	denseresidential_179.tif	DenseResidential/denseresidential_179.tif	AID_50/train/DenseResidential/denseresidential_179.tif
train	DenseResidential	8	denseresidential_181.tif	DenseResidential/denseresidential_181.tif	AID_50/train/DenseResidential/denseresidential_181.tif
train	DenseResidential	8	denseresidential_183.tif	DenseResidential/denseresidential_183.tif	AID_50/train/DenseResidential/denseresidential_183.tif
train	DenseResidential	8	denseresidential_188.tif	DenseResidential/denseresidential_188.tif	AID_50/train/DenseResidential/denseresidential_188.tif
train	DenseResidential	8	denseresidential_189.tif	DenseResidential/denseresidential_189.tif	AID_50/train/DenseResidential/denseresidential_189.tif
train	DenseResidential	8	denseresidential_19.tif	DenseResidential/denseresidential_19.tif	AID_50/train/DenseResidential/denseresidential_19.tif
train	DenseResidential	8	denseresidential_192.tif	DenseResidential/denseresidential_192.tif	AID_50/train/DenseResidential/denseresidential_192.tif
train	DenseResidential	8	denseresidential_193.tif	DenseResidential/denseresidential_193.tif	AID_50/train/DenseResidential/denseresidential_193.tif
train	DenseResidential	8	denseresidential_195.tif	DenseResidential/denseresidential_195.tif	AID_50/train/DenseResidential/denseresidential_195.tif
train	DenseResidential	8	denseresidential_20.tif	DenseResidential/denseresidential_20.tif	AID_50/train/DenseResidential/denseresidential_20.tif
train	DenseResidential	8	denseresidential_201.tif	DenseResidential/denseresidential_201.tif	AID_50/train/DenseResidential/denseresidential_201.tif
train	DenseResidential	8	denseresidential_202.tif	DenseResidential/denseresidential_202.tif	AID_50/train/DenseResidential/denseresidential_202.tif
train	DenseResidential	8	denseresidential_204.tif	DenseResidential/denseresidential_204.tif	AID_50/train/DenseResidential/denseresidential_204.tif
train	DenseResidential	8	denseresidential_206.tif	DenseResidential/denseresidential_206.tif	AID_50/train/DenseResidential/denseresidential_206.tif
train	DenseResidential	8	denseresidential_208.tif	DenseResidential/denseresidential_208.tif	AID_50/train/DenseResidential/denseresidential_208.tif
train	DenseResidential	8	denseresidential_209.tif	DenseResidential/denseresidential_209.tif	AID_50/train/DenseResidential/denseresidential_209.tif
train	DenseResidential	8	denseresidential_21.tif	DenseResidential/denseresidential_21.tif	AID_50/train/DenseResidential/denseresidential_21.tif
train	DenseResidential	8	denseresidential_210.tif	DenseResidential/denseresidential_210.tif	AID_50/train/DenseResidential/denseresidential_210.tif
train	DenseResidential	8	denseresidential_211.tif	DenseResidential/denseresidential_211.tif	AID_50/train/DenseResidential/denseresidential_211.tif
train	DenseResidential	8	denseresidential_212.tif	DenseResidential/denseresidential_212.tif	AID_50/train/DenseResidential/denseresidential_212.tif
train	DenseResidential	8	denseresidential_216.tif	DenseResidential/denseresidential_216.tif	AID_50/train/DenseResidential/denseresidential_216.tif
train	DenseResidential	8	denseresidential_217.tif	DenseResidential/denseresidential_217.tif	AID_50/train/DenseResidential/denseresidential_217.tif
train	DenseResidential	8	denseresidential_219.tif	DenseResidential/denseresidential_219.tif	AID_50/train/DenseResidential/denseresidential_219.tif
train	DenseResidential	8	denseresidential_220.tif	DenseResidential/denseresidential_220.tif	AID_50/train/DenseResidential/denseresidential_220.tif
train	DenseResidential	8	denseresidential_221.tif	DenseResidential/denseresidential_221.tif	AID_50/train/DenseResidential/denseresidential_221.tif
train	DenseResidential	8	denseresidential_222.tif	DenseResidential/denseresidential_222.tif	AID_50/train/DenseResidential/denseresidential_222.tif
train	DenseResidential	8	denseresidential_228.tif	DenseResidential/denseresidential_228.tif	AID_50/train/DenseResidential/denseresidential_228.tif
train	DenseResidential	8	denseresidential_229.tif	DenseResidential/denseresidential_229.tif	AID_50/train/DenseResidential/denseresidential_229.tif
train	DenseResidential	8	denseresidential_230.tif	DenseResidential/denseresidential_230.tif	AID_50/train/DenseResidential/denseresidential_230.tif
train	DenseResidential	8	denseresidential_231.tif	DenseResidential/denseresidential_231.tif	AID_50/train/DenseResidential/denseresidential_231.tif
train	DenseResidential	8	denseresidential_233.tif	DenseResidential/denseresidential_233.tif	AID_50/train/DenseResidential/denseresidential_233.tif
train	DenseResidential	8	denseresidential_234.tif	DenseResidential/denseresidential_234.tif	AID_50/train/DenseResidential/denseresidential_234.tif
train	DenseResidential	8	denseresidential_235.tif	DenseResidential/denseresidential_235.tif	AID_50/train/DenseResidential/denseresidential_235.tif
train	DenseResidential	8	denseresidential_237.tif	DenseResidential/denseresidential_237.tif	AID_50/train/DenseResidential/denseresidential_237.tif
train	DenseResidential	8	denseresidential_239.tif	DenseResidential/denseresidential_239.tif	AID_50/train/DenseResidential/denseresidential_239.tif
train	DenseResidential	8	denseresidential_24.tif	DenseResidential/denseresidential_24.tif	AID_50/train/DenseResidential/denseresidential_24.tif
train	DenseResidential	8	denseresidential_241.tif	DenseResidential/denseresidential_241.tif	AID_50/train/DenseResidential/denseresidential_241.tif
train	DenseResidential	8	denseresidential_243.tif	DenseResidential/denseresidential_243.tif	AID_50/train/DenseResidential/denseresidential_243.tif
train	DenseResidential	8	denseresidential_244.tif	DenseResidential/denseresidential_244.tif	AID_50/train/DenseResidential/denseresidential_244.tif
train	DenseResidential	8	denseresidential_247.tif	DenseResidential/denseresidential_247.tif	AID_50/train/DenseResidential/denseresidential_247.tif
train	DenseResidential	8	denseresidential_249.tif	DenseResidential/denseresidential_249.tif	AID_50/train/DenseResidential/denseresidential_249.tif
train	DenseResidential	8	denseresidential_25.tif	DenseResidential/denseresidential_25.tif	AID_50/train/DenseResidential/denseresidential_25.tif
train	DenseResidential	8	denseresidential_251.tif	DenseResidential/denseresidential_251.tif	AID_50/train/DenseResidential/denseresidential_251.tif
train	DenseResidential	8	denseresidential_254.tif	DenseResidential/denseresidential_254.tif	AID_50/train/DenseResidential/denseresidential_254.tif
train	DenseResidential	8	denseresidential_255.tif	DenseResidential/denseresidential_255.tif	AID_50/train/DenseResidential/denseresidential_255.tif
train	DenseResidential	8	denseresidential_256.tif	DenseResidential/denseresidential_256.tif	AID_50/train/DenseResidential/denseresidential_256.tif
train	DenseResidential	8	denseresidential_258.tif	DenseResidential/denseresidential_258.tif	AID_50/train/DenseResidential/denseresidential_258.tif
train	DenseResidential	8	denseresidential_259.tif	DenseResidential/denseresidential_259.tif	AID_50/train/DenseResidential/denseresidential_259.tif
train	DenseResidential	8	denseresidential_260.tif	DenseResidential/denseresidential_260.tif	AID_50/train/DenseResidential/denseresidential_260.tif
train	DenseResidential	8	denseresidential_263.tif	DenseResidential/denseresidential_263.tif	AID_50/train/DenseResidential/denseresidential_263.tif
train	DenseResidential	8	denseresidential_264.tif	DenseResidential/denseresidential_264.tif	AID_50/train/DenseResidential/denseresidential_264.tif
train	DenseResidential	8	denseresidential_265.tif	DenseResidential/denseresidential_265.tif	AID_50/train/DenseResidential/denseresidential_265.tif
train	DenseResidential	8	denseresidential_268.tif	DenseResidential/denseresidential_268.tif	AID_50/train/DenseResidential/denseresidential_268.tif
train	DenseResidential	8	denseresidential_269.tif	DenseResidential/denseresidential_269.tif	AID_50/train/DenseResidential/denseresidential_269.tif
train	DenseResidential	8	denseresidential_270.tif	DenseResidential/denseresidential_270.tif	AID_50/train/DenseResidential/denseresidential_270.tif
train	DenseResidential	8	denseresidential_276.tif	DenseResidential/denseresidential_276.tif	AID_50/train/DenseResidential/denseresidential_276.tif
train	DenseResidential	8	denseresidential_277.tif	DenseResidential/denseresidential_277.tif	AID_50/train/DenseResidential/denseresidential_277.tif
train	DenseResidential	8	denseresidential_280.tif	DenseResidential/denseresidential_280.tif	AID_50/train/DenseResidential/denseresidential_280.tif
train	DenseResidential	8	denseresidential_281.tif	DenseResidential/denseresidential_281.tif	AID_50/train/DenseResidential/denseresidential_281.tif
train	DenseResidential	8	denseresidential_283.tif	DenseResidential/denseresidential_283.tif	AID_50/train/DenseResidential/denseresidential_283.tif
train	DenseResidential	8	denseresidential_288.tif	DenseResidential/denseresidential_288.tif	AID_50/train/DenseResidential/denseresidential_288.tif
train	DenseResidential	8	denseresidential_290.tif	DenseResidential/denseresidential_290.tif	AID_50/train/DenseResidential/denseresidential_290.tif
train	DenseResidential	8	denseresidential_291.tif	DenseResidential/denseresidential_291.tif	AID_50/train/DenseResidential/denseresidential_291.tif
train	DenseResidential	8	denseresidential_295.tif	DenseResidential/denseresidential_295.tif	AID_50/train/DenseResidential/denseresidential_295.tif
train	DenseResidential	8	denseresidential_3.tif	DenseResidential/denseresidential_3.tif	AID_50/train/DenseResidential/denseresidential_3.tif
train	DenseResidential	8	denseresidential_301.tif	DenseResidential/denseresidential_301.tif	AID_50/train/DenseResidential/denseresidential_301.tif
train	DenseResidential	8	denseresidential_302.tif	DenseResidential/denseresidential_302.tif	AID_50/train/DenseResidential/denseresidential_302.tif
train	DenseResidential	8	denseresidential_303.tif	DenseResidential/denseresidential_303.tif	AID_50/train/DenseResidential/denseresidential_303.tif
train	DenseResidential	8	denseresidential_304.tif	DenseResidential/denseresidential_304.tif	AID_50/train/DenseResidential/denseresidential_304.tif
train	DenseResidential	8	denseresidential_305.tif	DenseResidential/denseresidential_305.tif	AID_50/train/DenseResidential/denseresidential_305.tif
train	DenseResidential	8	denseresidential_311.tif	DenseResidential/denseresidential_311.tif	AID_50/train/DenseResidential/denseresidential_311.tif
train	DenseResidential	8	denseresidential_314.tif	DenseResidential/denseresidential_314.tif	AID_50/train/DenseResidential/denseresidential_314.tif
train	DenseResidential	8	denseresidential_316.tif	DenseResidential/denseresidential_316.tif	AID_50/train/DenseResidential/denseresidential_316.tif
train	DenseResidential	8	denseresidential_319.tif	DenseResidential/denseresidential_319.tif	AID_50/train/DenseResidential/denseresidential_319.tif
train	DenseResidential	8	denseresidential_32.tif	DenseResidential/denseresidential_32.tif	AID_50/train/DenseResidential/denseresidential_32.tif
train	DenseResidential	8	denseresidential_321.tif	DenseResidential/denseresidential_321.tif	AID_50/train/DenseResidential/denseresidential_321.tif
train	DenseResidential	8	denseresidential_323.tif	DenseResidential/denseresidential_323.tif	AID_50/train/DenseResidential/denseresidential_323.tif
train	DenseResidential	8	denseresidential_324.tif	DenseResidential/denseresidential_324.tif	AID_50/train/DenseResidential/denseresidential_324.tif
train	DenseResidential	8	denseresidential_325.tif	DenseResidential/denseresidential_325.tif	AID_50/train/DenseResidential/denseresidential_325.tif
train	DenseResidential	8	denseresidential_326.tif	DenseResidential/denseresidential_326.tif	AID_50/train/DenseResidential/denseresidential_326.tif
train	DenseResidential	8	denseresidential_327.tif	DenseResidential/denseresidential_327.tif	AID_50/train/DenseResidential/denseresidential_327.tif
train	DenseResidential	8	denseresidential_328.tif	DenseResidential/denseresidential_328.tif	AID_50/train/DenseResidential/denseresidential_328.tif
train	DenseResidential	8	denseresidential_331.tif	DenseResidential/denseresidential_331.tif	AID_50/train/DenseResidential/denseresidential_331.tif
train	DenseResidential	8	denseresidential_332.tif	DenseResidential/denseresidential_332.tif	AID_50/train/DenseResidential/denseresidential_332.tif
train	DenseResidential	8	denseresidential_334.tif	DenseResidential/denseresidential_334.tif	AID_50/train/DenseResidential/denseresidential_334.tif
train	DenseResidential	8	denseresidential_335.tif	DenseResidential/denseresidential_335.tif	AID_50/train/DenseResidential/denseresidential_335.tif
train	DenseResidential	8	denseresidential_337.tif	DenseResidential/denseresidential_337.tif	AID_50/train/DenseResidential/denseresidential_337.tif
train	DenseResidential	8	denseresidential_342.tif	DenseResidential/denseresidential_342.tif	AID_50/train/DenseResidential/denseresidential_342.tif
train	DenseResidential	8	denseresidential_344.tif	DenseResidential/denseresidential_344.tif	AID_50/train/DenseResidential/denseresidential_344.tif
train	DenseResidential	8	denseresidential_351.tif	DenseResidential/denseresidential_351.tif	AID_50/train/DenseResidential/denseresidential_351.tif
train	DenseResidential	8	denseresidential_353.tif	DenseResidential/denseresidential_353.tif	AID_50/train/DenseResidential/denseresidential_353.tif
train	DenseResidential	8	denseresidential_354.tif	DenseResidential/denseresidential_354.tif	AID_50/train/DenseResidential/denseresidential_354.tif
train	DenseResidential	8	denseresidential_355.tif	DenseResidential/denseresidential_355.tif	AID_50/train/DenseResidential/denseresidential_355.tif
train	DenseResidential	8	denseresidential_356.tif	DenseResidential/denseresidential_356.tif	AID_50/train/DenseResidential/denseresidential_356.tif
train	DenseResidential	8	denseresidential_36.tif	DenseResidential/denseresidential_36.tif	AID_50/train/DenseResidential/denseresidential_36.tif
train	DenseResidential	8	denseresidential_363.tif	DenseResidential/denseresidential_363.tif	AID_50/train/DenseResidential/denseresidential_363.tif
train	DenseResidential	8	denseresidential_364.tif	DenseResidential/denseresidential_364.tif	AID_50/train/DenseResidential/denseresidential_364.tif
train	DenseResidential	8	denseresidential_365.tif	DenseResidential/denseresidential_365.tif	AID_50/train/DenseResidential/denseresidential_365.tif
train	DenseResidential	8	denseresidential_367.tif	DenseResidential/denseresidential_367.tif	AID_50/train/DenseResidential/denseresidential_367.tif
train	DenseResidential	8	denseresidential_368.tif	DenseResidential/denseresidential_368.tif	AID_50/train/DenseResidential/denseresidential_368.tif
train	DenseResidential	8	denseresidential_369.tif	DenseResidential/denseresidential_369.tif	AID_50/train/DenseResidential/denseresidential_369.tif
train	DenseResidential	8	denseresidential_37.tif	DenseResidential/denseresidential_37.tif	AID_50/train/DenseResidential/denseresidential_37.tif
train	DenseResidential	8	denseresidential_370.tif	DenseResidential/denseresidential_370.tif	AID_50/train/DenseResidential/denseresidential_370.tif
train	DenseResidential	8	denseresidential_371.tif	DenseResidential/denseresidential_371.tif	AID_50/train/DenseResidential/denseresidential_371.tif
train	DenseResidential	8	denseresidential_372.tif	DenseResidential/denseresidential_372.tif	AID_50/train/DenseResidential/denseresidential_372.tif
train	DenseResidential	8	denseresidential_373.tif	DenseResidential/denseresidential_373.tif	AID_50/train/DenseResidential/denseresidential_373.tif
train	DenseResidential	8	denseresidential_377.tif	DenseResidential/denseresidential_377.tif	AID_50/train/DenseResidential/denseresidential_377.tif
train	DenseResidential	8	denseresidential_381.tif	DenseResidential/denseresidential_381.tif	AID_50/train/DenseResidential/denseresidential_381.tif
train	DenseResidential	8	denseresidential_388.tif	DenseResidential/denseresidential_388.tif	AID_50/train/DenseResidential/denseresidential_388.tif
train	DenseResidential	8	denseresidential_39.tif	DenseResidential/denseresidential_39.tif	AID_50/train/DenseResidential/denseresidential_39.tif
train	DenseResidential	8	denseresidential_393.tif	DenseResidential/denseresidential_393.tif	AID_50/train/DenseResidential/denseresidential_393.tif
train	DenseResidential	8	denseresidential_396.tif	DenseResidential/denseresidential_396.tif	AID_50/train/DenseResidential/denseresidential_396.tif
train	DenseResidential	8	denseresidential_398.tif	DenseResidential/denseresidential_398.tif	AID_50/train/DenseResidential/denseresidential_398.tif
train	DenseResidential	8	denseresidential_399.tif	DenseResidential/denseresidential_399.tif	AID_50/train/DenseResidential/denseresidential_399.tif
train	DenseResidential	8	denseresidential_4.tif	DenseResidential/denseresidential_4.tif	AID_50/train/DenseResidential/denseresidential_4.tif
train	DenseResidential	8	denseresidential_40.tif	DenseResidential/denseresidential_40.tif	AID_50/train/DenseResidential/denseresidential_40.tif
train	DenseResidential	8	denseresidential_400.tif	DenseResidential/denseresidential_400.tif	AID_50/train/DenseResidential/denseresidential_400.tif
train	DenseResidential	8	denseresidential_403.tif	DenseResidential/denseresidential_403.tif	AID_50/train/DenseResidential/denseresidential_403.tif
train	DenseResidential	8	denseresidential_404.tif	DenseResidential/denseresidential_404.tif	AID_50/train/DenseResidential/denseresidential_404.tif
train	DenseResidential	8	denseresidential_405.tif	DenseResidential/denseresidential_405.tif	AID_50/train/DenseResidential/denseresidential_405.tif
train	DenseResidential	8	denseresidential_408.tif	DenseResidential/denseresidential_408.tif	AID_50/train/DenseResidential/denseresidential_408.tif
train	DenseResidential	8	denseresidential_409.tif	DenseResidential/denseresidential_409.tif	AID_50/train/DenseResidential/denseresidential_409.tif
train	DenseResidential	8	denseresidential_41.tif	DenseResidential/denseresidential_41.tif	AID_50/train/DenseResidential/denseresidential_41.tif
train	DenseResidential	8	denseresidential_410.tif	DenseResidential/denseresidential_410.tif	AID_50/train/DenseResidential/denseresidential_410.tif
train	DenseResidential	8	denseresidential_42.tif	DenseResidential/denseresidential_42.tif	AID_50/train/DenseResidential/denseresidential_42.tif
train	DenseResidential	8	denseresidential_47.tif	DenseResidential/denseresidential_47.tif	AID_50/train/DenseResidential/denseresidential_47.tif
train	DenseResidential	8	denseresidential_48.tif	DenseResidential/denseresidential_48.tif	AID_50/train/DenseResidential/denseresidential_48.tif
train	DenseResidential	8	denseresidential_49.tif	DenseResidential/denseresidential_49.tif	AID_50/train/DenseResidential/denseresidential_49.tif
train	DenseResidential	8	denseresidential_5.tif	DenseResidential/denseresidential_5.tif	AID_50/train/DenseResidential/denseresidential_5.tif
train	DenseResidential	8	denseresidential_51.tif	DenseResidential/denseresidential_51.tif	AID_50/train/DenseResidential/denseresidential_51.tif
train	DenseResidential	8	denseresidential_55.tif	DenseResidential/denseresidential_55.tif	AID_50/train/DenseResidential/denseresidential_55.tif
train	DenseResidential	8	denseresidential_56.tif	DenseResidential/denseresidential_56.tif	AID_50/train/DenseResidential/denseresidential_56.tif
train	DenseResidential	8	denseresidential_57.tif	DenseResidential/denseresidential_57.tif	AID_50/train/DenseResidential/denseresidential_57.tif
train	DenseResidential	8	denseresidential_58.tif	DenseResidential/denseresidential_58.tif	AID_50/train/DenseResidential/denseresidential_58.tif
train	DenseResidential	8	denseresidential_59.tif	DenseResidential/denseresidential_59.tif	AID_50/train/DenseResidential/denseresidential_59.tif
train	DenseResidential	8	denseresidential_61.tif	DenseResidential/denseresidential_61.tif	AID_50/train/DenseResidential/denseresidential_61.tif
train	DenseResidential	8	denseresidential_62.tif	DenseResidential/denseresidential_62.tif	AID_50/train/DenseResidential/denseresidential_62.tif
train	DenseResidential	8	denseresidential_63.tif	DenseResidential/denseresidential_63.tif	AID_50/train/DenseResidential/denseresidential_63.tif
train	DenseResidential	8	denseresidential_65.tif	DenseResidential/denseresidential_65.tif	AID_50/train/DenseResidential/denseresidential_65.tif
train	DenseResidential	8	denseresidential_66.tif	DenseResidential/denseresidential_66.tif	AID_50/train/DenseResidential/denseresidential_66.tif
train	DenseResidential	8	denseresidential_69.tif	DenseResidential/denseresidential_69.tif	AID_50/train/DenseResidential/denseresidential_69.tif
train	DenseResidential	8	denseresidential_70.tif	DenseResidential/denseresidential_70.tif	AID_50/train/DenseResidential/denseresidential_70.tif
train	DenseResidential	8	denseresidential_72.tif	DenseResidential/denseresidential_72.tif	AID_50/train/DenseResidential/denseresidential_72.tif
train	DenseResidential	8	denseresidential_73.tif	DenseResidential/denseresidential_73.tif	AID_50/train/DenseResidential/denseresidential_73.tif
train	DenseResidential	8	denseresidential_75.tif	DenseResidential/denseresidential_75.tif	AID_50/train/DenseResidential/denseresidential_75.tif
train	DenseResidential	8	denseresidential_76.tif	DenseResidential/denseresidential_76.tif	AID_50/train/DenseResidential/denseresidential_76.tif
train	DenseResidential	8	denseresidential_77.tif	DenseResidential/denseresidential_77.tif	AID_50/train/DenseResidential/denseresidential_77.tif
train	DenseResidential	8	denseresidential_80.tif	DenseResidential/denseresidential_80.tif	AID_50/train/DenseResidential/denseresidential_80.tif
train	DenseResidential	8	denseresidential_82.tif	DenseResidential/denseresidential_82.tif	AID_50/train/DenseResidential/denseresidential_82.tif
train	DenseResidential	8	denseresidential_83.tif	DenseResidential/denseresidential_83.tif	AID_50/train/DenseResidential/denseresidential_83.tif
train	DenseResidential	8	denseresidential_86.tif	DenseResidential/denseresidential_86.tif	AID_50/train/DenseResidential/denseresidential_86.tif
train	DenseResidential	8	denseresidential_88.tif	DenseResidential/denseresidential_88.tif	AID_50/train/DenseResidential/denseresidential_88.tif
train	DenseResidential	8	denseresidential_89.tif	DenseResidential/denseresidential_89.tif	AID_50/train/DenseResidential/denseresidential_89.tif
train	DenseResidential	8	denseresidential_9.tif	DenseResidential/denseresidential_9.tif	AID_50/train/DenseResidential/denseresidential_9.tif
train	DenseResidential	8	denseresidential_92.tif	DenseResidential/denseresidential_92.tif	AID_50/train/DenseResidential/denseresidential_92.tif
train	DenseResidential	8	denseresidential_93.tif	DenseResidential/denseresidential_93.tif	AID_50/train/DenseResidential/denseresidential_93.tif
train	DenseResidential	8	denseresidential_94.tif	DenseResidential/denseresidential_94.tif	AID_50/train/DenseResidential/denseresidential_94.tif
train	DenseResidential	8	denseresidential_95.tif	DenseResidential/denseresidential_95.tif	AID_50/train/DenseResidential/denseresidential_95.tif
train	DenseResidential	8	denseresidential_98.tif	DenseResidential/denseresidential_98.tif	AID_50/train/DenseResidential/denseresidential_98.tif
train	DenseResidential	8	denseresidential_99.tif	DenseResidential/denseresidential_99.tif	AID_50/train/DenseResidential/denseresidential_99.tif
train	Desert	9	desert_1.tif	Desert/desert_1.tif	AID_50/train/Desert/desert_1.tif
train	Desert	9	desert_101.tif	Desert/desert_101.tif	AID_50/train/Desert/desert_101.tif
train	Desert	9	desert_104.tif	Desert/desert_104.tif	AID_50/train/Desert/desert_104.tif
train	Desert	9	desert_106.tif	Desert/desert_106.tif	AID_50/train/Desert/desert_106.tif
train	Desert	9	desert_111.tif	Desert/desert_111.tif	AID_50/train/Desert/desert_111.tif
train	Desert	9	desert_113.tif	Desert/desert_113.tif	AID_50/train/Desert/desert_113.tif
train	Desert	9	desert_115.tif	Desert/desert_115.tif	AID_50/train/Desert/desert_115.tif
train	Desert	9	desert_118.tif	Desert/desert_118.tif	AID_50/train/Desert/desert_118.tif
train	Desert	9	desert_12.tif	Desert/desert_12.tif	AID_50/train/Desert/desert_12.tif
train	Desert	9	desert_123.tif	Desert/desert_123.tif	AID_50/train/Desert/desert_123.tif
train	Desert	9	desert_125.tif	Desert/desert_125.tif	AID_50/train/Desert/desert_125.tif
train	Desert	9	desert_13.tif	Desert/desert_13.tif	AID_50/train/Desert/desert_13.tif
train	Desert	9	desert_131.tif	Desert/desert_131.tif	AID_50/train/Desert/desert_131.tif
train	Desert	9	desert_134.tif	Desert/desert_134.tif	AID_50/train/Desert/desert_134.tif
train	Desert	9	desert_135.tif	Desert/desert_135.tif	AID_50/train/Desert/desert_135.tif
train	Desert	9	desert_136.tif	Desert/desert_136.tif	AID_50/train/Desert/desert_136.tif
train	Desert	9	desert_137.tif	Desert/desert_137.tif	AID_50/train/Desert/desert_137.tif
train	Desert	9	desert_139.tif	Desert/desert_139.tif	AID_50/train/Desert/desert_139.tif
train	Desert	9	desert_14.tif	Desert/desert_14.tif	AID_50/train/Desert/desert_14.tif
train	Desert	9	desert_140.tif	Desert/desert_140.tif	AID_50/train/Desert/desert_140.tif
train	Desert	9	desert_141.tif	Desert/desert_141.tif	AID_50/train/Desert/desert_141.tif
train	Desert	9	desert_143.tif	Desert/desert_143.tif	AID_50/train/Desert/desert_143.tif
train	Desert	9	desert_144.tif	Desert/desert_144.tif	AID_50/train/Desert/desert_144.tif
train	Desert	9	desert_145.tif	Desert/desert_145.tif	AID_50/train/Desert/desert_145.tif
train	Desert	9	desert_147.tif	Desert/desert_147.tif	AID_50/train/Desert/desert_147.tif
train	Desert	9	desert_148.tif	Desert/desert_148.tif	AID_50/train/Desert/desert_148.tif
train	Desert	9	desert_149.tif	Desert/desert_149.tif	AID_50/train/Desert/desert_149.tif
train	Desert	9	desert_15.tif	Desert/desert_15.tif	AID_50/train/Desert/desert_15.tif
train	Desert	9	desert_152.tif	Desert/desert_152.tif	AID_50/train/Desert/desert_152.tif
train	Desert	9	desert_154.tif	Desert/desert_154.tif	AID_50/train/Desert/desert_154.tif
train	Desert	9	desert_156.tif	Desert/desert_156.tif	AID_50/train/Desert/desert_156.tif
train	Desert	9	desert_157.tif	Desert/desert_157.tif	AID_50/train/Desert/desert_157.tif
train	Desert	9	desert_158.tif	Desert/desert_158.tif	AID_50/train/Desert/desert_158.tif
train	Desert	9	desert_160.tif	Desert/desert_160.tif	AID_50/train/Desert/desert_160.tif
train	Desert	9	desert_163.tif	Desert/desert_163.tif	AID_50/train/Desert/desert_163.tif
train	Desert	9	desert_165.tif	Desert/desert_165.tif	AID_50/train/Desert/desert_165.tif
train	Desert	9	desert_167.tif	Desert/desert_167.tif	AID_50/train/Desert/desert_167.tif
train	Desert	9	desert_17.tif	Desert/desert_17.tif	AID_50/train/Desert/desert_17.tif
train	Desert	9	desert_170.tif	Desert/desert_170.tif	AID_50/train/Desert/desert_170.tif
train	Desert	9	desert_176.tif	Desert/desert_176.tif	AID_50/train/Desert/desert_176.tif
train	Desert	9	desert_178.tif	Desert/desert_178.tif	AID_50/train/Desert/desert_178.tif
train	Desert	9	desert_18.tif	Desert/desert_18.tif	AID_50/train/Desert/desert_18.tif
train	Desert	9	desert_180.tif	Desert/desert_180.tif	AID_50/train/Desert/desert_180.tif
train	Desert	9	desert_181.tif	Desert/desert_181.tif	AID_50/train/Desert/desert_181.tif
train	Desert	9	desert_183.tif	Desert/desert_183.tif	AID_50/train/Desert/desert_183.tif
train	Desert	9	desert_186.tif	Desert/desert_186.tif	AID_50/train/Desert/desert_186.tif
train	Desert	9	desert_189.tif	Desert/desert_189.tif	AID_50/train/Desert/desert_189.tif
train	Desert	9	desert_193.tif	Desert/desert_193.tif	AID_50/train/Desert/desert_193.tif
train	Desert	9	desert_20.tif	Desert/desert_20.tif	AID_50/train/Desert/desert_20.tif
train	Desert	9	desert_200.tif	Desert/desert_200.tif	AID_50/train/Desert/desert_200.tif
train	Desert	9	desert_208.tif	Desert/desert_208.tif	AID_50/train/Desert/desert_208.tif
train	Desert	9	desert_209.tif	Desert/desert_209.tif	AID_50/train/Desert/desert_209.tif
train	Desert	9	desert_21.tif	Desert/desert_21.tif	AID_50/train/Desert/desert_21.tif
train	Desert	9	desert_210.tif	Desert/desert_210.tif	AID_50/train/Desert/desert_210.tif
train	Desert	9	desert_213.tif	Desert/desert_213.tif	AID_50/train/Desert/desert_213.tif
train	Desert	9	desert_214.tif	Desert/desert_214.tif	AID_50/train/Desert/desert_214.tif
train	Desert	9	desert_215.tif	Desert/desert_215.tif	AID_50/train/Desert/desert_215.tif
train	Desert	9	desert_216.tif	Desert/desert_216.tif	AID_50/train/Desert/desert_216.tif
train	Desert	9	desert_217.tif	Desert/desert_217.tif	AID_50/train/Desert/desert_217.tif
train	Desert	9	desert_218.tif	Desert/desert_218.tif	AID_50/train/Desert/desert_218.tif
train	Desert	9	desert_22.tif	Desert/desert_22.tif	AID_50/train/Desert/desert_22.tif
train	Desert	9	desert_223.tif	Desert/desert_223.tif	AID_50/train/Desert/desert_223.tif
train	Desert	9	desert_224.tif	Desert/desert_224.tif	AID_50/train/Desert/desert_224.tif
train	Desert	9	desert_225.tif	Desert/desert_225.tif	AID_50/train/Desert/desert_225.tif
train	Desert	9	desert_226.tif	Desert/desert_226.tif	AID_50/train/Desert/desert_226.tif
train	Desert	9	desert_228.tif	Desert/desert_228.tif	AID_50/train/Desert/desert_228.tif
train	Desert	9	desert_229.tif	Desert/desert_229.tif	AID_50/train/Desert/desert_229.tif
train	Desert	9	desert_230.tif	Desert/desert_230.tif	AID_50/train/Desert/desert_230.tif
train	Desert	9	desert_232.tif	Desert/desert_232.tif	AID_50/train/Desert/desert_232.tif
train	Desert	9	desert_236.tif	Desert/desert_236.tif	AID_50/train/Desert/desert_236.tif
train	Desert	9	desert_238.tif	Desert/desert_238.tif	AID_50/train/Desert/desert_238.tif
train	Desert	9	desert_239.tif	Desert/desert_239.tif	AID_50/train/Desert/desert_239.tif
train	Desert	9	desert_240.tif	Desert/desert_240.tif	AID_50/train/Desert/desert_240.tif
train	Desert	9	desert_242.tif	Desert/desert_242.tif	AID_50/train/Desert/desert_242.tif
train	Desert	9	desert_244.tif	Desert/desert_244.tif	AID_50/train/Desert/desert_244.tif
train	Desert	9	desert_249.tif	Desert/desert_249.tif	AID_50/train/Desert/desert_249.tif
train	Desert	9	desert_25.tif	Desert/desert_25.tif	AID_50/train/Desert/desert_25.tif
train	Desert	9	desert_251.tif	Desert/desert_251.tif	AID_50/train/Desert/desert_251.tif
train	Desert	9	desert_252.tif	Desert/desert_252.tif	AID_50/train/Desert/desert_252.tif
train	Desert	9	desert_253.tif	Desert/desert_253.tif	AID_50/train/Desert/desert_253.tif
train	Desert	9	desert_254.tif	Desert/desert_254.tif	AID_50/train/Desert/desert_254.tif
train	Desert	9	desert_255.tif	Desert/desert_255.tif	AID_50/train/Desert/desert_255.tif
train	Desert	9	desert_256.tif	Desert/desert_256.tif	AID_50/train/Desert/desert_256.tif
train	Desert	9	desert_257.tif	Desert/desert_257.tif	AID_50/train/Desert/desert_257.tif
train	Desert	9	desert_259.tif	Desert/desert_259.tif	AID_50/train/Desert/desert_259.tif
train	Desert	9	desert_260.tif	Desert/desert_260.tif	AID_50/train/Desert/desert_260.tif
train	Desert	9	desert_262.tif	Desert/desert_262.tif	AID_50/train/Desert/desert_262.tif
train	Desert	9	desert_263.tif	Desert/desert_263.tif	AID_50/train/Desert/desert_263.tif
train	Desert	9	desert_265.tif	Desert/desert_265.tif	AID_50/train/Desert/desert_265.tif
train	Desert	9	desert_268.tif	Desert/desert_268.tif	AID_50/train/Desert/desert_268.tif
train	Desert	9	desert_273.tif	Desert/desert_273.tif	AID_50/train/Desert/desert_273.tif
train	Desert	9	desert_275.tif	Desert/desert_275.tif	AID_50/train/Desert/desert_275.tif
train	Desert	9	desert_276.tif	Desert/desert_276.tif	AID_50/train/Desert/desert_276.tif
train	Desert	9	desert_279.tif	Desert/desert_279.tif	AID_50/train/Desert/desert_279.tif
train	Desert	9	desert_283.tif	Desert/desert_283.tif	AID_50/train/Desert/desert_283.tif
train	Desert	9	desert_285.tif	Desert/desert_285.tif	AID_50/train/Desert/desert_285.tif
train	Desert	9	desert_286.tif	Desert/desert_286.tif	AID_50/train/Desert/desert_286.tif
train	Desert	9	desert_287.tif	Desert/desert_287.tif	AID_50/train/Desert/desert_287.tif
train	Desert	9	desert_289.tif	Desert/desert_289.tif	AID_50/train/Desert/desert_289.tif
train	Desert	9	desert_292.tif	Desert/desert_292.tif	AID_50/train/Desert/desert_292.tif
train	Desert	9	desert_294.tif	Desert/desert_294.tif	AID_50/train/Desert/desert_294.tif
train	Desert	9	desert_295.tif	Desert/desert_295.tif	AID_50/train/Desert/desert_295.tif
train	Desert	9	desert_296.tif	Desert/desert_296.tif	AID_50/train/Desert/desert_296.tif
train	Desert	9	desert_298.tif	Desert/desert_298.tif	AID_50/train/Desert/desert_298.tif
train	Desert	9	desert_299.tif	Desert/desert_299.tif	AID_50/train/Desert/desert_299.tif
train	Desert	9	desert_30.tif	Desert/desert_30.tif	AID_50/train/Desert/desert_30.tif
train	Desert	9	desert_300.tif	Desert/desert_300.tif	AID_50/train/Desert/desert_300.tif
train	Desert	9	desert_31.tif	Desert/desert_31.tif	AID_50/train/Desert/desert_31.tif
train	Desert	9	desert_32.tif	Desert/desert_32.tif	AID_50/train/Desert/desert_32.tif
train	Desert	9	desert_33.tif	Desert/desert_33.tif	AID_50/train/Desert/desert_33.tif
train	Desert	9	desert_34.tif	Desert/desert_34.tif	AID_50/train/Desert/desert_34.tif
train	Desert	9	desert_35.tif	Desert/desert_35.tif	AID_50/train/Desert/desert_35.tif
train	Desert	9	desert_36.tif	Desert/desert_36.tif	AID_50/train/Desert/desert_36.tif
train	Desert	9	desert_37.tif	Desert/desert_37.tif	AID_50/train/Desert/desert_37.tif
train	Desert	9	desert_38.tif	Desert/desert_38.tif	AID_50/train/Desert/desert_38.tif
train	Desert	9	desert_4.tif	Desert/desert_4.tif	AID_50/train/Desert/desert_4.tif
train	Desert	9	desert_40.tif	Desert/desert_40.tif	AID_50/train/Desert/desert_40.tif
train	Desert	9	desert_41.tif	Desert/desert_41.tif	AID_50/train/Desert/desert_41.tif
train	Desert	9	desert_45.tif	Desert/desert_45.tif	AID_50/train/Desert/desert_45.tif
train	Desert	9	desert_47.tif	Desert/desert_47.tif	AID_50/train/Desert/desert_47.tif
train	Desert	9	desert_48.tif	Desert/desert_48.tif	AID_50/train/Desert/desert_48.tif
train	Desert	9	desert_49.tif	Desert/desert_49.tif	AID_50/train/Desert/desert_49.tif
train	Desert	9	desert_5.tif	Desert/desert_5.tif	AID_50/train/Desert/desert_5.tif
train	Desert	9	desert_50.tif	Desert/desert_50.tif	AID_50/train/Desert/desert_50.tif
train	Desert	9	desert_52.tif	Desert/desert_52.tif	AID_50/train/Desert/desert_52.tif
train	Desert	9	desert_6.tif	Desert/desert_6.tif	AID_50/train/Desert/desert_6.tif
train	Desert	9	desert_60.tif	Desert/desert_60.tif	AID_50/train/Desert/desert_60.tif
train	Desert	9	desert_62.tif	Desert/desert_62.tif	AID_50/train/Desert/desert_62.tif
train	Desert	9	desert_63.tif	Desert/desert_63.tif	AID_50/train/Desert/desert_63.tif
train	Desert	9	desert_64.tif	Desert/desert_64.tif	AID_50/train/Desert/desert_64.tif
train	Desert	9	desert_65.tif	Desert/desert_65.tif	AID_50/train/Desert/desert_65.tif
train	Desert	9	desert_67.tif	Desert/desert_67.tif	AID_50/train/Desert/desert_67.tif
train	Desert	9	desert_69.tif	Desert/desert_69.tif	AID_50/train/Desert/desert_69.tif
train	Desert	9	desert_70.tif	Desert/desert_70.tif	AID_50/train/Desert/desert_70.tif
train	Desert	9	desert_71.tif	Desert/desert_71.tif	AID_50/train/Desert/desert_71.tif
train	Desert	9	desert_72.tif	Desert/desert_72.tif	AID_50/train/Desert/desert_72.tif
train	Desert	9	desert_74.tif	Desert/desert_74.tif	AID_50/train/Desert/desert_74.tif
train	Desert	9	desert_77.tif	Desert/desert_77.tif	AID_50/train/Desert/desert_77.tif
train	Desert	9	desert_78.tif	Desert/desert_78.tif	AID_50/train/Desert/desert_78.tif
train	Desert	9	desert_81.tif	Desert/desert_81.tif	AID_50/train/Desert/desert_81.tif
train	Desert	9	desert_83.tif	Desert/desert_83.tif	AID_50/train/Desert/desert_83.tif
train	Desert	9	desert_84.tif	Desert/desert_84.tif	AID_50/train/Desert/desert_84.tif
train	Desert	9	desert_86.tif	Desert/desert_86.tif	AID_50/train/Desert/desert_86.tif
train	Desert	9	desert_88.tif	Desert/desert_88.tif	AID_50/train/Desert/desert_88.tif
train	Desert	9	desert_89.tif	Desert/desert_89.tif	AID_50/train/Desert/desert_89.tif
train	Desert	9	desert_92.tif	Desert/desert_92.tif	AID_50/train/Desert/desert_92.tif
train	Desert	9	desert_93.tif	Desert/desert_93.tif	AID_50/train/Desert/desert_93.tif
train	Desert	9	desert_94.tif	Desert/desert_94.tif	AID_50/train/Desert/desert_94.tif
train	Desert	9	desert_98.tif	Desert/desert_98.tif	AID_50/train/Desert/desert_98.tif
train	Desert	9	desert_99.tif	Desert/desert_99.tif	AID_50/train/Desert/desert_99.tif
train	Farmland	10	farmland_100.tif	Farmland/farmland_100.tif	AID_50/train/Farmland/farmland_100.tif
train	Farmland	10	farmland_103.tif	Farmland/farmland_103.tif	AID_50/train/Farmland/farmland_103.tif
train	Farmland	10	farmland_105.tif	Farmland/farmland_105.tif	AID_50/train/Farmland/farmland_105.tif
train	Farmland	10	farmland_107.tif	Farmland/farmland_107.tif	AID_50/train/Farmland/farmland_107.tif
train	Farmland	10	farmland_109.tif	Farmland/farmland_109.tif	AID_50/train/Farmland/farmland_109.tif
train	Farmland	10	farmland_111.tif	Farmland/farmland_111.tif	AID_50/train/Farmland/farmland_111.tif
train	Farmland	10	farmland_114.tif	Farmland/farmland_114.tif	AID_50/train/Farmland/farmland_114.tif
train	Farmland	10	farmland_115.tif	Farmland/farmland_115.tif	AID_50/train/Farmland/farmland_115.tif
train	Farmland	10	farmland_116.tif	Farmland/farmland_116.tif	AID_50/train/Farmland/farmland_116.tif
train	Farmland	10	farmland_120.tif	Farmland/farmland_120.tif	AID_50/train/Farmland/farmland_120.tif
train	Farmland	10	farmland_122.tif	Farmland/farmland_122.tif	AID_50/train/Farmland/farmland_122.tif
train	Farmland	10	farmland_123.tif	Farmland/farmland_123.tif	AID_50/train/Farmland/farmland_123.tif
train	Farmland	10	farmland_124.tif	Farmland/farmland_124.tif	AID_50/train/Farmland/farmland_124.tif
train	Farmland	10	farmland_125.tif	Farmland/farmland_125.tif	AID_50/train/Farmland/farmland_125.tif
train	Farmland	10	farmland_126.tif	Farmland/farmland_126.tif	AID_50/train/Farmland/farmland_126.tif
train	Farmland	10	farmland_128.tif	Farmland/farmland_128.tif	AID_50/train/Farmland/farmland_128.tif
train	Farmland	10	farmland_129.tif	Farmland/farmland_129.tif	AID_50/train/Farmland/farmland_129.tif
train	Farmland	10	farmland_13.tif	Farmland/farmland_13.tif	AID_50/train/Farmland/farmland_13.tif
train	Farmland	10	farmland_132.tif	Farmland/farmland_132.tif	AID_50/train/Farmland/farmland_132.tif
train	Farmland	10	farmland_133.tif	Farmland/farmland_133.tif	AID_50/train/Farmland/farmland_133.tif
train	Farmland	10	farmland_135.tif	Farmland/farmland_135.tif	AID_50/train/Farmland/farmland_135.tif
train	Farmland	10	farmland_136.tif	Farmland/farmland_136.tif	AID_50/train/Farmland/farmland_136.tif
train	Farmland	10	farmland_137.tif	Farmland/farmland_137.tif	AID_50/train/Farmland/farmland_137.tif
train	Farmland	10	farmland_138.tif	Farmland/farmland_138.tif	AID_50/train/Farmland/farmland_138.tif
train	Farmland	10	farmland_140.tif	Farmland/farmland_140.tif	AID_50/train/Farmland/farmland_140.tif
train	Farmland	10	farmland_141.tif	Farmland/farmland_141.tif	AID_50/train/Farmland/farmland_141.tif
train	Farmland	10	farmland_143.tif	Farmland/farmland_143.tif	AID_50/train/Farmland/farmland_143.tif
train	Farmland	10	farmland_146.tif	Farmland/farmland_146.tif	AID_50/train/Farmland/farmland_146.tif
train	Farmland	10	farmland_147.tif	Farmland/farmland_147.tif	AID_50/train/Farmland/farmland_147.tif
train	Farmland	10	farmland_148.tif	Farmland/farmland_148.tif	AID_50/train/Farmland/farmland_148.tif
train	Farmland	10	farmland_151.tif	Farmland/farmland_151.tif	AID_50/train/Farmland/farmland_151.tif
train	Farmland	10	farmland_152.tif	Farmland/farmland_152.tif	AID_50/train/Farmland/farmland_152.tif
train	Farmland	10	farmland_153.tif	Farmland/farmland_153.tif	AID_50/train/Farmland/farmland_153.tif
train	Farmland	10	farmland_154.tif	Farmland/farmland_154.tif	AID_50/train/Farmland/farmland_154.tif
train	Farmland	10	farmland_158.tif	Farmland/farmland_158.tif	AID_50/train/Farmland/farmland_158.tif
train	Farmland	10	farmland_16.tif	Farmland/farmland_16.tif	AID_50/train/Farmland/farmland_16.tif
train	Farmland	10	farmland_160.tif	Farmland/farmland_160.tif	AID_50/train/Farmland/farmland_160.tif
train	Farmland	10	farmland_162.tif	Farmland/farmland_162.tif	AID_50/train/Farmland/farmland_162.tif
train	Farmland	10	farmland_163.tif	Farmland/farmland_163.tif	AID_50/train/Farmland/farmland_163.tif
train	Farmland	10	farmland_171.tif	Farmland/farmland_171.tif	AID_50/train/Farmland/farmland_171.tif
train	Farmland	10	farmland_172.tif	Farmland/farmland_172.tif	AID_50/train/Farmland/farmland_172.tif
train	Farmland	10	farmland_175.tif	Farmland/farmland_175.tif	AID_50/train/Farmland/farmland_175.tif
train	Farmland	10	farmland_177.tif	Farmland/farmland_177.tif	AID_50/train/Farmland/farmland_177.tif
train	Farmland	10	farmland_179.tif	Farmland/farmland_179.tif	AID_50/train/Farmland/farmland_179.tif
train	Farmland	10	farmland_181.tif	Farmland/farmland_181.tif	AID_50/train/Farmland/farmland_181.tif
train	Farmland	10	farmland_182.tif	Farmland/farmland_182.tif	AID_50/train/Farmland/farmland_182.tif
train	Farmland	10	farmland_183.tif	Farmland/farmland_183.tif	AID_50/train/Farmland/farmland_183.tif
train	Farmland	10	farmland_186.tif	Farmland/farmland_186.tif	AID_50/train/Farmland/farmland_186.tif
train	Farmland	10	farmland_19.tif	Farmland/farmland_19.tif	AID_50/train/Farmland/farmland_19.tif
train	Farmland	10	farmland_190.tif	Farmland/farmland_190.tif	AID_50/train/Farmland/farmland_190.tif
train	Farmland	10	farmland_192.tif	Farmland/farmland_192.tif	AID_50/train/Farmland/farmland_192.tif
train	Farmland	10	farmland_193.tif	Farmland/farmland_193.tif	AID_50/train/Farmland/farmland_193.tif
train	Farmland	10	farmland_195.tif	Farmland/farmland_195.tif	AID_50/train/Farmland/farmland_195.tif
train	Farmland	10	farmland_196.tif	Farmland/farmland_196.tif	AID_50/train/Farmland/farmland_196.tif
train	Farmland	10	farmland_198.tif	Farmland/farmland_198.tif	AID_50/train/Farmland/farmland_198.tif
train	Farmland	10	farmland_200.tif	Farmland/farmland_200.tif	AID_50/train/Farmland/farmland_200.tif
train	Farmland	10	farmland_201.tif	Farmland/farmland_201.tif	AID_50/train/Farmland/farmland_201.tif
train	Farmland	10	farmland_202.tif	Farmland/farmland_202.tif	AID_50/train/Farmland/farmland_202.tif
train	Farmland	10	farmland_204.tif	Farmland/farmland_204.tif	AID_50/train/Farmland/farmland_204.tif
train	Farmland	10	farmland_205.tif	Farmland/farmland_205.tif	AID_50/train/Farmland/farmland_205.tif
train	Farmland	10	farmland_206.tif	Farmland/farmland_206.tif	AID_50/train/Farmland/farmland_206.tif
train	Farmland	10	farmland_207.tif	Farmland/farmland_207.tif	AID_50/train/Farmland/farmland_207.tif
train	Farmland	10	farmland_21.tif	Farmland/farmland_21.tif	AID_50/train/Farmland/farmland_21.tif
train	Farmland	10	farmland_213.tif	Farmland/farmland_213.tif	AID_50/train/Farmland/farmland_213.tif
train	Farmland	10	farmland_216.tif	Farmland/farmland_216.tif	AID_50/train/Farmland/farmland_216.tif
train	Farmland	10	farmland_218.tif	Farmland/farmland_218.tif	AID_50/train/Farmland/farmland_218.tif
train	Farmland	10	farmland_219.tif	Farmland/farmland_219.tif	AID_50/train/Farmland/farmland_219.tif
train	Farmland	10	farmland_22.tif	Farmland/farmland_22.tif	AID_50/train/Farmland/farmland_22.tif
train	Farmland	10	farmland_221.tif	Farmland/farmland_221.tif	AID_50/train/Farmland/farmland_221.tif
train	Farmland	10	farmland_222.tif	Farmland/farmland_222.tif	AID_50/train/Farmland/farmland_222.tif
train	Farmland	10	farmland_224.tif	Farmland/farmland_224.tif	AID_50/train/Farmland/farmland_224.tif
train	Farmland	10	farmland_227.tif	Farmland/farmland_227.tif	AID_50/train/Farmland/farmland_227.tif
train	Farmland	10	farmland_23.tif	Farmland/farmland_23.tif	AID_50/train/Farmland/farmland_23.tif
train	Farmland	10	farmland_230.tif	Farmland/farmland_230.tif	AID_50/train/Farmland/farmland_230.tif
train	Farmland	10	farmland_234.tif	Farmland/farmland_234.tif	AID_50/train/Farmland/farmland_234.tif
train	Farmland	10	farmland_237.tif	Farmland/farmland_237.tif	AID_50/train/Farmland/farmland_237.tif
train	Farmland	10	farmland_240.tif	Farmland/farmland_240.tif	AID_50/train/Farmland/farmland_240.tif
train	Farmland	10	farmland_242.tif	Farmland/farmland_242.tif	AID_50/train/Farmland/farmland_242.tif
train	Farmland	10	farmland_243.tif	Farmland/farmland_243.tif	AID_50/train/Farmland/farmland_243.tif
train	Farmland	10	farmland_245.tif	Farmland/farmland_245.tif	AID_50/train/Farmland/farmland_245.tif
train	Farmland	10	farmland_247.tif	Farmland/farmland_247.tif	AID_50/train/Farmland/farmland_247.tif
train	Farmland	10	farmland_248.tif	Farmland/farmland_248.tif	AID_50/train/Farmland/farmland_248.tif
train	Farmland	10	farmland_249.tif	Farmland/farmland_249.tif	AID_50/train/Farmland/farmland_249.tif
train	Farmland	10	farmland_25.tif	Farmland/farmland_25.tif	AID_50/train/Farmland/farmland_25.tif
train	Farmland	10	farmland_250.tif	Farmland/farmland_250.tif	AID_50/train/Farmland/farmland_250.tif
train	Farmland	10	farmland_254.tif	Farmland/farmland_254.tif	AID_50/train/Farmland/farmland_254.tif
train	Farmland	10	farmland_258.tif	Farmland/farmland_258.tif	AID_50/train/Farmland/farmland_258.tif
train	Farmland	10	farmland_262.tif	Farmland/farmland_262.tif	AID_50/train/Farmland/farmland_262.tif
train	Farmland	10	farmland_264.tif	Farmland/farmland_264.tif	AID_50/train/Farmland/farmland_264.tif
train	Farmland	10	farmland_266.tif	Farmland/farmland_266.tif	AID_50/train/Farmland/farmland_266.tif
train	Farmland	10	farmland_269.tif	Farmland/farmland_269.tif	AID_50/train/Farmland/farmland_269.tif
train	Farmland	10	farmland_27.tif	Farmland/farmland_27.tif	AID_50/train/Farmland/farmland_27.tif
train	Farmland	10	farmland_270.tif	Farmland/farmland_270.tif	AID_50/train/Farmland/farmland_270.tif
train	Farmland	10	farmland_271.tif	Farmland/farmland_271.tif	AID_50/train/Farmland/farmland_271.tif
train	Farmland	10	farmland_272.tif	Farmland/farmland_272.tif	AID_50/train/Farmland/farmland_272.tif
train	Farmland	10	farmland_274.tif	Farmland/farmland_274.tif	AID_50/train/Farmland/farmland_274.tif
train	Farmland	10	farmland_275.tif	Farmland/farmland_275.tif	AID_50/train/Farmland/farmland_275.tif
train	Farmland	10	farmland_277.tif	Farmland/farmland_277.tif	AID_50/train/Farmland/farmland_277.tif
train	Farmland	10	farmland_278.tif	Farmland/farmland_278.tif	AID_50/train/Farmland/farmland_278.tif
train	Farmland	10	farmland_279.tif	Farmland/farmland_279.tif	AID_50/train/Farmland/farmland_279.tif
train	Farmland	10	farmland_281.tif	Farmland/farmland_281.tif	AID_50/train/Farmland/farmland_281.tif
train	Farmland	10	farmland_282.tif	Farmland/farmland_282.tif	AID_50/train/Farmland/farmland_282.tif
train	Farmland	10	farmland_284.tif	Farmland/farmland_284.tif	AID_50/train/Farmland/farmland_284.tif
train	Farmland	10	farmland_285.tif	Farmland/farmland_285.tif	AID_50/train/Farmland/farmland_285.tif
train	Farmland	10	farmland_286.tif	Farmland/farmland_286.tif	AID_50/train/Farmland/farmland_286.tif
train	Farmland	10	farmland_287.tif	Farmland/farmland_287.tif	AID_50/train/Farmland/farmland_287.tif
train	Farmland	10	farmland_288.tif	Farmland/farmland_288.tif	AID_50/train/Farmland/farmland_288.tif
train	Farmland	10	farmland_290.tif	Farmland/farmland_290.tif	AID_50/train/Farmland/farmland_290.tif
train	Farmland	10	farmland_292.tif	Farmland/farmland_292.tif	AID_50/train/Farmland/farmland_292.tif
train	Farmland	10	farmland_293.tif	Farmland/farmland_293.tif	AID_50/train/Farmland/farmland_293.tif
train	Farmland	10	farmland_294.tif	Farmland/farmland_294.tif	AID_50/train/Farmland/farmland_294.tif
train	Farmland	10	farmland_295.tif	Farmland/farmland_295.tif	AID_50/train/Farmland/farmland_295.tif
train	Farmland	10	farmland_296.tif	Farmland/farmland_296.tif	AID_50/train/Farmland/farmland_296.tif
train	Farmland	10	farmland_3.tif	Farmland/farmland_3.tif	AID_50/train/Farmland/farmland_3.tif
train	Farmland	10	farmland_30.tif	Farmland/farmland_30.tif	AID_50/train/Farmland/farmland_30.tif
train	Farmland	10	farmland_301.tif	Farmland/farmland_301.tif	AID_50/train/Farmland/farmland_301.tif
train	Farmland	10	farmland_302.tif	Farmland/farmland_302.tif	AID_50/train/Farmland/farmland_302.tif
train	Farmland	10	farmland_303.tif	Farmland/farmland_303.tif	AID_50/train/Farmland/farmland_303.tif
train	Farmland	10	farmland_304.tif	Farmland/farmland_304.tif	AID_50/train/Farmland/farmland_304.tif
train	Farmland	10	farmland_305.tif	Farmland/farmland_305.tif	AID_50/train/Farmland/farmland_305.tif
train	Farmland	10	farmland_310.tif	Farmland/farmland_310.tif	AID_50/train/Farmland/farmland_310.tif
train	Farmland	10	farmland_314.tif	Farmland/farmland_314.tif	AID_50/train/Farmland/farmland_314.tif
train	Farmland	10	farmland_315.tif	Farmland/farmland_315.tif	AID_50/train/Farmland/farmland_315.tif
train	Farmland	10	farmland_318.tif	Farmland/farmland_318.tif	AID_50/train/Farmland/farmland_318.tif
train	Farmland	10	farmland_320.tif	Farmland/farmland_320.tif	AID_50/train/Farmland/farmland_320.tif
train	Farmland	10	farmland_322.tif	Farmland/farmland_322.tif	AID_50/train/Farmland/farmland_322.tif
train	Farmland	10	farmland_326.tif	Farmland/farmland_326.tif	AID_50/train/Farmland/farmland_326.tif
train	Farmland	10	farmland_327.tif	Farmland/farmland_327.tif	AID_50/train/Farmland/farmland_327.tif
train	Farmland	10	farmland_33.tif	Farmland/farmland_33.tif	AID_50/train/Farmland/farmland_33.tif
train	Farmland	10	farmland_331.tif	Farmland/farmland_331.tif	AID_50/train/Farmland/farmland_331.tif
train	Farmland	10	farmland_332.tif	Farmland/farmland_332.tif	AID_50/train/Farmland/farmland_332.tif
train	Farmland	10	farmland_334.tif	Farmland/farmland_334.tif	AID_50/train/Farmland/farmland_334.tif
train	Farmland	10	farmland_335.tif	Farmland/farmland_335.tif	AID_50/train/Farmland/farmland_335.tif
train	Farmland	10	farmland_337.tif	Farmland/farmland_337.tif	AID_50/train/Farmland/farmland_337.tif
train	Farmland	10	farmland_34.tif	Farmland/farmland_34.tif	AID_50/train/Farmland/farmland_34.tif
train	Farmland	10	farmland_342.tif	Farmland/farmland_342.tif	AID_50/train/Farmland/farmland_342.tif
train	Farmland	10	farmland_343.tif	Farmland/farmland_343.tif	AID_50/train/Farmland/farmland_343.tif
train	Farmland	10	farmland_344.tif	Farmland/farmland_344.tif	AID_50/train/Farmland/farmland_344.tif
train	Farmland	10	farmland_345.tif	Farmland/farmland_345.tif	AID_50/train/Farmland/farmland_345.tif
train	Farmland	10	farmland_346.tif	Farmland/farmland_346.tif	AID_50/train/Farmland/farmland_346.tif
train	Farmland	10	farmland_348.tif	Farmland/farmland_348.tif	AID_50/train/Farmland/farmland_348.tif
train	Farmland	10	farmland_352.tif	Farmland/farmland_352.tif	AID_50/train/Farmland/farmland_352.tif
train	Farmland	10	farmland_354.tif	Farmland/farmland_354.tif	AID_50/train/Farmland/farmland_354.tif
train	Farmland	10	farmland_355.tif	Farmland/farmland_355.tif	AID_50/train/Farmland/farmland_355.tif
train	Farmland	10	farmland_357.tif	Farmland/farmland_357.tif	AID_50/train/Farmland/farmland_357.tif
train	Farmland	10	farmland_358.tif	Farmland/farmland_358.tif	AID_50/train/Farmland/farmland_358.tif
train	Farmland	10	farmland_359.tif	Farmland/farmland_359.tif	AID_50/train/Farmland/farmland_359.tif
train	Farmland	10	farmland_36.tif	Farmland/farmland_36.tif	AID_50/train/Farmland/farmland_36.tif
train	Farmland	10	farmland_361.tif	Farmland/farmland_361.tif	AID_50/train/Farmland/farmland_361.tif
train	Farmland	10	farmland_363.tif	Farmland/farmland_363.tif	AID_50/train/Farmland/farmland_363.tif
train	Farmland	10	farmland_364.tif	Farmland/farmland_364.tif	AID_50/train/Farmland/farmland_364.tif
train	Farmland	10	farmland_367.tif	Farmland/farmland_367.tif	AID_50/train/Farmland/farmland_367.tif
train	Farmland	10	farmland_370.tif	Farmland/farmland_370.tif	AID_50/train/Farmland/farmland_370.tif
train	Farmland	10	farmland_38.tif	Farmland/farmland_38.tif	AID_50/train/Farmland/farmland_38.tif
train	Farmland	10	farmland_39.tif	Farmland/farmland_39.tif	AID_50/train/Farmland/farmland_39.tif
train	Farmland	10	farmland_42.tif	Farmland/farmland_42.tif	AID_50/train/Farmland/farmland_42.tif
train	Farmland	10	farmland_43.tif	Farmland/farmland_43.tif	AID_50/train/Farmland/farmland_43.tif
train	Farmland	10	farmland_44.tif	Farmland/farmland_44.tif	AID_50/train/Farmland/farmland_44.tif
train	Farmland	10	farmland_45.tif	Farmland/farmland_45.tif	AID_50/train/Farmland/farmland_45.tif
train	Farmland	10	farmland_46.tif	Farmland/farmland_46.tif	AID_50/train/Farmland/farmland_46.tif
train	Farmland	10	farmland_47.tif	Farmland/farmland_47.tif	AID_50/train/Farmland/farmland_47.tif
train	Farmland	10	farmland_48.tif	Farmland/farmland_48.tif	AID_50/train/Farmland/farmland_48.tif
train	Farmland	10	farmland_49.tif	Farmland/farmland_49.tif	AID_50/train/Farmland/farmland_49.tif
train	Farmland	10	farmland_5.tif	Farmland/farmland_5.tif	AID_50/train/Farmland/farmland_5.tif
train	Farmland	10	farmland_50.tif	Farmland/farmland_50.tif	AID_50/train/Farmland/farmland_50.tif
train	Farmland	10	farmland_53.tif	Farmland/farmland_53.tif	AID_50/train/Farmland/farmland_53.tif
train	Farmland	10	farmland_56.tif	Farmland/farmland_56.tif	AID_50/train/Farmland/farmland_56.tif
train	Farmland	10	farmland_58.tif	Farmland/farmland_58.tif	AID_50/train/Farmland/farmland_58.tif
train	Farmland	10	farmland_6.tif	Farmland/farmland_6.tif	AID_50/train/Farmland/farmland_6.tif
train	Farmland	10	farmland_62.tif	Farmland/farmland_62.tif	AID_50/train/Farmland/farmland_62.tif
train	Farmland	10	farmland_64.tif	Farmland/farmland_64.tif	AID_50/train/Farmland/farmland_64.tif
train	Farmland	10	farmland_66.tif	Farmland/farmland_66.tif	AID_50/train/Farmland/farmland_66.tif
train	Farmland	10	farmland_67.tif	Farmland/farmland_67.tif	AID_50/train/Farmland/farmland_67.tif
train	Farmland	10	farmland_68.tif	Farmland/farmland_68.tif	AID_50/train/Farmland/farmland_68.tif
train	Farmland	10	farmland_7.tif	Farmland/farmland_7.tif	AID_50/train/Farmland/farmland_7.tif
train	Farmland	10	farmland_70.tif	Farmland/farmland_70.tif	AID_50/train/Farmland/farmland_70.tif
train	Farmland	10	farmland_72.tif	Farmland/farmland_72.tif	AID_50/train/Farmland/farmland_72.tif
train	Farmland	10	farmland_74.tif	Farmland/farmland_74.tif	AID_50/train/Farmland/farmland_74.tif
train	Farmland	10	farmland_84.tif	Farmland/farmland_84.tif	AID_50/train/Farmland/farmland_84.tif
train	Farmland	10	farmland_86.tif	Farmland/farmland_86.tif	AID_50/train/Farmland/farmland_86.tif
train	Farmland	10	farmland_9.tif	Farmland/farmland_9.tif	AID_50/train/Farmland/farmland_9.tif
train	Farmland	10	farmland_91.tif	Farmland/farmland_91.tif	AID_50/train/Farmland/farmland_91.tif
train	Farmland	10	farmland_93.tif	Farmland/farmland_93.tif	AID_50/train/Farmland/farmland_93.tif
train	Farmland	10	farmland_94.tif	Farmland/farmland_94.tif	AID_50/train/Farmland/farmland_94.tif
train	Farmland	10	farmland_98.tif	Farmland/farmland_98.tif	AID_50/train/Farmland/farmland_98.tif
train	Forest	11	forest_1.tif	Forest/forest_1.tif	AID_50/train/Forest/forest_1.tif
train	Forest	11	forest_100.tif	Forest/forest_100.tif	AID_50/train/Forest/forest_100.tif
train	Forest	11	forest_101.tif	Forest/forest_101.tif	AID_50/train/Forest/forest_101.tif
train	Forest	11	forest_102.tif	Forest/forest_102.tif	AID_50/train/Forest/forest_102.tif
train	Forest	11	forest_103.tif	Forest/forest_103.tif	AID_50/train/Forest/forest_103.tif
train	Forest	11	forest_108.tif	Forest/forest_108.tif	AID_50/train/Forest/forest_108.tif
train	Forest	11	forest_11.tif	Forest/forest_11.tif	AID_50/train/Forest/forest_11.tif
train	Forest	11	forest_110.tif	Forest/forest_110.tif	AID_50/train/Forest/forest_110.tif
train	Forest	11	forest_111.tif	Forest/forest_111.tif	AID_50/train/Forest/forest_111.tif
train	Forest	11	forest_116.tif	Forest/forest_116.tif	AID_50/train/Forest/forest_116.tif
train	Forest	11	forest_117.tif	Forest/forest_117.tif	AID_50/train/Forest/forest_117.tif
train	Forest	11	forest_118.tif	Forest/forest_118.tif	AID_50/train/Forest/forest_118.tif
train	Forest	11	forest_12.tif	Forest/forest_12.tif	AID_50/train/Forest/forest_12.tif
train	Forest	11	forest_121.tif	Forest/forest_121.tif	AID_50/train/Forest/forest_121.tif
train	Forest	11	forest_124.tif	Forest/forest_124.tif	AID_50/train/Forest/forest_124.tif
train	Forest	11	forest_126.tif	Forest/forest_126.tif	AID_50/train/Forest/forest_126.tif
train	Forest	11	forest_127.tif	Forest/forest_127.tif	AID_50/train/Forest/forest_127.tif
train	Forest	11	forest_128.tif	Forest/forest_128.tif	AID_50/train/Forest/forest_128.tif
train	Forest	11	forest_131.tif	Forest/forest_131.tif	AID_50/train/Forest/forest_131.tif
train	Forest	11	forest_132.tif	Forest/forest_132.tif	AID_50/train/Forest/forest_132.tif
train	Forest	11	forest_134.tif	Forest/forest_134.tif	AID_50/train/Forest/forest_134.tif
train	Forest	11	forest_137.tif	Forest/forest_137.tif	AID_50/train/Forest/forest_137.tif
train	Forest	11	forest_138.tif	Forest/forest_138.tif	AID_50/train/Forest/forest_138.tif
train	Forest	11	forest_14.tif	Forest/forest_14.tif	AID_50/train/Forest/forest_14.tif
train	Forest	11	forest_149.tif	Forest/forest_149.tif	AID_50/train/Forest/forest_149.tif
train	Forest	11	forest_15.tif	Forest/forest_15.tif	AID_50/train/Forest/forest_15.tif
train	Forest	11	forest_151.tif	Forest/forest_151.tif	AID_50/train/Forest/forest_151.tif
train	Forest	11	forest_154.tif	Forest/forest_154.tif	AID_50/train/Forest/forest_154.tif
train	Forest	11	forest_155.tif	Forest/forest_155.tif	AID_50/train/Forest/forest_155.tif
train	Forest	11	forest_156.tif	Forest/forest_156.tif	AID_50/train/Forest/forest_156.tif
train	Forest	11	forest_158.tif	Forest/forest_158.tif	AID_50/train/Forest/forest_158.tif
train	Forest	11	forest_16.tif	Forest/forest_16.tif	AID_50/train/Forest/forest_16.tif
train	Forest	11	forest_160.tif	Forest/forest_160.tif	AID_50/train/Forest/forest_160.tif
train	Forest	11	forest_161.tif	Forest/forest_161.tif	AID_50/train/Forest/forest_161.tif
train	Forest	11	forest_162.tif	Forest/forest_162.tif	AID_50/train/Forest/forest_162.tif
train	Forest	11	forest_164.tif	Forest/forest_164.tif	AID_50/train/Forest/forest_164.tif
train	Forest	11	forest_166.tif	Forest/forest_166.tif	AID_50/train/Forest/forest_166.tif
train	Forest	11	forest_167.tif	Forest/forest_167.tif	AID_50/train/Forest/forest_167.tif
train	Forest	11	forest_168.tif	Forest/forest_168.tif	AID_50/train/Forest/forest_168.tif
train	Forest	11	forest_17.tif	Forest/forest_17.tif	AID_50/train/Forest/forest_17.tif
train	Forest	11	forest_170.tif	Forest/forest_170.tif	AID_50/train/Forest/forest_170.tif
train	Forest	11	forest_172.tif	Forest/forest_172.tif	AID_50/train/Forest/forest_172.tif
train	Forest	11	forest_174.tif	Forest/forest_174.tif	AID_50/train/Forest/forest_174.tif
train	Forest	11	forest_175.tif	Forest/forest_175.tif	AID_50/train/Forest/forest_175.tif
train	Forest	11	forest_176.tif	Forest/forest_176.tif	AID_50/train/Forest/forest_176.tif
train	Forest	11	forest_179.tif	Forest/forest_179.tif	AID_50/train/Forest/forest_179.tif
train	Forest	11	forest_183.tif	Forest/forest_183.tif	AID_50/train/Forest/forest_183.tif
train	Forest	11	forest_184.tif	Forest/forest_184.tif	AID_50/train/Forest/forest_184.tif
train	Forest	11	forest_187.tif	Forest/forest_187.tif	AID_50/train/Forest/forest_187.tif
train	Forest	11	forest_189.tif	Forest/forest_189.tif	AID_50/train/Forest/forest_189.tif
train	Forest	11	forest_190.tif	Forest/forest_190.tif	AID_50/train/Forest/forest_190.tif
train	Forest	11	forest_191.tif	Forest/forest_191.tif	AID_50/train/Forest/forest_191.tif
train	Forest	11	forest_194.tif	Forest/forest_194.tif	AID_50/train/Forest/forest_194.tif
train	Forest	11	forest_195.tif	Forest/forest_195.tif	AID_50/train/Forest/forest_195.tif
train	Forest	11	forest_197.tif	Forest/forest_197.tif	AID_50/train/Forest/forest_197.tif
train	Forest	11	forest_198.tif	Forest/forest_198.tif	AID_50/train/Forest/forest_198.tif
train	Forest	11	forest_199.tif	Forest/forest_199.tif	AID_50/train/Forest/forest_199.tif
train	Forest	11	forest_201.tif	Forest/forest_201.tif	AID_50/train/Forest/forest_201.tif
train	Forest	11	forest_203.tif	Forest/forest_203.tif	AID_50/train/Forest/forest_203.tif
train	Forest	11	forest_205.tif	Forest/forest_205.tif	AID_50/train/Forest/forest_205.tif
train	Forest	11	forest_206.tif	Forest/forest_206.tif	AID_50/train/Forest/forest_206.tif
train	Forest	11	forest_209.tif	Forest/forest_209.tif	AID_50/train/Forest/forest_209.tif
train	Forest	11	forest_210.tif	Forest/forest_210.tif	AID_50/train/Forest/forest_210.tif
train	Forest	11	forest_212.tif	Forest/forest_212.tif	AID_50/train/Forest/forest_212.tif
train	Forest	11	forest_216.tif	Forest/forest_216.tif	AID_50/train/Forest/forest_216.tif
train	Forest	11	forest_217.tif	Forest/forest_217.tif	AID_50/train/Forest/forest_217.tif
train	Forest	11	forest_218.tif	Forest/forest_218.tif	AID_50/train/Forest/forest_218.tif
train	Forest	11	forest_219.tif	Forest/forest_219.tif	AID_50/train/Forest/forest_219.tif
train	Forest	11	forest_221.tif	Forest/forest_221.tif	AID_50/train/Forest/forest_221.tif
train	Forest	11	forest_222.tif	Forest/forest_222.tif	AID_50/train/Forest/forest_222.tif
train	Forest	11	forest_223.tif	Forest/forest_223.tif	AID_50/train/Forest/forest_223.tif
train	Forest	11	forest_225.tif	Forest/forest_225.tif	AID_50/train/Forest/forest_225.tif
train	Forest	11	forest_226.tif	Forest/forest_226.tif	AID_50/train/Forest/forest_226.tif
train	Forest	11	forest_228.tif	Forest/forest_228.tif	AID_50/train/Forest/forest_228.tif
train	Forest	11	forest_235.tif	Forest/forest_235.tif	AID_50/train/Forest/forest_235.tif
train	Forest	11	forest_236.tif	Forest/forest_236.tif	AID_50/train/Forest/forest_236.tif
train	Forest	11	forest_238.tif	Forest/forest_238.tif	AID_50/train/Forest/forest_238.tif
train	Forest	11	forest_240.tif	Forest/forest_240.tif	AID_50/train/Forest/forest_240.tif
train	Forest	11	forest_243.tif	Forest/forest_243.tif	AID_50/train/Forest/forest_243.tif
train	Forest	11	forest_245.tif	Forest/forest_245.tif	AID_50/train/Forest/forest_245.tif
train	Forest	11	forest_247.tif	Forest/forest_247.tif	AID_50/train/Forest/forest_247.tif
train	Forest	11	forest_26.tif	Forest/forest_26.tif	AID_50/train/Forest/forest_26.tif
train	Forest	11	forest_28.tif	Forest/forest_28.tif	AID_50/train/Forest/forest_28.tif
train	Forest	11	forest_29.tif	Forest/forest_29.tif	AID_50/train/Forest/forest_29.tif
train	Forest	11	forest_30.tif	Forest/forest_30.tif	AID_50/train/Forest/forest_30.tif
train	Forest	11	forest_31.tif	Forest/forest_31.tif	AID_50/train/Forest/forest_31.tif
train	Forest	11	forest_32.tif	Forest/forest_32.tif	AID_50/train/Forest/forest_32.tif
train	Forest	11	forest_33.tif	Forest/forest_33.tif	AID_50/train/Forest/forest_33.tif
train	Forest	11	forest_35.tif	Forest/forest_35.tif	AID_50/train/Forest/forest_35.tif
train	Forest	11	forest_36.tif	Forest/forest_36.tif	AID_50/train/Forest/forest_36.tif
train	Forest	11	forest_38.tif	Forest/forest_38.tif	AID_50/train/Forest/forest_38.tif
train	Forest	11	forest_40.tif	Forest/forest_40.tif	AID_50/train/Forest/forest_40.tif
train	Forest	11	forest_44.tif	Forest/forest_44.tif	AID_50/train/Forest/forest_44.tif
train	Forest	11	forest_45.tif	Forest/forest_45.tif	AID_50/train/Forest/forest_45.tif
train	Forest	11	forest_46.tif	Forest/forest_46.tif	AID_50/train/Forest/forest_46.tif
train	Forest	11	forest_47.tif	Forest/forest_47.tif	AID_50/train/Forest/forest_47.tif
train	Forest	11	forest_58.tif	Forest/forest_58.tif	AID_50/train/Forest/forest_58.tif
train	Forest	11	forest_6.tif	Forest/forest_6.tif	AID_50/train/Forest/forest_6.tif
train	Forest	11	forest_60.tif	Forest/forest_60.tif	AID_50/train/Forest/forest_60.tif
train	Forest	11	forest_62.tif	Forest/forest_62.tif	AID_50/train/Forest/forest_62.tif
train	Forest	11	forest_63.tif	Forest/forest_63.tif	AID_50/train/Forest/forest_63.tif
train	Forest	11	forest_64.tif	Forest/forest_64.tif	AID_50/train/Forest/forest_64.tif
train	Forest	11	forest_68.tif	Forest/forest_68.tif	AID_50/train/Forest/forest_68.tif
train	Forest	11	forest_69.tif	Forest/forest_69.tif	AID_50/train/Forest/forest_69.tif
train	Forest	11	forest_7.tif	Forest/forest_7.tif	AID_50/train/Forest/forest_7.tif
train	Forest	11	forest_70.tif	Forest/forest_70.tif	AID_50/train/Forest/forest_70.tif
train	Forest	11	forest_73.tif	Forest/forest_73.tif	AID_50/train/Forest/forest_73.tif
train	Forest	11	forest_74.tif	Forest/forest_74.tif	AID_50/train/Forest/forest_74.tif
train	Forest	11	forest_77.tif	Forest/forest_77.tif	AID_50/train/Forest/forest_77.tif
train	Forest	11	forest_79.tif	Forest/forest_79.tif	AID_50/train/Forest/forest_79.tif
train	Forest	11	forest_8.tif	Forest/forest_8.tif	AID_50/train/Forest/forest_8.tif
train	Forest	11	forest_80.tif	Forest/forest_80.tif	AID_50/train/Forest/forest_80.tif
train	Forest	11	forest_82.tif	Forest/forest_82.tif	AID_50/train/Forest/forest_82.tif
train	Forest	11	forest_83.tif	Forest/forest_83.tif	AID_50/train/Forest/forest_83.tif
train	Forest	11	forest_85.tif	Forest/forest_85.tif	AID_50/train/Forest/forest_85.tif
train	Forest	11	forest_87.tif	Forest/forest_87.tif	AID_50/train/Forest/forest_87.tif
train	Forest	11	forest_89.tif	Forest/forest_89.tif	AID_50/train/Forest/forest_89.tif
train	Forest	11	forest_9.tif	Forest/forest_9.tif	AID_50/train/Forest/forest_9.tif
train	Forest	11	forest_90.tif	Forest/forest_90.tif	AID_50/train/Forest/forest_90.tif
train	Forest	11	forest_91.tif	Forest/forest_91.tif	AID_50/train/Forest/forest_91.tif
train	Forest	11	forest_92.tif	Forest/forest_92.tif	AID_50/train/Forest/forest_92.tif
train	Forest	11	forest_93.tif	Forest/forest_93.tif	AID_50/train/Forest/forest_93.tif
train	Forest	11	forest_94.tif	Forest/forest_94.tif	AID_50/train/Forest/forest_94.tif
train	Forest	11	forest_95.tif	Forest/forest_95.tif	AID_50/train/Forest/forest_95.tif
train	Forest	11	forest_97.tif	Forest/forest_97.tif	AID_50/train/Forest/forest_97.tif
train	Industrial	12	industrial_1.tif	Industrial/industrial_1.tif	AID_50/train/Industrial/industrial_1.tif
train	Industrial	12	industrial_10.tif	Industrial/industrial_10.tif	AID_50/train/Industrial/industrial_10.tif
train	Industrial	12	industrial_101.tif	Industrial/industrial_101.tif	AID_50/train/Industrial/industrial_101.tif
train	Industrial	12	industrial_103.tif	Industrial/industrial_103.tif	AID_50/train/Industrial/industrial_103.tif
train	Industrial	12	industrial_106.tif	Industrial/industrial_106.tif	AID_50/train/Industrial/industrial_106.tif
train	Industrial	12	industrial_109.tif	Industrial/industrial_109.tif	AID_50/train/Industrial/industrial_109.tif
train	Industrial	12	industrial_118.tif	Industrial/industrial_118.tif	AID_50/train/Industrial/industrial_118.tif
train	Industrial	12	industrial_12.tif	Industrial/industrial_12.tif	AID_50/train/Industrial/industrial_12.tif
train	Industrial	12	industrial_120.tif	Industrial/industrial_120.tif	AID_50/train/Industrial/industrial_120.tif
train	Industrial	12	industrial_121.tif	Industrial/industrial_121.tif	AID_50/train/Industrial/industrial_121.tif
train	Industrial	12	industrial_124.tif	Industrial/industrial_124.tif	AID_50/train/Industrial/industrial_124.tif
train	Industrial	12	industrial_127.tif	Industrial/industrial_127.tif	AID_50/train/Industrial/industrial_127.tif
train	Industrial	12	industrial_129.tif	Industrial/industrial_129.tif	AID_50/train/Industrial/industrial_129.tif
train	Industrial	12	industrial_13.tif	Industrial/industrial_13.tif	AID_50/train/Industrial/industrial_13.tif
train	Industrial	12	industrial_130.tif	Industrial/industrial_130.tif	AID_50/train/Industrial/industrial_130.tif
train	Industrial	12	industrial_131.tif	Industrial/industrial_131.tif	AID_50/train/Industrial/industrial_131.tif
train	Industrial	12	industrial_133.tif	Industrial/industrial_133.tif	AID_50/train/Industrial/industrial_133.tif
train	Industrial	12	industrial_136.tif	Industrial/industrial_136.tif	AID_50/train/Industrial/industrial_136.tif
train	Industrial	12	industrial_137.tif	Industrial/industrial_137.tif	AID_50/train/Industrial/industrial_137.tif
train	Industrial	12	industrial_142.tif	Industrial/industrial_142.tif	AID_50/train/Industrial/industrial_142.tif
train	Industrial	12	industrial_143.tif	Industrial/industrial_143.tif	AID_50/train/Industrial/industrial_143.tif
train	Industrial	12	industrial_144.tif	Industrial/industrial_144.tif	AID_50/train/Industrial/industrial_144.tif
train	Industrial	12	industrial_145.tif	Industrial/industrial_145.tif	AID_50/train/Industrial/industrial_145.tif
train	Industrial	12	industrial_146.tif	Industrial/industrial_146.tif	AID_50/train/Industrial/industrial_146.tif
train	Industrial	12	industrial_148.tif	Industrial/industrial_148.tif	AID_50/train/Industrial/industrial_148.tif
train	Industrial	12	industrial_15.tif	Industrial/industrial_15.tif	AID_50/train/Industrial/industrial_15.tif
train	Industrial	12	industrial_150.tif	Industrial/industrial_150.tif	AID_50/train/Industrial/industrial_150.tif
train	Industrial	12	industrial_153.tif	Industrial/industrial_153.tif	AID_50/train/Industrial/industrial_153.tif
train	Industrial	12	industrial_154.tif	Industrial/industrial_154.tif	AID_50/train/Industrial/industrial_154.tif
train	Industrial	12	industrial_158.tif	Industrial/industrial_158.tif	AID_50/train/Industrial/industrial_158.tif
train	Industrial	12	industrial_160.tif	Industrial/industrial_160.tif	AID_50/train/Industrial/industrial_160.tif
train	Industrial	12	industrial_161.tif	Industrial/industrial_161.tif	AID_50/train/Industrial/industrial_161.tif
train	Industrial	12	industrial_163.tif	Industrial/industrial_163.tif	AID_50/train/Industrial/industrial_163.tif
train	Industrial	12	industrial_165.tif	Industrial/industrial_165.tif	AID_50/train/Industrial/industrial_165.tif
train	Industrial	12	industrial_166.tif	Industrial/industrial_166.tif	AID_50/train/Industrial/industrial_166.tif
train	Industrial	12	industrial_167.tif	Industrial/industrial_167.tif	AID_50/train/Industrial/industrial_167.tif
train	Industrial	12	industrial_168.tif	Industrial/industrial_168.tif	AID_50/train/Industrial/industrial_168.tif
train	Industrial	12	industrial_169.tif	Industrial/industrial_169.tif	AID_50/train/Industrial/industrial_169.tif
train	Industrial	12	industrial_17.tif	Industrial/industrial_17.tif	AID_50/train/Industrial/industrial_17.tif
train	Industrial	12	industrial_170.tif	Industrial/industrial_170.tif	AID_50/train/Industrial/industrial_170.tif
train	Industrial	12	industrial_173.tif	Industrial/industrial_173.tif	AID_50/train/Industrial/industrial_173.tif
train	Industrial	12	industrial_175.tif	Industrial/industrial_175.tif	AID_50/train/Industrial/industrial_175.tif
train	Industrial	12	industrial_176.tif	Industrial/industrial_176.tif	AID_50/train/Industrial/industrial_176.tif
train	Industrial	12	industrial_177.tif	Industrial/industrial_177.tif	AID_50/train/Industrial/industrial_177.tif
train	Industrial	12	industrial_178.tif	Industrial/industrial_178.tif	AID_50/train/Industrial/industrial_178.tif
train	Industrial	12	industrial_179.tif	Industrial/industrial_179.tif	AID_50/train/Industrial/industrial_179.tif
train	Industrial	12	industrial_18.tif	Industrial/industrial_18.tif	AID_50/train/Industrial/industrial_18.tif
train	Industrial	12	industrial_180.tif	Industrial/industrial_180.tif	AID_50/train/Industrial/industrial_180.tif
train	Industrial	12	industrial_183.tif	Industrial/industrial_183.tif	AID_50/train/Industrial/industrial_183.tif
train	Industrial	12	industrial_185.tif	Industrial/industrial_185.tif	AID_50/train/Industrial/industrial_185.tif
train	Industrial	12	industrial_186.tif	Industrial/industrial_186.tif	AID_50/train/Industrial/industrial_186.tif
train	Industrial	12	industrial_187.tif	Industrial/industrial_187.tif	AID_50/train/Industrial/industrial_187.tif
train	Industrial	12	industrial_188.tif	Industrial/industrial_188.tif	AID_50/train/Industrial/industrial_188.tif
train	Industrial	12	industrial_189.tif	Industrial/industrial_189.tif	AID_50/train/Industrial/industrial_189.tif
train	Industrial	12	industrial_19.tif	Industrial/industrial_19.tif	AID_50/train/Industrial/industrial_19.tif
train	Industrial	12	industrial_190.tif	Industrial/industrial_190.tif	AID_50/train/Industrial/industrial_190.tif
train	Industrial	12	industrial_191.tif	Industrial/industrial_191.tif	AID_50/train/Industrial/industrial_191.tif
train	Industrial	12	industrial_192.tif	Industrial/industrial_192.tif	AID_50/train/Industrial/industrial_192.tif
train	Industrial	12	industrial_195.tif	Industrial/industrial_195.tif	AID_50/train/Industrial/industrial_195.tif
train	Industrial	12	industrial_197.tif	Industrial/industrial_197.tif	AID_50/train/Industrial/industrial_197.tif
train	Industrial	12	industrial_198.tif	Industrial/industrial_198.tif	AID_50/train/Industrial/industrial_198.tif
train	Industrial	12	industrial_2.tif	Industrial/industrial_2.tif	AID_50/train/Industrial/industrial_2.tif
train	Industrial	12	industrial_202.tif	Industrial/industrial_202.tif	AID_50/train/Industrial/industrial_202.tif
train	Industrial	12	industrial_203.tif	Industrial/industrial_203.tif	AID_50/train/Industrial/industrial_203.tif
train	Industrial	12	industrial_204.tif	Industrial/industrial_204.tif	AID_50/train/Industrial/industrial_204.tif
train	Industrial	12	industrial_21.tif	Industrial/industrial_21.tif	AID_50/train/Industrial/industrial_21.tif
train	Industrial	12	industrial_210.tif	Industrial/industrial_210.tif	AID_50/train/Industrial/industrial_210.tif
train	Industrial	12	industrial_216.tif	Industrial/industrial_216.tif	AID_50/train/Industrial/industrial_216.tif
train	Industrial	12	industrial_217.tif	Industrial/industrial_217.tif	AID_50/train/Industrial/industrial_217.tif
train	Industrial	12	industrial_218.tif	Industrial/industrial_218.tif	AID_50/train/Industrial/industrial_218.tif
train	Industrial	12	industrial_220.tif	Industrial/industrial_220.tif	AID_50/train/Industrial/industrial_220.tif
train	Industrial	12	industrial_224.tif	Industrial/industrial_224.tif	AID_50/train/Industrial/industrial_224.tif
train	Industrial	12	industrial_23.tif	Industrial/industrial_23.tif	AID_50/train/Industrial/industrial_23.tif
train	Industrial	12	industrial_230.tif	Industrial/industrial_230.tif	AID_50/train/Industrial/industrial_230.tif
train	Industrial	12	industrial_234.tif	Industrial/industrial_234.tif	AID_50/train/Industrial/industrial_234.tif
train	Industrial	12	industrial_236.tif	Industrial/industrial_236.tif	AID_50/train/Industrial/industrial_236.tif
train	Industrial	12	industrial_239.tif	Industrial/industrial_239.tif	AID_50/train/Industrial/industrial_239.tif
train	Industrial	12	industrial_242.tif	Industrial/industrial_242.tif	AID_50/train/Industrial/industrial_242.tif
train	Industrial	12	industrial_245.tif	Industrial/industrial_245.tif	AID_50/train/Industrial/industrial_245.tif
train	Industrial	12	industrial_248.tif	Industrial/industrial_248.tif	AID_50/train/Industrial/industrial_248.tif
train	Industrial	12	industrial_249.tif	Industrial/industrial_249.tif	AID_50/train/Industrial/industrial_249.tif
train	Industrial	12	industrial_250.tif	Industrial/industrial_250.tif	AID_50/train/Industrial/industrial_250.tif
train	Industrial	12	industrial_251.tif	Industrial/industrial_251.tif	AID_50/train/Industrial/industrial_251.tif
train	Industrial	12	industrial_252.tif	Industrial/industrial_252.tif	AID_50/train/Industrial/industrial_252.tif
train	Industrial	12	industrial_253.tif	Industrial/industrial_253.tif	AID_50/train/Industrial/industrial_253.tif
train	Industrial	12	industrial_255.tif	Industrial/industrial_255.tif	AID_50/train/Industrial/industrial_255.tif
train	Industrial	12	industrial_258.tif	Industrial/industrial_258.tif	AID_50/train/Industrial/industrial_258.tif
train	Industrial	12	industrial_261.tif	Industrial/industrial_261.tif	AID_50/train/Industrial/industrial_261.tif
train	Industrial	12	industrial_262.tif	Industrial/industrial_262.tif	AID_50/train/Industrial/industrial_262.tif
train	Industrial	12	industrial_265.tif	Industrial/industrial_265.tif	AID_50/train/Industrial/industrial_265.tif
train	Industrial	12	industrial_267.tif	Industrial/industrial_267.tif	AID_50/train/Industrial/industrial_267.tif
train	Industrial	12	industrial_269.tif	Industrial/industrial_269.tif	AID_50/train/Industrial/industrial_269.tif
train	Industrial	12	industrial_27.tif	Industrial/industrial_27.tif	AID_50/train/Industrial/industrial_27.tif
train	Industrial	12	industrial_271.tif	Industrial/industrial_271.tif	AID_50/train/Industrial/industrial_271.tif
train	Industrial	12	industrial_272.tif	Industrial/industrial_272.tif	AID_50/train/Industrial/industrial_272.tif
train	Industrial	12	industrial_273.tif	Industrial/industrial_273.tif	AID_50/train/Industrial/industrial_273.tif
train	Industrial	12	industrial_277.tif	Industrial/industrial_277.tif	AID_50/train/Industrial/industrial_277.tif
train	Industrial	12	industrial_279.tif	Industrial/industrial_279.tif	AID_50/train/Industrial/industrial_279.tif
train	Industrial	12	industrial_28.tif	Industrial/industrial_28.tif	AID_50/train/Industrial/industrial_28.tif
train	Industrial	12	industrial_283.tif	Industrial/industrial_283.tif	AID_50/train/Industrial/industrial_283.tif
train	Industrial	12	industrial_284.tif	Industrial/industrial_284.tif	AID_50/train/Industrial/industrial_284.tif
train	Industrial	12	industrial_285.tif	Industrial/industrial_285.tif	AID_50/train/Industrial/industrial_285.tif
train	Industrial	12	industrial_286.tif	Industrial/industrial_286.tif	AID_50/train/Industrial/industrial_286.tif
train	Industrial	12	industrial_287.tif	Industrial/industrial_287.tif	AID_50/train/Industrial/industrial_287.tif
train	Industrial	12	industrial_288.tif	Industrial/industrial_288.tif	AID_50/train/Industrial/industrial_288.tif
train	Industrial	12	industrial_29.tif	Industrial/industrial_29.tif	AID_50/train/Industrial/industrial_29.tif
train	Industrial	12	industrial_290.tif	Industrial/industrial_290.tif	AID_50/train/Industrial/industrial_290.tif
train	Industrial	12	industrial_293.tif	Industrial/industrial_293.tif	AID_50/train/Industrial/industrial_293.tif
train	Industrial	12	industrial_297.tif	Industrial/industrial_297.tif	AID_50/train/Industrial/industrial_297.tif
train	Industrial	12	industrial_30.tif	Industrial/industrial_30.tif	AID_50/train/Industrial/industrial_30.tif
train	Industrial	12	industrial_302.tif	Industrial/industrial_302.tif	AID_50/train/Industrial/industrial_302.tif
train	Industrial	12	industrial_304.tif	Industrial/industrial_304.tif	AID_50/train/Industrial/industrial_304.tif
train	Industrial	12	industrial_307.tif	Industrial/industrial_307.tif	AID_50/train/Industrial/industrial_307.tif
train	Industrial	12	industrial_31.tif	Industrial/industrial_31.tif	AID_50/train/Industrial/industrial_31.tif
train	Industrial	12	industrial_311.tif	Industrial/industrial_311.tif	AID_50/train/Industrial/industrial_311.tif
train	Industrial	12	industrial_313.tif	Industrial/industrial_313.tif	AID_50/train/Industrial/industrial_313.tif
train	Industrial	12	industrial_315.tif	Industrial/industrial_315.tif	AID_50/train/Industrial/industrial_315.tif
train	Industrial	12	industrial_316.tif	Industrial/industrial_316.tif	AID_50/train/Industrial/industrial_316.tif
train	Industrial	12	industrial_317.tif	Industrial/industrial_317.tif	AID_50/train/Industrial/industrial_317.tif
train	Industrial	12	industrial_318.tif	Industrial/industrial_318.tif	AID_50/train/Industrial/industrial_318.tif
train	Industrial	12	industrial_320.tif	Industrial/industrial_320.tif	AID_50/train/Industrial/industrial_320.tif
train	Industrial	12	industrial_323.tif	Industrial/industrial_323.tif	AID_50/train/Industrial/industrial_323.tif
train	Industrial	12	industrial_324.tif	Industrial/industrial_324.tif	AID_50/train/Industrial/industrial_324.tif
train	Industrial	12	industrial_325.tif	Industrial/industrial_325.tif	AID_50/train/Industrial/industrial_325.tif
train	Industrial	12	industrial_328.tif	Industrial/industrial_328.tif	AID_50/train/Industrial/industrial_328.tif
train	Industrial	12	industrial_33.tif	Industrial/industrial_33.tif	AID_50/train/Industrial/industrial_33.tif
train	Industrial	12	industrial_331.tif	Industrial/industrial_331.tif	AID_50/train/Industrial/industrial_331.tif
train	Industrial	12	industrial_332.tif	Industrial/industrial_332.tif	AID_50/train/Industrial/industrial_332.tif
train	Industrial	12	industrial_333.tif	Industrial/industrial_333.tif	AID_50/train/Industrial/industrial_333.tif
train	Industrial	12	industrial_334.tif	Industrial/industrial_334.tif	AID_50/train/Industrial/industrial_334.tif
train	Industrial	12	industrial_335.tif	Industrial/industrial_335.tif	AID_50/train/Industrial/industrial_335.tif
train	Industrial	12	industrial_336.tif	Industrial/industrial_336.tif	AID_50/train/Industrial/industrial_336.tif
train	Industrial	12	industrial_337.tif	Industrial/industrial_337.tif	AID_50/train/Industrial/industrial_337.tif
train	Industrial	12	industrial_34.tif	Industrial/industrial_34.tif	AID_50/train/Industrial/industrial_34.tif
train	Industrial	12	industrial_340.tif	Industrial/industrial_340.tif	AID_50/train/Industrial/industrial_340.tif
train	Industrial	12	industrial_342.tif	Industrial/industrial_342.tif	AID_50/train/Industrial/industrial_342.tif
train	Industrial	12	industrial_343.tif	Industrial/industrial_343.tif	AID_50/train/Industrial/industrial_343.tif
train	Industrial	12	industrial_346.tif	Industrial/industrial_346.tif	AID_50/train/Industrial/industrial_346.tif
train	Industrial	12	industrial_347.tif	Industrial/industrial_347.tif	AID_50/train/Industrial/industrial_347.tif
train	Industrial	12	industrial_348.tif	Industrial/industrial_348.tif	AID_50/train/Industrial/industrial_348.tif
train	Industrial	12	industrial_350.tif	Industrial/industrial_350.tif	AID_50/train/Industrial/industrial_350.tif
train	Industrial	12	industrial_351.tif	Industrial/industrial_351.tif	AID_50/train/Industrial/industrial_351.tif
train	Industrial	12	industrial_352.tif	Industrial/industrial_352.tif	AID_50/train/Industrial/industrial_352.tif
train	Industrial	12	industrial_355.tif	Industrial/industrial_355.tif	AID_50/train/Industrial/industrial_355.tif
train	Industrial	12	industrial_359.tif	Industrial/industrial_359.tif	AID_50/train/Industrial/industrial_359.tif
train	Industrial	12	industrial_36.tif	Industrial/industrial_36.tif	AID_50/train/Industrial/industrial_36.tif
train	Industrial	12	industrial_361.tif	Industrial/industrial_361.tif	AID_50/train/Industrial/industrial_361.tif
train	Industrial	12	industrial_362.tif	Industrial/industrial_362.tif	AID_50/train/Industrial/industrial_362.tif
train	Industrial	12	industrial_364.tif	Industrial/industrial_364.tif	AID_50/train/Industrial/industrial_364.tif
train	Industrial	12	industrial_365.tif	Industrial/industrial_365.tif	AID_50/train/Industrial/industrial_365.tif
train	Industrial	12	industrial_366.tif	Industrial/industrial_366.tif	AID_50/train/Industrial/industrial_366.tif
train	Industrial	12	industrial_369.tif	Industrial/industrial_369.tif	AID_50/train/Industrial/industrial_369.tif
train	Industrial	12	industrial_371.tif	Industrial/industrial_371.tif	AID_50/train/Industrial/industrial_371.tif
train	Industrial	12	industrial_372.tif	Industrial/industrial_372.tif	AID_50/train/Industrial/industrial_372.tif
train	Industrial	12	industrial_373.tif	Industrial/industrial_373.tif	AID_50/train/Industrial/industrial_373.tif
train	Industrial	12	industrial_374.tif	Industrial/industrial_374.tif	AID_50/train/Industrial/industrial_374.tif
train	Industrial	12	industrial_375.tif	Industrial/industrial_375.tif	AID_50/train/Industrial/industrial_375.tif
train	Industrial	12	industrial_38.tif	Industrial/industrial_38.tif	AID_50/train/Industrial/industrial_38.tif
train	Industrial	12	industrial_383.tif	Industrial/industrial_383.tif	AID_50/train/Industrial/industrial_383.tif
train	Industrial	12	industrial_385.tif	Industrial/industrial_385.tif	AID_50/train/Industrial/industrial_385.tif
train	Industrial	12	industrial_387.tif	Industrial/industrial_387.tif	AID_50/train/Industrial/industrial_387.tif
train	Industrial	12	industrial_389.tif	Industrial/industrial_389.tif	AID_50/train/Industrial/industrial_389.tif
train	Industrial	12	industrial_39.tif	Industrial/industrial_39.tif	AID_50/train/Industrial/industrial_39.tif
train	Industrial	12	industrial_390.tif	Industrial/industrial_390.tif	AID_50/train/Industrial/industrial_390.tif
train	Industrial	12	industrial_41.tif	Industrial/industrial_41.tif	AID_50/train/Industrial/industrial_41.tif
train	Industrial	12	industrial_43.tif	Industrial/industrial_43.tif	AID_50/train/Industrial/industrial_43.tif
train	Industrial	12	industrial_44.tif	Industrial/industrial_44.tif	AID_50/train/Industrial/industrial_44.tif
train	Industrial	12	industrial_45.tif	Industrial/industrial_45.tif	AID_50/train/Industrial/industrial_45.tif
train	Industrial	12	industrial_46.tif	Industrial/industrial_46.tif	AID_50/train/Industrial/industrial_46.tif
train	Industrial	12	industrial_47.tif	Industrial/industrial_47.tif	AID_50/train/Industrial/industrial_47.tif
train	Industrial	12	industrial_48.tif	Industrial/industrial_48.tif	AID_50/train/Industrial/industrial_48.tif
train	Industrial	12	industrial_51.tif	Industrial/industrial_51.tif	AID_50/train/Industrial/industrial_51.tif
train	Industrial	12	industrial_54.tif	Industrial/industrial_54.tif	AID_50/train/Industrial/industrial_54.tif
train	Industrial	12	industrial_56.tif	Industrial/industrial_56.tif	AID_50/train/Industrial/industrial_56.tif
train	Industrial	12	industrial_58.tif	Industrial/industrial_58.tif	AID_50/train/Industrial/industrial_58.tif
train	Industrial	12	industrial_59.tif	Industrial/industrial_59.tif	AID_50/train/Industrial/industrial_59.tif
train	Industrial	12	industrial_6.tif	Industrial/industrial_6.tif	AID_50/train/Industrial/industrial_6.tif
train	Industrial	12	industrial_60.tif	Industrial/industrial_60.tif	AID_50/train/Industrial/industrial_60.tif
train	Industrial	12	industrial_61.tif	Industrial/industrial_61.tif	AID_50/train/Industrial/industrial_61.tif
train	Industrial	12	industrial_64.tif	Industrial/industrial_64.tif	AID_50/train/Industrial/industrial_64.tif
train	Industrial	12	industrial_66.tif	Industrial/industrial_66.tif	AID_50/train/Industrial/industrial_66.tif
train	Industrial	12	industrial_68.tif	Industrial/industrial_68.tif	AID_50/train/Industrial/industrial_68.tif
train	Industrial	12	industrial_69.tif	Industrial/industrial_69.tif	AID_50/train/Industrial/industrial_69.tif
train	Industrial	12	industrial_7.tif	Industrial/industrial_7.tif	AID_50/train/Industrial/industrial_7.tif
train	Industrial	12	industrial_70.tif	Industrial/industrial_70.tif	AID_50/train/Industrial/industrial_70.tif
train	Industrial	12	industrial_77.tif	Industrial/industrial_77.tif	AID_50/train/Industrial/industrial_77.tif
train	Industrial	12	industrial_79.tif	Industrial/industrial_79.tif	AID_50/train/Industrial/industrial_79.tif
train	Industrial	12	industrial_83.tif	Industrial/industrial_83.tif	AID_50/train/Industrial/industrial_83.tif
train	Industrial	12	industrial_84.tif	Industrial/industrial_84.tif	AID_50/train/Industrial/industrial_84.tif
train	Industrial	12	industrial_90.tif	Industrial/industrial_90.tif	AID_50/train/Industrial/industrial_90.tif
train	Industrial	12	industrial_91.tif	Industrial/industrial_91.tif	AID_50/train/Industrial/industrial_91.tif
train	Industrial	12	industrial_93.tif	Industrial/industrial_93.tif	AID_50/train/Industrial/industrial_93.tif
train	Industrial	12	industrial_94.tif	Industrial/industrial_94.tif	AID_50/train/Industrial/industrial_94.tif
train	Industrial	12	industrial_95.tif	Industrial/industrial_95.tif	AID_50/train/Industrial/industrial_95.tif
train	Industrial	12	industrial_96.tif	Industrial/industrial_96.tif	AID_50/train/Industrial/industrial_96.tif
train	Meadow	13	meadow_101.tif	Meadow/meadow_101.tif	AID_50/train/Meadow/meadow_101.tif
train	Meadow	13	meadow_102.tif	Meadow/meadow_102.tif	AID_50/train/Meadow/meadow_102.tif
train	Meadow	13	meadow_103.tif	Meadow/meadow_103.tif	AID_50/train/Meadow/meadow_103.tif
train	Meadow	13	meadow_106.tif	Meadow/meadow_106.tif	AID_50/train/Meadow/meadow_106.tif
train	Meadow	13	meadow_109.tif	Meadow/meadow_109.tif	AID_50/train/Meadow/meadow_109.tif
train	Meadow	13	meadow_11.tif	Meadow/meadow_11.tif	AID_50/train/Meadow/meadow_11.tif
train	Meadow	13	meadow_110.tif	Meadow/meadow_110.tif	AID_50/train/Meadow/meadow_110.tif
train	Meadow	13	meadow_111.tif	Meadow/meadow_111.tif	AID_50/train/Meadow/meadow_111.tif
train	Meadow	13	meadow_112.tif	Meadow/meadow_112.tif	AID_50/train/Meadow/meadow_112.tif
train	Meadow	13	meadow_113.tif	Meadow/meadow_113.tif	AID_50/train/Meadow/meadow_113.tif
train	Meadow	13	meadow_12.tif	Meadow/meadow_12.tif	AID_50/train/Meadow/meadow_12.tif
train	Meadow	13	meadow_122.tif	Meadow/meadow_122.tif	AID_50/train/Meadow/meadow_122.tif
train	Meadow	13	meadow_127.tif	Meadow/meadow_127.tif	AID_50/train/Meadow/meadow_127.tif
train	Meadow	13	meadow_13.tif	Meadow/meadow_13.tif	AID_50/train/Meadow/meadow_13.tif
train	Meadow	13	meadow_132.tif	Meadow/meadow_132.tif	AID_50/train/Meadow/meadow_132.tif
train	Meadow	13	meadow_134.tif	Meadow/meadow_134.tif	AID_50/train/Meadow/meadow_134.tif
train	Meadow	13	meadow_136.tif	Meadow/meadow_136.tif	AID_50/train/Meadow/meadow_136.tif
train	Meadow	13	meadow_137.tif	Meadow/meadow_137.tif	AID_50/train/Meadow/meadow_137.tif
train	Meadow	13	meadow_139.tif	Meadow/meadow_139.tif	AID_50/train/Meadow/meadow_139.tif
train	Meadow	13	meadow_14.tif	Meadow/meadow_14.tif	AID_50/train/Meadow/meadow_14.tif
train	Meadow	13	meadow_140.tif	Meadow/meadow_140.tif	AID_50/train/Meadow/meadow_140.tif
train	Meadow	13	meadow_145.tif	Meadow/meadow_145.tif	AID_50/train/Meadow/meadow_145.tif
train	Meadow	13	meadow_149.tif	Meadow/meadow_149.tif	AID_50/train/Meadow/meadow_149.tif
train	Meadow	13	meadow_151.tif	Meadow/meadow_151.tif	AID_50/train/Meadow/meadow_151.tif
train	Meadow	13	meadow_154.tif	Meadow/meadow_154.tif	AID_50/train/Meadow/meadow_154.tif
train	Meadow	13	meadow_156.tif	Meadow/meadow_156.tif	AID_50/train/Meadow/meadow_156.tif
train	Meadow	13	meadow_157.tif	Meadow/meadow_157.tif	AID_50/train/Meadow/meadow_157.tif
train	Meadow	13	meadow_158.tif	Meadow/meadow_158.tif	AID_50/train/Meadow/meadow_158.tif
train	Meadow	13	meadow_160.tif	Meadow/meadow_160.tif	AID_50/train/Meadow/meadow_160.tif
train	Meadow	13	meadow_161.tif	Meadow/meadow_161.tif	AID_50/train/Meadow/meadow_161.tif
train	Meadow	13	meadow_166.tif	Meadow/meadow_166.tif	AID_50/train/Meadow/meadow_166.tif
train	Meadow	13	meadow_168.tif	Meadow/meadow_168.tif	AID_50/train/Meadow/meadow_168.tif
train	Meadow	13	meadow_169.tif	Meadow/meadow_169.tif	AID_50/train/Meadow/meadow_169.tif
train	Meadow	13	meadow_17.tif	Meadow/meadow_17.tif	AID_50/train/Meadow/meadow_17.tif
train	Meadow	13	meadow_170.tif	Meadow/meadow_170.tif	AID_50/train/Meadow/meadow_170.tif
train	Meadow	13	meadow_173.tif	Meadow/meadow_173.tif	AID_50/train/Meadow/meadow_173.tif
train	Meadow	13	meadow_177.tif	Meadow/meadow_177.tif	AID_50/train/Meadow/meadow_177.tif
train	Meadow	13	meadow_178.tif	Meadow/meadow_178.tif	AID_50/train/Meadow/meadow_178.tif
train	Meadow	13	meadow_179.tif	Meadow/meadow_179.tif	AID_50/train/Meadow/meadow_179.tif
train	Meadow	13	meadow_18.tif	Meadow/meadow_18.tif	AID_50/train/Meadow/meadow_18.tif
train	Meadow	13	meadow_182.tif	Meadow/meadow_182.tif	AID_50/train/Meadow/meadow_182.tif
train	Meadow	13	meadow_183.tif	Meadow/meadow_183.tif	AID_50/train/Meadow/meadow_183.tif
train	Meadow	13	meadow_185.tif	Meadow/meadow_185.tif	AID_50/train/Meadow/meadow_185.tif
train	Meadow	13	meadow_187.tif	Meadow/meadow_187.tif	AID_50/train/Meadow/meadow_187.tif
train	Meadow	13	meadow_188.tif	Meadow/meadow_188.tif	AID_50/train/Meadow/meadow_188.tif
train	Meadow	13	meadow_189.tif	Meadow/meadow_189.tif	AID_50/train/Meadow/meadow_189.tif
train	Meadow	13	meadow_19.tif	Meadow/meadow_19.tif	AID_50/train/Meadow/meadow_19.tif
train	Meadow	13	meadow_190.tif	Meadow/meadow_190.tif	AID_50/train/Meadow/meadow_190.tif
train	Meadow	13	meadow_191.tif	Meadow/meadow_191.tif	AID_50/train/Meadow/meadow_191.tif
train	Meadow	13	meadow_192.tif	Meadow/meadow_192.tif	AID_50/train/Meadow/meadow_192.tif
train	Meadow	13	meadow_193.tif	Meadow/meadow_193.tif	AID_50/train/Meadow/meadow_193.tif
train	Meadow	13	meadow_194.tif	Meadow/meadow_194.tif	AID_50/train/Meadow/meadow_194.tif
train	Meadow	13	meadow_195.tif	Meadow/meadow_195.tif	AID_50/train/Meadow/meadow_195.tif
train	Meadow	13	meadow_197.tif	Meadow/meadow_197.tif	AID_50/train/Meadow/meadow_197.tif
train	Meadow	13	meadow_201.tif	Meadow/meadow_201.tif	AID_50/train/Meadow/meadow_201.tif
train	Meadow	13	meadow_202.tif	Meadow/meadow_202.tif	AID_50/train/Meadow/meadow_202.tif
train	Meadow	13	meadow_204.tif	Meadow/meadow_204.tif	AID_50/train/Meadow/meadow_204.tif
train	Meadow	13	meadow_205.tif	Meadow/meadow_205.tif	AID_50/train/Meadow/meadow_205.tif
train	Meadow	13	meadow_206.tif	Meadow/meadow_206.tif	AID_50/train/Meadow/meadow_206.tif
train	Meadow	13	meadow_208.tif	Meadow/meadow_208.tif	AID_50/train/Meadow/meadow_208.tif
train	Meadow	13	meadow_209.tif	Meadow/meadow_209.tif	AID_50/train/Meadow/meadow_209.tif
train	Meadow	13	meadow_21.tif	Meadow/meadow_21.tif	AID_50/train/Meadow/meadow_21.tif
train	Meadow	13	meadow_214.tif	Meadow/meadow_214.tif	AID_50/train/Meadow/meadow_214.tif
train	Meadow	13	meadow_22.tif	Meadow/meadow_22.tif	AID_50/train/Meadow/meadow_22.tif
train	Meadow	13	meadow_220.tif	Meadow/meadow_220.tif	AID_50/train/Meadow/meadow_220.tif
train	Meadow	13	meadow_221.tif	Meadow/meadow_221.tif	AID_50/train/Meadow/meadow_221.tif
train	Meadow	13	meadow_224.tif	Meadow/meadow_224.tif	AID_50/train/Meadow/meadow_224.tif
train	Meadow	13	meadow_225.tif	Meadow/meadow_225.tif	AID_50/train/Meadow/meadow_225.tif
train	Meadow	13	meadow_228.tif	Meadow/meadow_228.tif	AID_50/train/Meadow/meadow_228.tif
train	Meadow	13	meadow_229.tif	Meadow/meadow_229.tif	AID_50/train/Meadow/meadow_229.tif
train	Meadow	13	meadow_232.tif	Meadow/meadow_232.tif	AID_50/train/Meadow/meadow_232.tif
train	Meadow	13	meadow_233.tif	Meadow/meadow_233.tif	AID_50/train/Meadow/meadow_233.tif
train	Meadow	13	meadow_235.tif	Meadow/meadow_235.tif	AID_50/train/Meadow/meadow_235.tif
train	Meadow	13	meadow_238.tif	Meadow/meadow_238.tif	AID_50/train/Meadow/meadow_238.tif
train	Meadow	13	meadow_24.tif	Meadow/meadow_24.tif	AID_50/train/Meadow/meadow_24.tif
train	Meadow	13	meadow_241.tif	Meadow/meadow_241.tif	AID_50/train/Meadow/meadow_241.tif
train	Meadow	13	meadow_242.tif	Meadow/meadow_242.tif	AID_50/train/Meadow/meadow_242.tif
train	Meadow	13	meadow_247.tif	Meadow/meadow_247.tif	AID_50/train/Meadow/meadow_247.tif
train	Meadow	13	meadow_249.tif	Meadow/meadow_249.tif	AID_50/train/Meadow/meadow_249.tif
train	Meadow	13	meadow_250.tif	Meadow/meadow_250.tif	AID_50/train/Meadow/meadow_250.tif
train	Meadow	13	meadow_251.tif	Meadow/meadow_251.tif	AID_50/train/Meadow/meadow_251.tif
train	Meadow	13	meadow_255.tif	Meadow/meadow_255.tif	AID_50/train/Meadow/meadow_255.tif
train	Meadow	13	meadow_257.tif	Meadow/meadow_257.tif	AID_50/train/Meadow/meadow_257.tif
train	Meadow	13	meadow_26.tif	Meadow/meadow_26.tif	AID_50/train/Meadow/meadow_26.tif
train	Meadow	13	meadow_260.tif	Meadow/meadow_260.tif	AID_50/train/Meadow/meadow_260.tif
train	Meadow	13	meadow_262.tif	Meadow/meadow_262.tif	AID_50/train/Meadow/meadow_262.tif
train	Meadow	13	meadow_263.tif	Meadow/meadow_263.tif	AID_50/train/Meadow/meadow_263.tif
train	Meadow	13	meadow_265.tif	Meadow/meadow_265.tif	AID_50/train/Meadow/meadow_265.tif
train	Meadow	13	meadow_266.tif	Meadow/meadow_266.tif	AID_50/train/Meadow/meadow_266.tif
train	Meadow	13	meadow_269.tif	Meadow/meadow_269.tif	AID_50/train/Meadow/meadow_269.tif
train	Meadow	13	meadow_271.tif	Meadow/meadow_271.tif	AID_50/train/Meadow/meadow_271.tif
train	Meadow	13	meadow_274.tif	Meadow/meadow_274.tif	AID_50/train/Meadow/meadow_274.tif
train	Meadow	13	meadow_275.tif	Meadow/meadow_275.tif	AID_50/train/Meadow/meadow_275.tif
train	Meadow	13	meadow_28.tif	Meadow/meadow_28.tif	AID_50/train/Meadow/meadow_28.tif
train	Meadow	13	meadow_29.tif	Meadow/meadow_29.tif	AID_50/train/Meadow/meadow_29.tif
train	Meadow	13	meadow_3.tif	Meadow/meadow_3.tif	AID_50/train/Meadow/meadow_3.tif
train	Meadow	13	meadow_31.tif	Meadow/meadow_31.tif	AID_50/train/Meadow/meadow_31.tif
train	Meadow	13	meadow_32.tif	Meadow/meadow_32.tif	AID_50/train/Meadow/meadow_32.tif
train	Meadow	13	meadow_33.tif	Meadow/meadow_33.tif	AID_50/train/Meadow/meadow_33.tif
train	Meadow	13	meadow_35.tif	Meadow/meadow_35.tif	AID_50/train/Meadow/meadow_35.tif
train	Meadow	13	meadow_41.tif	Meadow/meadow_41.tif	AID_50/train/Meadow/meadow_41.tif
train	Meadow	13	meadow_42.tif	Meadow/meadow_42.tif	AID_50/train/Meadow/meadow_42.tif
train	Meadow	13	meadow_47.tif	Meadow/meadow_47.tif	AID_50/train/Meadow/meadow_47.tif
train	Meadow	13	meadow_48.tif	Meadow/meadow_48.tif	AID_50/train/Meadow/meadow_48.tif
train	Meadow	13	meadow_49.tif	Meadow/meadow_49.tif	AID_50/train/Meadow/meadow_49.tif
train	Meadow	13	meadow_5.tif	Meadow/meadow_5.tif	AID_50/train/Meadow/meadow_5.tif
train	Meadow	13	meadow_51.tif	Meadow/meadow_51.tif	AID_50/train/Meadow/meadow_51.tif
train	Meadow	13	meadow_52.tif	Meadow/meadow_52.tif	AID_50/train/Meadow/meadow_52.tif
train	Meadow	13	meadow_53.tif	Meadow/meadow_53.tif	AID_50/train/Meadow/meadow_53.tif
train	Meadow	13	meadow_54.tif	Meadow/meadow_54.tif	AID_50/train/Meadow/meadow_54.tif
train	Meadow	13	meadow_55.tif	Meadow/meadow_55.tif	AID_50/train/Meadow/meadow_55.tif
train	Meadow	13	meadow_56.tif	Meadow/meadow_56.tif	AID_50/train/Meadow/meadow_56.tif
train	Meadow	13	meadow_57.tif	Meadow/meadow_57.tif	AID_50/train/Meadow/meadow_57.tif
train	Meadow	13	meadow_60.tif	Meadow/meadow_60.tif	AID_50/train/Meadow/meadow_60.tif
train	Meadow	13	meadow_62.tif	Meadow/meadow_62.tif	AID_50/train/Meadow/meadow_62.tif
train	Meadow	13	meadow_64.tif	Meadow/meadow_64.tif	AID_50/train/Meadow/meadow_64.tif
train	Meadow	13	meadow_65.tif	Meadow/meadow_65.tif	AID_50/train/Meadow/meadow_65.tif
train	Meadow	13	meadow_66.tif	Meadow/meadow_66.tif	AID_50/train/Meadow/meadow_66.tif
train	Meadow	13	meadow_67.tif	Meadow/meadow_67.tif	AID_50/train/Meadow/meadow_67.tif
train	Meadow	13	meadow_68.tif	Meadow/meadow_68.tif	AID_50/train/Meadow/meadow_68.tif
train	Meadow	13	meadow_69.tif	Meadow/meadow_69.tif	AID_50/train/Meadow/meadow_69.tif
train	Meadow	13	meadow_7.tif	Meadow/meadow_7.tif	AID_50/train/Meadow/meadow_7.tif
train	Meadow	13	meadow_70.tif	Meadow/meadow_70.tif	AID_50/train/Meadow/meadow_70.tif
train	Meadow	13	meadow_72.tif	Meadow/meadow_72.tif	AID_50/train/Meadow/meadow_72.tif
train	Meadow	13	meadow_73.tif	Meadow/meadow_73.tif	AID_50/train/Meadow/meadow_73.tif
train	Meadow	13	meadow_77.tif	Meadow/meadow_77.tif	AID_50/train/Meadow/meadow_77.tif
train	Meadow	13	meadow_78.tif	Meadow/meadow_78.tif	AID_50/train/Meadow/meadow_78.tif
train	Meadow	13	meadow_79.tif	Meadow/meadow_79.tif	AID_50/train/Meadow/meadow_79.tif
train	Meadow	13	meadow_8.tif	Meadow/meadow_8.tif	AID_50/train/Meadow/meadow_8.tif
train	Meadow	13	meadow_80.tif	Meadow/meadow_80.tif	AID_50/train/Meadow/meadow_80.tif
train	Meadow	13	meadow_84.tif	Meadow/meadow_84.tif	AID_50/train/Meadow/meadow_84.tif
train	Meadow	13	meadow_85.tif	Meadow/meadow_85.tif	AID_50/train/Meadow/meadow_85.tif
train	Meadow	13	meadow_88.tif	Meadow/meadow_88.tif	AID_50/train/Meadow/meadow_88.tif
train	Meadow	13	meadow_9.tif	Meadow/meadow_9.tif	AID_50/train/Meadow/meadow_9.tif
train	Meadow	13	meadow_90.tif	Meadow/meadow_90.tif	AID_50/train/Meadow/meadow_90.tif
train	Meadow	13	meadow_92.tif	Meadow/meadow_92.tif	AID_50/train/Meadow/meadow_92.tif
train	Meadow	13	meadow_94.tif	Meadow/meadow_94.tif	AID_50/train/Meadow/meadow_94.tif
train	Meadow	13	meadow_95.tif	Meadow/meadow_95.tif	AID_50/train/Meadow/meadow_95.tif
train	Meadow	13	meadow_98.tif	Meadow/meadow_98.tif	AID_50/train/Meadow/meadow_98.tif
train	Meadow	13	meadow_99.tif	Meadow/meadow_99.tif	AID_50/train/Meadow/meadow_99.tif
train	MediumResidential	14	mediumresidential_1.tif	MediumResidential/mediumresidential_1.tif	AID_50/train/MediumResidential/mediumresidential_1.tif
train	MediumResidential	14	mediumresidential_103.tif	MediumResidential/mediumresidential_103.tif	AID_50/train/MediumResidential/mediumresidential_103.tif
train	MediumResidential	14	mediumresidential_106.tif	MediumResidential/mediumresidential_106.tif	AID_50/train/MediumResidential/mediumresidential_106.tif
train	MediumResidential	14	mediumresidential_11.tif	MediumResidential/mediumresidential_11.tif	AID_50/train/MediumResidential/mediumresidential_11.tif
train	MediumResidential	14	mediumresidential_110.tif	MediumResidential/mediumresidential_110.tif	AID_50/train/MediumResidential/mediumresidential_110.tif
train	MediumResidential	14	mediumresidential_111.tif	MediumResidential/mediumresidential_111.tif	AID_50/train/MediumResidential/mediumresidential_111.tif
train	MediumResidential	14	mediumresidential_113.tif	MediumResidential/mediumresidential_113.tif	AID_50/train/MediumResidential/mediumresidential_113.tif
train	MediumResidential	14	mediumresidential_114.tif	MediumResidential/mediumresidential_114.tif	AID_50/train/MediumResidential/mediumresidential_114.tif
train	MediumResidential	14	mediumresidential_115.tif	MediumResidential/mediumresidential_115.tif	AID_50/train/MediumResidential/mediumresidential_115.tif
train	MediumResidential	14	mediumresidential_119.tif	MediumResidential/mediumresidential_119.tif	AID_50/train/MediumResidential/mediumresidential_119.tif
train	MediumResidential	14	mediumresidential_12.tif	MediumResidential/mediumresidential_12.tif	AID_50/train/MediumResidential/mediumresidential_12.tif
train	MediumResidential	14	mediumresidential_121.tif	MediumResidential/mediumresidential_121.tif	AID_50/train/MediumResidential/mediumresidential_121.tif
train	MediumResidential	14	mediumresidential_124.tif	MediumResidential/mediumresidential_124.tif	AID_50/train/MediumResidential/mediumresidential_124.tif
train	MediumResidential	14	mediumresidential_126.tif	MediumResidential/mediumresidential_126.tif	AID_50/train/MediumResidential/mediumresidential_126.tif
train	MediumResidential	14	mediumresidential_129.tif	MediumResidential/mediumresidential_129.tif	AID_50/train/MediumResidential/mediumresidential_129.tif
train	MediumResidential	14	mediumresidential_13.tif	MediumResidential/mediumresidential_13.tif	AID_50/train/MediumResidential/mediumresidential_13.tif
train	MediumResidential	14	mediumresidential_135.tif	MediumResidential/mediumresidential_135.tif	AID_50/train/MediumResidential/mediumresidential_135.tif
train	MediumResidential	14	mediumresidential_139.tif	MediumResidential/mediumresidential_139.tif	AID_50/train/MediumResidential/mediumresidential_139.tif
train	MediumResidential	14	mediumresidential_14.tif	MediumResidential/mediumresidential_14.tif	AID_50/train/MediumResidential/mediumresidential_14.tif
train	MediumResidential	14	mediumresidential_140.tif	MediumResidential/mediumresidential_140.tif	AID_50/train/MediumResidential/mediumresidential_140.tif
train	MediumResidential	14	mediumresidential_143.tif	MediumResidential/mediumresidential_143.tif	AID_50/train/MediumResidential/mediumresidential_143.tif
train	MediumResidential	14	mediumresidential_146.tif	MediumResidential/mediumresidential_146.tif	AID_50/train/MediumResidential/mediumresidential_146.tif
train	MediumResidential	14	mediumresidential_148.tif	MediumResidential/mediumresidential_148.tif	AID_50/train/MediumResidential/mediumresidential_148.tif
train	MediumResidential	14	mediumresidential_149.tif	MediumResidential/mediumresidential_149.tif	AID_50/train/MediumResidential/mediumresidential_149.tif
train	MediumResidential	14	mediumresidential_15.tif	MediumResidential/mediumresidential_15.tif	AID_50/train/MediumResidential/mediumresidential_15.tif
train	MediumResidential	14	mediumresidential_151.tif	MediumResidential/mediumresidential_151.tif	AID_50/train/MediumResidential/mediumresidential_151.tif
train	MediumResidential	14	mediumresidential_154.tif	MediumResidential/mediumresidential_154.tif	AID_50/train/MediumResidential/mediumresidential_154.tif
train	MediumResidential	14	mediumresidential_158.tif	MediumResidential/mediumresidential_158.tif	AID_50/train/MediumResidential/mediumresidential_158.tif
train	MediumResidential	14	mediumresidential_159.tif	MediumResidential/mediumresidential_159.tif	AID_50/train/MediumResidential/mediumresidential_159.tif
train	MediumResidential	14	mediumresidential_161.tif	MediumResidential/mediumresidential_161.tif	AID_50/train/MediumResidential/mediumresidential_161.tif
train	MediumResidential	14	mediumresidential_162.tif	MediumResidential/mediumresidential_162.tif	AID_50/train/MediumResidential/mediumresidential_162.tif
train	MediumResidential	14	mediumresidential_163.tif	MediumResidential/mediumresidential_163.tif	AID_50/train/MediumResidential/mediumresidential_163.tif
train	MediumResidential	14	mediumresidential_165.tif	MediumResidential/mediumresidential_165.tif	AID_50/train/MediumResidential/mediumresidential_165.tif
train	MediumResidential	14	mediumresidential_166.tif	MediumResidential/mediumresidential_166.tif	AID_50/train/MediumResidential/mediumresidential_166.tif
train	MediumResidential	14	mediumresidential_168.tif	MediumResidential/mediumresidential_168.tif	AID_50/train/MediumResidential/mediumresidential_168.tif
train	MediumResidential	14	mediumresidential_17.tif	MediumResidential/mediumresidential_17.tif	AID_50/train/MediumResidential/mediumresidential_17.tif
train	MediumResidential	14	mediumresidential_172.tif	MediumResidential/mediumresidential_172.tif	AID_50/train/MediumResidential/mediumresidential_172.tif
train	MediumResidential	14	mediumresidential_174.tif	MediumResidential/mediumresidential_174.tif	AID_50/train/MediumResidential/mediumresidential_174.tif
train	MediumResidential	14	mediumresidential_175.tif	MediumResidential/mediumresidential_175.tif	AID_50/train/MediumResidential/mediumresidential_175.tif
train	MediumResidential	14	mediumresidential_178.tif	MediumResidential/mediumresidential_178.tif	AID_50/train/MediumResidential/mediumresidential_178.tif
train	MediumResidential	14	mediumresidential_179.tif	MediumResidential/mediumresidential_179.tif	AID_50/train/MediumResidential/mediumresidential_179.tif
train	MediumResidential	14	mediumresidential_18.tif	MediumResidential/mediumresidential_18.tif	AID_50/train/MediumResidential/mediumresidential_18.tif
train	MediumResidential	14	mediumresidential_180.tif	MediumResidential/mediumresidential_180.tif	AID_50/train/MediumResidential/mediumresidential_180.tif
train	MediumResidential	14	mediumresidential_181.tif	MediumResidential/mediumresidential_181.tif	AID_50/train/MediumResidential/mediumresidential_181.tif
train	MediumResidential	14	mediumresidential_182.tif	MediumResidential/mediumresidential_182.tif	AID_50/train/MediumResidential/mediumresidential_182.tif
train	MediumResidential	14	mediumresidential_183.tif	MediumResidential/mediumresidential_183.tif	AID_50/train/MediumResidential/mediumresidential_183.tif
train	MediumResidential	14	mediumresidential_188.tif	MediumResidential/mediumresidential_188.tif	AID_50/train/MediumResidential/mediumresidential_188.tif
train	MediumResidential	14	mediumresidential_195.tif	MediumResidential/mediumresidential_195.tif	AID_50/train/MediumResidential/mediumresidential_195.tif
train	MediumResidential	14	mediumresidential_198.tif	MediumResidential/mediumresidential_198.tif	AID_50/train/MediumResidential/mediumresidential_198.tif
train	MediumResidential	14	mediumresidential_199.tif	MediumResidential/mediumresidential_199.tif	AID_50/train/MediumResidential/mediumresidential_199.tif
train	MediumResidential	14	mediumresidential_2.tif	MediumResidential/mediumresidential_2.tif	AID_50/train/MediumResidential/mediumresidential_2.tif
train	MediumResidential	14	mediumresidential_203.tif	MediumResidential/mediumresidential_203.tif	AID_50/train/MediumResidential/mediumresidential_203.tif
train	MediumResidential	14	mediumresidential_204.tif	MediumResidential/mediumresidential_204.tif	AID_50/train/MediumResidential/mediumresidential_204.tif
train	MediumResidential	14	mediumresidential_206.tif	MediumResidential/mediumresidential_206.tif	AID_50/train/MediumResidential/mediumresidential_206.tif
train	MediumResidential	14	mediumresidential_207.tif	MediumResidential/mediumresidential_207.tif	AID_50/train/MediumResidential/mediumresidential_207.tif
train	MediumResidential	14	mediumresidential_214.tif	MediumResidential/mediumresidential_214.tif	AID_50/train/MediumResidential/mediumresidential_214.tif
train	MediumResidential	14	mediumresidential_216.tif	MediumResidential/mediumresidential_216.tif	AID_50/train/MediumResidential/mediumresidential_216.tif
train	MediumResidential	14	mediumresidential_218.tif	MediumResidential/mediumresidential_218.tif	AID_50/train/MediumResidential/mediumresidential_218.tif
train	MediumResidential	14	mediumresidential_222.tif	MediumResidential/mediumresidential_222.tif	AID_50/train/MediumResidential/mediumresidential_222.tif
train	MediumResidential	14	mediumresidential_226.tif	MediumResidential/mediumresidential_226.tif	AID_50/train/MediumResidential/mediumresidential_226.tif
train	MediumResidential	14	mediumresidential_230.tif	MediumResidential/mediumresidential_230.tif	AID_50/train/MediumResidential/mediumresidential_230.tif
train	MediumResidential	14	mediumresidential_232.tif	MediumResidential/mediumresidential_232.tif	AID_50/train/MediumResidential/mediumresidential_232.tif
train	MediumResidential	14	mediumresidential_234.tif	MediumResidential/mediumresidential_234.tif	AID_50/train/MediumResidential/mediumresidential_234.tif
train	MediumResidential	14	mediumresidential_236.tif	MediumResidential/mediumresidential_236.tif	AID_50/train/MediumResidential/mediumresidential_236.tif
train	MediumResidential	14	mediumresidential_239.tif	MediumResidential/mediumresidential_239.tif	AID_50/train/MediumResidential/mediumresidential_239.tif
train	MediumResidential	14	mediumresidential_24.tif	MediumResidential/mediumresidential_24.tif	AID_50/train/MediumResidential/mediumresidential_24.tif
train	MediumResidential	14	mediumresidential_241.tif	MediumResidential/mediumresidential_241.tif	AID_50/train/MediumResidential/mediumresidential_241.tif
train	MediumResidential	14	mediumresidential_243.tif	MediumResidential/mediumresidential_243.tif	AID_50/train/MediumResidential/mediumresidential_243.tif
train	MediumResidential	14	mediumresidential_245.tif	MediumResidential/mediumresidential_245.tif	AID_50/train/MediumResidential/mediumresidential_245.tif
train	MediumResidential	14	mediumresidential_246.tif	MediumResidential/mediumresidential_246.tif	AID_50/train/MediumResidential/mediumresidential_246.tif
train	MediumResidential	14	mediumresidential_25.tif	MediumResidential/mediumresidential_25.tif	AID_50/train/MediumResidential/mediumresidential_25.tif
train	MediumResidential	14	mediumresidential_251.tif	MediumResidential/mediumresidential_251.tif	AID_50/train/MediumResidential/mediumresidential_251.tif
train	MediumResidential	14	mediumresidential_252.tif	MediumResidential/mediumresidential_252.tif	AID_50/train/MediumResidential/mediumresidential_252.tif
train	MediumResidential	14	mediumresidential_253.tif	MediumResidential/mediumresidential_253.tif	AID_50/train/MediumResidential/mediumresidential_253.tif
train	MediumResidential	14	mediumresidential_254.tif	MediumResidential/mediumresidential_254.tif	AID_50/train/MediumResidential/mediumresidential_254.tif
train	MediumResidential	14	mediumresidential_255.tif	MediumResidential/mediumresidential_255.tif	AID_50/train/MediumResidential/mediumresidential_255.tif
train	MediumResidential	14	mediumresidential_256.tif	MediumResidential/mediumresidential_256.tif	AID_50/train/MediumResidential/mediumresidential_256.tif
train	MediumResidential	14	mediumresidential_257.tif	MediumResidential/mediumresidential_257.tif	AID_50/train/MediumResidential/mediumresidential_257.tif
train	MediumResidential	14	mediumresidential_259.tif	MediumResidential/mediumresidential_259.tif	AID_50/train/MediumResidential/mediumresidential_259.tif
train	MediumResidential	14	mediumresidential_26.tif	MediumResidential/mediumresidential_26.tif	AID_50/train/MediumResidential/mediumresidential_26.tif
train	MediumResidential	14	mediumresidential_261.tif	MediumResidential/mediumresidential_261.tif	AID_50/train/MediumResidential/mediumresidential_261.tif
train	MediumResidential	14	mediumresidential_262.tif	MediumResidential/mediumresidential_262.tif	AID_50/train/MediumResidential/mediumresidential_262.tif
train	MediumResidential	14	mediumresidential_264.tif	MediumResidential/mediumresidential_264.tif	AID_50/train/MediumResidential/mediumresidential_264.tif
train	MediumResidential	14	mediumresidential_265.tif	MediumResidential/mediumresidential_265.tif	AID_50/train/MediumResidential/mediumresidential_265.tif
train	MediumResidential	14	mediumresidential_268.tif	MediumResidential/mediumresidential_268.tif	AID_50/train/MediumResidential/mediumresidential_268.tif
train	MediumResidential	14	mediumresidential_269.tif	MediumResidential/mediumresidential_269.tif	AID_50/train/MediumResidential/mediumresidential_269.tif
train	MediumResidential	14	mediumresidential_278.tif	MediumResidential/mediumresidential_278.tif	AID_50/train/MediumResidential/mediumresidential_278.tif
train	MediumResidential	14	mediumresidential_280.tif	MediumResidential/mediumresidential_280.tif	AID_50/train/MediumResidential/mediumresidential_280.tif
train	MediumResidential	14	mediumresidential_281.tif	MediumResidential/mediumresidential_281.tif	AID_50/train/MediumResidential/mediumresidential_281.tif
train	MediumResidential	14	mediumresidential_282.tif	MediumResidential/mediumresidential_282.tif	AID_50/train/MediumResidential/mediumresidential_282.tif
train	MediumResidential	14	mediumresidential_283.tif	MediumResidential/mediumresidential_283.tif	AID_50/train/MediumResidential/mediumresidential_283.tif
train	MediumResidential	14	mediumresidential_288.tif	MediumResidential/mediumresidential_288.tif	AID_50/train/MediumResidential/mediumresidential_288.tif
train	MediumResidential	14	mediumresidential_289.tif	MediumResidential/mediumresidential_289.tif	AID_50/train/MediumResidential/mediumresidential_289.tif
train	MediumResidential	14	mediumresidential_29.tif	MediumResidential/mediumresidential_29.tif	AID_50/train/MediumResidential/mediumresidential_29.tif
train	MediumResidential	14	mediumresidential_3.tif	MediumResidential/mediumresidential_3.tif	AID_50/train/MediumResidential/mediumresidential_3.tif
train	MediumResidential	14	mediumresidential_34.tif	MediumResidential/mediumresidential_34.tif	AID_50/train/MediumResidential/mediumresidential_34.tif
train	MediumResidential	14	mediumresidential_36.tif	MediumResidential/mediumresidential_36.tif	AID_50/train/MediumResidential/mediumresidential_36.tif
train	MediumResidential	14	mediumresidential_37.tif	MediumResidential/mediumresidential_37.tif	AID_50/train/MediumResidential/mediumresidential_37.tif
train	MediumResidential	14	mediumresidential_39.tif	MediumResidential/mediumresidential_39.tif	AID_50/train/MediumResidential/mediumresidential_39.tif
train	MediumResidential	14	mediumresidential_40.tif	MediumResidential/mediumresidential_40.tif	AID_50/train/MediumResidential/mediumresidential_40.tif
train	MediumResidential	14	mediumresidential_41.tif	MediumResidential/mediumresidential_41.tif	AID_50/train/MediumResidential/mediumresidential_41.tif
train	MediumResidential	14	mediumresidential_43.tif	MediumResidential/mediumresidential_43.tif	AID_50/train/MediumResidential/mediumresidential_43.tif
train	MediumResidential	14	mediumresidential_44.tif	MediumResidential/mediumresidential_44.tif	AID_50/train/MediumResidential/mediumresidential_44.tif
train	MediumResidential	14	mediumresidential_45.tif	MediumResidential/mediumresidential_45.tif	AID_50/train/MediumResidential/mediumresidential_45.tif
train	MediumResidential	14	mediumresidential_48.tif	MediumResidential/mediumresidential_48.tif	AID_50/train/MediumResidential/mediumresidential_48.tif
train	MediumResidential	14	mediumresidential_5.tif	MediumResidential/mediumresidential_5.tif	AID_50/train/MediumResidential/mediumresidential_5.tif
train	MediumResidential	14	mediumresidential_50.tif	MediumResidential/mediumresidential_50.tif	AID_50/train/MediumResidential/mediumresidential_50.tif
train	MediumResidential	14	mediumresidential_51.tif	MediumResidential/mediumresidential_51.tif	AID_50/train/MediumResidential/mediumresidential_51.tif
train	MediumResidential	14	mediumresidential_53.tif	MediumResidential/mediumresidential_53.tif	AID_50/train/MediumResidential/mediumresidential_53.tif
train	MediumResidential	14	mediumresidential_56.tif	MediumResidential/mediumresidential_56.tif	AID_50/train/MediumResidential/mediumresidential_56.tif
train	MediumResidential	14	mediumresidential_57.tif	MediumResidential/mediumresidential_57.tif	AID_50/train/MediumResidential/mediumresidential_57.tif
train	MediumResidential	14	mediumresidential_58.tif	MediumResidential/mediumresidential_58.tif	AID_50/train/MediumResidential/mediumresidential_58.tif
train	MediumResidential	14	mediumresidential_6.tif	MediumResidential/mediumresidential_6.tif	AID_50/train/MediumResidential/mediumresidential_6.tif
train	MediumResidential	14	mediumresidential_60.tif	MediumResidential/mediumresidential_60.tif	AID_50/train/MediumResidential/mediumresidential_60.tif
train	MediumResidential	14	mediumresidential_61.tif	MediumResidential/mediumresidential_61.tif	AID_50/train/MediumResidential/mediumresidential_61.tif
train	MediumResidential	14	mediumresidential_62.tif	MediumResidential/mediumresidential_62.tif	AID_50/train/MediumResidential/mediumresidential_62.tif
train	MediumResidential	14	mediumresidential_63.tif	MediumResidential/mediumresidential_63.tif	AID_50/train/MediumResidential/mediumresidential_63.tif
train	MediumResidential	14	mediumresidential_64.tif	MediumResidential/mediumresidential_64.tif	AID_50/train/MediumResidential/mediumresidential_64.tif
train	MediumResidential	14	mediumresidential_65.tif	MediumResidential/mediumresidential_65.tif	AID_50/train/MediumResidential/mediumresidential_65.tif
train	MediumResidential	14	mediumresidential_66.tif	MediumResidential/mediumresidential_66.tif	AID_50/train/MediumResidential/mediumresidential_66.tif
train	MediumResidential	14	mediumresidential_69.tif	MediumResidential/mediumresidential_69.tif	AID_50/train/MediumResidential/mediumresidential_69.tif
train	MediumResidential	14	mediumresidential_7.tif	MediumResidential/mediumresidential_7.tif	AID_50/train/MediumResidential/mediumresidential_7.tif
train	MediumResidential	14	mediumresidential_72.tif	MediumResidential/mediumresidential_72.tif	AID_50/train/MediumResidential/mediumresidential_72.tif
train	MediumResidential	14	mediumresidential_75.tif	MediumResidential/mediumresidential_75.tif	AID_50/train/MediumResidential/mediumresidential_75.tif
train	MediumResidential	14	mediumresidential_76.tif	MediumResidential/mediumresidential_76.tif	AID_50/train/MediumResidential/mediumresidential_76.tif
train	MediumResidential	14	mediumresidential_78.tif	MediumResidential/mediumresidential_78.tif	AID_50/train/MediumResidential/mediumresidential_78.tif
train	MediumResidential	14	mediumresidential_8.tif	MediumResidential/mediumresidential_8.tif	AID_50/train/MediumResidential/mediumresidential_8.tif
train	MediumResidential	14	mediumresidential_80.tif	MediumResidential/mediumresidential_80.tif	AID_50/train/MediumResidential/mediumresidential_80.tif
train	MediumResidential	14	mediumresidential_81.tif	MediumResidential/mediumresidential_81.tif	AID_50/train/MediumResidential/mediumresidential_81.tif
train	MediumResidential	14	mediumresidential_83.tif	MediumResidential/mediumresidential_83.tif	AID_50/train/MediumResidential/mediumresidential_83.tif
train	MediumResidential	14	mediumresidential_84.tif	MediumResidential/mediumresidential_84.tif	AID_50/train/MediumResidential/mediumresidential_84.tif
train	MediumResidential	14	mediumresidential_85.tif	MediumResidential/mediumresidential_85.tif	AID_50/train/MediumResidential/mediumresidential_85.tif
train	MediumResidential	14	mediumresidential_86.tif	MediumResidential/mediumresidential_86.tif	AID_50/train/MediumResidential/mediumresidential_86.tif
train	MediumResidential	14	mediumresidential_87.tif	MediumResidential/mediumresidential_87.tif	AID_50/train/MediumResidential/mediumresidential_87.tif
train	MediumResidential	14	mediumresidential_89.tif	MediumResidential/mediumresidential_89.tif	AID_50/train/MediumResidential/mediumresidential_89.tif
train	MediumResidential	14	mediumresidential_9.tif	MediumResidential/mediumresidential_9.tif	AID_50/train/MediumResidential/mediumresidential_9.tif
train	MediumResidential	14	mediumresidential_90.tif	MediumResidential/mediumresidential_90.tif	AID_50/train/MediumResidential/mediumresidential_90.tif
train	MediumResidential	14	mediumresidential_91.tif	MediumResidential/mediumresidential_91.tif	AID_50/train/MediumResidential/mediumresidential_91.tif
train	MediumResidential	14	mediumresidential_92.tif	MediumResidential/mediumresidential_92.tif	AID_50/train/MediumResidential/mediumresidential_92.tif
train	MediumResidential	14	mediumresidential_93.tif	MediumResidential/mediumresidential_93.tif	AID_50/train/MediumResidential/mediumresidential_93.tif
train	MediumResidential	14	mediumresidential_94.tif	MediumResidential/mediumresidential_94.tif	AID_50/train/MediumResidential/mediumresidential_94.tif
train	MediumResidential	14	mediumresidential_96.tif	MediumResidential/mediumresidential_96.tif	AID_50/train/MediumResidential/mediumresidential_96.tif
train	MediumResidential	14	mediumresidential_97.tif	MediumResidential/mediumresidential_97.tif	AID_50/train/MediumResidential/mediumresidential_97.tif
train	MediumResidential	14	mediumresidential_98.tif	MediumResidential/mediumresidential_98.tif	AID_50/train/MediumResidential/mediumresidential_98.tif
train	MediumResidential	14	mediumresidential_99.tif	MediumResidential/mediumresidential_99.tif	AID_50/train/MediumResidential/mediumresidential_99.tif
train	Mountain	15	mountain_10.tif	Mountain/mountain_10.tif	AID_50/train/Mountain/mountain_10.tif
train	Mountain	15	mountain_101.tif	Mountain/mountain_101.tif	AID_50/train/Mountain/mountain_101.tif
train	Mountain	15	mountain_102.tif	Mountain/mountain_102.tif	AID_50/train/Mountain/mountain_102.tif
train	Mountain	15	mountain_107.tif	Mountain/mountain_107.tif	AID_50/train/Mountain/mountain_107.tif
train	Mountain	15	mountain_108.tif	Mountain/mountain_108.tif	AID_50/train/Mountain/mountain_108.tif
train	Mountain	15	mountain_109.tif	Mountain/mountain_109.tif	AID_50/train/Mountain/mountain_109.tif
train	Mountain	15	mountain_113.tif	Mountain/mountain_113.tif	AID_50/train/Mountain/mountain_113.tif
train	Mountain	15	mountain_115.tif	Mountain/mountain_115.tif	AID_50/train/Mountain/mountain_115.tif
train	Mountain	15	mountain_118.tif	Mountain/mountain_118.tif	AID_50/train/Mountain/mountain_118.tif
train	Mountain	15	mountain_120.tif	Mountain/mountain_120.tif	AID_50/train/Mountain/mountain_120.tif
train	Mountain	15	mountain_121.tif	Mountain/mountain_121.tif	AID_50/train/Mountain/mountain_121.tif
train	Mountain	15	mountain_122.tif	Mountain/mountain_122.tif	AID_50/train/Mountain/mountain_122.tif
train	Mountain	15	mountain_123.tif	Mountain/mountain_123.tif	AID_50/train/Mountain/mountain_123.tif
train	Mountain	15	mountain_128.tif	Mountain/mountain_128.tif	AID_50/train/Mountain/mountain_128.tif
train	Mountain	15	mountain_13.tif	Mountain/mountain_13.tif	AID_50/train/Mountain/mountain_13.tif
train	Mountain	15	mountain_131.tif	Mountain/mountain_131.tif	AID_50/train/Mountain/mountain_131.tif
train	Mountain	15	mountain_132.tif	Mountain/mountain_132.tif	AID_50/train/Mountain/mountain_132.tif
train	Mountain	15	mountain_133.tif	Mountain/mountain_133.tif	AID_50/train/Mountain/mountain_133.tif
train	Mountain	15	mountain_134.tif	Mountain/mountain_134.tif	AID_50/train/Mountain/mountain_134.tif
train	Mountain	15	mountain_135.tif	Mountain/mountain_135.tif	AID_50/train/Mountain/mountain_135.tif
train	Mountain	15	mountain_136.tif	Mountain/mountain_136.tif	AID_50/train/Mountain/mountain_136.tif
train	Mountain	15	mountain_146.tif	Mountain/mountain_146.tif	AID_50/train/Mountain/mountain_146.tif
train	Mountain	15	mountain_148.tif	Mountain/mountain_148.tif	AID_50/train/Mountain/mountain_148.tif
train	Mountain	15	mountain_15.tif	Mountain/mountain_15.tif	AID_50/train/Mountain/mountain_15.tif
train	Mountain	15	mountain_151.tif	Mountain/mountain_151.tif	AID_50/train/Mountain/mountain_151.tif
train	Mountain	15	mountain_152.tif	Mountain/mountain_152.tif	AID_50/train/Mountain/mountain_152.tif
train	Mountain	15	mountain_153.tif	Mountain/mountain_153.tif	AID_50/train/Mountain/mountain_153.tif
train	Mountain	15	mountain_155.tif	Mountain/mountain_155.tif	AID_50/train/Mountain/mountain_155.tif
train	Mountain	15	mountain_157.tif	Mountain/mountain_157.tif	AID_50/train/Mountain/mountain_157.tif
train	Mountain	15	mountain_158.tif	Mountain/mountain_158.tif	AID_50/train/Mountain/mountain_158.tif
train	Mountain	15	mountain_160.tif	Mountain/mountain_160.tif	AID_50/train/Mountain/mountain_160.tif
train	Mountain	15	mountain_164.tif	Mountain/mountain_164.tif	AID_50/train/Mountain/mountain_164.tif
train	Mountain	15	mountain_166.tif	Mountain/mountain_166.tif	AID_50/train/Mountain/mountain_166.tif
train	Mountain	15	mountain_168.tif	Mountain/mountain_168.tif	AID_50/train/Mountain/mountain_168.tif
train	Mountain	15	mountain_169.tif	Mountain/mountain_169.tif	AID_50/train/Mountain/mountain_169.tif
train	Mountain	15	mountain_173.tif	Mountain/mountain_173.tif	AID_50/train/Mountain/mountain_173.tif
train	Mountain	15	mountain_174.tif	Mountain/mountain_174.tif	AID_50/train/Mountain/mountain_174.tif
train	Mountain	15	mountain_175.tif	Mountain/mountain_175.tif	AID_50/train/Mountain/mountain_175.tif
train	Mountain	15	mountain_176.tif	Mountain/mountain_176.tif	AID_50/train/Mountain/mountain_176.tif
train	Mountain	15	mountain_182.tif	Mountain/mountain_182.tif	AID_50/train/Mountain/mountain_182.tif
train	Mountain	15	mountain_184.tif	Mountain/mountain_184.tif	AID_50/train/Mountain/mountain_184.tif
train	Mountain	15	mountain_186.tif	Mountain/mountain_186.tif	AID_50/train/Mountain/mountain_186.tif
train	Mountain	15	mountain_190.tif	Mountain/mountain_190.tif	AID_50/train/Mountain/mountain_190.tif
train	Mountain	15	mountain_191.tif	Mountain/mountain_191.tif	AID_50/train/Mountain/mountain_191.tif
train	Mountain	15	mountain_192.tif	Mountain/mountain_192.tif	AID_50/train/Mountain/mountain_192.tif
train	Mountain	15	mountain_195.tif	Mountain/mountain_195.tif	AID_50/train/Mountain/mountain_195.tif
train	Mountain	15	mountain_196.tif	Mountain/mountain_196.tif	AID_50/train/Mountain/mountain_196.tif
train	Mountain	15	mountain_197.tif	Mountain/mountain_197.tif	AID_50/train/Mountain/mountain_197.tif
train	Mountain	15	mountain_199.tif	Mountain/mountain_199.tif	AID_50/train/Mountain/mountain_199.tif
train	Mountain	15	mountain_2.tif	Mountain/mountain_2.tif	AID_50/train/Mountain/mountain_2.tif
train	Mountain	15	mountain_200.tif	Mountain/mountain_200.tif	AID_50/train/Mountain/mountain_200.tif
train	Mountain	15	mountain_201.tif	Mountain/mountain_201.tif	AID_50/train/Mountain/mountain_201.tif
train	Mountain	15	mountain_202.tif	Mountain/mountain_202.tif	AID_50/train/Mountain/mountain_202.tif
train	Mountain	15	mountain_203.tif	Mountain/mountain_203.tif	AID_50/train/Mountain/mountain_203.tif
train	Mountain	15	mountain_207.tif	Mountain/mountain_207.tif	AID_50/train/Mountain/mountain_207.tif
train	Mountain	15	mountain_208.tif	Mountain/mountain_208.tif	AID_50/train/Mountain/mountain_208.tif
train	Mountain	15	mountain_209.tif	Mountain/mountain_209.tif	AID_50/train/Mountain/mountain_209.tif
train	Mountain	15	mountain_21.tif	Mountain/mountain_21.tif	AID_50/train/Mountain/mountain_21.tif
train	Mountain	15	mountain_210.tif	Mountain/mountain_210.tif	AID_50/train/Mountain/mountain_210.tif
train	Mountain	15	mountain_212.tif	Mountain/mountain_212.tif	AID_50/train/Mountain/mountain_212.tif
train	Mountain	15	mountain_213.tif	Mountain/mountain_213.tif	AID_50/train/Mountain/mountain_213.tif
train	Mountain	15	mountain_214.tif	Mountain/mountain_214.tif	AID_50/train/Mountain/mountain_214.tif
train	Mountain	15	mountain_216.tif	Mountain/mountain_216.tif	AID_50/train/Mountain/mountain_216.tif
train	Mountain	15	mountain_217.tif	Mountain/mountain_217.tif	AID_50/train/Mountain/mountain_217.tif
train	Mountain	15	mountain_218.tif	Mountain/mountain_218.tif	AID_50/train/Mountain/mountain_218.tif
train	Mountain	15	mountain_22.tif	Mountain/mountain_22.tif	AID_50/train/Mountain/mountain_22.tif
train	Mountain	15	mountain_220.tif	Mountain/mountain_220.tif	AID_50/train/Mountain/mountain_220.tif
train	Mountain	15	mountain_222.tif	Mountain/mountain_222.tif	AID_50/train/Mountain/mountain_222.tif
train	Mountain	15	mountain_223.tif	Mountain/mountain_223.tif	AID_50/train/Mountain/mountain_223.tif
train	Mountain	15	mountain_226.tif	Mountain/mountain_226.tif	AID_50/train/Mountain/mountain_226.tif
train	Mountain	15	mountain_230.tif	Mountain/mountain_230.tif	AID_50/train/Mountain/mountain_230.tif
train	Mountain	15	mountain_231.tif	Mountain/mountain_231.tif	AID_50/train/Mountain/mountain_231.tif
train	Mountain	15	mountain_233.tif	Mountain/mountain_233.tif	AID_50/train/Mountain/mountain_233.tif
train	Mountain	15	mountain_234.tif	Mountain/mountain_234.tif	AID_50/train/Mountain/mountain_234.tif
train	Mountain	15	mountain_236.tif	Mountain/mountain_236.tif	AID_50/train/Mountain/mountain_236.tif
train	Mountain	15	mountain_237.tif	Mountain/mountain_237.tif	AID_50/train/Mountain/mountain_237.tif
train	Mountain	15	mountain_238.tif	Mountain/mountain_238.tif	AID_50/train/Mountain/mountain_238.tif
train	Mountain	15	mountain_24.tif	Mountain/mountain_24.tif	AID_50/train/Mountain/mountain_24.tif
train	Mountain	15	mountain_240.tif	Mountain/mountain_240.tif	AID_50/train/Mountain/mountain_240.tif
train	Mountain	15	mountain_242.tif	Mountain/mountain_242.tif	AID_50/train/Mountain/mountain_242.tif
train	Mountain	15	mountain_244.tif	Mountain/mountain_244.tif	AID_50/train/Mountain/mountain_244.tif
train	Mountain	15	mountain_248.tif	Mountain/mountain_248.tif	AID_50/train/Mountain/mountain_248.tif
train	Mountain	15	mountain_249.tif	Mountain/mountain_249.tif	AID_50/train/Mountain/mountain_249.tif
train	Mountain	15	mountain_25.tif	Mountain/mountain_25.tif	AID_50/train/Mountain/mountain_25.tif
train	Mountain	15	mountain_251.tif	Mountain/mountain_251.tif	AID_50/train/Mountain/mountain_251.tif
train	Mountain	15	mountain_253.tif	Mountain/mountain_253.tif	AID_50/train/Mountain/mountain_253.tif
train	Mountain	15	mountain_254.tif	Mountain/mountain_254.tif	AID_50/train/Mountain/mountain_254.tif
train	Mountain	15	mountain_255.tif	Mountain/mountain_255.tif	AID_50/train/Mountain/mountain_255.tif
train	Mountain	15	mountain_257.tif	Mountain/mountain_257.tif	AID_50/train/Mountain/mountain_257.tif
train	Mountain	15	mountain_260.tif	Mountain/mountain_260.tif	AID_50/train/Mountain/mountain_260.tif
train	Mountain	15	mountain_262.tif	Mountain/mountain_262.tif	AID_50/train/Mountain/mountain_262.tif
train	Mountain	15	mountain_263.tif	Mountain/mountain_263.tif	AID_50/train/Mountain/mountain_263.tif
train	Mountain	15	mountain_264.tif	Mountain/mountain_264.tif	AID_50/train/Mountain/mountain_264.tif
train	Mountain	15	mountain_270.tif	Mountain/mountain_270.tif	AID_50/train/Mountain/mountain_270.tif
train	Mountain	15	mountain_272.tif	Mountain/mountain_272.tif	AID_50/train/Mountain/mountain_272.tif
train	Mountain	15	mountain_274.tif	Mountain/mountain_274.tif	AID_50/train/Mountain/mountain_274.tif
train	Mountain	15	mountain_277.tif	Mountain/mountain_277.tif	AID_50/train/Mountain/mountain_277.tif
train	Mountain	15	mountain_278.tif	Mountain/mountain_278.tif	AID_50/train/Mountain/mountain_278.tif
train	Mountain	15	mountain_279.tif	Mountain/mountain_279.tif	AID_50/train/Mountain/mountain_279.tif
train	Mountain	15	mountain_28.tif	Mountain/mountain_28.tif	AID_50/train/Mountain/mountain_28.tif
train	Mountain	15	mountain_281.tif	Mountain/mountain_281.tif	AID_50/train/Mountain/mountain_281.tif
train	Mountain	15	mountain_284.tif	Mountain/mountain_284.tif	AID_50/train/Mountain/mountain_284.tif
train	Mountain	15	mountain_286.tif	Mountain/mountain_286.tif	AID_50/train/Mountain/mountain_286.tif
train	Mountain	15	mountain_287.tif	Mountain/mountain_287.tif	AID_50/train/Mountain/mountain_287.tif
train	Mountain	15	mountain_288.tif	Mountain/mountain_288.tif	AID_50/train/Mountain/mountain_288.tif
train	Mountain	15	mountain_289.tif	Mountain/mountain_289.tif	AID_50/train/Mountain/mountain_289.tif
train	Mountain	15	mountain_29.tif	Mountain/mountain_29.tif	AID_50/train/Mountain/mountain_29.tif
train	Mountain	15	mountain_290.tif	Mountain/mountain_290.tif	AID_50/train/Mountain/mountain_290.tif
train	Mountain	15	mountain_294.tif	Mountain/mountain_294.tif	AID_50/train/Mountain/mountain_294.tif
train	Mountain	15	mountain_296.tif	Mountain/mountain_296.tif	AID_50/train/Mountain/mountain_296.tif
train	Mountain	15	mountain_297.tif	Mountain/mountain_297.tif	AID_50/train/Mountain/mountain_297.tif
train	Mountain	15	mountain_298.tif	Mountain/mountain_298.tif	AID_50/train/Mountain/mountain_298.tif
train	Mountain	15	mountain_299.tif	Mountain/mountain_299.tif	AID_50/train/Mountain/mountain_299.tif
train	Mountain	15	mountain_30.tif	Mountain/mountain_30.tif	AID_50/train/Mountain/mountain_30.tif
train	Mountain	15	mountain_300.tif	Mountain/mountain_300.tif	AID_50/train/Mountain/mountain_300.tif
train	Mountain	15	mountain_301.tif	Mountain/mountain_301.tif	AID_50/train/Mountain/mountain_301.tif
train	Mountain	15	mountain_305.tif	Mountain/mountain_305.tif	AID_50/train/Mountain/mountain_305.tif
train	Mountain	15	mountain_309.tif	Mountain/mountain_309.tif	AID_50/train/Mountain/mountain_309.tif
train	Mountain	15	mountain_31.tif	Mountain/mountain_31.tif	AID_50/train/Mountain/mountain_31.tif
train	Mountain	15	mountain_310.tif	Mountain/mountain_310.tif	AID_50/train/Mountain/mountain_310.tif
train	Mountain	15	mountain_311.tif	Mountain/mountain_311.tif	AID_50/train/Mountain/mountain_311.tif
train	Mountain	15	mountain_312.tif	Mountain/mountain_312.tif	AID_50/train/Mountain/mountain_312.tif
train	Mountain	15	mountain_314.tif	Mountain/mountain_314.tif	AID_50/train/Mountain/mountain_314.tif
train	Mountain	15	mountain_318.tif	Mountain/mountain_318.tif	AID_50/train/Mountain/mountain_318.tif
train	Mountain	15	mountain_321.tif	Mountain/mountain_321.tif	AID_50/train/Mountain/mountain_321.tif
train	Mountain	15	mountain_322.tif	Mountain/mountain_322.tif	AID_50/train/Mountain/mountain_322.tif
train	Mountain	15	mountain_323.tif	Mountain/mountain_323.tif	AID_50/train/Mountain/mountain_323.tif
train	Mountain	15	mountain_324.tif	Mountain/mountain_324.tif	AID_50/train/Mountain/mountain_324.tif
train	Mountain	15	mountain_326.tif	Mountain/mountain_326.tif	AID_50/train/Mountain/mountain_326.tif
train	Mountain	15	mountain_327.tif	Mountain/mountain_327.tif	AID_50/train/Mountain/mountain_327.tif
train	Mountain	15	mountain_331.tif	Mountain/mountain_331.tif	AID_50/train/Mountain/mountain_331.tif
train	Mountain	15	mountain_332.tif	Mountain/mountain_332.tif	AID_50/train/Mountain/mountain_332.tif
train	Mountain	15	mountain_334.tif	Mountain/mountain_334.tif	AID_50/train/Mountain/mountain_334.tif
train	Mountain	15	mountain_335.tif	Mountain/mountain_335.tif	AID_50/train/Mountain/mountain_335.tif
train	Mountain	15	mountain_338.tif	Mountain/mountain_338.tif	AID_50/train/Mountain/mountain_338.tif
train	Mountain	15	mountain_339.tif	Mountain/mountain_339.tif	AID_50/train/Mountain/mountain_339.tif
train	Mountain	15	mountain_34.tif	Mountain/mountain_34.tif	AID_50/train/Mountain/mountain_34.tif
train	Mountain	15	mountain_340.tif	Mountain/mountain_340.tif	AID_50/train/Mountain/mountain_340.tif
train	Mountain	15	mountain_36.tif	Mountain/mountain_36.tif	AID_50/train/Mountain/mountain_36.tif
train	Mountain	15	mountain_38.tif	Mountain/mountain_38.tif	AID_50/train/Mountain/mountain_38.tif
train	Mountain	15	mountain_39.tif	Mountain/mountain_39.tif	AID_50/train/Mountain/mountain_39.tif
train	Mountain	15	mountain_4.tif	Mountain/mountain_4.tif	AID_50/train/Mountain/mountain_4.tif
train	Mountain	15	mountain_40.tif	Mountain/mountain_40.tif	AID_50/train/Mountain/mountain_40.tif
train	Mountain	15	mountain_41.tif	Mountain/mountain_41.tif	AID_50/train/Mountain/mountain_41.tif
train	Mountain	15	mountain_45.tif	Mountain/mountain_45.tif	AID_50/train/Mountain/mountain_45.tif
train	Mountain	15	mountain_46.tif	Mountain/mountain_46.tif	AID_50/train/Mountain/mountain_46.tif
train	Mountain	15	mountain_51.tif	Mountain/mountain_51.tif	AID_50/train/Mountain/mountain_51.tif
train	Mountain	15	mountain_52.tif	Mountain/mountain_52.tif	AID_50/train/Mountain/mountain_52.tif
train	Mountain	15	mountain_53.tif	Mountain/mountain_53.tif	AID_50/train/Mountain/mountain_53.tif
train	Mountain	15	mountain_54.tif	Mountain/mountain_54.tif	AID_50/train/Mountain/mountain_54.tif
train	Mountain	15	mountain_58.tif	Mountain/mountain_58.tif	AID_50/train/Mountain/mountain_58.tif
train	Mountain	15	mountain_60.tif	Mountain/mountain_60.tif	AID_50/train/Mountain/mountain_60.tif
train	Mountain	15	mountain_61.tif	Mountain/mountain_61.tif	AID_50/train/Mountain/mountain_61.tif
train	Mountain	15	mountain_69.tif	Mountain/mountain_69.tif	AID_50/train/Mountain/mountain_69.tif
train	Mountain	15	mountain_7.tif	Mountain/mountain_7.tif	AID_50/train/Mountain/mountain_7.tif
train	Mountain	15	mountain_70.tif	Mountain/mountain_70.tif	AID_50/train/Mountain/mountain_70.tif
train	Mountain	15	mountain_71.tif	Mountain/mountain_71.tif	AID_50/train/Mountain/mountain_71.tif
train	Mountain	15	mountain_75.tif	Mountain/mountain_75.tif	AID_50/train/Mountain/mountain_75.tif
train	Mountain	15	mountain_76.tif	Mountain/mountain_76.tif	AID_50/train/Mountain/mountain_76.tif
train	Mountain	15	mountain_8.tif	Mountain/mountain_8.tif	AID_50/train/Mountain/mountain_8.tif
train	Mountain	15	mountain_80.tif	Mountain/mountain_80.tif	AID_50/train/Mountain/mountain_80.tif
train	Mountain	15	mountain_82.tif	Mountain/mountain_82.tif	AID_50/train/Mountain/mountain_82.tif
train	Mountain	15	mountain_84.tif	Mountain/mountain_84.tif	AID_50/train/Mountain/mountain_84.tif
train	Mountain	15	mountain_86.tif	Mountain/mountain_86.tif	AID_50/train/Mountain/mountain_86.tif
train	Mountain	15	mountain_89.tif	Mountain/mountain_89.tif	AID_50/train/Mountain/mountain_89.tif
train	Mountain	15	mountain_9.tif	Mountain/mountain_9.tif	AID_50/train/Mountain/mountain_9.tif
train	Mountain	15	mountain_90.tif	Mountain/mountain_90.tif	AID_50/train/Mountain/mountain_90.tif
train	Mountain	15	mountain_91.tif	Mountain/mountain_91.tif	AID_50/train/Mountain/mountain_91.tif
train	Mountain	15	mountain_94.tif	Mountain/mountain_94.tif	AID_50/train/Mountain/mountain_94.tif
train	Mountain	15	mountain_98.tif	Mountain/mountain_98.tif	AID_50/train/Mountain/mountain_98.tif
train	Park	16	park_1.tif	Park/park_1.tif	AID_50/train/Park/park_1.tif
train	Park	16	park_10.tif	Park/park_10.tif	AID_50/train/Park/park_10.tif
train	Park	16	park_100.tif	Park/park_100.tif	AID_50/train/Park/park_100.tif
train	Park	16	park_102.tif	Park/park_102.tif	AID_50/train/Park/park_102.tif
train	Park	16	park_105.tif	Park/park_105.tif	AID_50/train/Park/park_105.tif
train	Park	16	park_109.tif	Park/park_109.tif	AID_50/train/Park/park_109.tif
train	Park	16	park_110.tif	Park/park_110.tif	AID_50/train/Park/park_110.tif
train	Park	16	park_111.tif	Park/park_111.tif	AID_50/train/Park/park_111.tif
train	Park	16	park_112.tif	Park/park_112.tif	AID_50/train/Park/park_112.tif
train	Park	16	park_113.tif	Park/park_113.tif	AID_50/train/Park/park_113.tif
train	Park	16	park_115.tif	Park/park_115.tif	AID_50/train/Park/park_115.tif
train	Park	16	park_12.tif	Park/park_12.tif	AID_50/train/Park/park_12.tif
train	Park	16	park_122.tif	Park/park_122.tif	AID_50/train/Park/park_122.tif
train	Park	16	park_126.tif	Park/park_126.tif	AID_50/train/Park/park_126.tif
train	Park	16	park_127.tif	Park/park_127.tif	AID_50/train/Park/park_127.tif
train	Park	16	park_129.tif	Park/park_129.tif	AID_50/train/Park/park_129.tif
train	Park	16	park_13.tif	Park/park_13.tif	AID_50/train/Park/park_13.tif
train	Park	16	park_130.tif	Park/park_130.tif	AID_50/train/Park/park_130.tif
train	Park	16	park_131.tif	Park/park_131.tif	AID_50/train/Park/park_131.tif
train	Park	16	park_133.tif	Park/park_133.tif	AID_50/train/Park/park_133.tif
train	Park	16	park_136.tif	Park/park_136.tif	AID_50/train/Park/park_136.tif
train	Park	16	park_138.tif	Park/park_138.tif	AID_50/train/Park/park_138.tif
train	Park	16	park_14.tif	Park/park_14.tif	AID_50/train/Park/park_14.tif
train	Park	16	park_140.tif	Park/park_140.tif	AID_50/train/Park/park_140.tif
train	Park	16	park_142.tif	Park/park_142.tif	AID_50/train/Park/park_142.tif
train	Park	16	park_144.tif	Park/park_144.tif	AID_50/train/Park/park_144.tif
train	Park	16	park_146.tif	Park/park_146.tif	AID_50/train/Park/park_146.tif
train	Park	16	park_147.tif	Park/park_147.tif	AID_50/train/Park/park_147.tif
train	Park	16	park_149.tif	Park/park_149.tif	AID_50/train/Park/park_149.tif
train	Park	16	park_15.tif	Park/park_15.tif	AID_50/train/Park/park_15.tif
train	Park	16	park_151.tif	Park/park_151.tif	AID_50/train/Park/park_151.tif
train	Park	16	park_153.tif	Park/park_153.tif	AID_50/train/Park/park_153.tif
train	Park	16	park_154.tif	Park/park_154.tif	AID_50/train/Park/park_154.tif
train	Park	16	park_157.tif	Park/park_157.tif	AID_50/train/Park/park_157.tif
train	Park	16	park_16.tif	Park/park_16.tif	AID_50/train/Park/park_16.tif
train	Park	16	park_160.tif	Park/park_160.tif	AID_50/train/Park/park_160.tif
train	Park	16	park_161.tif	Park/park_161.tif	AID_50/train/Park/park_161.tif
train	Park	16	park_163.tif	Park/park_163.tif	AID_50/train/Park/park_163.tif
train	Park	16	park_164.tif	Park/park_164.tif	AID_50/train/Park/park_164.tif
train	Park	16	park_165.tif	Park/park_165.tif	AID_50/train/Park/park_165.tif
train	Park	16	park_166.tif	Park/park_166.tif	AID_50/train/Park/park_166.tif
train	Park	16	park_167.tif	Park/park_167.tif	AID_50/train/Park/park_167.tif
train	Park	16	park_17.tif	Park/park_17.tif	AID_50/train/Park/park_17.tif
train	Park	16	park_170.tif	Park/park_170.tif	AID_50/train/Park/park_170.tif
train	Park	16	park_171.tif	Park/park_171.tif	AID_50/train/Park/park_171.tif
train	Park	16	park_172.tif	Park/park_172.tif	AID_50/train/Park/park_172.tif
train	Park	16	park_175.tif	Park/park_175.tif	AID_50/train/Park/park_175.tif
train	Park	16	park_176.tif	Park/park_176.tif	AID_50/train/Park/park_176.tif
train	Park	16	park_178.tif	Park/park_178.tif	AID_50/train/Park/park_178.tif
train	Park	16	park_18.tif	Park/park_18.tif	AID_50/train/Park/park_18.tif
train	Park	16	park_180.tif	Park/park_180.tif	AID_50/train/Park/park_180.tif
train	Park	16	park_183.tif	Park/park_183.tif	AID_50/train/Park/park_183.tif
train	Park	16	park_184.tif	Park/park_184.tif	AID_50/train/Park/park_184.tif
train	Park	16	park_188.tif	Park/park_188.tif	AID_50/train/Park/park_188.tif
train	Park	16	park_189.tif	Park/park_189.tif	AID_50/train/Park/park_189.tif
train	Park	16	park_19.tif	Park/park_19.tif	AID_50/train/Park/park_19.tif
train	Park	16	park_192.tif	Park/park_192.tif	AID_50/train/Park/park_192.tif
train	Park	16	park_193.tif	Park/park_193.tif	AID_50/train/Park/park_193.tif
train	Park	16	park_194.tif	Park/park_194.tif	AID_50/train/Park/park_194.tif
train	Park	16	park_195.tif	Park/park_195.tif	AID_50/train/Park/park_195.tif
train	Park	16	park_196.tif	Park/park_196.tif	AID_50/train/Park/park_196.tif
train	Park	16	park_198.tif	Park/park_198.tif	AID_50/train/Park/park_198.tif
train	Park	16	park_2.tif	Park/park_2.tif	AID_50/train/Park/park_2.tif
train	Park	16	park_20.tif	Park/park_20.tif	AID_50/train/Park/park_20.tif
train	Park	16	park_200.tif	Park/park_200.tif	AID_50/train/Park/park_200.tif
train	Park	16	park_202.tif	Park/park_202.tif	AID_50/train/Park/park_202.tif
train	Park	16	park_203.tif	Park/park_203.tif	AID_50/train/Park/park_203.tif
train	Park	16	park_205.tif	Park/park_205.tif	AID_50/train/Park/park_205.tif
train	Park	16	park_206.tif	Park/park_206.tif	AID_50/train/Park/park_206.tif
train	Park	16	park_207.tif	Park/park_207.tif	AID_50/train/Park/park_207.tif
train	Park	16	park_208.tif	Park/park_208.tif	AID_50/train/Park/park_208.tif
train	Park	16	park_209.tif	Park/park_209.tif	AID_50/train/Park/park_209.tif
train	Park	16	park_21.tif	Park/park_21.tif	AID_50/train/Park/park_21.tif
train	Park	16	park_210.tif	Park/park_210.tif	AID_50/train/Park/park_210.tif
train	Park	16	park_211.tif	Park/park_211.tif	AID_50/train/Park/park_211.tif
train	Park	16	park_213.tif	Park/park_213.tif	AID_50/train/Park/park_213.tif
train	Park	16	park_214.tif	Park/park_214.tif	AID_50/train/Park/park_214.tif
train	Park	16	park_216.tif	Park/park_216.tif	AID_50/train/Park/park_216.tif
train	Park	16	park_220.tif	Park/park_220.tif	AID_50/train/Park/park_220.tif
train	Park	16	park_222.tif	Park/park_222.tif	AID_50/train/Park/park_222.tif
train	Park	16	park_224.tif	Park/park_224.tif	AID_50/train/Park/park_224.tif
train	Park	16	park_225.tif	Park/park_225.tif	AID_50/train/Park/park_225.tif
train	Park	16	park_226.tif	Park/park_226.tif	AID_50/train/Park/park_226.tif
train	Park	16	park_227.tif	Park/park_227.tif	AID_50/train/Park/park_227.tif
train	Park	16	park_228.tif	Park/park_228.tif	AID_50/train/Park/park_228.tif
train	Park	16	park_231.tif	Park/park_231.tif	AID_50/train/Park/park_231.tif
train	Park	16	park_232.tif	Park/park_232.tif	AID_50/train/Park/park_232.tif
train	Park	16	park_233.tif	Park/park_233.tif	AID_50/train/Park/park_233.tif
train	Park	16	park_237.tif	Park/park_237.tif	AID_50/train/Park/park_237.tif
train	Park	16	park_24.tif	Park/park_24.tif	AID_50/train/Park/park_24.tif
train	Park	16	park_243.tif	Park/park_243.tif	AID_50/train/Park/park_243.tif
train	Park	16	park_244.tif	Park/park_244.tif	AID_50/train/Park/park_244.tif
train	Park	16	park_247.tif	Park/park_247.tif	AID_50/train/Park/park_247.tif
train	Park	16	park_248.tif	Park/park_248.tif	AID_50/train/Park/park_248.tif
train	Park	16	park_249.tif	Park/park_249.tif	AID_50/train/Park/park_249.tif
train	Park	16	park_250.tif	Park/park_250.tif	AID_50/train/Park/park_250.tif
train	Park	16	park_251.tif	Park/park_251.tif	AID_50/train/Park/park_251.tif
train	Park	16	park_252.tif	Park/park_252.tif	AID_50/train/Park/park_252.tif
train	Park	16	park_256.tif	Park/park_256.tif	AID_50/train/Park/park_256.tif
train	Park	16	park_257.tif	Park/park_257.tif	AID_50/train/Park/park_257.tif
train	Park	16	park_26.tif	Park/park_26.tif	AID_50/train/Park/park_26.tif
train	Park	16	park_260.tif	Park/park_260.tif	AID_50/train/Park/park_260.tif
train	Park	16	park_261.tif	Park/park_261.tif	AID_50/train/Park/park_261.tif
train	Park	16	park_262.tif	Park/park_262.tif	AID_50/train/Park/park_262.tif
train	Park	16	park_264.tif	Park/park_264.tif	AID_50/train/Park/park_264.tif
train	Park	16	park_269.tif	Park/park_269.tif	AID_50/train/Park/park_269.tif
train	Park	16	park_272.tif	Park/park_272.tif	AID_50/train/Park/park_272.tif
train	Park	16	park_273.tif	Park/park_273.tif	AID_50/train/Park/park_273.tif
train	Park	16	park_274.tif	Park/park_274.tif	AID_50/train/Park/park_274.tif
train	Park	16	park_275.tif	Park/park_275.tif	AID_50/train/Park/park_275.tif
train	Park	16	park_277.tif	Park/park_277.tif	AID_50/train/Park/park_277.tif
train	Park	16	park_28.tif	Park/park_28.tif	AID_50/train/Park/park_28.tif
train	Park	16	park_280.tif	Park/park_280.tif	AID_50/train/Park/park_280.tif
train	Park	16	park_285.tif	Park/park_285.tif	AID_50/train/Park/park_285.tif
train	Park	16	park_290.tif	Park/park_290.tif	AID_50/train/Park/park_290.tif
train	Park	16	park_292.tif	Park/park_292.tif	AID_50/train/Park/park_292.tif
train	Park	16	park_296.tif	Park/park_296.tif	AID_50/train/Park/park_296.tif
train	Park	16	park_297.tif	Park/park_297.tif	AID_50/train/Park/park_297.tif
train	Park	16	park_298.tif	Park/park_298.tif	AID_50/train/Park/park_298.tif
train	Park	16	park_299.tif	Park/park_299.tif	AID_50/train/Park/park_299.tif
train	Park	16	park_30.tif	Park/park_30.tif	AID_50/train/Park/park_30.tif
train	Park	16	park_301.tif	Park/park_301.tif	AID_50/train/Park/park_301.tif
train	Park	16	park_302.tif	Park/park_302.tif	AID_50/train/Park/park_302.tif
train	Park	16	park_305.tif	Park/park_305.tif	AID_50/train/Park/park_305.tif
train	Park	16	park_309.tif	Park/park_309.tif	AID_50/train/Park/park_309.tif
train	Park	16	park_311.tif	Park/park_311.tif	AID_50/train/Park/park_311.tif
train	Park	16	park_314.tif	Park/park_314.tif	AID_50/train/Park/park_314.tif
train	Park	16	park_315.tif	Park/park_315.tif	AID_50/train/Park/park_315.tif
train	Park	16	park_316.tif	Park/park_316.tif	AID_50/train/Park/park_316.tif
train	Park	16	park_318.tif	Park/park_318.tif	AID_50/train/Park/park_318.tif
train	Park	16	park_321.tif	Park/park_321.tif	AID_50/train/Park/park_321.tif
train	Park	16	park_323.tif	Park/park_323.tif	AID_50/train/Park/park_323.tif
train	Park	16	park_326.tif	Park/park_326.tif	AID_50/train/Park/park_326.tif
train	Park	16	park_328.tif	Park/park_328.tif	AID_50/train/Park/park_328.tif
train	Park	16	park_331.tif	Park/park_331.tif	AID_50/train/Park/park_331.tif
train	Park	16	park_335.tif	Park/park_335.tif	AID_50/train/Park/park_335.tif
train	Park	16	park_338.tif	Park/park_338.tif	AID_50/train/Park/park_338.tif
train	Park	16	park_341.tif	Park/park_341.tif	AID_50/train/Park/park_341.tif
train	Park	16	park_346.tif	Park/park_346.tif	AID_50/train/Park/park_346.tif
train	Park	16	park_349.tif	Park/park_349.tif	AID_50/train/Park/park_349.tif
train	Park	16	park_35.tif	Park/park_35.tif	AID_50/train/Park/park_35.tif
train	Park	16	park_36.tif	Park/park_36.tif	AID_50/train/Park/park_36.tif
train	Park	16	park_38.tif	Park/park_38.tif	AID_50/train/Park/park_38.tif
train	Park	16	park_4.tif	Park/park_4.tif	AID_50/train/Park/park_4.tif
train	Park	16	park_40.tif	Park/park_40.tif	AID_50/train/Park/park_40.tif
train	Park	16	park_44.tif	Park/park_44.tif	AID_50/train/Park/park_44.tif
train	Park	16	park_46.tif	Park/park_46.tif	AID_50/train/Park/park_46.tif
train	Park	16	park_47.tif	Park/park_47.tif	AID_50/train/Park/park_47.tif
train	Park	16	park_48.tif	Park/park_48.tif	AID_50/train/Park/park_48.tif
train	Park	16	park_5.tif	Park/park_5.tif	AID_50/train/Park/park_5.tif
train	Park	16	park_50.tif	Park/park_50.tif	AID_50/train/Park/park_50.tif
train	Park	16	park_51.tif	Park/park_51.tif	AID_50/train/Park/park_51.tif
train	Park	16	park_55.tif	Park/park_55.tif	AID_50/train/Park/park_55.tif
train	Park	16	park_56.tif	Park/park_56.tif	AID_50/train/Park/park_56.tif
train	Park	16	park_57.tif	Park/park_57.tif	AID_50/train/Park/park_57.tif
train	Park	16	park_58.tif	Park/park_58.tif	AID_50/train/Park/park_58.tif
train	Park	16	park_62.tif	Park/park_62.tif	AID_50/train/Park/park_62.tif
train	Park	16	park_66.tif	Park/park_66.tif	AID_50/train/Park/park_66.tif
train	Park	16	park_68.tif	Park/park_68.tif	AID_50/train/Park/park_68.tif
train	Park	16	park_7.tif	Park/park_7.tif	AID_50/train/Park/park_7.tif
train	Park	16	park_70.tif	Park/park_70.tif	AID_50/train/Park/park_70.tif
train	Park	16	park_71.tif	Park/park_71.tif	AID_50/train/Park/park_71.tif
train	Park	16	park_72.tif	Park/park_72.tif	AID_50/train/Park/park_72.tif
train	Park	16	park_76.tif	Park/park_76.tif	AID_50/train/Park/park_76.tif
train	Park	16	park_77.tif	Park/park_77.tif	AID_50/train/Park/park_77.tif
train	Park	16	park_78.tif	Park/park_78.tif	AID_50/train/Park/park_78.tif
train	Park	16	park_80.tif	Park/park_80.tif	AID_50/train/Park/park_80.tif
train	Park	16	park_84.tif	Park/park_84.tif	AID_50/train/Park/park_84.tif
train	Park	16	park_86.tif	Park/park_86.tif	AID_50/train/Park/park_86.tif
train	Park	16	park_89.tif	Park/park_89.tif	AID_50/train/Park/park_89.tif
train	Park	16	park_90.tif	Park/park_90.tif	AID_50/train/Park/park_90.tif
train	Park	16	park_91.tif	Park/park_91.tif	AID_50/train/Park/park_91.tif
train	Park	16	park_92.tif	Park/park_92.tif	AID_50/train/Park/park_92.tif
train	Park	16	park_96.tif	Park/park_96.tif	AID_50/train/Park/park_96.tif
train	Park	16	park_99.tif	Park/park_99.tif	AID_50/train/Park/park_99.tif
train	Parking	17	parking_1.tif	Parking/parking_1.tif	AID_50/train/Parking/parking_1.tif
train	Parking	17	parking_10.tif	Parking/parking_10.tif	AID_50/train/Parking/parking_10.tif
train	Parking	17	parking_100.tif	Parking/parking_100.tif	AID_50/train/Parking/parking_100.tif
train	Parking	17	parking_102.tif	Parking/parking_102.tif	AID_50/train/Parking/parking_102.tif
train	Parking	17	parking_103.tif	Parking/parking_103.tif	AID_50/train/Parking/parking_103.tif
train	Parking	17	parking_105.tif	Parking/parking_105.tif	AID_50/train/Parking/parking_105.tif
train	Parking	17	parking_107.tif	Parking/parking_107.tif	AID_50/train/Parking/parking_107.tif
train	Parking	17	parking_108.tif	Parking/parking_108.tif	AID_50/train/Parking/parking_108.tif
train	Parking	17	parking_109.tif	Parking/parking_109.tif	AID_50/train/Parking/parking_109.tif
train	Parking	17	parking_116.tif	Parking/parking_116.tif	AID_50/train/Parking/parking_116.tif
train	Parking	17	parking_118.tif	Parking/parking_118.tif	AID_50/train/Parking/parking_118.tif
train	Parking	17	parking_119.tif	Parking/parking_119.tif	AID_50/train/Parking/parking_119.tif
train	Parking	17	parking_12.tif	Parking/parking_12.tif	AID_50/train/Parking/parking_12.tif
train	Parking	17	parking_120.tif	Parking/parking_120.tif	AID_50/train/Parking/parking_120.tif
train	Parking	17	parking_122.tif	Parking/parking_122.tif	AID_50/train/Parking/parking_122.tif
train	Parking	17	parking_123.tif	Parking/parking_123.tif	AID_50/train/Parking/parking_123.tif
train	Parking	17	parking_124.tif	Parking/parking_124.tif	AID_50/train/Parking/parking_124.tif
train	Parking	17	parking_125.tif	Parking/parking_125.tif	AID_50/train/Parking/parking_125.tif
train	Parking	17	parking_127.tif	Parking/parking_127.tif	AID_50/train/Parking/parking_127.tif
train	Parking	17	parking_128.tif	Parking/parking_128.tif	AID_50/train/Parking/parking_128.tif
train	Parking	17	parking_13.tif	Parking/parking_13.tif	AID_50/train/Parking/parking_13.tif
train	Parking	17	parking_134.tif	Parking/parking_134.tif	AID_50/train/Parking/parking_134.tif
train	Parking	17	parking_135.tif	Parking/parking_135.tif	AID_50/train/Parking/parking_135.tif
train	Parking	17	parking_136.tif	Parking/parking_136.tif	AID_50/train/Parking/parking_136.tif
train	Parking	17	parking_137.tif	Parking/parking_137.tif	AID_50/train/Parking/parking_137.tif
train	Parking	17	parking_14.tif	Parking/parking_14.tif	AID_50/train/Parking/parking_14.tif
train	Parking	17	parking_140.tif	Parking/parking_140.tif	AID_50/train/Parking/parking_140.tif
train	Parking	17	parking_141.tif	Parking/parking_141.tif	AID_50/train/Parking/parking_141.tif
train	Parking	17	parking_142.tif	Parking/parking_142.tif	AID_50/train/Parking/parking_142.tif
train	Parking	17	parking_148.tif	Parking/parking_148.tif	AID_50/train/Parking/parking_148.tif
train	Parking	17	parking_149.tif	Parking/parking_149.tif	AID_50/train/Parking/parking_149.tif
train	Parking	17	parking_152.tif	Parking/parking_152.tif	AID_50/train/Parking/parking_152.tif
train	Parking	17	parking_153.tif	Parking/parking_153.tif	AID_50/train/Parking/parking_153.tif
train	Parking	17	parking_155.tif	Parking/parking_155.tif	AID_50/train/Parking/parking_155.tif
train	Parking	17	parking_157.tif	Parking/parking_157.tif	AID_50/train/Parking/parking_157.tif
train	Parking	17	parking_159.tif	Parking/parking_159.tif	AID_50/train/Parking/parking_159.tif
train	Parking	17	parking_160.tif	Parking/parking_160.tif	AID_50/train/Parking/parking_160.tif
train	Parking	17	parking_162.tif	Parking/parking_162.tif	AID_50/train/Parking/parking_162.tif
train	Parking	17	parking_165.tif	Parking/parking_165.tif	AID_50/train/Parking/parking_165.tif
train	Parking	17	parking_168.tif	Parking/parking_168.tif	AID_50/train/Parking/parking_168.tif
train	Parking	17	parking_169.tif	Parking/parking_169.tif	AID_50/train/Parking/parking_169.tif
train	Parking	17	parking_17.tif	Parking/parking_17.tif	AID_50/train/Parking/parking_17.tif
train	Parking	17	parking_171.tif	Parking/parking_171.tif	AID_50/train/Parking/parking_171.tif
train	Parking	17	parking_174.tif	Parking/parking_174.tif	AID_50/train/Parking/parking_174.tif
train	Parking	17	parking_176.tif	Parking/parking_176.tif	AID_50/train/Parking/parking_176.tif
train	Parking	17	parking_179.tif	Parking/parking_179.tif	AID_50/train/Parking/parking_179.tif
train	Parking	17	parking_182.tif	Parking/parking_182.tif	AID_50/train/Parking/parking_182.tif
train	Parking	17	parking_184.tif	Parking/parking_184.tif	AID_50/train/Parking/parking_184.tif
train	Parking	17	parking_185.tif	Parking/parking_185.tif	AID_50/train/Parking/parking_185.tif
train	Parking	17	parking_186.tif	Parking/parking_186.tif	AID_50/train/Parking/parking_186.tif
train	Parking	17	parking_188.tif	Parking/parking_188.tif	AID_50/train/Parking/parking_188.tif
train	Parking	17	parking_189.tif	Parking/parking_189.tif	AID_50/train/Parking/parking_189.tif
train	Parking	17	parking_19.tif	Parking/parking_19.tif	AID_50/train/Parking/parking_19.tif
train	Parking	17	parking_190.tif	Parking/parking_190.tif	AID_50/train/Parking/parking_190.tif
train	Parking	17	parking_192.tif	Parking/parking_192.tif	AID_50/train/Parking/parking_192.tif
train	Parking	17	parking_193.tif	Parking/parking_193.tif	AID_50/train/Parking/parking_193.tif
train	Parking	17	parking_195.tif	Parking/parking_195.tif	AID_50/train/Parking/parking_195.tif
train	Parking	17	parking_198.tif	Parking/parking_198.tif	AID_50/train/Parking/parking_198.tif
train	Parking	17	parking_199.tif	Parking/parking_199.tif	AID_50/train/Parking/parking_199.tif
train	Parking	17	parking_2.tif	Parking/parking_2.tif	AID_50/train/Parking/parking_2.tif
train	Parking	17	parking_20.tif	Parking/parking_20.tif	AID_50/train/Parking/parking_20.tif
train	Parking	17	parking_201.tif	Parking/parking_201.tif	AID_50/train/Parking/parking_201.tif
train	Parking	17	parking_202.tif	Parking/parking_202.tif	AID_50/train/Parking/parking_202.tif
train	Parking	17	parking_205.tif	Parking/parking_205.tif	AID_50/train/Parking/parking_205.tif
train	Parking	17	parking_206.tif	Parking/parking_206.tif	AID_50/train/Parking/parking_206.tif
train	Parking	17	parking_207.tif	Parking/parking_207.tif	AID_50/train/Parking/parking_207.tif
train	Parking	17	parking_208.tif	Parking/parking_208.tif	AID_50/train/Parking/parking_208.tif
train	Parking	17	parking_212.tif	Parking/parking_212.tif	AID_50/train/Parking/parking_212.tif
train	Parking	17	parking_214.tif	Parking/parking_214.tif	AID_50/train/Parking/parking_214.tif
train	Parking	17	parking_216.tif	Parking/parking_216.tif	AID_50/train/Parking/parking_216.tif
train	Parking	17	parking_223.tif	Parking/parking_223.tif	AID_50/train/Parking/parking_223.tif
train	Parking	17	parking_224.tif	Parking/parking_224.tif	AID_50/train/Parking/parking_224.tif
train	Parking	17	parking_227.tif	Parking/parking_227.tif	AID_50/train/Parking/parking_227.tif
train	Parking	17	parking_228.tif	Parking/parking_228.tif	AID_50/train/Parking/parking_228.tif
train	Parking	17	parking_229.tif	Parking/parking_229.tif	AID_50/train/Parking/parking_229.tif
train	Parking	17	parking_230.tif	Parking/parking_230.tif	AID_50/train/Parking/parking_230.tif
train	Parking	17	parking_232.tif	Parking/parking_232.tif	AID_50/train/Parking/parking_232.tif
train	Parking	17	parking_236.tif	Parking/parking_236.tif	AID_50/train/Parking/parking_236.tif
train	Parking	17	parking_237.tif	Parking/parking_237.tif	AID_50/train/Parking/parking_237.tif
train	Parking	17	parking_238.tif	Parking/parking_238.tif	AID_50/train/Parking/parking_238.tif
train	Parking	17	parking_241.tif	Parking/parking_241.tif	AID_50/train/Parking/parking_241.tif
train	Parking	17	parking_242.tif	Parking/parking_242.tif	AID_50/train/Parking/parking_242.tif
train	Parking	17	parking_244.tif	Parking/parking_244.tif	AID_50/train/Parking/parking_244.tif
train	Parking	17	parking_245.tif	Parking/parking_245.tif	AID_50/train/Parking/parking_245.tif
train	Parking	17	parking_247.tif	Parking/parking_247.tif	AID_50/train/Parking/parking_247.tif
train	Parking	17	parking_25.tif	Parking/parking_25.tif	AID_50/train/Parking/parking_25.tif
train	Parking	17	parking_254.tif	Parking/parking_254.tif	AID_50/train/Parking/parking_254.tif
train	Parking	17	parking_256.tif	Parking/parking_256.tif	AID_50/train/Parking/parking_256.tif
train	Parking	17	parking_259.tif	Parking/parking_259.tif	AID_50/train/Parking/parking_259.tif
train	Parking	17	parking_26.tif	Parking/parking_26.tif	AID_50/train/Parking/parking_26.tif
train	Parking	17	parking_260.tif	Parking/parking_260.tif	AID_50/train/Parking/parking_260.tif
train	Parking	17	parking_261.tif	Parking/parking_261.tif	AID_50/train/Parking/parking_261.tif
train	Parking	17	parking_262.tif	Parking/parking_262.tif	AID_50/train/Parking/parking_262.tif
train	Parking	17	parking_263.tif	Parking/parking_263.tif	AID_50/train/Parking/parking_263.tif
train	Parking	17	parking_264.tif	Parking/parking_264.tif	AID_50/train/Parking/parking_264.tif
train	Parking	17	parking_265.tif	Parking/parking_265.tif	AID_50/train/Parking/parking_265.tif
train	Parking	17	parking_270.tif	Parking/parking_270.tif	AID_50/train/Parking/parking_270.tif
train	Parking	17	parking_272.tif	Parking/parking_272.tif	AID_50/train/Parking/parking_272.tif
train	Parking	17	parking_274.tif	Parking/parking_274.tif	AID_50/train/Parking/parking_274.tif
train	Parking	17	parking_275.tif	Parking/parking_275.tif	AID_50/train/Parking/parking_275.tif
train	Parking	17	parking_278.tif	Parking/parking_278.tif	AID_50/train/Parking/parking_278.tif
train	Parking	17	parking_284.tif	Parking/parking_284.tif	AID_50/train/Parking/parking_284.tif
train	Parking	17	parking_285.tif	Parking/parking_285.tif	AID_50/train/Parking/parking_285.tif
train	Parking	17	parking_289.tif	Parking/parking_289.tif	AID_50/train/Parking/parking_289.tif
train	Parking	17	parking_290.tif	Parking/parking_290.tif	AID_50/train/Parking/parking_290.tif
train	Parking	17	parking_292.tif	Parking/parking_292.tif	AID_50/train/Parking/parking_292.tif
train	Parking	17	parking_295.tif	Parking/parking_295.tif	AID_50/train/Parking/parking_295.tif
train	Parking	17	parking_296.tif	Parking/parking_296.tif	AID_50/train/Parking/parking_296.tif
train	Parking	17	parking_298.tif	Parking/parking_298.tif	AID_50/train/Parking/parking_298.tif
train	Parking	17	parking_30.tif	Parking/parking_30.tif	AID_50/train/Parking/parking_30.tif
train	Parking	17	parking_302.tif	Parking/parking_302.tif	AID_50/train/Parking/parking_302.tif
train	Parking	17	parking_304.tif	Parking/parking_304.tif	AID_50/train/Parking/parking_304.tif
train	Parking	17	parking_307.tif	Parking/parking_307.tif	AID_50/train/Parking/parking_307.tif
train	Parking	17	parking_308.tif	Parking/parking_308.tif	AID_50/train/Parking/parking_308.tif
train	Parking	17	parking_309.tif	Parking/parking_309.tif	AID_50/train/Parking/parking_309.tif
train	Parking	17	parking_314.tif	Parking/parking_314.tif	AID_50/train/Parking/parking_314.tif
train	Parking	17	parking_32.tif	Parking/parking_32.tif	AID_50/train/Parking/parking_32.tif
train	Parking	17	parking_323.tif	Parking/parking_323.tif	AID_50/train/Parking/parking_323.tif
train	Parking	17	parking_324.tif	Parking/parking_324.tif	AID_50/train/Parking/parking_324.tif
train	Parking	17	parking_326.tif	Parking/parking_326.tif	AID_50/train/Parking/parking_326.tif
train	Parking	17	parking_327.tif	Parking/parking_327.tif	AID_50/train/Parking/parking_327.tif
train	Parking	17	parking_328.tif	Parking/parking_328.tif	AID_50/train/Parking/parking_328.tif
train	Parking	17	parking_329.tif	Parking/parking_329.tif	AID_50/train/Parking/parking_329.tif
train	Parking	17	parking_335.tif	Parking/parking_335.tif	AID_50/train/Parking/parking_335.tif
train	Parking	17	parking_336.tif	Parking/parking_336.tif	AID_50/train/Parking/parking_336.tif
train	Parking	17	parking_338.tif	Parking/parking_338.tif	AID_50/train/Parking/parking_338.tif
train	Parking	17	parking_340.tif	Parking/parking_340.tif	AID_50/train/Parking/parking_340.tif
train	Parking	17	parking_341.tif	Parking/parking_341.tif	AID_50/train/Parking/parking_341.tif
train	Parking	17	parking_343.tif	Parking/parking_343.tif	AID_50/train/Parking/parking_343.tif
train	Parking	17	parking_344.tif	Parking/parking_344.tif	AID_50/train/Parking/parking_344.tif
train	Parking	17	parking_346.tif	Parking/parking_346.tif	AID_50/train/Parking/parking_346.tif
train	Parking	17	parking_348.tif	Parking/parking_348.tif	AID_50/train/Parking/parking_348.tif
train	Parking	17	parking_35.tif	Parking/parking_35.tif	AID_50/train/Parking/parking_35.tif
train	Parking	17	parking_351.tif	Parking/parking_351.tif	AID_50/train/Parking/parking_351.tif
train	Parking	17	parking_352.tif	Parking/parking_352.tif	AID_50/train/Parking/parking_352.tif
train	Parking	17	parking_353.tif	Parking/parking_353.tif	AID_50/train/Parking/parking_353.tif
train	Parking	17	parking_354.tif	Parking/parking_354.tif	AID_50/train/Parking/parking_354.tif
train	Parking	17	parking_355.tif	Parking/parking_355.tif	AID_50/train/Parking/parking_355.tif
train	Parking	17	parking_356.tif	Parking/parking_356.tif	AID_50/train/Parking/parking_356.tif
train	Parking	17	parking_358.tif	Parking/parking_358.tif	AID_50/train/Parking/parking_358.tif
train	Parking	17	parking_361.tif	Parking/parking_361.tif	AID_50/train/Parking/parking_361.tif
train	Parking	17	parking_362.tif	Parking/parking_362.tif	AID_50/train/Parking/parking_362.tif
train	Parking	17	parking_363.tif	Parking/parking_363.tif	AID_50/train/Parking/parking_363.tif
train	Parking	17	parking_367.tif	Parking/parking_367.tif	AID_50/train/Parking/parking_367.tif
train	Parking	17	parking_368.tif	Parking/parking_368.tif	AID_50/train/Parking/parking_368.tif
train	Parking	17	parking_37.tif	Parking/parking_37.tif	AID_50/train/Parking/parking_37.tif
train	Parking	17	parking_370.tif	Parking/parking_370.tif	AID_50/train/Parking/parking_370.tif
train	Parking	17	parking_371.tif	Parking/parking_371.tif	AID_50/train/Parking/parking_371.tif
train	Parking	17	parking_372.tif	Parking/parking_372.tif	AID_50/train/Parking/parking_372.tif
train	Parking	17	parking_373.tif	Parking/parking_373.tif	AID_50/train/Parking/parking_373.tif
train	Parking	17	parking_374.tif	Parking/parking_374.tif	AID_50/train/Parking/parking_374.tif
train	Parking	17	parking_375.tif	Parking/parking_375.tif	AID_50/train/Parking/parking_375.tif
train	Parking	17	parking_376.tif	Parking/parking_376.tif	AID_50/train/Parking/parking_376.tif
train	Parking	17	parking_38.tif	Parking/parking_38.tif	AID_50/train/Parking/parking_38.tif
train	Parking	17	parking_380.tif	Parking/parking_380.tif	AID_50/train/Parking/parking_380.tif
train	Parking	17	parking_381.tif	Parking/parking_381.tif	AID_50/train/Parking/parking_381.tif
train	Parking	17	parking_384.tif	Parking/parking_384.tif	AID_50/train/Parking/parking_384.tif
train	Parking	17	parking_385.tif	Parking/parking_385.tif	AID_50/train/Parking/parking_385.tif
train	Parking	17	parking_387.tif	Parking/parking_387.tif	AID_50/train/Parking/parking_387.tif
train	Parking	17	parking_388.tif	Parking/parking_388.tif	AID_50/train/Parking/parking_388.tif
train	Parking	17	parking_4.tif	Parking/parking_4.tif	AID_50/train/Parking/parking_4.tif
train	Parking	17	parking_40.tif	Parking/parking_40.tif	AID_50/train/Parking/parking_40.tif
train	Parking	17	parking_41.tif	Parking/parking_41.tif	AID_50/train/Parking/parking_41.tif
train	Parking	17	parking_42.tif	Parking/parking_42.tif	AID_50/train/Parking/parking_42.tif
train	Parking	17	parking_44.tif	Parking/parking_44.tif	AID_50/train/Parking/parking_44.tif
train	Parking	17	parking_49.tif	Parking/parking_49.tif	AID_50/train/Parking/parking_49.tif
train	Parking	17	parking_51.tif	Parking/parking_51.tif	AID_50/train/Parking/parking_51.tif
train	Parking	17	parking_52.tif	Parking/parking_52.tif	AID_50/train/Parking/parking_52.tif
train	Parking	17	parking_53.tif	Parking/parking_53.tif	AID_50/train/Parking/parking_53.tif
train	Parking	17	parking_54.tif	Parking/parking_54.tif	AID_50/train/Parking/parking_54.tif
train	Parking	17	parking_55.tif	Parking/parking_55.tif	AID_50/train/Parking/parking_55.tif
train	Parking	17	parking_56.tif	Parking/parking_56.tif	AID_50/train/Parking/parking_56.tif
train	Parking	17	parking_57.tif	Parking/parking_57.tif	AID_50/train/Parking/parking_57.tif
train	Parking	17	parking_58.tif	Parking/parking_58.tif	AID_50/train/Parking/parking_58.tif
train	Parking	17	parking_60.tif	Parking/parking_60.tif	AID_50/train/Parking/parking_60.tif
train	Parking	17	parking_61.tif	Parking/parking_61.tif	AID_50/train/Parking/parking_61.tif
train	Parking	17	parking_64.tif	Parking/parking_64.tif	AID_50/train/Parking/parking_64.tif
train	Parking	17	parking_65.tif	Parking/parking_65.tif	AID_50/train/Parking/parking_65.tif
train	Parking	17	parking_66.tif	Parking/parking_66.tif	AID_50/train/Parking/parking_66.tif
train	Parking	17	parking_69.tif	Parking/parking_69.tif	AID_50/train/Parking/parking_69.tif
train	Parking	17	parking_7.tif	Parking/parking_7.tif	AID_50/train/Parking/parking_7.tif
train	Parking	17	parking_73.tif	Parking/parking_73.tif	AID_50/train/Parking/parking_73.tif
train	Parking	17	parking_74.tif	Parking/parking_74.tif	AID_50/train/Parking/parking_74.tif
train	Parking	17	parking_78.tif	Parking/parking_78.tif	AID_50/train/Parking/parking_78.tif
train	Parking	17	parking_80.tif	Parking/parking_80.tif	AID_50/train/Parking/parking_80.tif
train	Parking	17	parking_83.tif	Parking/parking_83.tif	AID_50/train/Parking/parking_83.tif
train	Parking	17	parking_86.tif	Parking/parking_86.tif	AID_50/train/Parking/parking_86.tif
train	Parking	17	parking_87.tif	Parking/parking_87.tif	AID_50/train/Parking/parking_87.tif
train	Parking	17	parking_88.tif	Parking/parking_88.tif	AID_50/train/Parking/parking_88.tif
train	Parking	17	parking_9.tif	Parking/parking_9.tif	AID_50/train/Parking/parking_9.tif
train	Parking	17	parking_93.tif	Parking/parking_93.tif	AID_50/train/Parking/parking_93.tif
train	Parking	17	parking_94.tif	Parking/parking_94.tif	AID_50/train/Parking/parking_94.tif
train	Parking	17	parking_95.tif	Parking/parking_95.tif	AID_50/train/Parking/parking_95.tif
train	Parking	17	parking_97.tif	Parking/parking_97.tif	AID_50/train/Parking/parking_97.tif
train	Parking	17	parking_99.tif	Parking/parking_99.tif	AID_50/train/Parking/parking_99.tif
train	Playground	18	playground_1.tif	Playground/playground_1.tif	AID_50/train/Playground/playground_1.tif
train	Playground	18	playground_10.tif	Playground/playground_10.tif	AID_50/train/Playground/playground_10.tif
train	Playground	18	playground_100.tif	Playground/playground_100.tif	AID_50/train/Playground/playground_100.tif
train	Playground	18	playground_103.tif	Playground/playground_103.tif	AID_50/train/Playground/playground_103.tif
train	Playground	18	playground_105.tif	Playground/playground_105.tif	AID_50/train/Playground/playground_105.tif
train	Playground	18	playground_110.tif	Playground/playground_110.tif	AID_50/train/Playground/playground_110.tif
train	Playground	18	playground_111.tif	Playground/playground_111.tif	AID_50/train/Playground/playground_111.tif
train	Playground	18	playground_112.tif	Playground/playground_112.tif	AID_50/train/Playground/playground_112.tif
train	Playground	18	playground_115.tif	Playground/playground_115.tif	AID_50/train/Playground/playground_115.tif
train	Playground	18	playground_116.tif	Playground/playground_116.tif	AID_50/train/Playground/playground_116.tif
train	Playground	18	playground_117.tif	Playground/playground_117.tif	AID_50/train/Playground/playground_117.tif
train	Playground	18	playground_118.tif	Playground/playground_118.tif	AID_50/train/Playground/playground_118.tif
train	Playground	18	playground_119.tif	Playground/playground_119.tif	AID_50/train/Playground/playground_119.tif
train	Playground	18	playground_12.tif	Playground/playground_12.tif	AID_50/train/Playground/playground_12.tif
train	Playground	18	playground_122.tif	Playground/playground_122.tif	AID_50/train/Playground/playground_122.tif
train	Playground	18	playground_123.tif	Playground/playground_123.tif	AID_50/train/Playground/playground_123.tif
train	Playground	18	playground_125.tif	Playground/playground_125.tif	AID_50/train/Playground/playground_125.tif
train	Playground	18	playground_129.tif	Playground/playground_129.tif	AID_50/train/Playground/playground_129.tif
train	Playground	18	playground_131.tif	Playground/playground_131.tif	AID_50/train/Playground/playground_131.tif
train	Playground	18	playground_135.tif	Playground/playground_135.tif	AID_50/train/Playground/playground_135.tif
train	Playground	18	playground_137.tif	Playground/playground_137.tif	AID_50/train/Playground/playground_137.tif
train	Playground	18	playground_138.tif	Playground/playground_138.tif	AID_50/train/Playground/playground_138.tif
train	Playground	18	playground_143.tif	Playground/playground_143.tif	AID_50/train/Playground/playground_143.tif
train	Playground	18	playground_148.tif	Playground/playground_148.tif	AID_50/train/Playground/playground_148.tif
train	Playground	18	playground_153.tif	Playground/playground_153.tif	AID_50/train/Playground/playground_153.tif
train	Playground	18	playground_155.tif	Playground/playground_155.tif	AID_50/train/Playground/playground_155.tif
train	Playground	18	playground_156.tif	Playground/playground_156.tif	AID_50/train/Playground/playground_156.tif
train	Playground	18	playground_157.tif	Playground/playground_157.tif	AID_50/train/Playground/playground_157.tif
train	Playground	18	playground_158.tif	Playground/playground_158.tif	AID_50/train/Playground/playground_158.tif
train	Playground	18	playground_16.tif	Playground/playground_16.tif	AID_50/train/Playground/playground_16.tif
train	Playground	18	playground_162.tif	Playground/playground_162.tif	AID_50/train/Playground/playground_162.tif
train	Playground	18	playground_164.tif	Playground/playground_164.tif	AID_50/train/Playground/playground_164.tif
train	Playground	18	playground_165.tif	Playground/playground_165.tif	AID_50/train/Playground/playground_165.tif
train	Playground	18	playground_166.tif	Playground/playground_166.tif	AID_50/train/Playground/playground_166.tif
train	Playground	18	playground_167.tif	Playground/playground_167.tif	AID_50/train/Playground/playground_167.tif
train	Playground	18	playground_168.tif	Playground/playground_168.tif	AID_50/train/Playground/playground_168.tif
train	Playground	18	playground_170.tif	Playground/playground_170.tif	AID_50/train/Playground/playground_170.tif
train	Playground	18	playground_173.tif	Playground/playground_173.tif	AID_50/train/Playground/playground_173.tif
train	Playground	18	playground_175.tif	Playground/playground_175.tif	AID_50/train/Playground/playground_175.tif
train	Playground	18	playground_176.tif	Playground/playground_176.tif	AID_50/train/Playground/playground_176.tif
train	Playground	18	playground_177.tif	Playground/playground_177.tif	AID_50/train/Playground/playground_177.tif
train	Playground	18	playground_178.tif	Playground/playground_178.tif	AID_50/train/Playground/playground_178.tif
train	Playground	18	playground_179.tif	Playground/playground_179.tif	AID_50/train/Playground/playground_179.tif
train	Playground	18	playground_181.tif	Playground/playground_181.tif	AID_50/train/Playground/playground_181.tif
train	Playground	18	playground_182.tif	Playground/playground_182.tif	AID_50/train/Playground/playground_182.tif
train	Playground	18	playground_185.tif	Playground/playground_185.tif	AID_50/train/Playground/playground_185.tif
train	Playground	18	playground_188.tif	Playground/playground_188.tif	AID_50/train/Playground/playground_188.tif
train	Playground	18	playground_189.tif	Playground/playground_189.tif	AID_50/train/Playground/playground_189.tif
train	Playground	18	playground_19.tif	Playground/playground_19.tif	AID_50/train/Playground/playground_19.tif
train	Playground	18	playground_192.tif	Playground/playground_192.tif	AID_50/train/Playground/playground_192.tif
train	Playground	18	playground_193.tif	Playground/playground_193.tif	AID_50/train/Playground/playground_193.tif
train	Playground	18	playground_194.tif	Playground/playground_194.tif	AID_50/train/Playground/playground_194.tif
train	Playground	18	playground_195.tif	Playground/playground_195.tif	AID_50/train/Playground/playground_195.tif
train	Playground	18	playground_196.tif	Playground/playground_196.tif	AID_50/train/Playground/playground_196.tif
train	Playground	18	playground_199.tif	Playground/playground_199.tif	AID_50/train/Playground/playground_199.tif
train	Playground	18	playground_2.tif	Playground/playground_2.tif	AID_50/train/Playground/playground_2.tif
train	Playground	18	playground_205.tif	Playground/playground_205.tif	AID_50/train/Playground/playground_205.tif
train	Playground	18	playground_206.tif	Playground/playground_206.tif	AID_50/train/Playground/playground_206.tif
train	Playground	18	playground_207.tif	Playground/playground_207.tif	AID_50/train/Playground/playground_207.tif
train	Playground	18	playground_208.tif	Playground/playground_208.tif	AID_50/train/Playground/playground_208.tif
train	Playground	18	playground_209.tif	Playground/playground_209.tif	AID_50/train/Playground/playground_209.tif
train	Playground	18	playground_21.tif	Playground/playground_21.tif	AID_50/train/Playground/playground_21.tif
train	Playground	18	playground_210.tif	Playground/playground_210.tif	AID_50/train/Playground/playground_210.tif
train	Playground	18	playground_212.tif	Playground/playground_212.tif	AID_50/train/Playground/playground_212.tif
train	Playground	18	playground_214.tif	Playground/playground_214.tif	AID_50/train/Playground/playground_214.tif
train	Playground	18	playground_215.tif	Playground/playground_215.tif	AID_50/train/Playground/playground_215.tif
train	Playground	18	playground_217.tif	Playground/playground_217.tif	AID_50/train/Playground/playground_217.tif
train	Playground	18	playground_22.tif	Playground/playground_22.tif	AID_50/train/Playground/playground_22.tif
train	Playground	18	playground_220.tif	Playground/playground_220.tif	AID_50/train/Playground/playground_220.tif
train	Playground	18	playground_222.tif	Playground/playground_222.tif	AID_50/train/Playground/playground_222.tif
train	Playground	18	playground_224.tif	Playground/playground_224.tif	AID_50/train/Playground/playground_224.tif
train	Playground	18	playground_225.tif	Playground/playground_225.tif	AID_50/train/Playground/playground_225.tif
train	Playground	18	playground_227.tif	Playground/playground_227.tif	AID_50/train/Playground/playground_227.tif
train	Playground	18	playground_230.tif	Playground/playground_230.tif	AID_50/train/Playground/playground_230.tif
train	Playground	18	playground_232.tif	Playground/playground_232.tif	AID_50/train/Playground/playground_232.tif
train	Playground	18	playground_235.tif	Playground/playground_235.tif	AID_50/train/Playground/playground_235.tif
train	Playground	18	playground_236.tif	Playground/playground_236.tif	AID_50/train/Playground/playground_236.tif
train	Playground	18	playground_239.tif	Playground/playground_239.tif	AID_50/train/Playground/playground_239.tif
train	Playground	18	playground_24.tif	Playground/playground_24.tif	AID_50/train/Playground/playground_24.tif
train	Playground	18	playground_240.tif	Playground/playground_240.tif	AID_50/train/Playground/playground_240.tif
train	Playground	18	playground_241.tif	Playground/playground_241.tif	AID_50/train/Playground/playground_241.tif
train	Playground	18	playground_242.tif	Playground/playground_242.tif	AID_50/train/Playground/playground_242.tif
train	Playground	18	playground_244.tif	Playground/playground_244.tif	AID_50/train/Playground/playground_244.tif
train	Playground	18	playground_245.tif	Playground/playground_245.tif	AID_50/train/Playground/playground_245.tif
train	Playground	18	playground_246.tif	Playground/playground_246.tif	AID_50/train/Playground/playground_246.tif
train	Playground	18	playground_253.tif	Playground/playground_253.tif	AID_50/train/Playground/playground_253.tif
train	Playground	18	playground_256.tif	Playground/playground_256.tif	AID_50/train/Playground/playground_256.tif
train	Playground	18	playground_258.tif	Playground/playground_258.tif	AID_50/train/Playground/playground_258.tif
train	Playground	18	playground_259.tif	Playground/playground_259.tif	AID_50/train/Playground/playground_259.tif
train	Playground	18	playground_26.tif	Playground/playground_26.tif	AID_50/train/Playground/playground_26.tif
train	Playground	18	playground_260.tif	Playground/playground_260.tif	AID_50/train/Playground/playground_260.tif
train	Playground	18	playground_261.tif	Playground/playground_261.tif	AID_50/train/Playground/playground_261.tif
train	Playground	18	playground_262.tif	Playground/playground_262.tif	AID_50/train/Playground/playground_262.tif
train	Playground	18	playground_263.tif	Playground/playground_263.tif	AID_50/train/Playground/playground_263.tif
train	Playground	18	playground_267.tif	Playground/playground_267.tif	AID_50/train/Playground/playground_267.tif
train	Playground	18	playground_268.tif	Playground/playground_268.tif	AID_50/train/Playground/playground_268.tif
train	Playground	18	playground_269.tif	Playground/playground_269.tif	AID_50/train/Playground/playground_269.tif
train	Playground	18	playground_273.tif	Playground/playground_273.tif	AID_50/train/Playground/playground_273.tif
train	Playground	18	playground_274.tif	Playground/playground_274.tif	AID_50/train/Playground/playground_274.tif
train	Playground	18	playground_275.tif	Playground/playground_275.tif	AID_50/train/Playground/playground_275.tif
train	Playground	18	playground_280.tif	Playground/playground_280.tif	AID_50/train/Playground/playground_280.tif
train	Playground	18	playground_282.tif	Playground/playground_282.tif	AID_50/train/Playground/playground_282.tif
train	Playground	18	playground_283.tif	Playground/playground_283.tif	AID_50/train/Playground/playground_283.tif
train	Playground	18	playground_285.tif	Playground/playground_285.tif	AID_50/train/Playground/playground_285.tif
train	Playground	18	playground_286.tif	Playground/playground_286.tif	AID_50/train/Playground/playground_286.tif
train	Playground	18	playground_287.tif	Playground/playground_287.tif	AID_50/train/Playground/playground_287.tif
train	Playground	18	playground_288.tif	Playground/playground_288.tif	AID_50/train/Playground/playground_288.tif
train	Playground	18	playground_290.tif	Playground/playground_290.tif	AID_50/train/Playground/playground_290.tif
train	Playground	18	playground_291.tif	Playground/playground_291.tif	AID_50/train/Playground/playground_291.tif
train	Playground	18	playground_292.tif	Playground/playground_292.tif	AID_50/train/Playground/playground_292.tif
train	Playground	18	playground_293.tif	Playground/playground_293.tif	AID_50/train/Playground/playground_293.tif
train	Playground	18	playground_295.tif	Playground/playground_295.tif	AID_50/train/Playground/playground_295.tif
train	Playground	18	playground_302.tif	Playground/playground_302.tif	AID_50/train/Playground/playground_302.tif
train	Playground	18	playground_303.tif	Playground/playground_303.tif	AID_50/train/Playground/playground_303.tif
train	Playground	18	playground_305.tif	Playground/playground_305.tif	AID_50/train/Playground/playground_305.tif
train	Playground	18	playground_309.tif	Playground/playground_309.tif	AID_50/train/Playground/playground_309.tif
train	Playground	18	playground_31.tif	Playground/playground_31.tif	AID_50/train/Playground/playground_31.tif
train	Playground	18	playground_312.tif	Playground/playground_312.tif	AID_50/train/Playground/playground_312.tif
train	Playground	18	playground_319.tif	Playground/playground_319.tif	AID_50/train/Playground/playground_319.tif
train	Playground	18	playground_32.tif	Playground/playground_32.tif	AID_50/train/Playground/playground_32.tif
train	Playground	18	playground_320.tif	Playground/playground_320.tif	AID_50/train/Playground/playground_320.tif
train	Playground	18	playground_324.tif	Playground/playground_324.tif	AID_50/train/Playground/playground_324.tif
train	Playground	18	playground_326.tif	Playground/playground_326.tif	AID_50/train/Playground/playground_326.tif
train	Playground	18	playground_327.tif	Playground/playground_327.tif	AID_50/train/Playground/playground_327.tif
train	Playground	18	playground_328.tif	Playground/playground_328.tif	AID_50/train/Playground/playground_328.tif
train	Playground	18	playground_33.tif	Playground/playground_33.tif	AID_50/train/Playground/playground_33.tif
train	Playground	18	playground_330.tif	Playground/playground_330.tif	AID_50/train/Playground/playground_330.tif
train	Playground	18	playground_332.tif	Playground/playground_332.tif	AID_50/train/Playground/playground_332.tif
train	Playground	18	playground_333.tif	Playground/playground_333.tif	AID_50/train/Playground/playground_333.tif
train	Playground	18	playground_336.tif	Playground/playground_336.tif	AID_50/train/Playground/playground_336.tif
train	Playground	18	playground_337.tif	Playground/playground_337.tif	AID_50/train/Playground/playground_337.tif
train	Playground	18	playground_339.tif	Playground/playground_339.tif	AID_50/train/Playground/playground_339.tif
train	Playground	18	playground_34.tif	Playground/playground_34.tif	AID_50/train/Playground/playground_34.tif
train	Playground	18	playground_340.tif	Playground/playground_340.tif	AID_50/train/Playground/playground_340.tif
train	Playground	18	playground_341.tif	Playground/playground_341.tif	AID_50/train/Playground/playground_341.tif
train	Playground	18	playground_345.tif	Playground/playground_345.tif	AID_50/train/Playground/playground_345.tif
train	Playground	18	playground_348.tif	Playground/playground_348.tif	AID_50/train/Playground/playground_348.tif
train	Playground	18	playground_351.tif	Playground/playground_351.tif	AID_50/train/Playground/playground_351.tif
train	Playground	18	playground_352.tif	Playground/playground_352.tif	AID_50/train/Playground/playground_352.tif
train	Playground	18	playground_353.tif	Playground/playground_353.tif	AID_50/train/Playground/playground_353.tif
train	Playground	18	playground_357.tif	Playground/playground_357.tif	AID_50/train/Playground/playground_357.tif
train	Playground	18	playground_359.tif	Playground/playground_359.tif	AID_50/train/Playground/playground_359.tif
train	Playground	18	playground_360.tif	Playground/playground_360.tif	AID_50/train/Playground/playground_360.tif
train	Playground	18	playground_361.tif	Playground/playground_361.tif	AID_50/train/Playground/playground_361.tif
train	Playground	18	playground_362.tif	Playground/playground_362.tif	AID_50/train/Playground/playground_362.tif
train	Playground	18	playground_364.tif	Playground/playground_364.tif	AID_50/train/Playground/playground_364.tif
train	Playground	18	playground_365.tif	Playground/playground_365.tif	AID_50/train/Playground/playground_365.tif
train	Playground	18	playground_366.tif	Playground/playground_366.tif	AID_50/train/Playground/playground_366.tif
train	Playground	18	playground_368.tif	Playground/playground_368.tif	AID_50/train/Playground/playground_368.tif
train	Playground	18	playground_369.tif	Playground/playground_369.tif	AID_50/train/Playground/playground_369.tif
train	Playground	18	playground_39.tif	Playground/playground_39.tif	AID_50/train/Playground/playground_39.tif
train	Playground	18	playground_4.tif	Playground/playground_4.tif	AID_50/train/Playground/playground_4.tif
train	Playground	18	playground_40.tif	Playground/playground_40.tif	AID_50/train/Playground/playground_40.tif
train	Playground	18	playground_43.tif	Playground/playground_43.tif	AID_50/train/Playground/playground_43.tif
train	Playground	18	playground_46.tif	Playground/playground_46.tif	AID_50/train/Playground/playground_46.tif
train	Playground	18	playground_47.tif	Playground/playground_47.tif	AID_50/train/Playground/playground_47.tif
train	Playground	18	playground_48.tif	Playground/playground_48.tif	AID_50/train/Playground/playground_48.tif
train	Playground	18	playground_49.tif	Playground/playground_49.tif	AID_50/train/Playground/playground_49.tif
train	Playground	18	playground_50.tif	Playground/playground_50.tif	AID_50/train/Playground/playground_50.tif
train	Playground	18	playground_51.tif	Playground/playground_51.tif	AID_50/train/Playground/playground_51.tif
train	Playground	18	playground_52.tif	Playground/playground_52.tif	AID_50/train/Playground/playground_52.tif
train	Playground	18	playground_54.tif	Playground/playground_54.tif	AID_50/train/Playground/playground_54.tif
train	Playground	18	playground_55.tif	Playground/playground_55.tif	AID_50/train/Playground/playground_55.tif
train	Playground	18	playground_56.tif	Playground/playground_56.tif	AID_50/train/Playground/playground_56.tif
train	Playground	18	playground_58.tif	Playground/playground_58.tif	AID_50/train/Playground/playground_58.tif
train	Playground	18	playground_59.tif	Playground/playground_59.tif	AID_50/train/Playground/playground_59.tif
train	Playground	18	playground_63.tif	Playground/playground_63.tif	AID_50/train/Playground/playground_63.tif
train	Playground	18	playground_65.tif	Playground/playground_65.tif	AID_50/train/Playground/playground_65.tif
train	Playground	18	playground_66.tif	Playground/playground_66.tif	AID_50/train/Playground/playground_66.tif
train	Playground	18	playground_69.tif	Playground/playground_69.tif	AID_50/train/Playground/playground_69.tif
train	Playground	18	playground_70.tif	Playground/playground_70.tif	AID_50/train/Playground/playground_70.tif
train	Playground	18	playground_71.tif	Playground/playground_71.tif	AID_50/train/Playground/playground_71.tif
train	Playground	18	playground_74.tif	Playground/playground_74.tif	AID_50/train/Playground/playground_74.tif
train	Playground	18	playground_75.tif	Playground/playground_75.tif	AID_50/train/Playground/playground_75.tif
train	Playground	18	playground_78.tif	Playground/playground_78.tif	AID_50/train/Playground/playground_78.tif
train	Playground	18	playground_79.tif	Playground/playground_79.tif	AID_50/train/Playground/playground_79.tif
train	Playground	18	playground_80.tif	Playground/playground_80.tif	AID_50/train/Playground/playground_80.tif
train	Playground	18	playground_82.tif	Playground/playground_82.tif	AID_50/train/Playground/playground_82.tif
train	Playground	18	playground_88.tif	Playground/playground_88.tif	AID_50/train/Playground/playground_88.tif
train	Playground	18	playground_9.tif	Playground/playground_9.tif	AID_50/train/Playground/playground_9.tif
train	Playground	18	playground_92.tif	Playground/playground_92.tif	AID_50/train/Playground/playground_92.tif
train	Playground	18	playground_94.tif	Playground/playground_94.tif	AID_50/train/Playground/playground_94.tif
train	Playground	18	playground_95.tif	Playground/playground_95.tif	AID_50/train/Playground/playground_95.tif
train	Playground	18	playground_96.tif	Playground/playground_96.tif	AID_50/train/Playground/playground_96.tif
train	Playground	18	playground_99.tif	Playground/playground_99.tif	AID_50/train/Playground/playground_99.tif
train	Pond	19	pond_10.tif	Pond/pond_10.tif	AID_50/train/Pond/pond_10.tif
train	Pond	19	pond_100.tif	Pond/pond_100.tif	AID_50/train/Pond/pond_100.tif
train	Pond	19	pond_101.tif	Pond/pond_101.tif	AID_50/train/Pond/pond_101.tif
train	Pond	19	pond_102.tif	Pond/pond_102.tif	AID_50/train/Pond/pond_102.tif
train	Pond	19	pond_104.tif	Pond/pond_104.tif	AID_50/train/Pond/pond_104.tif
train	Pond	19	pond_105.tif	Pond/pond_105.tif	AID_50/train/Pond/pond_105.tif
train	Pond	19	pond_107.tif	Pond/pond_107.tif	AID_50/train/Pond/pond_107.tif
train	Pond	19	pond_108.tif	Pond/pond_108.tif	AID_50/train/Pond/pond_108.tif
train	Pond	19	pond_109.tif	Pond/pond_109.tif	AID_50/train/Pond/pond_109.tif
train	Pond	19	pond_11.tif	Pond/pond_11.tif	AID_50/train/Pond/pond_11.tif
train	Pond	19	pond_112.tif	Pond/pond_112.tif	AID_50/train/Pond/pond_112.tif
train	Pond	19	pond_113.tif	Pond/pond_113.tif	AID_50/train/Pond/pond_113.tif
train	Pond	19	pond_115.tif	Pond/pond_115.tif	AID_50/train/Pond/pond_115.tif
train	Pond	19	pond_116.tif	Pond/pond_116.tif	AID_50/train/Pond/pond_116.tif
train	Pond	19	pond_118.tif	Pond/pond_118.tif	AID_50/train/Pond/pond_118.tif
train	Pond	19	pond_12.tif	Pond/pond_12.tif	AID_50/train/Pond/pond_12.tif
train	Pond	19	pond_123.tif	Pond/pond_123.tif	AID_50/train/Pond/pond_123.tif
train	Pond	19	pond_125.tif	Pond/pond_125.tif	AID_50/train/Pond/pond_125.tif
train	Pond	19	pond_127.tif	Pond/pond_127.tif	AID_50/train/Pond/pond_127.tif
train	Pond	19	pond_129.tif	Pond/pond_129.tif	AID_50/train/Pond/pond_129.tif
train	Pond	19	pond_130.tif	Pond/pond_130.tif	AID_50/train/Pond/pond_130.tif
train	Pond	19	pond_132.tif	Pond/pond_132.tif	AID_50/train/Pond/pond_132.tif
train	Pond	19	pond_134.tif	Pond/pond_134.tif	AID_50/train/Pond/pond_134.tif
train	Pond	19	pond_135.tif	Pond/pond_135.tif	AID_50/train/Pond/pond_135.tif
train	Pond	19	pond_136.tif	Pond/pond_136.tif	AID_50/train/Pond/pond_136.tif
train	Pond	19	pond_139.tif	Pond/pond_139.tif	AID_50/train/Pond/pond_139.tif
train	Pond	19	pond_14.tif	Pond/pond_14.tif	AID_50/train/Pond/pond_14.tif
train	Pond	19	pond_140.tif	Pond/pond_140.tif	AID_50/train/Pond/pond_140.tif
train	Pond	19	pond_141.tif	Pond/pond_141.tif	AID_50/train/Pond/pond_141.tif
train	Pond	19	pond_144.tif	Pond/pond_144.tif	AID_50/train/Pond/pond_144.tif
train	Pond	19	pond_147.tif	Pond/pond_147.tif	AID_50/train/Pond/pond_147.tif
train	Pond	19	pond_148.tif	Pond/pond_148.tif	AID_50/train/Pond/pond_148.tif
train	Pond	19	pond_149.tif	Pond/pond_149.tif	AID_50/train/Pond/pond_149.tif
train	Pond	19	pond_151.tif	Pond/pond_151.tif	AID_50/train/Pond/pond_151.tif
train	Pond	19	pond_152.tif	Pond/pond_152.tif	AID_50/train/Pond/pond_152.tif
train	Pond	19	pond_155.tif	Pond/pond_155.tif	AID_50/train/Pond/pond_155.tif
train	Pond	19	pond_158.tif	Pond/pond_158.tif	AID_50/train/Pond/pond_158.tif
train	Pond	19	pond_159.tif	Pond/pond_159.tif	AID_50/train/Pond/pond_159.tif
train	Pond	19	pond_16.tif	Pond/pond_16.tif	AID_50/train/Pond/pond_16.tif
train	Pond	19	pond_160.tif	Pond/pond_160.tif	AID_50/train/Pond/pond_160.tif
train	Pond	19	pond_167.tif	Pond/pond_167.tif	AID_50/train/Pond/pond_167.tif
train	Pond	19	pond_168.tif	Pond/pond_168.tif	AID_50/train/Pond/pond_168.tif
train	Pond	19	pond_170.tif	Pond/pond_170.tif	AID_50/train/Pond/pond_170.tif
train	Pond	19	pond_171.tif	Pond/pond_171.tif	AID_50/train/Pond/pond_171.tif
train	Pond	19	pond_174.tif	Pond/pond_174.tif	AID_50/train/Pond/pond_174.tif
train	Pond	19	pond_177.tif	Pond/pond_177.tif	AID_50/train/Pond/pond_177.tif
train	Pond	19	pond_178.tif	Pond/pond_178.tif	AID_50/train/Pond/pond_178.tif
train	Pond	19	pond_179.tif	Pond/pond_179.tif	AID_50/train/Pond/pond_179.tif
train	Pond	19	pond_18.tif	Pond/pond_18.tif	AID_50/train/Pond/pond_18.tif
train	Pond	19	pond_180.tif	Pond/pond_180.tif	AID_50/train/Pond/pond_180.tif
train	Pond	19	pond_181.tif	Pond/pond_181.tif	AID_50/train/Pond/pond_181.tif
train	Pond	19	pond_184.tif	Pond/pond_184.tif	AID_50/train/Pond/pond_184.tif
train	Pond	19	pond_187.tif	Pond/pond_187.tif	AID_50/train/Pond/pond_187.tif
train	Pond	19	pond_188.tif	Pond/pond_188.tif	AID_50/train/Pond/pond_188.tif
train	Pond	19	pond_19.tif	Pond/pond_19.tif	AID_50/train/Pond/pond_19.tif
train	Pond	19	pond_191.tif	Pond/pond_191.tif	AID_50/train/Pond/pond_191.tif
train	Pond	19	pond_193.tif	Pond/pond_193.tif	AID_50/train/Pond/pond_193.tif
train	Pond	19	pond_197.tif	Pond/pond_197.tif	AID_50/train/Pond/pond_197.tif
train	Pond	19	pond_2.tif	Pond/pond_2.tif	AID_50/train/Pond/pond_2.tif
train	Pond	19	pond_20.tif	Pond/pond_20.tif	AID_50/train/Pond/pond_20.tif
train	Pond	19	pond_201.tif	Pond/pond_201.tif	AID_50/train/Pond/pond_201.tif
train	Pond	19	pond_207.tif	Pond/pond_207.tif	AID_50/train/Pond/pond_207.tif
train	Pond	19	pond_209.tif	Pond/pond_209.tif	AID_50/train/Pond/pond_209.tif
train	Pond	19	pond_21.tif	Pond/pond_21.tif	AID_50/train/Pond/pond_21.tif
train	Pond	19	pond_211.tif	Pond/pond_211.tif	AID_50/train/Pond/pond_211.tif
train	Pond	19	pond_215.tif	Pond/pond_215.tif	AID_50/train/Pond/pond_215.tif
train	Pond	19	pond_217.tif	Pond/pond_217.tif	AID_50/train/Pond/pond_217.tif
train	Pond	19	pond_218.tif	Pond/pond_218.tif	AID_50/train/Pond/pond_218.tif
train	Pond	19	pond_220.tif	Pond/pond_220.tif	AID_50/train/Pond/pond_220.tif
train	Pond	19	pond_221.tif	Pond/pond_221.tif	AID_50/train/Pond/pond_221.tif
train	Pond	19	pond_222.tif	Pond/pond_222.tif	AID_50/train/Pond/pond_222.tif
train	Pond	19	pond_223.tif	Pond/pond_223.tif	AID_50/train/Pond/pond_223.tif
train	Pond	19	pond_225.tif	Pond/pond_225.tif	AID_50/train/Pond/pond_225.tif
train	Pond	19	pond_229.tif	Pond/pond_229.tif	AID_50/train/Pond/pond_229.tif
train	Pond	19	pond_23.tif	Pond/pond_23.tif	AID_50/train/Pond/pond_23.tif
train	Pond	19	pond_230.tif	Pond/pond_230.tif	AID_50/train/Pond/pond_230.tif
train	Pond	19	pond_231.tif	Pond/pond_231.tif	AID_50/train/Pond/pond_231.tif
train	Pond	19	pond_232.tif	Pond/pond_232.tif	AID_50/train/Pond/pond_232.tif
train	Pond	19	pond_234.tif	Pond/pond_234.tif	AID_50/train/Pond/pond_234.tif
train	Pond	19	pond_239.tif	Pond/pond_239.tif	AID_50/train/Pond/pond_239.tif
train	Pond	19	pond_24.tif	Pond/pond_24.tif	AID_50/train/Pond/pond_24.tif
train	Pond	19	pond_241.tif	Pond/pond_241.tif	AID_50/train/Pond/pond_241.tif
train	Pond	19	pond_244.tif	Pond/pond_244.tif	AID_50/train/Pond/pond_244.tif
train	Pond	19	pond_245.tif	Pond/pond_245.tif	AID_50/train/Pond/pond_245.tif
train	Pond	19	pond_249.tif	Pond/pond_249.tif	AID_50/train/Pond/pond_249.tif
train	Pond	19	pond_250.tif	Pond/pond_250.tif	AID_50/train/Pond/pond_250.tif
train	Pond	19	pond_251.tif	Pond/pond_251.tif	AID_50/train/Pond/pond_251.tif
train	Pond	19	pond_253.tif	Pond/pond_253.tif	AID_50/train/Pond/pond_253.tif
train	Pond	19	pond_255.tif	Pond/pond_255.tif	AID_50/train/Pond/pond_255.tif
train	Pond	19	pond_26.tif	Pond/pond_26.tif	AID_50/train/Pond/pond_26.tif
train	Pond	19	pond_261.tif	Pond/pond_261.tif	AID_50/train/Pond/pond_261.tif
train	Pond	19	pond_263.tif	Pond/pond_263.tif	AID_50/train/Pond/pond_263.tif
train	Pond	19	pond_264.tif	Pond/pond_264.tif	AID_50/train/Pond/pond_264.tif
train	Pond	19	pond_265.tif	Pond/pond_265.tif	AID_50/train/Pond/pond_265.tif
train	Pond	19	pond_267.tif	Pond/pond_267.tif	AID_50/train/Pond/pond_267.tif
train	Pond	19	pond_269.tif	Pond/pond_269.tif	AID_50/train/Pond/pond_269.tif
train	Pond	19	pond_27.tif	Pond/pond_27.tif	AID_50/train/Pond/pond_27.tif
train	Pond	19	pond_270.tif	Pond/pond_270.tif	AID_50/train/Pond/pond_270.tif
train	Pond	19	pond_272.tif	Pond/pond_272.tif	AID_50/train/Pond/pond_272.tif
train	Pond	19	pond_273.tif	Pond/pond_273.tif	AID_50/train/Pond/pond_273.tif
train	Pond	19	pond_276.tif	Pond/pond_276.tif	AID_50/train/Pond/pond_276.tif
train	Pond	19	pond_278.tif	Pond/pond_278.tif	AID_50/train/Pond/pond_278.tif
train	Pond	19	pond_280.tif	Pond/pond_280.tif	AID_50/train/Pond/pond_280.tif
train	Pond	19	pond_281.tif	Pond/pond_281.tif	AID_50/train/Pond/pond_281.tif
train	Pond	19	pond_283.tif	Pond/pond_283.tif	AID_50/train/Pond/pond_283.tif
train	Pond	19	pond_285.tif	Pond/pond_285.tif	AID_50/train/Pond/pond_285.tif
train	Pond	19	pond_287.tif	Pond/pond_287.tif	AID_50/train/Pond/pond_287.tif
train	Pond	19	pond_288.tif	Pond/pond_288.tif	AID_50/train/Pond/pond_288.tif
train	Pond	19	pond_29.tif	Pond/pond_29.tif	AID_50/train/Pond/pond_29.tif
train	Pond	19	pond_290.tif	Pond/pond_290.tif	AID_50/train/Pond/pond_290.tif
train	Pond	19	pond_291.tif	Pond/pond_291.tif	AID_50/train/Pond/pond_291.tif
train	Pond	19	pond_294.tif	Pond/pond_294.tif	AID_50/train/Pond/pond_294.tif
train	Pond	19	pond_297.tif	Pond/pond_297.tif	AID_50/train/Pond/pond_297.tif
train	Pond	19	pond_298.tif	Pond/pond_298.tif	AID_50/train/Pond/pond_298.tif
train	Pond	19	pond_302.tif	Pond/pond_302.tif	AID_50/train/Pond/pond_302.tif
train	Pond	19	pond_304.tif	Pond/pond_304.tif	AID_50/train/Pond/pond_304.tif
train	Pond	19	pond_305.tif	Pond/pond_305.tif	AID_50/train/Pond/pond_305.tif
train	Pond	19	pond_306.tif	Pond/pond_306.tif	AID_50/train/Pond/pond_306.tif
train	Pond	19	pond_310.tif	Pond/pond_310.tif	AID_50/train/Pond/pond_310.tif
train	Pond	19	pond_312.tif	Pond/pond_312.tif	AID_50/train/Pond/pond_312.tif
train	Pond	19	pond_315.tif	Pond/pond_315.tif	AID_50/train/Pond/pond_315.tif
train	Pond	19	pond_317.tif	Pond/pond_317.tif	AID_50/train/Pond/pond_317.tif
train	Pond	19	pond_319.tif	Pond/pond_319.tif	AID_50/train/Pond/pond_319.tif
train	Pond	19	pond_322.tif	Pond/pond_322.tif	AID_50/train/Pond/pond_322.tif
train	Pond	19	pond_324.tif	Pond/pond_324.tif	AID_50/train/Pond/pond_324.tif
train	Pond	19	pond_325.tif	Pond/pond_325.tif	AID_50/train/Pond/pond_325.tif
train	Pond	19	pond_326.tif	Pond/pond_326.tif	AID_50/train/Pond/pond_326.tif
train	Pond	19	pond_327.tif	Pond/pond_327.tif	AID_50/train/Pond/pond_327.tif
train	Pond	19	pond_328.tif	Pond/pond_328.tif	AID_50/train/Pond/pond_328.tif
train	Pond	19	pond_33.tif	Pond/pond_33.tif	AID_50/train/Pond/pond_33.tif
train	Pond	19	pond_330.tif	Pond/pond_330.tif	AID_50/train/Pond/pond_330.tif
train	Pond	19	pond_332.tif	Pond/pond_332.tif	AID_50/train/Pond/pond_332.tif
train	Pond	19	pond_333.tif	Pond/pond_333.tif	AID_50/train/Pond/pond_333.tif
train	Pond	19	pond_335.tif	Pond/pond_335.tif	AID_50/train/Pond/pond_335.tif
train	Pond	19	pond_337.tif	Pond/pond_337.tif	AID_50/train/Pond/pond_337.tif
train	Pond	19	pond_342.tif	Pond/pond_342.tif	AID_50/train/Pond/pond_342.tif
train	Pond	19	pond_345.tif	Pond/pond_345.tif	AID_50/train/Pond/pond_345.tif
train	Pond	19	pond_346.tif	Pond/pond_346.tif	AID_50/train/Pond/pond_346.tif
train	Pond	19	pond_347.tif	Pond/pond_347.tif	AID_50/train/Pond/pond_347.tif
train	Pond	19	pond_349.tif	Pond/pond_349.tif	AID_50/train/Pond/pond_349.tif
train	Pond	19	pond_358.tif	Pond/pond_358.tif	AID_50/train/Pond/pond_358.tif
train	Pond	19	pond_36.tif	Pond/pond_36.tif	AID_50/train/Pond/pond_36.tif
train	Pond	19	pond_361.tif	Pond/pond_361.tif	AID_50/train/Pond/pond_361.tif
train	Pond	19	pond_364.tif	Pond/pond_364.tif	AID_50/train/Pond/pond_364.tif
train	Pond	19	pond_366.tif	Pond/pond_366.tif	AID_50/train/Pond/pond_366.tif
train	Pond	19	pond_368.tif	Pond/pond_368.tif	AID_50/train/Pond/pond_368.tif
train	Pond	19	pond_369.tif	Pond/pond_369.tif	AID_50/train/Pond/pond_369.tif
train	Pond	19	pond_37.tif	Pond/pond_37.tif	AID_50/train/Pond/pond_37.tif
train	Pond	19	pond_370.tif	Pond/pond_370.tif	AID_50/train/Pond/pond_370.tif
train	Pond	19	pond_372.tif	Pond/pond_372.tif	AID_50/train/Pond/pond_372.tif
train	Pond	19	pond_373.tif	Pond/pond_373.tif	AID_50/train/Pond/pond_373.tif
train	Pond	19	pond_374.tif	Pond/pond_374.tif	AID_50/train/Pond/pond_374.tif
train	Pond	19	pond_375.tif	Pond/pond_375.tif	AID_50/train/Pond/pond_375.tif
train	Pond	19	pond_377.tif	Pond/pond_377.tif	AID_50/train/Pond/pond_377.tif
train	Pond	19	pond_378.tif	Pond/pond_378.tif	AID_50/train/Pond/pond_378.tif
train	Pond	19	pond_379.tif	Pond/pond_379.tif	AID_50/train/Pond/pond_379.tif
train	Pond	19	pond_38.tif	Pond/pond_38.tif	AID_50/train/Pond/pond_38.tif
train	Pond	19	pond_381.tif	Pond/pond_381.tif	AID_50/train/Pond/pond_381.tif
train	Pond	19	pond_382.tif	Pond/pond_382.tif	AID_50/train/Pond/pond_382.tif
train	Pond	19	pond_383.tif	Pond/pond_383.tif	AID_50/train/Pond/pond_383.tif
train	Pond	19	pond_385.tif	Pond/pond_385.tif	AID_50/train/Pond/pond_385.tif
train	Pond	19	pond_387.tif	Pond/pond_387.tif	AID_50/train/Pond/pond_387.tif
train	Pond	19	pond_39.tif	Pond/pond_39.tif	AID_50/train/Pond/pond_39.tif
train	Pond	19	pond_396.tif	Pond/pond_396.tif	AID_50/train/Pond/pond_396.tif
train	Pond	19	pond_398.tif	Pond/pond_398.tif	AID_50/train/Pond/pond_398.tif
train	Pond	19	pond_399.tif	Pond/pond_399.tif	AID_50/train/Pond/pond_399.tif
train	Pond	19	pond_4.tif	Pond/pond_4.tif	AID_50/train/Pond/pond_4.tif
train	Pond	19	pond_40.tif	Pond/pond_40.tif	AID_50/train/Pond/pond_40.tif
train	Pond	19	pond_402.tif	Pond/pond_402.tif	AID_50/train/Pond/pond_402.tif
train	Pond	19	pond_403.tif	Pond/pond_403.tif	AID_50/train/Pond/pond_403.tif
train	Pond	19	pond_406.tif	Pond/pond_406.tif	AID_50/train/Pond/pond_406.tif
train	Pond	19	pond_409.tif	Pond/pond_409.tif	AID_50/train/Pond/pond_409.tif
train	Pond	19	pond_410.tif	Pond/pond_410.tif	AID_50/train/Pond/pond_410.tif
train	Pond	19	pond_411.tif	Pond/pond_411.tif	AID_50/train/Pond/pond_411.tif
train	Pond	19	pond_413.tif	Pond/pond_413.tif	AID_50/train/Pond/pond_413.tif
train	Pond	19	pond_416.tif	Pond/pond_416.tif	AID_50/train/Pond/pond_416.tif
train	Pond	19	pond_418.tif	Pond/pond_418.tif	AID_50/train/Pond/pond_418.tif
train	Pond	19	pond_419.tif	Pond/pond_419.tif	AID_50/train/Pond/pond_419.tif
train	Pond	19	pond_42.tif	Pond/pond_42.tif	AID_50/train/Pond/pond_42.tif
train	Pond	19	pond_43.tif	Pond/pond_43.tif	AID_50/train/Pond/pond_43.tif
train	Pond	19	pond_44.tif	Pond/pond_44.tif	AID_50/train/Pond/pond_44.tif
train	Pond	19	pond_45.tif	Pond/pond_45.tif	AID_50/train/Pond/pond_45.tif
train	Pond	19	pond_5.tif	Pond/pond_5.tif	AID_50/train/Pond/pond_5.tif
train	Pond	19	pond_51.tif	Pond/pond_51.tif	AID_50/train/Pond/pond_51.tif
train	Pond	19	pond_52.tif	Pond/pond_52.tif	AID_50/train/Pond/pond_52.tif
train	Pond	19	pond_53.tif	Pond/pond_53.tif	AID_50/train/Pond/pond_53.tif
train	Pond	19	pond_54.tif	Pond/pond_54.tif	AID_50/train/Pond/pond_54.tif
train	Pond	19	pond_56.tif	Pond/pond_56.tif	AID_50/train/Pond/pond_56.tif
train	Pond	19	pond_57.tif	Pond/pond_57.tif	AID_50/train/Pond/pond_57.tif
train	Pond	19	pond_59.tif	Pond/pond_59.tif	AID_50/train/Pond/pond_59.tif
train	Pond	19	pond_60.tif	Pond/pond_60.tif	AID_50/train/Pond/pond_60.tif
train	Pond	19	pond_61.tif	Pond/pond_61.tif	AID_50/train/Pond/pond_61.tif
train	Pond	19	pond_63.tif	Pond/pond_63.tif	AID_50/train/Pond/pond_63.tif
train	Pond	19	pond_65.tif	Pond/pond_65.tif	AID_50/train/Pond/pond_65.tif
train	Pond	19	pond_69.tif	Pond/pond_69.tif	AID_50/train/Pond/pond_69.tif
train	Pond	19	pond_71.tif	Pond/pond_71.tif	AID_50/train/Pond/pond_71.tif
train	Pond	19	pond_72.tif	Pond/pond_72.tif	AID_50/train/Pond/pond_72.tif
train	Pond	19	pond_74.tif	Pond/pond_74.tif	AID_50/train/Pond/pond_74.tif
train	Pond	19	pond_76.tif	Pond/pond_76.tif	AID_50/train/Pond/pond_76.tif
train	Pond	19	pond_79.tif	Pond/pond_79.tif	AID_50/train/Pond/pond_79.tif
train	Pond	19	pond_8.tif	Pond/pond_8.tif	AID_50/train/Pond/pond_8.tif
train	Pond	19	pond_81.tif	Pond/pond_81.tif	AID_50/train/Pond/pond_81.tif
train	Pond	19	pond_85.tif	Pond/pond_85.tif	AID_50/train/Pond/pond_85.tif
train	Pond	19	pond_86.tif	Pond/pond_86.tif	AID_50/train/Pond/pond_86.tif
train	Pond	19	pond_88.tif	Pond/pond_88.tif	AID_50/train/Pond/pond_88.tif
train	Pond	19	pond_89.tif	Pond/pond_89.tif	AID_50/train/Pond/pond_89.tif
train	Pond	19	pond_9.tif	Pond/pond_9.tif	AID_50/train/Pond/pond_9.tif
train	Pond	19	pond_93.tif	Pond/pond_93.tif	AID_50/train/Pond/pond_93.tif
train	Pond	19	pond_96.tif	Pond/pond_96.tif	AID_50/train/Pond/pond_96.tif
train	Pond	19	pond_98.tif	Pond/pond_98.tif	AID_50/train/Pond/pond_98.tif
train	Port	20	port_10.tif	Port/port_10.tif	AID_50/train/Port/port_10.tif
train	Port	20	port_102.tif	Port/port_102.tif	AID_50/train/Port/port_102.tif
train	Port	20	port_103.tif	Port/port_103.tif	AID_50/train/Port/port_103.tif
train	Port	20	port_106.tif	Port/port_106.tif	AID_50/train/Port/port_106.tif
train	Port	20	port_11.tif	Port/port_11.tif	AID_50/train/Port/port_11.tif
train	Port	20	port_110.tif	Port/port_110.tif	AID_50/train/Port/port_110.tif
train	Port	20	port_114.tif	Port/port_114.tif	AID_50/train/Port/port_114.tif
train	Port	20	port_115.tif	Port/port_115.tif	AID_50/train/Port/port_115.tif
train	Port	20	port_116.tif	Port/port_116.tif	AID_50/train/Port/port_116.tif
train	Port	20	port_117.tif	Port/port_117.tif	AID_50/train/Port/port_117.tif
train	Port	20	port_118.tif	Port/port_118.tif	AID_50/train/Port/port_118.tif
train	Port	20	port_119.tif	Port/port_119.tif	AID_50/train/Port/port_119.tif
train	Port	20	port_12.tif	Port/port_12.tif	AID_50/train/Port/port_12.tif
train	Port	20	port_122.tif	Port/port_122.tif	AID_50/train/Port/port_122.tif
train	Port	20	port_124.tif	Port/port_124.tif	AID_50/train/Port/port_124.tif
train	Port	20	port_13.tif	Port/port_13.tif	AID_50/train/Port/port_13.tif
train	Port	20	port_132.tif	Port/port_132.tif	AID_50/train/Port/port_132.tif
train	Port	20	port_135.tif	Port/port_135.tif	AID_50/train/Port/port_135.tif
train	Port	20	port_138.tif	Port/port_138.tif	AID_50/train/Port/port_138.tif
train	Port	20	port_139.tif	Port/port_139.tif	AID_50/train/Port/port_139.tif
train	Port	20	port_141.tif	Port/port_141.tif	AID_50/train/Port/port_141.tif
train	Port	20	port_144.tif	Port/port_144.tif	AID_50/train/Port/port_144.tif
train	Port	20	port_145.tif	Port/port_145.tif	AID_50/train/Port/port_145.tif
train	Port	20	port_146.tif	Port/port_146.tif	AID_50/train/Port/port_146.tif
train	Port	20	port_147.tif	Port/port_147.tif	AID_50/train/Port/port_147.tif
train	Port	20	port_148.tif	Port/port_148.tif	AID_50/train/Port/port_148.tif
train	Port	20	port_15.tif	Port/port_15.tif	AID_50/train/Port/port_15.tif
train	Port	20	port_150.tif	Port/port_150.tif	AID_50/train/Port/port_150.tif
train	Port	20	port_151.tif	Port/port_151.tif	AID_50/train/Port/port_151.tif
train	Port	20	port_152.tif	Port/port_152.tif	AID_50/train/Port/port_152.tif
train	Port	20	port_153.tif	Port/port_153.tif	AID_50/train/Port/port_153.tif
train	Port	20	port_155.tif	Port/port_155.tif	AID_50/train/Port/port_155.tif
train	Port	20	port_157.tif	Port/port_157.tif	AID_50/train/Port/port_157.tif
train	Port	20	port_158.tif	Port/port_158.tif	AID_50/train/Port/port_158.tif
train	Port	20	port_159.tif	Port/port_159.tif	AID_50/train/Port/port_159.tif
train	Port	20	port_16.tif	Port/port_16.tif	AID_50/train/Port/port_16.tif
train	Port	20	port_161.tif	Port/port_161.tif	AID_50/train/Port/port_161.tif
train	Port	20	port_163.tif	Port/port_163.tif	AID_50/train/Port/port_163.tif
train	Port	20	port_164.tif	Port/port_164.tif	AID_50/train/Port/port_164.tif
train	Port	20	port_168.tif	Port/port_168.tif	AID_50/train/Port/port_168.tif
train	Port	20	port_169.tif	Port/port_169.tif	AID_50/train/Port/port_169.tif
train	Port	20	port_17.tif	Port/port_17.tif	AID_50/train/Port/port_17.tif
train	Port	20	port_171.tif	Port/port_171.tif	AID_50/train/Port/port_171.tif
train	Port	20	port_172.tif	Port/port_172.tif	AID_50/train/Port/port_172.tif
train	Port	20	port_174.tif	Port/port_174.tif	AID_50/train/Port/port_174.tif
train	Port	20	port_175.tif	Port/port_175.tif	AID_50/train/Port/port_175.tif
train	Port	20	port_176.tif	Port/port_176.tif	AID_50/train/Port/port_176.tif
train	Port	20	port_187.tif	Port/port_187.tif	AID_50/train/Port/port_187.tif
train	Port	20	port_188.tif	Port/port_188.tif	AID_50/train/Port/port_188.tif
train	Port	20	port_19.tif	Port/port_19.tif	AID_50/train/Port/port_19.tif
train	Port	20	port_190.tif	Port/port_190.tif	AID_50/train/Port/port_190.tif
train	Port	20	port_192.tif	Port/port_192.tif	AID_50/train/Port/port_192.tif
train	Port	20	port_193.tif	Port/port_193.tif	AID_50/train/Port/port_193.tif
train	Port	20	port_194.tif	Port/port_194.tif	AID_50/train/Port/port_194.tif
train	Port	20	port_195.tif	Port/port_195.tif	AID_50/train/Port/port_195.tif
train	Port	20	port_196.tif	Port/port_196.tif	AID_50/train/Port/port_196.tif
train	Port	20	port_197.tif	Port/port_197.tif	AID_50/train/Port/port_197.tif
train	Port	20	port_198.tif	Port/port_198.tif	AID_50/train/Port/port_198.tif
train	Port	20	port_2.tif	Port/port_2.tif	AID_50/train/Port/port_2.tif
train	Port	20	port_202.tif	Port/port_202.tif	AID_50/train/Port/port_202.tif
train	Port	20	port_204.tif	Port/port_204.tif	AID_50/train/Port/port_204.tif
train	Port	20	port_205.tif	Port/port_205.tif	AID_50/train/Port/port_205.tif
train	Port	20	port_207.tif	Port/port_207.tif	AID_50/train/Port/port_207.tif
train	Port	20	port_208.tif	Port/port_208.tif	AID_50/train/Port/port_208.tif
train	Port	20	port_209.tif	Port/port_209.tif	AID_50/train/Port/port_209.tif
train	Port	20	port_21.tif	Port/port_21.tif	AID_50/train/Port/port_21.tif
train	Port	20	port_210.tif	Port/port_210.tif	AID_50/train/Port/port_210.tif
train	Port	20	port_212.tif	Port/port_212.tif	AID_50/train/Port/port_212.tif
train	Port	20	port_214.tif	Port/port_214.tif	AID_50/train/Port/port_214.tif
train	Port	20	port_216.tif	Port/port_216.tif	AID_50/train/Port/port_216.tif
train	Port	20	port_22.tif	Port/port_22.tif	AID_50/train/Port/port_22.tif
train	Port	20	port_220.tif	Port/port_220.tif	AID_50/train/Port/port_220.tif
train	Port	20	port_221.tif	Port/port_221.tif	AID_50/train/Port/port_221.tif
train	Port	20	port_223.tif	Port/port_223.tif	AID_50/train/Port/port_223.tif
train	Port	20	port_224.tif	Port/port_224.tif	AID_50/train/Port/port_224.tif
train	Port	20	port_227.tif	Port/port_227.tif	AID_50/train/Port/port_227.tif
train	Port	20	port_228.tif	Port/port_228.tif	AID_50/train/Port/port_228.tif
train	Port	20	port_229.tif	Port/port_229.tif	AID_50/train/Port/port_229.tif
train	Port	20	port_23.tif	Port/port_23.tif	AID_50/train/Port/port_23.tif
train	Port	20	port_231.tif	Port/port_231.tif	AID_50/train/Port/port_231.tif
train	Port	20	port_232.tif	Port/port_232.tif	AID_50/train/Port/port_232.tif
train	Port	20	port_233.tif	Port/port_233.tif	AID_50/train/Port/port_233.tif
train	Port	20	port_234.tif	Port/port_234.tif	AID_50/train/Port/port_234.tif
train	Port	20	port_236.tif	Port/port_236.tif	AID_50/train/Port/port_236.tif
train	Port	20	port_240.tif	Port/port_240.tif	AID_50/train/Port/port_240.tif
train	Port	20	port_243.tif	Port/port_243.tif	AID_50/train/Port/port_243.tif
train	Port	20	port_245.tif	Port/port_245.tif	AID_50/train/Port/port_245.tif
train	Port	20	port_246.tif	Port/port_246.tif	AID_50/train/Port/port_246.tif
train	Port	20	port_247.tif	Port/port_247.tif	AID_50/train/Port/port_247.tif
train	Port	20	port_248.tif	Port/port_248.tif	AID_50/train/Port/port_248.tif
train	Port	20	port_249.tif	Port/port_249.tif	AID_50/train/Port/port_249.tif
train	Port	20	port_252.tif	Port/port_252.tif	AID_50/train/Port/port_252.tif
train	Port	20	port_254.tif	Port/port_254.tif	AID_50/train/Port/port_254.tif
train	Port	20	port_258.tif	Port/port_258.tif	AID_50/train/Port/port_258.tif
train	Port	20	port_263.tif	Port/port_263.tif	AID_50/train/Port/port_263.tif
train	Port	20	port_265.tif	Port/port_265.tif	AID_50/train/Port/port_265.tif
train	Port	20	port_266.tif	Port/port_266.tif	AID_50/train/Port/port_266.tif
train	Port	20	port_267.tif	Port/port_267.tif	AID_50/train/Port/port_267.tif
train	Port	20	port_268.tif	Port/port_268.tif	AID_50/train/Port/port_268.tif
train	Port	20	port_269.tif	Port/port_269.tif	AID_50/train/Port/port_269.tif
train	Port	20	port_27.tif	Port/port_27.tif	AID_50/train/Port/port_27.tif
train	Port	20	port_270.tif	Port/port_270.tif	AID_50/train/Port/port_270.tif
train	Port	20	port_272.tif	Port/port_272.tif	AID_50/train/Port/port_272.tif
train	Port	20	port_273.tif	Port/port_273.tif	AID_50/train/Port/port_273.tif
train	Port	20	port_274.tif	Port/port_274.tif	AID_50/train/Port/port_274.tif
train	Port	20	port_279.tif	Port/port_279.tif	AID_50/train/Port/port_279.tif
train	Port	20	port_280.tif	Port/port_280.tif	AID_50/train/Port/port_280.tif
train	Port	20	port_283.tif	Port/port_283.tif	AID_50/train/Port/port_283.tif
train	Port	20	port_286.tif	Port/port_286.tif	AID_50/train/Port/port_286.tif
train	Port	20	port_289.tif	Port/port_289.tif	AID_50/train/Port/port_289.tif
train	Port	20	port_290.tif	Port/port_290.tif	AID_50/train/Port/port_290.tif
train	Port	20	port_291.tif	Port/port_291.tif	AID_50/train/Port/port_291.tif
train	Port	20	port_292.tif	Port/port_292.tif	AID_50/train/Port/port_292.tif
train	Port	20	port_293.tif	Port/port_293.tif	AID_50/train/Port/port_293.tif
train	Port	20	port_295.tif	Port/port_295.tif	AID_50/train/Port/port_295.tif
train	Port	20	port_296.tif	Port/port_296.tif	AID_50/train/Port/port_296.tif
train	Port	20	port_297.tif	Port/port_297.tif	AID_50/train/Port/port_297.tif
train	Port	20	port_299.tif	Port/port_299.tif	AID_50/train/Port/port_299.tif
train	Port	20	port_302.tif	Port/port_302.tif	AID_50/train/Port/port_302.tif
train	Port	20	port_303.tif	Port/port_303.tif	AID_50/train/Port/port_303.tif
train	Port	20	port_306.tif	Port/port_306.tif	AID_50/train/Port/port_306.tif
train	Port	20	port_308.tif	Port/port_308.tif	AID_50/train/Port/port_308.tif
train	Port	20	port_31.tif	Port/port_31.tif	AID_50/train/Port/port_31.tif
train	Port	20	port_311.tif	Port/port_311.tif	AID_50/train/Port/port_311.tif
train	Port	20	port_312.tif	Port/port_312.tif	AID_50/train/Port/port_312.tif
train	Port	20	port_314.tif	Port/port_314.tif	AID_50/train/Port/port_314.tif
train	Port	20	port_315.tif	Port/port_315.tif	AID_50/train/Port/port_315.tif
train	Port	20	port_318.tif	Port/port_318.tif	AID_50/train/Port/port_318.tif
train	Port	20	port_320.tif	Port/port_320.tif	AID_50/train/Port/port_320.tif
train	Port	20	port_322.tif	Port/port_322.tif	AID_50/train/Port/port_322.tif
train	Port	20	port_324.tif	Port/port_324.tif	AID_50/train/Port/port_324.tif
train	Port	20	port_326.tif	Port/port_326.tif	AID_50/train/Port/port_326.tif
train	Port	20	port_33.tif	Port/port_33.tif	AID_50/train/Port/port_33.tif
train	Port	20	port_331.tif	Port/port_331.tif	AID_50/train/Port/port_331.tif
train	Port	20	port_332.tif	Port/port_332.tif	AID_50/train/Port/port_332.tif
train	Port	20	port_335.tif	Port/port_335.tif	AID_50/train/Port/port_335.tif
train	Port	20	port_336.tif	Port/port_336.tif	AID_50/train/Port/port_336.tif
train	Port	20	port_337.tif	Port/port_337.tif	AID_50/train/Port/port_337.tif
train	Port	20	port_338.tif	Port/port_338.tif	AID_50/train/Port/port_338.tif
train	Port	20	port_339.tif	Port/port_339.tif	AID_50/train/Port/port_339.tif
train	Port	20	port_344.tif	Port/port_344.tif	AID_50/train/Port/port_344.tif
train	Port	20	port_345.tif	Port/port_345.tif	AID_50/train/Port/port_345.tif
train	Port	20	port_346.tif	Port/port_346.tif	AID_50/train/Port/port_346.tif
train	Port	20	port_349.tif	Port/port_349.tif	AID_50/train/Port/port_349.tif
train	Port	20	port_35.tif	Port/port_35.tif	AID_50/train/Port/port_35.tif
train	Port	20	port_350.tif	Port/port_350.tif	AID_50/train/Port/port_350.tif
train	Port	20	port_352.tif	Port/port_352.tif	AID_50/train/Port/port_352.tif
train	Port	20	port_353.tif	Port/port_353.tif	AID_50/train/Port/port_353.tif
train	Port	20	port_355.tif	Port/port_355.tif	AID_50/train/Port/port_355.tif
train	Port	20	port_359.tif	Port/port_359.tif	AID_50/train/Port/port_359.tif
train	Port	20	port_36.tif	Port/port_36.tif	AID_50/train/Port/port_36.tif
train	Port	20	port_360.tif	Port/port_360.tif	AID_50/train/Port/port_360.tif
train	Port	20	port_365.tif	Port/port_365.tif	AID_50/train/Port/port_365.tif
train	Port	20	port_366.tif	Port/port_366.tif	AID_50/train/Port/port_366.tif
train	Port	20	port_367.tif	Port/port_367.tif	AID_50/train/Port/port_367.tif
train	Port	20	port_369.tif	Port/port_369.tif	AID_50/train/Port/port_369.tif
train	Port	20	port_373.tif	Port/port_373.tif	AID_50/train/Port/port_373.tif
train	Port	20	port_377.tif	Port/port_377.tif	AID_50/train/Port/port_377.tif
train	Port	20	port_378.tif	Port/port_378.tif	AID_50/train/Port/port_378.tif
train	Port	20	port_379.tif	Port/port_379.tif	AID_50/train/Port/port_379.tif
train	Port	20	port_39.tif	Port/port_39.tif	AID_50/train/Port/port_39.tif
train	Port	20	port_40.tif	Port/port_40.tif	AID_50/train/Port/port_40.tif
train	Port	20	port_42.tif	Port/port_42.tif	AID_50/train/Port/port_42.tif
train	Port	20	port_46.tif	Port/port_46.tif	AID_50/train/Port/port_46.tif
train	Port	20	port_49.tif	Port/port_49.tif	AID_50/train/Port/port_49.tif
train	Port	20	port_5.tif	Port/port_5.tif	AID_50/train/Port/port_5.tif
train	Port	20	port_51.tif	Port/port_51.tif	AID_50/train/Port/port_51.tif
train	Port	20	port_52.tif	Port/port_52.tif	AID_50/train/Port/port_52.tif
train	Port	20	port_58.tif	Port/port_58.tif	AID_50/train/Port/port_58.tif
train	Port	20	port_6.tif	Port/port_6.tif	AID_50/train/Port/port_6.tif
train	Port	20	port_61.tif	Port/port_61.tif	AID_50/train/Port/port_61.tif
train	Port	20	port_62.tif	Port/port_62.tif	AID_50/train/Port/port_62.tif
train	Port	20	port_63.tif	Port/port_63.tif	AID_50/train/Port/port_63.tif
train	Port	20	port_65.tif	Port/port_65.tif	AID_50/train/Port/port_65.tif
train	Port	20	port_70.tif	Port/port_70.tif	AID_50/train/Port/port_70.tif
train	Port	20	port_74.tif	Port/port_74.tif	AID_50/train/Port/port_74.tif
train	Port	20	port_75.tif	Port/port_75.tif	AID_50/train/Port/port_75.tif
train	Port	20	port_76.tif	Port/port_76.tif	AID_50/train/Port/port_76.tif
train	Port	20	port_78.tif	Port/port_78.tif	AID_50/train/Port/port_78.tif
train	Port	20	port_8.tif	Port/port_8.tif	AID_50/train/Port/port_8.tif
train	Port	20	port_81.tif	Port/port_81.tif	AID_50/train/Port/port_81.tif
train	Port	20	port_82.tif	Port/port_82.tif	AID_50/train/Port/port_82.tif
train	Port	20	port_87.tif	Port/port_87.tif	AID_50/train/Port/port_87.tif
train	Port	20	port_90.tif	Port/port_90.tif	AID_50/train/Port/port_90.tif
train	Port	20	port_92.tif	Port/port_92.tif	AID_50/train/Port/port_92.tif
train	Port	20	port_94.tif	Port/port_94.tif	AID_50/train/Port/port_94.tif
train	Port	20	port_95.tif	Port/port_95.tif	AID_50/train/Port/port_95.tif
train	Port	20	port_97.tif	Port/port_97.tif	AID_50/train/Port/port_97.tif
train	Port	20	port_98.tif	Port/port_98.tif	AID_50/train/Port/port_98.tif
train	Port	20	port_99.tif	Port/port_99.tif	AID_50/train/Port/port_99.tif
train	RailwayStation	21	railwaystation_100.tif	RailwayStation/railwaystation_100.tif	AID_50/train/RailwayStation/railwaystation_100.tif
train	RailwayStation	21	railwaystation_105.tif	RailwayStation/railwaystation_105.tif	AID_50/train/RailwayStation/railwaystation_105.tif
train	RailwayStation	21	railwaystation_106.tif	RailwayStation/railwaystation_106.tif	AID_50/train/RailwayStation/railwaystation_106.tif
train	RailwayStation	21	railwaystation_109.tif	RailwayStation/railwaystation_109.tif	AID_50/train/RailwayStation/railwaystation_109.tif
train	RailwayStation	21	railwaystation_11.tif	RailwayStation/railwaystation_11.tif	AID_50/train/RailwayStation/railwaystation_11.tif
train	RailwayStation	21	railwaystation_110.tif	RailwayStation/railwaystation_110.tif	AID_50/train/RailwayStation/railwaystation_110.tif
train	RailwayStation	21	railwaystation_112.tif	RailwayStation/railwaystation_112.tif	AID_50/train/RailwayStation/railwaystation_112.tif
train	RailwayStation	21	railwaystation_116.tif	RailwayStation/railwaystation_116.tif	AID_50/train/RailwayStation/railwaystation_116.tif
train	RailwayStation	21	railwaystation_117.tif	RailwayStation/railwaystation_117.tif	AID_50/train/RailwayStation/railwaystation_117.tif
train	RailwayStation	21	railwaystation_118.tif	RailwayStation/railwaystation_118.tif	AID_50/train/RailwayStation/railwaystation_118.tif
train	RailwayStation	21	railwaystation_12.tif	RailwayStation/railwaystation_12.tif	AID_50/train/RailwayStation/railwaystation_12.tif
train	RailwayStation	21	railwaystation_120.tif	RailwayStation/railwaystation_120.tif	AID_50/train/RailwayStation/railwaystation_120.tif
train	RailwayStation	21	railwaystation_121.tif	RailwayStation/railwaystation_121.tif	AID_50/train/RailwayStation/railwaystation_121.tif
train	RailwayStation	21	railwaystation_123.tif	RailwayStation/railwaystation_123.tif	AID_50/train/RailwayStation/railwaystation_123.tif
train	RailwayStation	21	railwaystation_125.tif	RailwayStation/railwaystation_125.tif	AID_50/train/RailwayStation/railwaystation_125.tif
train	RailwayStation	21	railwaystation_127.tif	RailwayStation/railwaystation_127.tif	AID_50/train/RailwayStation/railwaystation_127.tif
train	RailwayStation	21	railwaystation_129.tif	RailwayStation/railwaystation_129.tif	AID_50/train/RailwayStation/railwaystation_129.tif
train	RailwayStation	21	railwaystation_13.tif	RailwayStation/railwaystation_13.tif	AID_50/train/RailwayStation/railwaystation_13.tif
train	RailwayStation	21	railwaystation_130.tif	RailwayStation/railwaystation_130.tif	AID_50/train/RailwayStation/railwaystation_130.tif
train	RailwayStation	21	railwaystation_132.tif	RailwayStation/railwaystation_132.tif	AID_50/train/RailwayStation/railwaystation_132.tif
train	RailwayStation	21	railwaystation_133.tif	RailwayStation/railwaystation_133.tif	AID_50/train/RailwayStation/railwaystation_133.tif
train	RailwayStation	21	railwaystation_135.tif	RailwayStation/railwaystation_135.tif	AID_50/train/RailwayStation/railwaystation_135.tif
train	RailwayStation	21	railwaystation_137.tif	RailwayStation/railwaystation_137.tif	AID_50/train/RailwayStation/railwaystation_137.tif
train	RailwayStation	21	railwaystation_14.tif	RailwayStation/railwaystation_14.tif	AID_50/train/RailwayStation/railwaystation_14.tif
train	RailwayStation	21	railwaystation_140.tif	RailwayStation/railwaystation_140.tif	AID_50/train/RailwayStation/railwaystation_140.tif
train	RailwayStation	21	railwaystation_142.tif	RailwayStation/railwaystation_142.tif	AID_50/train/RailwayStation/railwaystation_142.tif
train	RailwayStation	21	railwaystation_144.tif	RailwayStation/railwaystation_144.tif	AID_50/train/RailwayStation/railwaystation_144.tif
train	RailwayStation	21	railwaystation_146.tif	RailwayStation/railwaystation_146.tif	AID_50/train/RailwayStation/railwaystation_146.tif
train	RailwayStation	21	railwaystation_148.tif	RailwayStation/railwaystation_148.tif	AID_50/train/RailwayStation/railwaystation_148.tif
train	RailwayStation	21	railwaystation_149.tif	RailwayStation/railwaystation_149.tif	AID_50/train/RailwayStation/railwaystation_149.tif
train	RailwayStation	21	railwaystation_15.tif	RailwayStation/railwaystation_15.tif	AID_50/train/RailwayStation/railwaystation_15.tif
train	RailwayStation	21	railwaystation_154.tif	RailwayStation/railwaystation_154.tif	AID_50/train/RailwayStation/railwaystation_154.tif
train	RailwayStation	21	railwaystation_156.tif	RailwayStation/railwaystation_156.tif	AID_50/train/RailwayStation/railwaystation_156.tif
train	RailwayStation	21	railwaystation_159.tif	RailwayStation/railwaystation_159.tif	AID_50/train/RailwayStation/railwaystation_159.tif
train	RailwayStation	21	railwaystation_16.tif	RailwayStation/railwaystation_16.tif	AID_50/train/RailwayStation/railwaystation_16.tif
train	RailwayStation	21	railwaystation_160.tif	RailwayStation/railwaystation_160.tif	AID_50/train/RailwayStation/railwaystation_160.tif
train	RailwayStation	21	railwaystation_161.tif	RailwayStation/railwaystation_161.tif	AID_50/train/RailwayStation/railwaystation_161.tif
train	RailwayStation	21	railwaystation_162.tif	RailwayStation/railwaystation_162.tif	AID_50/train/RailwayStation/railwaystation_162.tif
train	RailwayStation	21	railwaystation_163.tif	RailwayStation/railwaystation_163.tif	AID_50/train/RailwayStation/railwaystation_163.tif
train	RailwayStation	21	railwaystation_167.tif	RailwayStation/railwaystation_167.tif	AID_50/train/RailwayStation/railwaystation_167.tif
train	RailwayStation	21	railwaystation_169.tif	RailwayStation/railwaystation_169.tif	AID_50/train/RailwayStation/railwaystation_169.tif
train	RailwayStation	21	railwaystation_17.tif	RailwayStation/railwaystation_17.tif	AID_50/train/RailwayStation/railwaystation_17.tif
train	RailwayStation	21	railwaystation_170.tif	RailwayStation/railwaystation_170.tif	AID_50/train/RailwayStation/railwaystation_170.tif
train	RailwayStation	21	railwaystation_171.tif	RailwayStation/railwaystation_171.tif	AID_50/train/RailwayStation/railwaystation_171.tif
train	RailwayStation	21	railwaystation_174.tif	RailwayStation/railwaystation_174.tif	AID_50/train/RailwayStation/railwaystation_174.tif
train	RailwayStation	21	railwaystation_175.tif	RailwayStation/railwaystation_175.tif	AID_50/train/RailwayStation/railwaystation_175.tif
train	RailwayStation	21	railwaystation_177.tif	RailwayStation/railwaystation_177.tif	AID_50/train/RailwayStation/railwaystation_177.tif
train	RailwayStation	21	railwaystation_181.tif	RailwayStation/railwaystation_181.tif	AID_50/train/RailwayStation/railwaystation_181.tif
train	RailwayStation	21	railwaystation_183.tif	RailwayStation/railwaystation_183.tif	AID_50/train/RailwayStation/railwaystation_183.tif
train	RailwayStation	21	railwaystation_185.tif	RailwayStation/railwaystation_185.tif	AID_50/train/RailwayStation/railwaystation_185.tif
train	RailwayStation	21	railwaystation_190.tif	RailwayStation/railwaystation_190.tif	AID_50/train/RailwayStation/railwaystation_190.tif
train	RailwayStation	21	railwaystation_197.tif	RailwayStation/railwaystation_197.tif	AID_50/train/RailwayStation/railwaystation_197.tif
train	RailwayStation	21	railwaystation_198.tif	RailwayStation/railwaystation_198.tif	AID_50/train/RailwayStation/railwaystation_198.tif
train	RailwayStation	21	railwaystation_2.tif	RailwayStation/railwaystation_2.tif	AID_50/train/RailwayStation/railwaystation_2.tif
train	RailwayStation	21	railwaystation_200.tif	RailwayStation/railwaystation_200.tif	AID_50/train/RailwayStation/railwaystation_200.tif
train	RailwayStation	21	railwaystation_201.tif	RailwayStation/railwaystation_201.tif	AID_50/train/RailwayStation/railwaystation_201.tif
train	RailwayStation	21	railwaystation_206.tif	RailwayStation/railwaystation_206.tif	AID_50/train/RailwayStation/railwaystation_206.tif
train	RailwayStation	21	railwaystation_207.tif	RailwayStation/railwaystation_207.tif	AID_50/train/RailwayStation/railwaystation_207.tif
train	RailwayStation	21	railwaystation_21.tif	RailwayStation/railwaystation_21.tif	AID_50/train/RailwayStation/railwaystation_21.tif
train	RailwayStation	21	railwaystation_210.tif	RailwayStation/railwaystation_210.tif	AID_50/train/RailwayStation/railwaystation_210.tif
train	RailwayStation	21	railwaystation_212.tif	RailwayStation/railwaystation_212.tif	AID_50/train/RailwayStation/railwaystation_212.tif
train	RailwayStation	21	railwaystation_213.tif	RailwayStation/railwaystation_213.tif	AID_50/train/RailwayStation/railwaystation_213.tif
train	RailwayStation	21	railwaystation_214.tif	RailwayStation/railwaystation_214.tif	AID_50/train/RailwayStation/railwaystation_214.tif
train	RailwayStation	21	railwaystation_216.tif	RailwayStation/railwaystation_216.tif	AID_50/train/RailwayStation/railwaystation_216.tif
train	RailwayStation	21	railwaystation_217.tif	RailwayStation/railwaystation_217.tif	AID_50/train/RailwayStation/railwaystation_217.tif
train	RailwayStation	21	railwaystation_219.tif	RailwayStation/railwaystation_219.tif	AID_50/train/RailwayStation/railwaystation_219.tif
train	RailwayStation	21	railwaystation_22.tif	RailwayStation/railwaystation_22.tif	AID_50/train/RailwayStation/railwaystation_22.tif
train	RailwayStation	21	railwaystation_226.tif	RailwayStation/railwaystation_226.tif	AID_50/train/RailwayStation/railwaystation_226.tif
train	RailwayStation	21	railwaystation_228.tif	RailwayStation/railwaystation_228.tif	AID_50/train/RailwayStation/railwaystation_228.tif
train	RailwayStation	21	railwaystation_231.tif	RailwayStation/railwaystation_231.tif	AID_50/train/RailwayStation/railwaystation_231.tif
train	RailwayStation	21	railwaystation_232.tif	RailwayStation/railwaystation_232.tif	AID_50/train/RailwayStation/railwaystation_232.tif
train	RailwayStation	21	railwaystation_233.tif	RailwayStation/railwaystation_233.tif	AID_50/train/RailwayStation/railwaystation_233.tif
train	RailwayStation	21	railwaystation_234.tif	RailwayStation/railwaystation_234.tif	AID_50/train/RailwayStation/railwaystation_234.tif
train	RailwayStation	21	railwaystation_235.tif	RailwayStation/railwaystation_235.tif	AID_50/train/RailwayStation/railwaystation_235.tif
train	RailwayStation	21	railwaystation_236.tif	RailwayStation/railwaystation_236.tif	AID_50/train/RailwayStation/railwaystation_236.tif
train	RailwayStation	21	railwaystation_237.tif	RailwayStation/railwaystation_237.tif	AID_50/train/RailwayStation/railwaystation_237.tif
train	RailwayStation	21	railwaystation_239.tif	RailwayStation/railwaystation_239.tif	AID_50/train/RailwayStation/railwaystation_239.tif
train	RailwayStation	21	railwaystation_242.tif	RailwayStation/railwaystation_242.tif	AID_50/train/RailwayStation/railwaystation_242.tif
train	RailwayStation	21	railwaystation_246.tif	RailwayStation/railwaystation_246.tif	AID_50/train/RailwayStation/railwaystation_246.tif
train	RailwayStation	21	railwaystation_25.tif	RailwayStation/railwaystation_25.tif	AID_50/train/RailwayStation/railwaystation_25.tif
train	RailwayStation	21	railwaystation_252.tif	RailwayStation/railwaystation_252.tif	AID_50/train/RailwayStation/railwaystation_252.tif
train	RailwayStation	21	railwaystation_253.tif	RailwayStation/railwaystation_253.tif	AID_50/train/RailwayStation/railwaystation_253.tif
train	RailwayStation	21	railwaystation_254.tif	RailwayStation/railwaystation_254.tif	AID_50/train/RailwayStation/railwaystation_254.tif
train	RailwayStation	21	railwaystation_255.tif	RailwayStation/railwaystation_255.tif	AID_50/train/RailwayStation/railwaystation_255.tif
train	RailwayStation	21	railwaystation_256.tif	RailwayStation/railwaystation_256.tif	AID_50/train/RailwayStation/railwaystation_256.tif
train	RailwayStation	21	railwaystation_258.tif	RailwayStation/railwaystation_258.tif	AID_50/train/RailwayStation/railwaystation_258.tif
train	RailwayStation	21	railwaystation_26.tif	RailwayStation/railwaystation_26.tif	AID_50/train/RailwayStation/railwaystation_26.tif
train	RailwayStation	21	railwaystation_260.tif	RailwayStation/railwaystation_260.tif	AID_50/train/RailwayStation/railwaystation_260.tif
train	RailwayStation	21	railwaystation_27.tif	RailwayStation/railwaystation_27.tif	AID_50/train/RailwayStation/railwaystation_27.tif
train	RailwayStation	21	railwaystation_28.tif	RailwayStation/railwaystation_28.tif	AID_50/train/RailwayStation/railwaystation_28.tif
train	RailwayStation	21	railwaystation_29.tif	RailwayStation/railwaystation_29.tif	AID_50/train/RailwayStation/railwaystation_29.tif
train	RailwayStation	21	railwaystation_33.tif	RailwayStation/railwaystation_33.tif	AID_50/train/RailwayStation/railwaystation_33.tif
train	RailwayStation	21	railwaystation_35.tif	RailwayStation/railwaystation_35.tif	AID_50/train/RailwayStation/railwaystation_35.tif
train	RailwayStation	21	railwaystation_36.tif	RailwayStation/railwaystation_36.tif	AID_50/train/RailwayStation/railwaystation_36.tif
train	RailwayStation	21	railwaystation_37.tif	RailwayStation/railwaystation_37.tif	AID_50/train/RailwayStation/railwaystation_37.tif
train	RailwayStation	21	railwaystation_38.tif	RailwayStation/railwaystation_38.tif	AID_50/train/RailwayStation/railwaystation_38.tif
train	RailwayStation	21	railwaystation_39.tif	RailwayStation/railwaystation_39.tif	AID_50/train/RailwayStation/railwaystation_39.tif
train	RailwayStation	21	railwaystation_4.tif	RailwayStation/railwaystation_4.tif	AID_50/train/RailwayStation/railwaystation_4.tif
train	RailwayStation	21	railwaystation_43.tif	RailwayStation/railwaystation_43.tif	AID_50/train/RailwayStation/railwaystation_43.tif
train	RailwayStation	21	railwaystation_44.tif	RailwayStation/railwaystation_44.tif	AID_50/train/RailwayStation/railwaystation_44.tif
train	RailwayStation	21	railwaystation_45.tif	RailwayStation/railwaystation_45.tif	AID_50/train/RailwayStation/railwaystation_45.tif
train	RailwayStation	21	railwaystation_46.tif	RailwayStation/railwaystation_46.tif	AID_50/train/RailwayStation/railwaystation_46.tif
train	RailwayStation	21	railwaystation_47.tif	RailwayStation/railwaystation_47.tif	AID_50/train/RailwayStation/railwaystation_47.tif
train	RailwayStation	21	railwaystation_48.tif	RailwayStation/railwaystation_48.tif	AID_50/train/RailwayStation/railwaystation_48.tif
train	RailwayStation	21	railwaystation_49.tif	RailwayStation/railwaystation_49.tif	AID_50/train/RailwayStation/railwaystation_49.tif
train	RailwayStation	21	railwaystation_5.tif	RailwayStation/railwaystation_5.tif	AID_50/train/RailwayStation/railwaystation_5.tif
train	RailwayStation	21	railwaystation_50.tif	RailwayStation/railwaystation_50.tif	AID_50/train/RailwayStation/railwaystation_50.tif
train	RailwayStation	21	railwaystation_51.tif	RailwayStation/railwaystation_51.tif	AID_50/train/RailwayStation/railwaystation_51.tif
train	RailwayStation	21	railwaystation_53.tif	RailwayStation/railwaystation_53.tif	AID_50/train/RailwayStation/railwaystation_53.tif
train	RailwayStation	21	railwaystation_55.tif	RailwayStation/railwaystation_55.tif	AID_50/train/RailwayStation/railwaystation_55.tif
train	RailwayStation	21	railwaystation_56.tif	RailwayStation/railwaystation_56.tif	AID_50/train/RailwayStation/railwaystation_56.tif
train	RailwayStation	21	railwaystation_60.tif	RailwayStation/railwaystation_60.tif	AID_50/train/RailwayStation/railwaystation_60.tif
train	RailwayStation	21	railwaystation_62.tif	RailwayStation/railwaystation_62.tif	AID_50/train/RailwayStation/railwaystation_62.tif
train	RailwayStation	21	railwaystation_64.tif	RailwayStation/railwaystation_64.tif	AID_50/train/RailwayStation/railwaystation_64.tif
train	RailwayStation	21	railwaystation_65.tif	RailwayStation/railwaystation_65.tif	AID_50/train/RailwayStation/railwaystation_65.tif
train	RailwayStation	21	railwaystation_67.tif	RailwayStation/railwaystation_67.tif	AID_50/train/RailwayStation/railwaystation_67.tif
train	RailwayStation	21	railwaystation_70.tif	RailwayStation/railwaystation_70.tif	AID_50/train/RailwayStation/railwaystation_70.tif
train	RailwayStation	21	railwaystation_71.tif	RailwayStation/railwaystation_71.tif	AID_50/train/RailwayStation/railwaystation_71.tif
train	RailwayStation	21	railwaystation_73.tif	RailwayStation/railwaystation_73.tif	AID_50/train/RailwayStation/railwaystation_73.tif
train	RailwayStation	21	railwaystation_76.tif	RailwayStation/railwaystation_76.tif	AID_50/train/RailwayStation/railwaystation_76.tif
train	RailwayStation	21	railwaystation_8.tif	RailwayStation/railwaystation_8.tif	AID_50/train/RailwayStation/railwaystation_8.tif
train	RailwayStation	21	railwaystation_81.tif	RailwayStation/railwaystation_81.tif	AID_50/train/RailwayStation/railwaystation_81.tif
train	RailwayStation	21	railwaystation_85.tif	RailwayStation/railwaystation_85.tif	AID_50/train/RailwayStation/railwaystation_85.tif
train	RailwayStation	21	railwaystation_87.tif	RailwayStation/railwaystation_87.tif	AID_50/train/RailwayStation/railwaystation_87.tif
train	RailwayStation	21	railwaystation_89.tif	RailwayStation/railwaystation_89.tif	AID_50/train/RailwayStation/railwaystation_89.tif
train	RailwayStation	21	railwaystation_90.tif	RailwayStation/railwaystation_90.tif	AID_50/train/RailwayStation/railwaystation_90.tif
train	RailwayStation	21	railwaystation_92.tif	RailwayStation/railwaystation_92.tif	AID_50/train/RailwayStation/railwaystation_92.tif
train	RailwayStation	21	railwaystation_93.tif	RailwayStation/railwaystation_93.tif	AID_50/train/RailwayStation/railwaystation_93.tif
train	RailwayStation	21	railwaystation_95.tif	RailwayStation/railwaystation_95.tif	AID_50/train/RailwayStation/railwaystation_95.tif
train	RailwayStation	21	railwaystation_98.tif	RailwayStation/railwaystation_98.tif	AID_50/train/RailwayStation/railwaystation_98.tif
train	Resort	22	resort_10.tif	Resort/resort_10.tif	AID_50/train/Resort/resort_10.tif
train	Resort	22	resort_105.tif	Resort/resort_105.tif	AID_50/train/Resort/resort_105.tif
train	Resort	22	resort_109.tif	Resort/resort_109.tif	AID_50/train/Resort/resort_109.tif
train	Resort	22	resort_11.tif	Resort/resort_11.tif	AID_50/train/Resort/resort_11.tif
train	Resort	22	resort_112.tif	Resort/resort_112.tif	AID_50/train/Resort/resort_112.tif
train	Resort	22	resort_114.tif	Resort/resort_114.tif	AID_50/train/Resort/resort_114.tif
train	Resort	22	resort_120.tif	Resort/resort_120.tif	AID_50/train/Resort/resort_120.tif
train	Resort	22	resort_121.tif	Resort/resort_121.tif	AID_50/train/Resort/resort_121.tif
train	Resort	22	resort_122.tif	Resort/resort_122.tif	AID_50/train/Resort/resort_122.tif
train	Resort	22	resort_124.tif	Resort/resort_124.tif	AID_50/train/Resort/resort_124.tif
train	Resort	22	resort_126.tif	Resort/resort_126.tif	AID_50/train/Resort/resort_126.tif
train	Resort	22	resort_13.tif	Resort/resort_13.tif	AID_50/train/Resort/resort_13.tif
train	Resort	22	resort_131.tif	Resort/resort_131.tif	AID_50/train/Resort/resort_131.tif
train	Resort	22	resort_132.tif	Resort/resort_132.tif	AID_50/train/Resort/resort_132.tif
train	Resort	22	resort_133.tif	Resort/resort_133.tif	AID_50/train/Resort/resort_133.tif
train	Resort	22	resort_135.tif	Resort/resort_135.tif	AID_50/train/Resort/resort_135.tif
train	Resort	22	resort_136.tif	Resort/resort_136.tif	AID_50/train/Resort/resort_136.tif
train	Resort	22	resort_139.tif	Resort/resort_139.tif	AID_50/train/Resort/resort_139.tif
train	Resort	22	resort_140.tif	Resort/resort_140.tif	AID_50/train/Resort/resort_140.tif
train	Resort	22	resort_142.tif	Resort/resort_142.tif	AID_50/train/Resort/resort_142.tif
train	Resort	22	resort_144.tif	Resort/resort_144.tif	AID_50/train/Resort/resort_144.tif
train	Resort	22	resort_146.tif	Resort/resort_146.tif	AID_50/train/Resort/resort_146.tif
train	Resort	22	resort_147.tif	Resort/resort_147.tif	AID_50/train/Resort/resort_147.tif
train	Resort	22	resort_148.tif	Resort/resort_148.tif	AID_50/train/Resort/resort_148.tif
train	Resort	22	resort_149.tif	Resort/resort_149.tif	AID_50/train/Resort/resort_149.tif
train	Resort	22	resort_150.tif	Resort/resort_150.tif	AID_50/train/Resort/resort_150.tif
train	Resort	22	resort_151.tif	Resort/resort_151.tif	AID_50/train/Resort/resort_151.tif
train	Resort	22	resort_152.tif	Resort/resort_152.tif	AID_50/train/Resort/resort_152.tif
train	Resort	22	resort_156.tif	Resort/resort_156.tif	AID_50/train/Resort/resort_156.tif
train	Resort	22	resort_158.tif	Resort/resort_158.tif	AID_50/train/Resort/resort_158.tif
train	Resort	22	resort_162.tif	Resort/resort_162.tif	AID_50/train/Resort/resort_162.tif
train	Resort	22	resort_165.tif	Resort/resort_165.tif	AID_50/train/Resort/resort_165.tif
train	Resort	22	resort_166.tif	Resort/resort_166.tif	AID_50/train/Resort/resort_166.tif
train	Resort	22	resort_167.tif	Resort/resort_167.tif	AID_50/train/Resort/resort_167.tif
train	Resort	22	resort_170.tif	Resort/resort_170.tif	AID_50/train/Resort/resort_170.tif
train	Resort	22	resort_171.tif	Resort/resort_171.tif	AID_50/train/Resort/resort_171.tif
train	Resort	22	resort_173.tif	Resort/resort_173.tif	AID_50/train/Resort/resort_173.tif
train	Resort	22	resort_174.tif	Resort/resort_174.tif	AID_50/train/Resort/resort_174.tif
train	Resort	22	resort_18.tif	Resort/resort_18.tif	AID_50/train/Resort/resort_18.tif
train	Resort	22	resort_181.tif	Resort/resort_181.tif	AID_50/train/Resort/resort_181.tif
train	Resort	22	resort_182.tif	Resort/resort_182.tif	AID_50/train/Resort/resort_182.tif
train	Resort	22	resort_184.tif	Resort/resort_184.tif	AID_50/train/Resort/resort_184.tif
train	Resort	22	resort_188.tif	Resort/resort_188.tif	AID_50/train/Resort/resort_188.tif
train	Resort	22	resort_190.tif	Resort/resort_190.tif	AID_50/train/Resort/resort_190.tif
train	Resort	22	resort_191.tif	Resort/resort_191.tif	AID_50/train/Resort/resort_191.tif
train	Resort	22	resort_192.tif	Resort/resort_192.tif	AID_50/train/Resort/resort_192.tif
train	Resort	22	resort_194.tif	Resort/resort_194.tif	AID_50/train/Resort/resort_194.tif
train	Resort	22	resort_195.tif	Resort/resort_195.tif	AID_50/train/Resort/resort_195.tif
train	Resort	22	resort_196.tif	Resort/resort_196.tif	AID_50/train/Resort/resort_196.tif
train	Resort	22	resort_198.tif	Resort/resort_198.tif	AID_50/train/Resort/resort_198.tif
train	Resort	22	resort_2.tif	Resort/resort_2.tif	AID_50/train/Resort/resort_2.tif
train	Resort	22	resort_20.tif	Resort/resort_20.tif	AID_50/train/Resort/resort_20.tif
train	Resort	22	resort_200.tif	Resort/resort_200.tif	AID_50/train/Resort/resort_200.tif
train	Resort	22	resort_203.tif	Resort/resort_203.tif	AID_50/train/Resort/resort_203.tif
train	Resort	22	resort_205.tif	Resort/resort_205.tif	AID_50/train/Resort/resort_205.tif
train	Resort	22	resort_206.tif	Resort/resort_206.tif	AID_50/train/Resort/resort_206.tif
train	Resort	22	resort_208.tif	Resort/resort_208.tif	AID_50/train/Resort/resort_208.tif
train	Resort	22	resort_209.tif	Resort/resort_209.tif	AID_50/train/Resort/resort_209.tif
train	Resort	22	resort_21.tif	Resort/resort_21.tif	AID_50/train/Resort/resort_21.tif
train	Resort	22	resort_210.tif	Resort/resort_210.tif	AID_50/train/Resort/resort_210.tif
train	Resort	22	resort_212.tif	Resort/resort_212.tif	AID_50/train/Resort/resort_212.tif
train	Resort	22	resort_213.tif	Resort/resort_213.tif	AID_50/train/Resort/resort_213.tif
train	Resort	22	resort_214.tif	Resort/resort_214.tif	AID_50/train/Resort/resort_214.tif
train	Resort	22	resort_215.tif	Resort/resort_215.tif	AID_50/train/Resort/resort_215.tif
train	Resort	22	resort_218.tif	Resort/resort_218.tif	AID_50/train/Resort/resort_218.tif
train	Resort	22	resort_22.tif	Resort/resort_22.tif	AID_50/train/Resort/resort_22.tif
train	Resort	22	resort_220.tif	Resort/resort_220.tif	AID_50/train/Resort/resort_220.tif
train	Resort	22	resort_221.tif	Resort/resort_221.tif	AID_50/train/Resort/resort_221.tif
train	Resort	22	resort_222.tif	Resort/resort_222.tif	AID_50/train/Resort/resort_222.tif
train	Resort	22	resort_223.tif	Resort/resort_223.tif	AID_50/train/Resort/resort_223.tif
train	Resort	22	resort_224.tif	Resort/resort_224.tif	AID_50/train/Resort/resort_224.tif
train	Resort	22	resort_225.tif	Resort/resort_225.tif	AID_50/train/Resort/resort_225.tif
train	Resort	22	resort_227.tif	Resort/resort_227.tif	AID_50/train/Resort/resort_227.tif
train	Resort	22	resort_228.tif	Resort/resort_228.tif	AID_50/train/Resort/resort_228.tif
train	Resort	22	resort_229.tif	Resort/resort_229.tif	AID_50/train/Resort/resort_229.tif
train	Resort	22	resort_23.tif	Resort/resort_23.tif	AID_50/train/Resort/resort_23.tif
train	Resort	22	resort_232.tif	Resort/resort_232.tif	AID_50/train/Resort/resort_232.tif
train	Resort	22	resort_234.tif	Resort/resort_234.tif	AID_50/train/Resort/resort_234.tif
train	Resort	22	resort_235.tif	Resort/resort_235.tif	AID_50/train/Resort/resort_235.tif
train	Resort	22	resort_236.tif	Resort/resort_236.tif	AID_50/train/Resort/resort_236.tif
train	Resort	22	resort_238.tif	Resort/resort_238.tif	AID_50/train/Resort/resort_238.tif
train	Resort	22	resort_239.tif	Resort/resort_239.tif	AID_50/train/Resort/resort_239.tif
train	Resort	22	resort_24.tif	Resort/resort_24.tif	AID_50/train/Resort/resort_24.tif
train	Resort	22	resort_240.tif	Resort/resort_240.tif	AID_50/train/Resort/resort_240.tif
train	Resort	22	resort_243.tif	Resort/resort_243.tif	AID_50/train/Resort/resort_243.tif
train	Resort	22	resort_244.tif	Resort/resort_244.tif	AID_50/train/Resort/resort_244.tif
train	Resort	22	resort_245.tif	Resort/resort_245.tif	AID_50/train/Resort/resort_245.tif
train	Resort	22	resort_246.tif	Resort/resort_246.tif	AID_50/train/Resort/resort_246.tif
train	Resort	22	resort_248.tif	Resort/resort_248.tif	AID_50/train/Resort/resort_248.tif
train	Resort	22	resort_25.tif	Resort/resort_25.tif	AID_50/train/Resort/resort_25.tif
train	Resort	22	resort_251.tif	Resort/resort_251.tif	AID_50/train/Resort/resort_251.tif
train	Resort	22	resort_257.tif	Resort/resort_257.tif	AID_50/train/Resort/resort_257.tif
train	Resort	22	resort_261.tif	Resort/resort_261.tif	AID_50/train/Resort/resort_261.tif
train	Resort	22	resort_263.tif	Resort/resort_263.tif	AID_50/train/Resort/resort_263.tif
train	Resort	22	resort_264.tif	Resort/resort_264.tif	AID_50/train/Resort/resort_264.tif
train	Resort	22	resort_267.tif	Resort/resort_267.tif	AID_50/train/Resort/resort_267.tif
train	Resort	22	resort_268.tif	Resort/resort_268.tif	AID_50/train/Resort/resort_268.tif
train	Resort	22	resort_270.tif	Resort/resort_270.tif	AID_50/train/Resort/resort_270.tif
train	Resort	22	resort_272.tif	Resort/resort_272.tif	AID_50/train/Resort/resort_272.tif
train	Resort	22	resort_273.tif	Resort/resort_273.tif	AID_50/train/Resort/resort_273.tif
train	Resort	22	resort_276.tif	Resort/resort_276.tif	AID_50/train/Resort/resort_276.tif
train	Resort	22	resort_277.tif	Resort/resort_277.tif	AID_50/train/Resort/resort_277.tif
train	Resort	22	resort_278.tif	Resort/resort_278.tif	AID_50/train/Resort/resort_278.tif
train	Resort	22	resort_279.tif	Resort/resort_279.tif	AID_50/train/Resort/resort_279.tif
train	Resort	22	resort_28.tif	Resort/resort_28.tif	AID_50/train/Resort/resort_28.tif
train	Resort	22	resort_281.tif	Resort/resort_281.tif	AID_50/train/Resort/resort_281.tif
train	Resort	22	resort_282.tif	Resort/resort_282.tif	AID_50/train/Resort/resort_282.tif
train	Resort	22	resort_284.tif	Resort/resort_284.tif	AID_50/train/Resort/resort_284.tif
train	Resort	22	resort_285.tif	Resort/resort_285.tif	AID_50/train/Resort/resort_285.tif
train	Resort	22	resort_286.tif	Resort/resort_286.tif	AID_50/train/Resort/resort_286.tif
train	Resort	22	resort_287.tif	Resort/resort_287.tif	AID_50/train/Resort/resort_287.tif
train	Resort	22	resort_288.tif	Resort/resort_288.tif	AID_50/train/Resort/resort_288.tif
train	Resort	22	resort_290.tif	Resort/resort_290.tif	AID_50/train/Resort/resort_290.tif
train	Resort	22	resort_31.tif	Resort/resort_31.tif	AID_50/train/Resort/resort_31.tif
train	Resort	22	resort_35.tif	Resort/resort_35.tif	AID_50/train/Resort/resort_35.tif
train	Resort	22	resort_45.tif	Resort/resort_45.tif	AID_50/train/Resort/resort_45.tif
train	Resort	22	resort_47.tif	Resort/resort_47.tif	AID_50/train/Resort/resort_47.tif
train	Resort	22	resort_48.tif	Resort/resort_48.tif	AID_50/train/Resort/resort_48.tif
train	Resort	22	resort_5.tif	Resort/resort_5.tif	AID_50/train/Resort/resort_5.tif
train	Resort	22	resort_50.tif	Resort/resort_50.tif	AID_50/train/Resort/resort_50.tif
train	Resort	22	resort_51.tif	Resort/resort_51.tif	AID_50/train/Resort/resort_51.tif
train	Resort	22	resort_52.tif	Resort/resort_52.tif	AID_50/train/Resort/resort_52.tif
train	Resort	22	resort_53.tif	Resort/resort_53.tif	AID_50/train/Resort/resort_53.tif
train	Resort	22	resort_54.tif	Resort/resort_54.tif	AID_50/train/Resort/resort_54.tif
train	Resort	22	resort_57.tif	Resort/resort_57.tif	AID_50/train/Resort/resort_57.tif
train	Resort	22	resort_6.tif	Resort/resort_6.tif	AID_50/train/Resort/resort_6.tif
train	Resort	22	resort_60.tif	Resort/resort_60.tif	AID_50/train/Resort/resort_60.tif
train	Resort	22	resort_63.tif	Resort/resort_63.tif	AID_50/train/Resort/resort_63.tif
train	Resort	22	resort_67.tif	Resort/resort_67.tif	AID_50/train/Resort/resort_67.tif
train	Resort	22	resort_68.tif	Resort/resort_68.tif	AID_50/train/Resort/resort_68.tif
train	Resort	22	resort_73.tif	Resort/resort_73.tif	AID_50/train/Resort/resort_73.tif
train	Resort	22	resort_74.tif	Resort/resort_74.tif	AID_50/train/Resort/resort_74.tif
train	Resort	22	resort_75.tif	Resort/resort_75.tif	AID_50/train/Resort/resort_75.tif
train	Resort	22	resort_76.tif	Resort/resort_76.tif	AID_50/train/Resort/resort_76.tif
train	Resort	22	resort_77.tif	Resort/resort_77.tif	AID_50/train/Resort/resort_77.tif
train	Resort	22	resort_78.tif	Resort/resort_78.tif	AID_50/train/Resort/resort_78.tif
train	Resort	22	resort_8.tif	Resort/resort_8.tif	AID_50/train/Resort/resort_8.tif
train	Resort	22	resort_81.tif	Resort/resort_81.tif	AID_50/train/Resort/resort_81.tif
train	Resort	22	resort_83.tif	Resort/resort_83.tif	AID_50/train/Resort/resort_83.tif
train	Resort	22	resort_84.tif	Resort/resort_84.tif	AID_50/train/Resort/resort_84.tif
train	Resort	22	resort_85.tif	Resort/resort_85.tif	AID_50/train/Resort/resort_85.tif
train	Resort	22	resort_87.tif	Resort/resort_87.tif	AID_50/train/Resort/resort_87.tif
train	Resort	22	resort_9.tif	Resort/resort_9.tif	AID_50/train/Resort/resort_9.tif
train	Resort	22	resort_92.tif	Resort/resort_92.tif	AID_50/train/Resort/resort_92.tif
train	Resort	22	resort_95.tif	Resort/resort_95.tif	AID_50/train/Resort/resort_95.tif
train	River	23	river_1.tif	River/river_1.tif	AID_50/train/River/river_1.tif
train	River	23	river_101.tif	River/river_101.tif	AID_50/train/River/river_101.tif
train	River	23	river_103.tif	River/river_103.tif	AID_50/train/River/river_103.tif
train	River	23	river_106.tif	River/river_106.tif	AID_50/train/River/river_106.tif
train	River	23	river_108.tif	River/river_108.tif	AID_50/train/River/river_108.tif
train	River	23	river_109.tif	River/river_109.tif	AID_50/train/River/river_109.tif
train	River	23	river_11.tif	River/river_11.tif	AID_50/train/River/river_11.tif
train	River	23	river_111.tif	River/river_111.tif	AID_50/train/River/river_111.tif
train	River	23	river_113.tif	River/river_113.tif	AID_50/train/River/river_113.tif
train	River	23	river_114.tif	River/river_114.tif	AID_50/train/River/river_114.tif
train	River	23	river_115.tif	River/river_115.tif	AID_50/train/River/river_115.tif
train	River	23	river_116.tif	River/river_116.tif	AID_50/train/River/river_116.tif
train	River	23	river_118.tif	River/river_118.tif	AID_50/train/River/river_118.tif
train	River	23	river_119.tif	River/river_119.tif	AID_50/train/River/river_119.tif
train	River	23	river_12.tif	River/river_12.tif	AID_50/train/River/river_12.tif
train	River	23	river_120.tif	River/river_120.tif	AID_50/train/River/river_120.tif
train	River	23	river_121.tif	River/river_121.tif	AID_50/train/River/river_121.tif
train	River	23	river_122.tif	River/river_122.tif	AID_50/train/River/river_122.tif
train	River	23	river_124.tif	River/river_124.tif	AID_50/train/River/river_124.tif
train	River	23	river_125.tif	River/river_125.tif	AID_50/train/River/river_125.tif
train	River	23	river_129.tif	River/river_129.tif	AID_50/train/River/river_129.tif
train	River	23	river_130.tif	River/river_130.tif	AID_50/train/River/river_130.tif
train	River	23	river_133.tif	River/river_133.tif	AID_50/train/River/river_133.tif
train	River	23	river_134.tif	River/river_134.tif	AID_50/train/River/river_134.tif
train	River	23	river_137.tif	River/river_137.tif	AID_50/train/River/river_137.tif
train	River	23	river_138.tif	River/river_138.tif	AID_50/train/River/river_138.tif
train	River	23	river_139.tif	River/river_139.tif	AID_50/train/River/river_139.tif
train	River	23	river_14.tif	River/river_14.tif	AID_50/train/River/river_14.tif
train	River	23	river_140.tif	River/river_140.tif	AID_50/train/River/river_140.tif
train	River	23	river_141.tif	River/river_141.tif	AID_50/train/River/river_141.tif
train	River	23	river_147.tif	River/river_147.tif	AID_50/train/River/river_147.tif
train	River	23	river_149.tif	River/river_149.tif	AID_50/train/River/river_149.tif
train	River	23	river_15.tif	River/river_15.tif	AID_50/train/River/river_15.tif
train	River	23	river_150.tif	River/river_150.tif	AID_50/train/River/river_150.tif
train	River	23	river_151.tif	River/river_151.tif	AID_50/train/River/river_151.tif
train	River	23	river_152.tif	River/river_152.tif	AID_50/train/River/river_152.tif
train	River	23	river_153.tif	River/river_153.tif	AID_50/train/River/river_153.tif
train	River	23	river_154.tif	River/river_154.tif	AID_50/train/River/river_154.tif
train	River	23	river_157.tif	River/river_157.tif	AID_50/train/River/river_157.tif
train	River	23	river_16.tif	River/river_16.tif	AID_50/train/River/river_16.tif
train	River	23	river_160.tif	River/river_160.tif	AID_50/train/River/river_160.tif
train	River	23	river_163.tif	River/river_163.tif	AID_50/train/River/river_163.tif
train	River	23	river_166.tif	River/river_166.tif	AID_50/train/River/river_166.tif
train	River	23	river_169.tif	River/river_169.tif	AID_50/train/River/river_169.tif
train	River	23	river_17.tif	River/river_17.tif	AID_50/train/River/river_17.tif
train	River	23	river_170.tif	River/river_170.tif	AID_50/train/River/river_170.tif
train	River	23	river_175.tif	River/river_175.tif	AID_50/train/River/river_175.tif
train	River	23	river_176.tif	River/river_176.tif	AID_50/train/River/river_176.tif
train	River	23	river_177.tif	River/river_177.tif	AID_50/train/River/river_177.tif
train	River	23	river_178.tif	River/river_178.tif	AID_50/train/River/river_178.tif
train	River	23	river_179.tif	River/river_179.tif	AID_50/train/River/river_179.tif
train	River	23	river_18.tif	River/river_18.tif	AID_50/train/River/river_18.tif
train	River	23	river_180.tif	River/river_180.tif	AID_50/train/River/river_180.tif
train	River	23	river_182.tif	River/river_182.tif	AID_50/train/River/river_182.tif
train	River	23	river_183.tif	River/river_183.tif	AID_50/train/River/river_183.tif
train	River	23	river_185.tif	River/river_185.tif	AID_50/train/River/river_185.tif
train	River	23	river_19.tif	River/river_19.tif	AID_50/train/River/river_19.tif
train	River	23	river_190.tif	River/river_190.tif	AID_50/train/River/river_190.tif
train	River	23	river_191.tif	River/river_191.tif	AID_50/train/River/river_191.tif
train	River	23	river_192.tif	River/river_192.tif	AID_50/train/River/river_192.tif
train	River	23	river_193.tif	River/river_193.tif	AID_50/train/River/river_193.tif
train	River	23	river_194.tif	River/river_194.tif	AID_50/train/River/river_194.tif
train	River	23	river_195.tif	River/river_195.tif	AID_50/train/River/river_195.tif
train	River	23	river_198.tif	River/river_198.tif	AID_50/train/River/river_198.tif
train	River	23	river_2.tif	River/river_2.tif	AID_50/train/River/river_2.tif
train	River	23	river_20.tif	River/river_20.tif	AID_50/train/River/river_20.tif
train	River	23	river_202.tif	River/river_202.tif	AID_50/train/River/river_202.tif
train	River	23	river_205.tif	River/river_205.tif	AID_50/train/River/river_205.tif
train	River	23	river_211.tif	River/river_211.tif	AID_50/train/River/river_211.tif
train	River	23	river_214.tif	River/river_214.tif	AID_50/train/River/river_214.tif
train	River	23	river_216.tif	River/river_216.tif	AID_50/train/River/river_216.tif
train	River	23	river_217.tif	River/river_217.tif	AID_50/train/River/river_217.tif
train	River	23	river_218.tif	River/river_218.tif	AID_50/train/River/river_218.tif
train	River	23	river_219.tif	River/river_219.tif	AID_50/train/River/river_219.tif
train	River	23	river_220.tif	River/river_220.tif	AID_50/train/River/river_220.tif
train	River	23	river_223.tif	River/river_223.tif	AID_50/train/River/river_223.tif
train	River	23	river_224.tif	River/river_224.tif	AID_50/train/River/river_224.tif
train	River	23	river_225.tif	River/river_225.tif	AID_50/train/River/river_225.tif
train	River	23	river_23.tif	River/river_23.tif	AID_50/train/River/river_23.tif
train	River	23	river_230.tif	River/river_230.tif	AID_50/train/River/river_230.tif
train	River	23	river_231.tif	River/river_231.tif	AID_50/train/River/river_231.tif
train	River	23	river_233.tif	River/river_233.tif	AID_50/train/River/river_233.tif
train	River	23	river_235.tif	River/river_235.tif	AID_50/train/River/river_235.tif
train	River	23	river_237.tif	River/river_237.tif	AID_50/train/River/river_237.tif
train	River	23	river_24.tif	River/river_24.tif	AID_50/train/River/river_24.tif
train	River	23	river_244.tif	River/river_244.tif	AID_50/train/River/river_244.tif
train	River	23	river_245.tif	River/river_245.tif	AID_50/train/River/river_245.tif
train	River	23	river_246.tif	River/river_246.tif	AID_50/train/River/river_246.tif
train	River	23	river_250.tif	River/river_250.tif	AID_50/train/River/river_250.tif
train	River	23	river_252.tif	River/river_252.tif	AID_50/train/River/river_252.tif
train	River	23	river_253.tif	River/river_253.tif	AID_50/train/River/river_253.tif
train	River	23	river_254.tif	River/river_254.tif	AID_50/train/River/river_254.tif
train	River	23	river_257.tif	River/river_257.tif	AID_50/train/River/river_257.tif
train	River	23	river_258.tif	River/river_258.tif	AID_50/train/River/river_258.tif
train	River	23	river_259.tif	River/river_259.tif	AID_50/train/River/river_259.tif
train	River	23	river_26.tif	River/river_26.tif	AID_50/train/River/river_26.tif
train	River	23	river_262.tif	River/river_262.tif	AID_50/train/River/river_262.tif
train	River	23	river_263.tif	River/river_263.tif	AID_50/train/River/river_263.tif
train	River	23	river_264.tif	River/river_264.tif	AID_50/train/River/river_264.tif
train	River	23	river_265.tif	River/river_265.tif	AID_50/train/River/river_265.tif
train	River	23	river_266.tif	River/river_266.tif	AID_50/train/River/river_266.tif
train	River	23	river_272.tif	River/river_272.tif	AID_50/train/River/river_272.tif
train	River	23	river_273.tif	River/river_273.tif	AID_50/train/River/river_273.tif
train	River	23	river_274.tif	River/river_274.tif	AID_50/train/River/river_274.tif
train	River	23	river_277.tif	River/river_277.tif	AID_50/train/River/river_277.tif
train	River	23	river_282.tif	River/river_282.tif	AID_50/train/River/river_282.tif
train	River	23	river_284.tif	River/river_284.tif	AID_50/train/River/river_284.tif
train	River	23	river_285.tif	River/river_285.tif	AID_50/train/River/river_285.tif
train	River	23	river_287.tif	River/river_287.tif	AID_50/train/River/river_287.tif
train	River	23	river_290.tif	River/river_290.tif	AID_50/train/River/river_290.tif
train	River	23	river_292.tif	River/river_292.tif	AID_50/train/River/river_292.tif
train	River	23	river_293.tif	River/river_293.tif	AID_50/train/River/river_293.tif
train	River	23	river_294.tif	River/river_294.tif	AID_50/train/River/river_294.tif
train	River	23	river_295.tif	River/river_295.tif	AID_50/train/River/river_295.tif
train	River	23	river_296.tif	River/river_296.tif	AID_50/train/River/river_296.tif
train	River	23	river_298.tif	River/river_298.tif	AID_50/train/River/river_298.tif
train	River	23	river_3.tif	River/river_3.tif	AID_50/train/River/river_3.tif
train	River	23	river_30.tif	River/river_30.tif	AID_50/train/River/river_30.tif
train	River	23	river_300.tif	River/river_300.tif	AID_50/train/River/river_300.tif
train	River	23	river_301.tif	River/river_301.tif	AID_50/train/River/river_301.tif
train	River	23	river_307.tif	River/river_307.tif	AID_50/train/River/river_307.tif
train	River	23	river_308.tif	River/river_308.tif	AID_50/train/River/river_308.tif
train	River	23	river_31.tif	River/river_31.tif	AID_50/train/River/river_31.tif
train	River	23	river_310.tif	River/river_310.tif	AID_50/train/River/river_310.tif
train	River	23	river_313.tif	River/river_313.tif	AID_50/train/River/river_313.tif
train	River	23	river_314.tif	River/river_314.tif	AID_50/train/River/river_314.tif
train	River	23	river_32.tif	River/river_32.tif	AID_50/train/River/river_32.tif
train	River	23	river_320.tif	River/river_320.tif	AID_50/train/River/river_320.tif
train	River	23	river_321.tif	River/river_321.tif	AID_50/train/River/river_321.tif
train	River	23	river_326.tif	River/river_326.tif	AID_50/train/River/river_326.tif
train	River	23	river_329.tif	River/river_329.tif	AID_50/train/River/river_329.tif
train	River	23	river_330.tif	River/river_330.tif	AID_50/train/River/river_330.tif
train	River	23	river_333.tif	River/river_333.tif	AID_50/train/River/river_333.tif
train	River	23	river_336.tif	River/river_336.tif	AID_50/train/River/river_336.tif
train	River	23	river_337.tif	River/river_337.tif	AID_50/train/River/river_337.tif
train	River	23	river_339.tif	River/river_339.tif	AID_50/train/River/river_339.tif
train	River	23	river_34.tif	River/river_34.tif	AID_50/train/River/river_34.tif
train	River	23	river_340.tif	River/river_340.tif	AID_50/train/River/river_340.tif
train	River	23	river_341.tif	River/river_341.tif	AID_50/train/River/river_341.tif
train	River	23	river_346.tif	River/river_346.tif	AID_50/train/River/river_346.tif
train	River	23	river_348.tif	River/river_348.tif	AID_50/train/River/river_348.tif
train	River	23	river_35.tif	River/river_35.tif	AID_50/train/River/river_35.tif
train	River	23	river_351.tif	River/river_351.tif	AID_50/train/River/river_351.tif
train	River	23	river_352.tif	River/river_352.tif	AID_50/train/River/river_352.tif
train	River	23	river_353.tif	River/river_353.tif	AID_50/train/River/river_353.tif
train	River	23	river_354.tif	River/river_354.tif	AID_50/train/River/river_354.tif
train	River	23	river_356.tif	River/river_356.tif	AID_50/train/River/river_356.tif
train	River	23	river_357.tif	River/river_357.tif	AID_50/train/River/river_357.tif
train	River	23	river_358.tif	River/river_358.tif	AID_50/train/River/river_358.tif
train	River	23	river_359.tif	River/river_359.tif	AID_50/train/River/river_359.tif
train	River	23	river_361.tif	River/river_361.tif	AID_50/train/River/river_361.tif
train	River	23	river_364.tif	River/river_364.tif	AID_50/train/River/river_364.tif
train	River	23	river_367.tif	River/river_367.tif	AID_50/train/River/river_367.tif
train	River	23	river_368.tif	River/river_368.tif	AID_50/train/River/river_368.tif
train	River	23	river_369.tif	River/river_369.tif	AID_50/train/River/river_369.tif
train	River	23	river_377.tif	River/river_377.tif	AID_50/train/River/river_377.tif
train	River	23	river_380.tif	River/river_380.tif	AID_50/train/River/river_380.tif
train	River	23	river_382.tif	River/river_382.tif	AID_50/train/River/river_382.tif
train	River	23	river_383.tif	River/river_383.tif	AID_50/train/River/river_383.tif
train	River	23	river_384.tif	River/river_384.tif	AID_50/train/River/river_384.tif
train	River	23	river_386.tif	River/river_386.tif	AID_50/train/River/river_386.tif
train	River	23	river_39.tif	River/river_39.tif	AID_50/train/River/river_39.tif
train	River	23	river_390.tif	River/river_390.tif	AID_50/train/River/river_390.tif
train	River	23	river_392.tif	River/river_392.tif	AID_50/train/River/river_392.tif
train	River	23	river_394.tif	River/river_394.tif	AID_50/train/River/river_394.tif
train	River	23	river_395.tif	River/river_395.tif	AID_50/train/River/river_395.tif
train	River	23	river_399.tif	River/river_399.tif	AID_50/train/River/river_399.tif
train	River	23	river_400.tif	River/river_400.tif	AID_50/train/River/river_400.tif
train	School	24	school_10.tif	School/school_10.tif	AID_50/train/School/school_10.tif
train	School	24	school_100.tif	School/school_100.tif	AID_50/train/School/school_100.tif
train	School	24	school_102.tif	School/school_102.tif	AID_50/train/School/school_102.tif
train	School	24	school_106.tif	School/school_106.tif	AID_50/train/School/school_106.tif
train	School	24	school_108.tif	School/school_108.tif	AID_50/train/School/school_108.tif
train	School	24	school_110.tif	School/school_110.tif	AID_50/train/School/school_110.tif
train	School	24	school_111.tif	School/school_111.tif	AID_50/train/School/school_111.tif
train	School	24	school_115.tif	School/school_115.tif	AID_50/train/School/school_115.tif
train	School	24	school_116.tif	School/school_116.tif	AID_50/train/School/school_116.tif
train	School	24	school_117.tif	School/school_117.tif	AID_50/train/School/school_117.tif
train	School	24	school_118.tif	School/school_118.tif	AID_50/train/School/school_118.tif
train	School	24	school_12.tif	School/school_12.tif	AID_50/train/School/school_12.tif
train	School	24	school_120.tif	School/school_120.tif	AID_50/train/School/school_120.tif
train	School	24	school_122.tif	School/school_122.tif	AID_50/train/School/school_122.tif
train	School	24	school_125.tif	School/school_125.tif	AID_50/train/School/school_125.tif
train	School	24	school_126.tif	School/school_126.tif	AID_50/train/School/school_126.tif
train	School	24	school_127.tif	School/school_127.tif	AID_50/train/School/school_127.tif
train	School	24	school_128.tif	School/school_128.tif	AID_50/train/School/school_128.tif
train	School	24	school_129.tif	School/school_129.tif	AID_50/train/School/school_129.tif
train	School	24	school_13.tif	School/school_13.tif	AID_50/train/School/school_13.tif
train	School	24	school_131.tif	School/school_131.tif	AID_50/train/School/school_131.tif
train	School	24	school_135.tif	School/school_135.tif	AID_50/train/School/school_135.tif
train	School	24	school_137.tif	School/school_137.tif	AID_50/train/School/school_137.tif
train	School	24	school_138.tif	School/school_138.tif	AID_50/train/School/school_138.tif
train	School	24	school_14.tif	School/school_14.tif	AID_50/train/School/school_14.tif
train	School	24	school_140.tif	School/school_140.tif	AID_50/train/School/school_140.tif
train	School	24	school_141.tif	School/school_141.tif	AID_50/train/School/school_141.tif
train	School	24	school_144.tif	School/school_144.tif	AID_50/train/School/school_144.tif
train	School	24	school_146.tif	School/school_146.tif	AID_50/train/School/school_146.tif
train	School	24	school_147.tif	School/school_147.tif	AID_50/train/School/school_147.tif
train	School	24	school_15.tif	School/school_15.tif	AID_50/train/School/school_15.tif
train	School	24	school_150.tif	School/school_150.tif	AID_50/train/School/school_150.tif
train	School	24	school_151.tif	School/school_151.tif	AID_50/train/School/school_151.tif
train	School	24	school_155.tif	School/school_155.tif	AID_50/train/School/school_155.tif
train	School	24	school_156.tif	School/school_156.tif	AID_50/train/School/school_156.tif
train	School	24	school_158.tif	School/school_158.tif	AID_50/train/School/school_158.tif
train	School	24	school_159.tif	School/school_159.tif	AID_50/train/School/school_159.tif
train	School	24	school_16.tif	School/school_16.tif	AID_50/train/School/school_16.tif
train	School	24	school_162.tif	School/school_162.tif	AID_50/train/School/school_162.tif
train	School	24	school_167.tif	School/school_167.tif	AID_50/train/School/school_167.tif
train	School	24	school_168.tif	School/school_168.tif	AID_50/train/School/school_168.tif
train	School	24	school_169.tif	School/school_169.tif	AID_50/train/School/school_169.tif
train	School	24	school_17.tif	School/school_17.tif	AID_50/train/School/school_17.tif
train	School	24	school_170.tif	School/school_170.tif	AID_50/train/School/school_170.tif
train	School	24	school_171.tif	School/school_171.tif	AID_50/train/School/school_171.tif
train	School	24	school_174.tif	School/school_174.tif	AID_50/train/School/school_174.tif
train	School	24	school_177.tif	School/school_177.tif	AID_50/train/School/school_177.tif
train	School	24	school_178.tif	School/school_178.tif	AID_50/train/School/school_178.tif
train	School	24	school_18.tif	School/school_18.tif	AID_50/train/School/school_18.tif
train	School	24	school_180.tif	School/school_180.tif	AID_50/train/School/school_180.tif
train	School	24	school_188.tif	School/school_188.tif	AID_50/train/School/school_188.tif
train	School	24	school_189.tif	School/school_189.tif	AID_50/train/School/school_189.tif
train	School	24	school_19.tif	School/school_19.tif	AID_50/train/School/school_19.tif
train	School	24	school_192.tif	School/school_192.tif	AID_50/train/School/school_192.tif
train	School	24	school_195.tif	School/school_195.tif	AID_50/train/School/school_195.tif
train	School	24	school_196.tif	School/school_196.tif	AID_50/train/School/school_196.tif
train	School	24	school_197.tif	School/school_197.tif	AID_50/train/School/school_197.tif
train	School	24	school_198.tif	School/school_198.tif	AID_50/train/School/school_198.tif
train	School	24	school_20.tif	School/school_20.tif	AID_50/train/School/school_20.tif
train	School	24	school_200.tif	School/school_200.tif	AID_50/train/School/school_200.tif
train	School	24	school_202.tif	School/school_202.tif	AID_50/train/School/school_202.tif
train	School	24	school_204.tif	School/school_204.tif	AID_50/train/School/school_204.tif
train	School	24	school_205.tif	School/school_205.tif	AID_50/train/School/school_205.tif
train	School	24	school_208.tif	School/school_208.tif	AID_50/train/School/school_208.tif
train	School	24	school_21.tif	School/school_21.tif	AID_50/train/School/school_21.tif
train	School	24	school_210.tif	School/school_210.tif	AID_50/train/School/school_210.tif
train	School	24	school_214.tif	School/school_214.tif	AID_50/train/School/school_214.tif
train	School	24	school_215.tif	School/school_215.tif	AID_50/train/School/school_215.tif
train	School	24	school_216.tif	School/school_216.tif	AID_50/train/School/school_216.tif
train	School	24	school_217.tif	School/school_217.tif	AID_50/train/School/school_217.tif
train	School	24	school_218.tif	School/school_218.tif	AID_50/train/School/school_218.tif
train	School	24	school_219.tif	School/school_219.tif	AID_50/train/School/school_219.tif
train	School	24	school_220.tif	School/school_220.tif	AID_50/train/School/school_220.tif
train	School	24	school_221.tif	School/school_221.tif	AID_50/train/School/school_221.tif
train	School	24	school_222.tif	School/school_222.tif	AID_50/train/School/school_222.tif
train	School	24	school_23.tif	School/school_23.tif	AID_50/train/School/school_23.tif
train	School	24	school_233.tif	School/school_233.tif	AID_50/train/School/school_233.tif
train	School	24	school_234.tif	School/school_234.tif	AID_50/train/School/school_234.tif
train	School	24	school_235.tif	School/school_235.tif	AID_50/train/School/school_235.tif
train	School	24	school_24.tif	School/school_24.tif	AID_50/train/School/school_24.tif
train	School	24	school_240.tif	School/school_240.tif	AID_50/train/School/school_240.tif
train	School	24	school_241.tif	School/school_241.tif	AID_50/train/School/school_241.tif
train	School	24	school_242.tif	School/school_242.tif	AID_50/train/School/school_242.tif
train	School	24	school_243.tif	School/school_243.tif	AID_50/train/School/school_243.tif
train	School	24	school_244.tif	School/school_244.tif	AID_50/train/School/school_244.tif
train	School	24	school_245.tif	School/school_245.tif	AID_50/train/School/school_245.tif
train	School	24	school_247.tif	School/school_247.tif	AID_50/train/School/school_247.tif
train	School	24	school_248.tif	School/school_248.tif	AID_50/train/School/school_248.tif
train	School	24	school_254.tif	School/school_254.tif	AID_50/train/School/school_254.tif
train	School	24	school_257.tif	School/school_257.tif	AID_50/train/School/school_257.tif
train	School	24	school_261.tif	School/school_261.tif	AID_50/train/School/school_261.tif
train	School	24	school_263.tif	School/school_263.tif	AID_50/train/School/school_263.tif
train	School	24	school_267.tif	School/school_267.tif	AID_50/train/School/school_267.tif
train	School	24	school_27.tif	School/school_27.tif	AID_50/train/School/school_27.tif
train	School	24	school_271.tif	School/school_271.tif	AID_50/train/School/school_271.tif
train	School	24	school_272.tif	School/school_272.tif	AID_50/train/School/school_272.tif
train	School	24	school_273.tif	School/school_273.tif	AID_50/train/School/school_273.tif
train	School	24	school_274.tif	School/school_274.tif	AID_50/train/School/school_274.tif
train	School	24	school_276.tif	School/school_276.tif	AID_50/train/School/school_276.tif
train	School	24	school_279.tif	School/school_279.tif	AID_50/train/School/school_279.tif
train	School	24	school_280.tif	School/school_280.tif	AID_50/train/School/school_280.tif
train	School	24	school_281.tif	School/school_281.tif	AID_50/train/School/school_281.tif
train	School	24	school_282.tif	School/school_282.tif	AID_50/train/School/school_282.tif
train	School	24	school_283.tif	School/school_283.tif	AID_50/train/School/school_283.tif
train	School	24	school_285.tif	School/school_285.tif	AID_50/train/School/school_285.tif
train	School	24	school_286.tif	School/school_286.tif	AID_50/train/School/school_286.tif
train	School	24	school_287.tif	School/school_287.tif	AID_50/train/School/school_287.tif
train	School	24	school_288.tif	School/school_288.tif	AID_50/train/School/school_288.tif
train	School	24	school_289.tif	School/school_289.tif	AID_50/train/School/school_289.tif
train	School	24	school_29.tif	School/school_29.tif	AID_50/train/School/school_29.tif
train	School	24	school_292.tif	School/school_292.tif	AID_50/train/School/school_292.tif
train	School	24	school_293.tif	School/school_293.tif	AID_50/train/School/school_293.tif
train	School	24	school_296.tif	School/school_296.tif	AID_50/train/School/school_296.tif
train	School	24	school_297.tif	School/school_297.tif	AID_50/train/School/school_297.tif
train	School	24	school_299.tif	School/school_299.tif	AID_50/train/School/school_299.tif
train	School	24	school_30.tif	School/school_30.tif	AID_50/train/School/school_30.tif
train	School	24	school_31.tif	School/school_31.tif	AID_50/train/School/school_31.tif
train	School	24	school_34.tif	School/school_34.tif	AID_50/train/School/school_34.tif
train	School	24	school_36.tif	School/school_36.tif	AID_50/train/School/school_36.tif
train	School	24	school_38.tif	School/school_38.tif	AID_50/train/School/school_38.tif
train	School	24	school_40.tif	School/school_40.tif	AID_50/train/School/school_40.tif
train	School	24	school_45.tif	School/school_45.tif	AID_50/train/School/school_45.tif
train	School	24	school_50.tif	School/school_50.tif	AID_50/train/School/school_50.tif
train	School	24	school_55.tif	School/school_55.tif	AID_50/train/School/school_55.tif
train	School	24	school_59.tif	School/school_59.tif	AID_50/train/School/school_59.tif
train	School	24	school_60.tif	School/school_60.tif	AID_50/train/School/school_60.tif
train	School	24	school_62.tif	School/school_62.tif	AID_50/train/School/school_62.tif
train	School	24	school_63.tif	School/school_63.tif	AID_50/train/School/school_63.tif
train	School	24	school_67.tif	School/school_67.tif	AID_50/train/School/school_67.tif
train	School	24	school_68.tif	School/school_68.tif	AID_50/train/School/school_68.tif
train	School	24	school_7.tif	School/school_7.tif	AID_50/train/School/school_7.tif
train	School	24	school_71.tif	School/school_71.tif	AID_50/train/School/school_71.tif
train	School	24	school_72.tif	School/school_72.tif	AID_50/train/School/school_72.tif
train	School	24	school_74.tif	School/school_74.tif	AID_50/train/School/school_74.tif
train	School	24	school_76.tif	School/school_76.tif	AID_50/train/School/school_76.tif
train	School	24	school_77.tif	School/school_77.tif	AID_50/train/School/school_77.tif
train	School	24	school_78.tif	School/school_78.tif	AID_50/train/School/school_78.tif
train	School	24	school_79.tif	School/school_79.tif	AID_50/train/School/school_79.tif
train	School	24	school_8.tif	School/school_8.tif	AID_50/train/School/school_8.tif
train	School	24	school_80.tif	School/school_80.tif	AID_50/train/School/school_80.tif
train	School	24	school_81.tif	School/school_81.tif	AID_50/train/School/school_81.tif
train	School	24	school_83.tif	School/school_83.tif	AID_50/train/School/school_83.tif
train	School	24	school_85.tif	School/school_85.tif	AID_50/train/School/school_85.tif
train	School	24	school_90.tif	School/school_90.tif	AID_50/train/School/school_90.tif
train	School	24	school_91.tif	School/school_91.tif	AID_50/train/School/school_91.tif
train	School	24	school_94.tif	School/school_94.tif	AID_50/train/School/school_94.tif
train	School	24	school_96.tif	School/school_96.tif	AID_50/train/School/school_96.tif
train	School	24	school_97.tif	School/school_97.tif	AID_50/train/School/school_97.tif
train	School	24	school_98.tif	School/school_98.tif	AID_50/train/School/school_98.tif
train	School	24	school_99.tif	School/school_99.tif	AID_50/train/School/school_99.tif
train	SparseResidential	25	sparseresidential_1.tif	SparseResidential/sparseresidential_1.tif	AID_50/train/SparseResidential/sparseresidential_1.tif
train	SparseResidential	25	sparseresidential_10.tif	SparseResidential/sparseresidential_10.tif	AID_50/train/SparseResidential/sparseresidential_10.tif
train	SparseResidential	25	sparseresidential_102.tif	SparseResidential/sparseresidential_102.tif	AID_50/train/SparseResidential/sparseresidential_102.tif
train	SparseResidential	25	sparseresidential_105.tif	SparseResidential/sparseresidential_105.tif	AID_50/train/SparseResidential/sparseresidential_105.tif
train	SparseResidential	25	sparseresidential_107.tif	SparseResidential/sparseresidential_107.tif	AID_50/train/SparseResidential/sparseresidential_107.tif
train	SparseResidential	25	sparseresidential_109.tif	SparseResidential/sparseresidential_109.tif	AID_50/train/SparseResidential/sparseresidential_109.tif
train	SparseResidential	25	sparseresidential_11.tif	SparseResidential/sparseresidential_11.tif	AID_50/train/SparseResidential/sparseresidential_11.tif
train	SparseResidential	25	sparseresidential_110.tif	SparseResidential/sparseresidential_110.tif	AID_50/train/SparseResidential/sparseresidential_110.tif
train	SparseResidential	25	sparseresidential_116.tif	SparseResidential/sparseresidential_116.tif	AID_50/train/SparseResidential/sparseresidential_116.tif
train	SparseResidential	25	sparseresidential_118.tif	SparseResidential/sparseresidential_118.tif	AID_50/train/SparseResidential/sparseresidential_118.tif
train	SparseResidential	25	sparseresidential_12.tif	SparseResidential/sparseresidential_12.tif	AID_50/train/SparseResidential/sparseresidential_12.tif
train	SparseResidential	25	sparseresidential_122.tif	SparseResidential/sparseresidential_122.tif	AID_50/train/SparseResidential/sparseresidential_122.tif
train	SparseResidential	25	sparseresidential_127.tif	SparseResidential/sparseresidential_127.tif	AID_50/train/SparseResidential/sparseresidential_127.tif
train	SparseResidential	25	sparseresidential_131.tif	SparseResidential/sparseresidential_131.tif	AID_50/train/SparseResidential/sparseresidential_131.tif
train	SparseResidential	25	sparseresidential_133.tif	SparseResidential/sparseresidential_133.tif	AID_50/train/SparseResidential/sparseresidential_133.tif
train	SparseResidential	25	sparseresidential_135.tif	SparseResidential/sparseresidential_135.tif	AID_50/train/SparseResidential/sparseresidential_135.tif
train	SparseResidential	25	sparseresidential_138.tif	SparseResidential/sparseresidential_138.tif	AID_50/train/SparseResidential/sparseresidential_138.tif
train	SparseResidential	25	sparseresidential_14.tif	SparseResidential/sparseresidential_14.tif	AID_50/train/SparseResidential/sparseresidential_14.tif
train	SparseResidential	25	sparseresidential_140.tif	SparseResidential/sparseresidential_140.tif	AID_50/train/SparseResidential/sparseresidential_140.tif
train	SparseResidential	25	sparseresidential_143.tif	SparseResidential/sparseresidential_143.tif	AID_50/train/SparseResidential/sparseresidential_143.tif
train	SparseResidential	25	sparseresidential_146.tif	SparseResidential/sparseresidential_146.tif	AID_50/train/SparseResidential/sparseresidential_146.tif
train	SparseResidential	25	sparseresidential_147.tif	SparseResidential/sparseresidential_147.tif	AID_50/train/SparseResidential/sparseresidential_147.tif
train	SparseResidential	25	sparseresidential_149.tif	SparseResidential/sparseresidential_149.tif	AID_50/train/SparseResidential/sparseresidential_149.tif
train	SparseResidential	25	sparseresidential_150.tif	SparseResidential/sparseresidential_150.tif	AID_50/train/SparseResidential/sparseresidential_150.tif
train	SparseResidential	25	sparseresidential_151.tif	SparseResidential/sparseresidential_151.tif	AID_50/train/SparseResidential/sparseresidential_151.tif
train	SparseResidential	25	sparseresidential_154.tif	SparseResidential/sparseresidential_154.tif	AID_50/train/SparseResidential/sparseresidential_154.tif
train	SparseResidential	25	sparseresidential_156.tif	SparseResidential/sparseresidential_156.tif	AID_50/train/SparseResidential/sparseresidential_156.tif
train	SparseResidential	25	sparseresidential_157.tif	SparseResidential/sparseresidential_157.tif	AID_50/train/SparseResidential/sparseresidential_157.tif
train	SparseResidential	25	sparseresidential_158.tif	SparseResidential/sparseresidential_158.tif	AID_50/train/SparseResidential/sparseresidential_158.tif
train	SparseResidential	25	sparseresidential_159.tif	SparseResidential/sparseresidential_159.tif	AID_50/train/SparseResidential/sparseresidential_159.tif
train	SparseResidential	25	sparseresidential_161.tif	SparseResidential/sparseresidential_161.tif	AID_50/train/SparseResidential/sparseresidential_161.tif
train	SparseResidential	25	sparseresidential_162.tif	SparseResidential/sparseresidential_162.tif	AID_50/train/SparseResidential/sparseresidential_162.tif
train	SparseResidential	25	sparseresidential_164.tif	SparseResidential/sparseresidential_164.tif	AID_50/train/SparseResidential/sparseresidential_164.tif
train	SparseResidential	25	sparseresidential_165.tif	SparseResidential/sparseresidential_165.tif	AID_50/train/SparseResidential/sparseresidential_165.tif
train	SparseResidential	25	sparseresidential_166.tif	SparseResidential/sparseresidential_166.tif	AID_50/train/SparseResidential/sparseresidential_166.tif
train	SparseResidential	25	sparseresidential_167.tif	SparseResidential/sparseresidential_167.tif	AID_50/train/SparseResidential/sparseresidential_167.tif
train	SparseResidential	25	sparseresidential_17.tif	SparseResidential/sparseresidential_17.tif	AID_50/train/SparseResidential/sparseresidential_17.tif
train	SparseResidential	25	sparseresidential_171.tif	SparseResidential/sparseresidential_171.tif	AID_50/train/SparseResidential/sparseresidential_171.tif
train	SparseResidential	25	sparseresidential_173.tif	SparseResidential/sparseresidential_173.tif	AID_50/train/SparseResidential/sparseresidential_173.tif
train	SparseResidential	25	sparseresidential_175.tif	SparseResidential/sparseresidential_175.tif	AID_50/train/SparseResidential/sparseresidential_175.tif
train	SparseResidential	25	sparseresidential_176.tif	SparseResidential/sparseresidential_176.tif	AID_50/train/SparseResidential/sparseresidential_176.tif
train	SparseResidential	25	sparseresidential_177.tif	SparseResidential/sparseresidential_177.tif	AID_50/train/SparseResidential/sparseresidential_177.tif
train	SparseResidential	25	sparseresidential_178.tif	SparseResidential/sparseresidential_178.tif	AID_50/train/SparseResidential/sparseresidential_178.tif
train	SparseResidential	25	sparseresidential_179.tif	SparseResidential/sparseresidential_179.tif	AID_50/train/SparseResidential/sparseresidential_179.tif
train	SparseResidential	25	sparseresidential_186.tif	SparseResidential/sparseresidential_186.tif	AID_50/train/SparseResidential/sparseresidential_186.tif
train	SparseResidential	25	sparseresidential_187.tif	SparseResidential/sparseresidential_187.tif	AID_50/train/SparseResidential/sparseresidential_187.tif
train	SparseResidential	25	sparseresidential_188.tif	SparseResidential/sparseresidential_188.tif	AID_50/train/SparseResidential/sparseresidential_188.tif
train	SparseResidential	25	sparseresidential_192.tif	SparseResidential/sparseresidential_192.tif	AID_50/train/SparseResidential/sparseresidential_192.tif
train	SparseResidential	25	sparseresidential_193.tif	SparseResidential/sparseresidential_193.tif	AID_50/train/SparseResidential/sparseresidential_193.tif
train	SparseResidential	25	sparseresidential_195.tif	SparseResidential/sparseresidential_195.tif	AID_50/train/SparseResidential/sparseresidential_195.tif
train	SparseResidential	25	sparseresidential_198.tif	SparseResidential/sparseresidential_198.tif	AID_50/train/SparseResidential/sparseresidential_198.tif
train	SparseResidential	25	sparseresidential_200.tif	SparseResidential/sparseresidential_200.tif	AID_50/train/SparseResidential/sparseresidential_200.tif
train	SparseResidential	25	sparseresidential_202.tif	SparseResidential/sparseresidential_202.tif	AID_50/train/SparseResidential/sparseresidential_202.tif
train	SparseResidential	25	sparseresidential_203.tif	SparseResidential/sparseresidential_203.tif	AID_50/train/SparseResidential/sparseresidential_203.tif
train	SparseResidential	25	sparseresidential_205.tif	SparseResidential/sparseresidential_205.tif	AID_50/train/SparseResidential/sparseresidential_205.tif
train	SparseResidential	25	sparseresidential_206.tif	SparseResidential/sparseresidential_206.tif	AID_50/train/SparseResidential/sparseresidential_206.tif
train	SparseResidential	25	sparseresidential_207.tif	SparseResidential/sparseresidential_207.tif	AID_50/train/SparseResidential/sparseresidential_207.tif
train	SparseResidential	25	sparseresidential_21.tif	SparseResidential/sparseresidential_21.tif	AID_50/train/SparseResidential/sparseresidential_21.tif
train	SparseResidential	25	sparseresidential_210.tif	SparseResidential/sparseresidential_210.tif	AID_50/train/SparseResidential/sparseresidential_210.tif
train	SparseResidential	25	sparseresidential_211.tif	SparseResidential/sparseresidential_211.tif	AID_50/train/SparseResidential/sparseresidential_211.tif
train	SparseResidential	25	sparseresidential_212.tif	SparseResidential/sparseresidential_212.tif	AID_50/train/SparseResidential/sparseresidential_212.tif
train	SparseResidential	25	sparseresidential_214.tif	SparseResidential/sparseresidential_214.tif	AID_50/train/SparseResidential/sparseresidential_214.tif
train	SparseResidential	25	sparseresidential_217.tif	SparseResidential/sparseresidential_217.tif	AID_50/train/SparseResidential/sparseresidential_217.tif
train	SparseResidential	25	sparseresidential_218.tif	SparseResidential/sparseresidential_218.tif	AID_50/train/SparseResidential/sparseresidential_218.tif
train	SparseResidential	25	sparseresidential_219.tif	SparseResidential/sparseresidential_219.tif	AID_50/train/SparseResidential/sparseresidential_219.tif
train	SparseResidential	25	sparseresidential_221.tif	SparseResidential/sparseresidential_221.tif	AID_50/train/SparseResidential/sparseresidential_221.tif
train	SparseResidential	25	sparseresidential_222.tif	SparseResidential/sparseresidential_222.tif	AID_50/train/SparseResidential/sparseresidential_222.tif
train	SparseResidential	25	sparseresidential_23.tif	SparseResidential/sparseresidential_23.tif	AID_50/train/SparseResidential/sparseresidential_23.tif
train	SparseResidential	25	sparseresidential_231.tif	SparseResidential/sparseresidential_231.tif	AID_50/train/SparseResidential/sparseresidential_231.tif
train	SparseResidential	25	sparseresidential_235.tif	SparseResidential/sparseresidential_235.tif	AID_50/train/SparseResidential/sparseresidential_235.tif
train	SparseResidential	25	sparseresidential_236.tif	SparseResidential/sparseresidential_236.tif	AID_50/train/SparseResidential/sparseresidential_236.tif
train	SparseResidential	25	sparseresidential_237.tif	SparseResidential/sparseresidential_237.tif	AID_50/train/SparseResidential/sparseresidential_237.tif
train	SparseResidential	25	sparseresidential_239.tif	SparseResidential/sparseresidential_239.tif	AID_50/train/SparseResidential/sparseresidential_239.tif
train	SparseResidential	25	sparseresidential_24.tif	SparseResidential/sparseresidential_24.tif	AID_50/train/SparseResidential/sparseresidential_24.tif
train	SparseResidential	25	sparseresidential_240.tif	SparseResidential/sparseresidential_240.tif	AID_50/train/SparseResidential/sparseresidential_240.tif
train	SparseResidential	25	sparseresidential_241.tif	SparseResidential/sparseresidential_241.tif	AID_50/train/SparseResidential/sparseresidential_241.tif
train	SparseResidential	25	sparseresidential_242.tif	SparseResidential/sparseresidential_242.tif	AID_50/train/SparseResidential/sparseresidential_242.tif
train	SparseResidential	25	sparseresidential_243.tif	SparseResidential/sparseresidential_243.tif	AID_50/train/SparseResidential/sparseresidential_243.tif
train	SparseResidential	25	sparseresidential_246.tif	SparseResidential/sparseresidential_246.tif	AID_50/train/SparseResidential/sparseresidential_246.tif
train	SparseResidential	25	sparseresidential_249.tif	SparseResidential/sparseresidential_249.tif	AID_50/train/SparseResidential/sparseresidential_249.tif
train	SparseResidential	25	sparseresidential_25.tif	SparseResidential/sparseresidential_25.tif	AID_50/train/SparseResidential/sparseresidential_25.tif
train	SparseResidential	25	sparseresidential_253.tif	SparseResidential/sparseresidential_253.tif	AID_50/train/SparseResidential/sparseresidential_253.tif
train	SparseResidential	25	sparseresidential_254.tif	SparseResidential/sparseresidential_254.tif	AID_50/train/SparseResidential/sparseresidential_254.tif
train	SparseResidential	25	sparseresidential_255.tif	SparseResidential/sparseresidential_255.tif	AID_50/train/SparseResidential/sparseresidential_255.tif
train	SparseResidential	25	sparseresidential_257.tif	SparseResidential/sparseresidential_257.tif	AID_50/train/SparseResidential/sparseresidential_257.tif
train	SparseResidential	25	sparseresidential_258.tif	SparseResidential/sparseresidential_258.tif	AID_50/train/SparseResidential/sparseresidential_258.tif
train	SparseResidential	25	sparseresidential_261.tif	SparseResidential/sparseresidential_261.tif	AID_50/train/SparseResidential/sparseresidential_261.tif
train	SparseResidential	25	sparseresidential_263.tif	SparseResidential/sparseresidential_263.tif	AID_50/train/SparseResidential/sparseresidential_263.tif
train	SparseResidential	25	sparseresidential_264.tif	SparseResidential/sparseresidential_264.tif	AID_50/train/SparseResidential/sparseresidential_264.tif
train	SparseResidential	25	sparseresidential_265.tif	SparseResidential/sparseresidential_265.tif	AID_50/train/SparseResidential/sparseresidential_265.tif
train	SparseResidential	25	sparseresidential_266.tif	SparseResidential/sparseresidential_266.tif	AID_50/train/SparseResidential/sparseresidential_266.tif
train	SparseResidential	25	sparseresidential_268.tif	SparseResidential/sparseresidential_268.tif	AID_50/train/SparseResidential/sparseresidential_268.tif
train	SparseResidential	25	sparseresidential_269.tif	SparseResidential/sparseresidential_269.tif	AID_50/train/SparseResidential/sparseresidential_269.tif
train	SparseResidential	25	sparseresidential_270.tif	SparseResidential/sparseresidential_270.tif	AID_50/train/SparseResidential/sparseresidential_270.tif
train	SparseResidential	25	sparseresidential_271.tif	SparseResidential/sparseresidential_271.tif	AID_50/train/SparseResidential/sparseresidential_271.tif
train	SparseResidential	25	sparseresidential_274.tif	SparseResidential/sparseresidential_274.tif	AID_50/train/SparseResidential/sparseresidential_274.tif
train	SparseResidential	25	sparseresidential_275.tif	SparseResidential/sparseresidential_275.tif	AID_50/train/SparseResidential/sparseresidential_275.tif
train	SparseResidential	25	sparseresidential_276.tif	SparseResidential/sparseresidential_276.tif	AID_50/train/SparseResidential/sparseresidential_276.tif
train	SparseResidential	25	sparseresidential_279.tif	SparseResidential/sparseresidential_279.tif	AID_50/train/SparseResidential/sparseresidential_279.tif
train	SparseResidential	25	sparseresidential_280.tif	SparseResidential/sparseresidential_280.tif	AID_50/train/SparseResidential/sparseresidential_280.tif
train	SparseResidential	25	sparseresidential_283.tif	SparseResidential/sparseresidential_283.tif	AID_50/train/SparseResidential/sparseresidential_283.tif
train	SparseResidential	25	sparseresidential_286.tif	SparseResidential/sparseresidential_286.tif	AID_50/train/SparseResidential/sparseresidential_286.tif
train	SparseResidential	25	sparseresidential_287.tif	SparseResidential/sparseresidential_287.tif	AID_50/train/SparseResidential/sparseresidential_287.tif
train	SparseResidential	25	sparseresidential_288.tif	SparseResidential/sparseresidential_288.tif	AID_50/train/SparseResidential/sparseresidential_288.tif
train	SparseResidential	25	sparseresidential_289.tif	SparseResidential/sparseresidential_289.tif	AID_50/train/SparseResidential/sparseresidential_289.tif
train	SparseResidential	25	sparseresidential_29.tif	SparseResidential/sparseresidential_29.tif	AID_50/train/SparseResidential/sparseresidential_29.tif
train	SparseResidential	25	sparseresidential_292.tif	SparseResidential/sparseresidential_292.tif	AID_50/train/SparseResidential/sparseresidential_292.tif
train	SparseResidential	25	sparseresidential_293.tif	SparseResidential/sparseresidential_293.tif	AID_50/train/SparseResidential/sparseresidential_293.tif
train	SparseResidential	25	sparseresidential_295.tif	SparseResidential/sparseresidential_295.tif	AID_50/train/SparseResidential/sparseresidential_295.tif
train	SparseResidential	25	sparseresidential_299.tif	SparseResidential/sparseresidential_299.tif	AID_50/train/SparseResidential/sparseresidential_299.tif
train	SparseResidential	25	sparseresidential_30.tif	SparseResidential/sparseresidential_30.tif	AID_50/train/SparseResidential/sparseresidential_30.tif
train	SparseResidential	25	sparseresidential_32.tif	SparseResidential/sparseresidential_32.tif	AID_50/train/SparseResidential/sparseresidential_32.tif
train	SparseResidential	25	sparseresidential_34.tif	SparseResidential/sparseresidential_34.tif	AID_50/train/SparseResidential/sparseresidential_34.tif
train	SparseResidential	25	sparseresidential_36.tif	SparseResidential/sparseresidential_36.tif	AID_50/train/SparseResidential/sparseresidential_36.tif
train	SparseResidential	25	sparseresidential_39.tif	SparseResidential/sparseresidential_39.tif	AID_50/train/SparseResidential/sparseresidential_39.tif
train	SparseResidential	25	sparseresidential_4.tif	SparseResidential/sparseresidential_4.tif	AID_50/train/SparseResidential/sparseresidential_4.tif
train	SparseResidential	25	sparseresidential_40.tif	SparseResidential/sparseresidential_40.tif	AID_50/train/SparseResidential/sparseresidential_40.tif
train	SparseResidential	25	sparseresidential_44.tif	SparseResidential/sparseresidential_44.tif	AID_50/train/SparseResidential/sparseresidential_44.tif
train	SparseResidential	25	sparseresidential_45.tif	SparseResidential/sparseresidential_45.tif	AID_50/train/SparseResidential/sparseresidential_45.tif
train	SparseResidential	25	sparseresidential_48.tif	SparseResidential/sparseresidential_48.tif	AID_50/train/SparseResidential/sparseresidential_48.tif
train	SparseResidential	25	sparseresidential_49.tif	SparseResidential/sparseresidential_49.tif	AID_50/train/SparseResidential/sparseresidential_49.tif
train	SparseResidential	25	sparseresidential_5.tif	SparseResidential/sparseresidential_5.tif	AID_50/train/SparseResidential/sparseresidential_5.tif
train	SparseResidential	25	sparseresidential_51.tif	SparseResidential/sparseresidential_51.tif	AID_50/train/SparseResidential/sparseresidential_51.tif
train	SparseResidential	25	sparseresidential_53.tif	SparseResidential/sparseresidential_53.tif	AID_50/train/SparseResidential/sparseresidential_53.tif
train	SparseResidential	25	sparseresidential_58.tif	SparseResidential/sparseresidential_58.tif	AID_50/train/SparseResidential/sparseresidential_58.tif
train	SparseResidential	25	sparseresidential_61.tif	SparseResidential/sparseresidential_61.tif	AID_50/train/SparseResidential/sparseresidential_61.tif
train	SparseResidential	25	sparseresidential_63.tif	SparseResidential/sparseresidential_63.tif	AID_50/train/SparseResidential/sparseresidential_63.tif
train	SparseResidential	25	sparseresidential_68.tif	SparseResidential/sparseresidential_68.tif	AID_50/train/SparseResidential/sparseresidential_68.tif
train	SparseResidential	25	sparseresidential_69.tif	SparseResidential/sparseresidential_69.tif	AID_50/train/SparseResidential/sparseresidential_69.tif
train	SparseResidential	25	sparseresidential_7.tif	SparseResidential/sparseresidential_7.tif	AID_50/train/SparseResidential/sparseresidential_7.tif
train	SparseResidential	25	sparseresidential_72.tif	SparseResidential/sparseresidential_72.tif	AID_50/train/SparseResidential/sparseresidential_72.tif
train	SparseResidential	25	sparseresidential_74.tif	SparseResidential/sparseresidential_74.tif	AID_50/train/SparseResidential/sparseresidential_74.tif
train	SparseResidential	25	sparseresidential_75.tif	SparseResidential/sparseresidential_75.tif	AID_50/train/SparseResidential/sparseresidential_75.tif
train	SparseResidential	25	sparseresidential_77.tif	SparseResidential/sparseresidential_77.tif	AID_50/train/SparseResidential/sparseresidential_77.tif
train	SparseResidential	25	sparseresidential_79.tif	SparseResidential/sparseresidential_79.tif	AID_50/train/SparseResidential/sparseresidential_79.tif
train	SparseResidential	25	sparseresidential_8.tif	SparseResidential/sparseresidential_8.tif	AID_50/train/SparseResidential/sparseresidential_8.tif
train	SparseResidential	25	sparseresidential_80.tif	SparseResidential/sparseresidential_80.tif	AID_50/train/SparseResidential/sparseresidential_80.tif
train	SparseResidential	25	sparseresidential_81.tif	SparseResidential/sparseresidential_81.tif	AID_50/train/SparseResidential/sparseresidential_81.tif
train	SparseResidential	25	sparseresidential_82.tif	SparseResidential/sparseresidential_82.tif	AID_50/train/SparseResidential/sparseresidential_82.tif
train	SparseResidential	25	sparseresidential_83.tif	SparseResidential/sparseresidential_83.tif	AID_50/train/SparseResidential/sparseresidential_83.tif
train	SparseResidential	25	sparseresidential_84.tif	SparseResidential/sparseresidential_84.tif	AID_50/train/SparseResidential/sparseresidential_84.tif
train	SparseResidential	25	sparseresidential_85.tif	SparseResidential/sparseresidential_85.tif	AID_50/train/SparseResidential/sparseresidential_85.tif
train	SparseResidential	25	sparseresidential_87.tif	SparseResidential/sparseresidential_87.tif	AID_50/train/SparseResidential/sparseresidential_87.tif
train	SparseResidential	25	sparseresidential_89.tif	SparseResidential/sparseresidential_89.tif	AID_50/train/SparseResidential/sparseresidential_89.tif
train	SparseResidential	25	sparseresidential_91.tif	SparseResidential/sparseresidential_91.tif	AID_50/train/SparseResidential/sparseresidential_91.tif
train	SparseResidential	25	sparseresidential_92.tif	SparseResidential/sparseresidential_92.tif	AID_50/train/SparseResidential/sparseresidential_92.tif
train	SparseResidential	25	sparseresidential_94.tif	SparseResidential/sparseresidential_94.tif	AID_50/train/SparseResidential/sparseresidential_94.tif
train	SparseResidential	25	sparseresidential_95.tif	SparseResidential/sparseresidential_95.tif	AID_50/train/SparseResidential/sparseresidential_95.tif
train	SparseResidential	25	sparseresidential_98.tif	SparseResidential/sparseresidential_98.tif	AID_50/train/SparseResidential/sparseresidential_98.tif
train	SparseResidential	25	sparseresidential_99.tif	SparseResidential/sparseresidential_99.tif	AID_50/train/SparseResidential/sparseresidential_99.tif
train	Square	26	square_100.tif	Square/square_100.tif	AID_50/train/Square/square_100.tif
train	Square	26	square_101.tif	Square/square_101.tif	AID_50/train/Square/square_101.tif
train	Square	26	square_102.tif	Square/square_102.tif	AID_50/train/Square/square_102.tif
train	Square	26	square_105.tif	Square/square_105.tif	AID_50/train/Square/square_105.tif
train	Square	26	square_107.tif	Square/square_107.tif	AID_50/train/Square/square_107.tif
train	Square	26	square_108.tif	Square/square_108.tif	AID_50/train/Square/square_108.tif
train	Square	26	square_11.tif	Square/square_11.tif	AID_50/train/Square/square_11.tif
train	Square	26	square_110.tif	Square/square_110.tif	AID_50/train/Square/square_110.tif
train	Square	26	square_111.tif	Square/square_111.tif	AID_50/train/Square/square_111.tif
train	Square	26	square_112.tif	Square/square_112.tif	AID_50/train/Square/square_112.tif
train	Square	26	square_114.tif	Square/square_114.tif	AID_50/train/Square/square_114.tif
train	Square	26	square_115.tif	Square/square_115.tif	AID_50/train/Square/square_115.tif
train	Square	26	square_119.tif	Square/square_119.tif	AID_50/train/Square/square_119.tif
train	Square	26	square_12.tif	Square/square_12.tif	AID_50/train/Square/square_12.tif
train	Square	26	square_120.tif	Square/square_120.tif	AID_50/train/Square/square_120.tif
train	Square	26	square_124.tif	Square/square_124.tif	AID_50/train/Square/square_124.tif
train	Square	26	square_125.tif	Square/square_125.tif	AID_50/train/Square/square_125.tif
train	Square	26	square_127.tif	Square/square_127.tif	AID_50/train/Square/square_127.tif
train	Square	26	square_128.tif	Square/square_128.tif	AID_50/train/Square/square_128.tif
train	Square	26	square_129.tif	Square/square_129.tif	AID_50/train/Square/square_129.tif
train	Square	26	square_132.tif	Square/square_132.tif	AID_50/train/Square/square_132.tif
train	Square	26	square_134.tif	Square/square_134.tif	AID_50/train/Square/square_134.tif
train	Square	26	square_135.tif	Square/square_135.tif	AID_50/train/Square/square_135.tif
train	Square	26	square_136.tif	Square/square_136.tif	AID_50/train/Square/square_136.tif
train	Square	26	square_14.tif	Square/square_14.tif	AID_50/train/Square/square_14.tif
train	Square	26	square_141.tif	Square/square_141.tif	AID_50/train/Square/square_141.tif
train	Square	26	square_144.tif	Square/square_144.tif	AID_50/train/Square/square_144.tif
train	Square	26	square_145.tif	Square/square_145.tif	AID_50/train/Square/square_145.tif
train	Square	26	square_151.tif	Square/square_151.tif	AID_50/train/Square/square_151.tif
train	Square	26	square_153.tif	Square/square_153.tif	AID_50/train/Square/square_153.tif
train	Square	26	square_157.tif	Square/square_157.tif	AID_50/train/Square/square_157.tif
train	Square	26	square_159.tif	Square/square_159.tif	AID_50/train/Square/square_159.tif
train	Square	26	square_16.tif	Square/square_16.tif	AID_50/train/Square/square_16.tif
train	Square	26	square_160.tif	Square/square_160.tif	AID_50/train/Square/square_160.tif
train	Square	26	square_164.tif	Square/square_164.tif	AID_50/train/Square/square_164.tif
train	Square	26	square_165.tif	Square/square_165.tif	AID_50/train/Square/square_165.tif
train	Square	26	square_167.tif	Square/square_167.tif	AID_50/train/Square/square_167.tif
train	Square	26	square_168.tif	Square/square_168.tif	AID_50/train/Square/square_168.tif
train	Square	26	square_170.tif	Square/square_170.tif	AID_50/train/Square/square_170.tif
train	Square	26	square_172.tif	Square/square_172.tif	AID_50/train/Square/square_172.tif
train	Square	26	square_174.tif	Square/square_174.tif	AID_50/train/Square/square_174.tif
train	Square	26	square_175.tif	Square/square_175.tif	AID_50/train/Square/square_175.tif
train	Square	26	square_176.tif	Square/square_176.tif	AID_50/train/Square/square_176.tif
train	Square	26	square_177.tif	Square/square_177.tif	AID_50/train/Square/square_177.tif
train	Square	26	square_18.tif	Square/square_18.tif	AID_50/train/Square/square_18.tif
train	Square	26	square_181.tif	Square/square_181.tif	AID_50/train/Square/square_181.tif
train	Square	26	square_183.tif	Square/square_183.tif	AID_50/train/Square/square_183.tif
train	Square	26	square_184.tif	Square/square_184.tif	AID_50/train/Square/square_184.tif
train	Square	26	square_19.tif	Square/square_19.tif	AID_50/train/Square/square_19.tif
train	Square	26	square_191.tif	Square/square_191.tif	AID_50/train/Square/square_191.tif
train	Square	26	square_194.tif	Square/square_194.tif	AID_50/train/Square/square_194.tif
train	Square	26	square_195.tif	Square/square_195.tif	AID_50/train/Square/square_195.tif
train	Square	26	square_196.tif	Square/square_196.tif	AID_50/train/Square/square_196.tif
train	Square	26	square_197.tif	Square/square_197.tif	AID_50/train/Square/square_197.tif
train	Square	26	square_198.tif	Square/square_198.tif	AID_50/train/Square/square_198.tif
train	Square	26	square_199.tif	Square/square_199.tif	AID_50/train/Square/square_199.tif
train	Square	26	square_203.tif	Square/square_203.tif	AID_50/train/Square/square_203.tif
train	Square	26	square_206.tif	Square/square_206.tif	AID_50/train/Square/square_206.tif
train	Square	26	square_209.tif	Square/square_209.tif	AID_50/train/Square/square_209.tif
train	Square	26	square_210.tif	Square/square_210.tif	AID_50/train/Square/square_210.tif
train	Square	26	square_214.tif	Square/square_214.tif	AID_50/train/Square/square_214.tif
train	Square	26	square_217.tif	Square/square_217.tif	AID_50/train/Square/square_217.tif
train	Square	26	square_218.tif	Square/square_218.tif	AID_50/train/Square/square_218.tif
train	Square	26	square_219.tif	Square/square_219.tif	AID_50/train/Square/square_219.tif
train	Square	26	square_220.tif	Square/square_220.tif	AID_50/train/Square/square_220.tif
train	Square	26	square_224.tif	Square/square_224.tif	AID_50/train/Square/square_224.tif
train	Square	26	square_225.tif	Square/square_225.tif	AID_50/train/Square/square_225.tif
train	Square	26	square_228.tif	Square/square_228.tif	AID_50/train/Square/square_228.tif
train	Square	26	square_231.tif	Square/square_231.tif	AID_50/train/Square/square_231.tif
train	Square	26	square_233.tif	Square/square_233.tif	AID_50/train/Square/square_233.tif
train	Square	26	square_234.tif	Square/square_234.tif	AID_50/train/Square/square_234.tif
train	Square	26	square_235.tif	Square/square_235.tif	AID_50/train/Square/square_235.tif
train	Square	26	square_236.tif	Square/square_236.tif	AID_50/train/Square/square_236.tif
train	Square	26	square_238.tif	Square/square_238.tif	AID_50/train/Square/square_238.tif
train	Square	26	square_241.tif	Square/square_241.tif	AID_50/train/Square/square_241.tif
train	Square	26	square_242.tif	Square/square_242.tif	AID_50/train/Square/square_242.tif
train	Square	26	square_244.tif	Square/square_244.tif	AID_50/train/Square/square_244.tif
train	Square	26	square_246.tif	Square/square_246.tif	AID_50/train/Square/square_246.tif
train	Square	26	square_247.tif	Square/square_247.tif	AID_50/train/Square/square_247.tif
train	Square	26	square_249.tif	Square/square_249.tif	AID_50/train/Square/square_249.tif
train	Square	26	square_25.tif	Square/square_25.tif	AID_50/train/Square/square_25.tif
train	Square	26	square_250.tif	Square/square_250.tif	AID_50/train/Square/square_250.tif
train	Square	26	square_251.tif	Square/square_251.tif	AID_50/train/Square/square_251.tif
train	Square	26	square_252.tif	Square/square_252.tif	AID_50/train/Square/square_252.tif
train	Square	26	square_255.tif	Square/square_255.tif	AID_50/train/Square/square_255.tif
train	Square	26	square_258.tif	Square/square_258.tif	AID_50/train/Square/square_258.tif
train	Square	26	square_259.tif	Square/square_259.tif	AID_50/train/Square/square_259.tif
train	Square	26	square_260.tif	Square/square_260.tif	AID_50/train/Square/square_260.tif
train	Square	26	square_264.tif	Square/square_264.tif	AID_50/train/Square/square_264.tif
train	Square	26	square_265.tif	Square/square_265.tif	AID_50/train/Square/square_265.tif
train	Square	26	square_267.tif	Square/square_267.tif	AID_50/train/Square/square_267.tif
train	Square	26	square_268.tif	Square/square_268.tif	AID_50/train/Square/square_268.tif
train	Square	26	square_269.tif	Square/square_269.tif	AID_50/train/Square/square_269.tif
train	Square	26	square_270.tif	Square/square_270.tif	AID_50/train/Square/square_270.tif
train	Square	26	square_271.tif	Square/square_271.tif	AID_50/train/Square/square_271.tif
train	Square	26	square_273.tif	Square/square_273.tif	AID_50/train/Square/square_273.tif
train	Square	26	square_277.tif	Square/square_277.tif	AID_50/train/Square/square_277.tif
train	Square	26	square_279.tif	Square/square_279.tif	AID_50/train/Square/square_279.tif
train	Square	26	square_28.tif	Square/square_28.tif	AID_50/train/Square/square_28.tif
train	Square	26	square_282.tif	Square/square_282.tif	AID_50/train/Square/square_282.tif
train	Square	26	square_283.tif	Square/square_283.tif	AID_50/train/Square/square_283.tif
train	Square	26	square_284.tif	Square/square_284.tif	AID_50/train/Square/square_284.tif
train	Square	26	square_286.tif	Square/square_286.tif	AID_50/train/Square/square_286.tif
train	Square	26	square_288.tif	Square/square_288.tif	AID_50/train/Square/square_288.tif
train	Square	26	square_29.tif	Square/square_29.tif	AID_50/train/Square/square_29.tif
train	Square	26	square_290.tif	Square/square_290.tif	AID_50/train/Square/square_290.tif
train	Square	26	square_291.tif	Square/square_291.tif	AID_50/train/Square/square_291.tif
train	Square	26	square_3.tif	Square/square_3.tif	AID_50/train/Square/square_3.tif
train	Square	26	square_301.tif	Square/square_301.tif	AID_50/train/Square/square_301.tif
train	Square	26	square_305.tif	Square/square_305.tif	AID_50/train/Square/square_305.tif
train	Square	26	square_306.tif	Square/square_306.tif	AID_50/train/Square/square_306.tif
train	Square	26	square_307.tif	Square/square_307.tif	AID_50/train/Square/square_307.tif
train	Square	26	square_310.tif	Square/square_310.tif	AID_50/train/Square/square_310.tif
train	Square	26	square_314.tif	Square/square_314.tif	AID_50/train/Square/square_314.tif
train	Square	26	square_315.tif	Square/square_315.tif	AID_50/train/Square/square_315.tif
train	Square	26	square_317.tif	Square/square_317.tif	AID_50/train/Square/square_317.tif
train	Square	26	square_319.tif	Square/square_319.tif	AID_50/train/Square/square_319.tif
train	Square	26	square_32.tif	Square/square_32.tif	AID_50/train/Square/square_32.tif
train	Square	26	square_320.tif	Square/square_320.tif	AID_50/train/Square/square_320.tif
train	Square	26	square_321.tif	Square/square_321.tif	AID_50/train/Square/square_321.tif
train	Square	26	square_323.tif	Square/square_323.tif	AID_50/train/Square/square_323.tif
train	Square	26	square_325.tif	Square/square_325.tif	AID_50/train/Square/square_325.tif
train	Square	26	square_326.tif	Square/square_326.tif	AID_50/train/Square/square_326.tif
train	Square	26	square_328.tif	Square/square_328.tif	AID_50/train/Square/square_328.tif
train	Square	26	square_329.tif	Square/square_329.tif	AID_50/train/Square/square_329.tif
train	Square	26	square_330.tif	Square/square_330.tif	AID_50/train/Square/square_330.tif
train	Square	26	square_34.tif	Square/square_34.tif	AID_50/train/Square/square_34.tif
train	Square	26	square_35.tif	Square/square_35.tif	AID_50/train/Square/square_35.tif
train	Square	26	square_39.tif	Square/square_39.tif	AID_50/train/Square/square_39.tif
train	Square	26	square_40.tif	Square/square_40.tif	AID_50/train/Square/square_40.tif
train	Square	26	square_42.tif	Square/square_42.tif	AID_50/train/Square/square_42.tif
train	Square	26	square_44.tif	Square/square_44.tif	AID_50/train/Square/square_44.tif
train	Square	26	square_45.tif	Square/square_45.tif	AID_50/train/Square/square_45.tif
train	Square	26	square_46.tif	Square/square_46.tif	AID_50/train/Square/square_46.tif
train	Square	26	square_47.tif	Square/square_47.tif	AID_50/train/Square/square_47.tif
train	Square	26	square_48.tif	Square/square_48.tif	AID_50/train/Square/square_48.tif
train	Square	26	square_5.tif	Square/square_5.tif	AID_50/train/Square/square_5.tif
train	Square	26	square_51.tif	Square/square_51.tif	AID_50/train/Square/square_51.tif
train	Square	26	square_57.tif	Square/square_57.tif	AID_50/train/Square/square_57.tif
train	Square	26	square_59.tif	Square/square_59.tif	AID_50/train/Square/square_59.tif
train	Square	26	square_62.tif	Square/square_62.tif	AID_50/train/Square/square_62.tif
train	Square	26	square_64.tif	Square/square_64.tif	AID_50/train/Square/square_64.tif
train	Square	26	square_65.tif	Square/square_65.tif	AID_50/train/Square/square_65.tif
train	Square	26	square_66.tif	Square/square_66.tif	AID_50/train/Square/square_66.tif
train	Square	26	square_68.tif	Square/square_68.tif	AID_50/train/Square/square_68.tif
train	Square	26	square_69.tif	Square/square_69.tif	AID_50/train/Square/square_69.tif
train	Square	26	square_7.tif	Square/square_7.tif	AID_50/train/Square/square_7.tif
train	Square	26	square_71.tif	Square/square_71.tif	AID_50/train/Square/square_71.tif
train	Square	26	square_77.tif	Square/square_77.tif	AID_50/train/Square/square_77.tif
train	Square	26	square_78.tif	Square/square_78.tif	AID_50/train/Square/square_78.tif
train	Square	26	square_79.tif	Square/square_79.tif	AID_50/train/Square/square_79.tif
train	Square	26	square_80.tif	Square/square_80.tif	AID_50/train/Square/square_80.tif
train	Square	26	square_81.tif	Square/square_81.tif	AID_50/train/Square/square_81.tif
train	Square	26	square_83.tif	Square/square_83.tif	AID_50/train/Square/square_83.tif
train	Square	26	square_85.tif	Square/square_85.tif	AID_50/train/Square/square_85.tif
train	Square	26	square_86.tif	Square/square_86.tif	AID_50/train/Square/square_86.tif
train	Square	26	square_87.tif	Square/square_87.tif	AID_50/train/Square/square_87.tif
train	Square	26	square_88.tif	Square/square_88.tif	AID_50/train/Square/square_88.tif
train	Square	26	square_90.tif	Square/square_90.tif	AID_50/train/Square/square_90.tif
train	Square	26	square_91.tif	Square/square_91.tif	AID_50/train/Square/square_91.tif
train	Square	26	square_92.tif	Square/square_92.tif	AID_50/train/Square/square_92.tif
train	Square	26	square_93.tif	Square/square_93.tif	AID_50/train/Square/square_93.tif
train	Square	26	square_95.tif	Square/square_95.tif	AID_50/train/Square/square_95.tif
train	Square	26	square_96.tif	Square/square_96.tif	AID_50/train/Square/square_96.tif
train	Square	26	square_97.tif	Square/square_97.tif	AID_50/train/Square/square_97.tif
train	Stadium	27	stadium_10.tif	Stadium/stadium_10.tif	AID_50/train/Stadium/stadium_10.tif
train	Stadium	27	stadium_102.tif	Stadium/stadium_102.tif	AID_50/train/Stadium/stadium_102.tif
train	Stadium	27	stadium_103.tif	Stadium/stadium_103.tif	AID_50/train/Stadium/stadium_103.tif
train	Stadium	27	stadium_105.tif	Stadium/stadium_105.tif	AID_50/train/Stadium/stadium_105.tif
train	Stadium	27	stadium_11.tif	Stadium/stadium_11.tif	AID_50/train/Stadium/stadium_11.tif
train	Stadium	27	stadium_111.tif	Stadium/stadium_111.tif	AID_50/train/Stadium/stadium_111.tif
train	Stadium	27	stadium_115.tif	Stadium/stadium_115.tif	AID_50/train/Stadium/stadium_115.tif
train	Stadium	27	stadium_116.tif	Stadium/stadium_116.tif	AID_50/train/Stadium/stadium_116.tif
train	Stadium	27	stadium_118.tif	Stadium/stadium_118.tif	AID_50/train/Stadium/stadium_118.tif
train	Stadium	27	stadium_119.tif	Stadium/stadium_119.tif	AID_50/train/Stadium/stadium_119.tif
train	Stadium	27	stadium_120.tif	Stadium/stadium_120.tif	AID_50/train/Stadium/stadium_120.tif
train	Stadium	27	stadium_124.tif	Stadium/stadium_124.tif	AID_50/train/Stadium/stadium_124.tif
train	Stadium	27	stadium_126.tif	Stadium/stadium_126.tif	AID_50/train/Stadium/stadium_126.tif
train	Stadium	27	stadium_128.tif	Stadium/stadium_128.tif	AID_50/train/Stadium/stadium_128.tif
train	Stadium	27	stadium_129.tif	Stadium/stadium_129.tif	AID_50/train/Stadium/stadium_129.tif
train	Stadium	27	stadium_130.tif	Stadium/stadium_130.tif	AID_50/train/Stadium/stadium_130.tif
train	Stadium	27	stadium_135.tif	Stadium/stadium_135.tif	AID_50/train/Stadium/stadium_135.tif
train	Stadium	27	stadium_138.tif	Stadium/stadium_138.tif	AID_50/train/Stadium/stadium_138.tif
train	Stadium	27	stadium_139.tif	Stadium/stadium_139.tif	AID_50/train/Stadium/stadium_139.tif
train	Stadium	27	stadium_14.tif	Stadium/stadium_14.tif	AID_50/train/Stadium/stadium_14.tif
train	Stadium	27	stadium_140.tif	Stadium/stadium_140.tif	AID_50/train/Stadium/stadium_140.tif
train	Stadium	27	stadium_141.tif	Stadium/stadium_141.tif	AID_50/train/Stadium/stadium_141.tif
train	Stadium	27	stadium_142.tif	Stadium/stadium_142.tif	AID_50/train/Stadium/stadium_142.tif
train	Stadium	27	stadium_146.tif	Stadium/stadium_146.tif	AID_50/train/Stadium/stadium_146.tif
train	Stadium	27	stadium_148.tif	Stadium/stadium_148.tif	AID_50/train/Stadium/stadium_148.tif
train	Stadium	27	stadium_150.tif	Stadium/stadium_150.tif	AID_50/train/Stadium/stadium_150.tif
train	Stadium	27	stadium_151.tif	Stadium/stadium_151.tif	AID_50/train/Stadium/stadium_151.tif
train	Stadium	27	stadium_152.tif	Stadium/stadium_152.tif	AID_50/train/Stadium/stadium_152.tif
train	Stadium	27	stadium_153.tif	Stadium/stadium_153.tif	AID_50/train/Stadium/stadium_153.tif
train	Stadium	27	stadium_154.tif	Stadium/stadium_154.tif	AID_50/train/Stadium/stadium_154.tif
train	Stadium	27	stadium_155.tif	Stadium/stadium_155.tif	AID_50/train/Stadium/stadium_155.tif
train	Stadium	27	stadium_156.tif	Stadium/stadium_156.tif	AID_50/train/Stadium/stadium_156.tif
train	Stadium	27	stadium_157.tif	Stadium/stadium_157.tif	AID_50/train/Stadium/stadium_157.tif
train	Stadium	27	stadium_165.tif	Stadium/stadium_165.tif	AID_50/train/Stadium/stadium_165.tif
train	Stadium	27	stadium_167.tif	Stadium/stadium_167.tif	AID_50/train/Stadium/stadium_167.tif
train	Stadium	27	stadium_168.tif	Stadium/stadium_168.tif	AID_50/train/Stadium/stadium_168.tif
train	Stadium	27	stadium_17.tif	Stadium/stadium_17.tif	AID_50/train/Stadium/stadium_17.tif
train	Stadium	27	stadium_171.tif	Stadium/stadium_171.tif	AID_50/train/Stadium/stadium_171.tif
train	Stadium	27	stadium_172.tif	Stadium/stadium_172.tif	AID_50/train/Stadium/stadium_172.tif
train	Stadium	27	stadium_173.tif	Stadium/stadium_173.tif	AID_50/train/Stadium/stadium_173.tif
train	Stadium	27	stadium_177.tif	Stadium/stadium_177.tif	AID_50/train/Stadium/stadium_177.tif
train	Stadium	27	stadium_18.tif	Stadium/stadium_18.tif	AID_50/train/Stadium/stadium_18.tif
train	Stadium	27	stadium_181.tif	Stadium/stadium_181.tif	AID_50/train/Stadium/stadium_181.tif
train	Stadium	27	stadium_182.tif	Stadium/stadium_182.tif	AID_50/train/Stadium/stadium_182.tif
train	Stadium	27	stadium_183.tif	Stadium/stadium_183.tif	AID_50/train/Stadium/stadium_183.tif
train	Stadium	27	stadium_187.tif	Stadium/stadium_187.tif	AID_50/train/Stadium/stadium_187.tif
train	Stadium	27	stadium_189.tif	Stadium/stadium_189.tif	AID_50/train/Stadium/stadium_189.tif
train	Stadium	27	stadium_190.tif	Stadium/stadium_190.tif	AID_50/train/Stadium/stadium_190.tif
train	Stadium	27	stadium_191.tif	Stadium/stadium_191.tif	AID_50/train/Stadium/stadium_191.tif
train	Stadium	27	stadium_194.tif	Stadium/stadium_194.tif	AID_50/train/Stadium/stadium_194.tif
train	Stadium	27	stadium_197.tif	Stadium/stadium_197.tif	AID_50/train/Stadium/stadium_197.tif
train	Stadium	27	stadium_2.tif	Stadium/stadium_2.tif	AID_50/train/Stadium/stadium_2.tif
train	Stadium	27	stadium_200.tif	Stadium/stadium_200.tif	AID_50/train/Stadium/stadium_200.tif
train	Stadium	27	stadium_202.tif	Stadium/stadium_202.tif	AID_50/train/Stadium/stadium_202.tif
train	Stadium	27	stadium_205.tif	Stadium/stadium_205.tif	AID_50/train/Stadium/stadium_205.tif
train	Stadium	27	stadium_207.tif	Stadium/stadium_207.tif	AID_50/train/Stadium/stadium_207.tif
train	Stadium	27	stadium_208.tif	Stadium/stadium_208.tif	AID_50/train/Stadium/stadium_208.tif
train	Stadium	27	stadium_213.tif	Stadium/stadium_213.tif	AID_50/train/Stadium/stadium_213.tif
train	Stadium	27	stadium_214.tif	Stadium/stadium_214.tif	AID_50/train/Stadium/stadium_214.tif
train	Stadium	27	stadium_22.tif	Stadium/stadium_22.tif	AID_50/train/Stadium/stadium_22.tif
train	Stadium	27	stadium_220.tif	Stadium/stadium_220.tif	AID_50/train/Stadium/stadium_220.tif
train	Stadium	27	stadium_221.tif	Stadium/stadium_221.tif	AID_50/train/Stadium/stadium_221.tif
train	Stadium	27	stadium_222.tif	Stadium/stadium_222.tif	AID_50/train/Stadium/stadium_222.tif
train	Stadium	27	stadium_223.tif	Stadium/stadium_223.tif	AID_50/train/Stadium/stadium_223.tif
train	Stadium	27	stadium_224.tif	Stadium/stadium_224.tif	AID_50/train/Stadium/stadium_224.tif
train	Stadium	27	stadium_226.tif	Stadium/stadium_226.tif	AID_50/train/Stadium/stadium_226.tif
train	Stadium	27	stadium_227.tif	Stadium/stadium_227.tif	AID_50/train/Stadium/stadium_227.tif
train	Stadium	27	stadium_230.tif	Stadium/stadium_230.tif	AID_50/train/Stadium/stadium_230.tif
train	Stadium	27	stadium_231.tif	Stadium/stadium_231.tif	AID_50/train/Stadium/stadium_231.tif
train	Stadium	27	stadium_232.tif	Stadium/stadium_232.tif	AID_50/train/Stadium/stadium_232.tif
train	Stadium	27	stadium_236.tif	Stadium/stadium_236.tif	AID_50/train/Stadium/stadium_236.tif
train	Stadium	27	stadium_237.tif	Stadium/stadium_237.tif	AID_50/train/Stadium/stadium_237.tif
train	Stadium	27	stadium_239.tif	Stadium/stadium_239.tif	AID_50/train/Stadium/stadium_239.tif
train	Stadium	27	stadium_241.tif	Stadium/stadium_241.tif	AID_50/train/Stadium/stadium_241.tif
train	Stadium	27	stadium_243.tif	Stadium/stadium_243.tif	AID_50/train/Stadium/stadium_243.tif
train	Stadium	27	stadium_246.tif	Stadium/stadium_246.tif	AID_50/train/Stadium/stadium_246.tif
train	Stadium	27	stadium_247.tif	Stadium/stadium_247.tif	AID_50/train/Stadium/stadium_247.tif
train	Stadium	27	stadium_248.tif	Stadium/stadium_248.tif	AID_50/train/Stadium/stadium_248.tif
train	Stadium	27	stadium_249.tif	Stadium/stadium_249.tif	AID_50/train/Stadium/stadium_249.tif
train	Stadium	27	stadium_25.tif	Stadium/stadium_25.tif	AID_50/train/Stadium/stadium_25.tif
train	Stadium	27	stadium_250.tif	Stadium/stadium_250.tif	AID_50/train/Stadium/stadium_250.tif
train	Stadium	27	stadium_254.tif	Stadium/stadium_254.tif	AID_50/train/Stadium/stadium_254.tif
train	Stadium	27	stadium_255.tif	Stadium/stadium_255.tif	AID_50/train/Stadium/stadium_255.tif
train	Stadium	27	stadium_256.tif	Stadium/stadium_256.tif	AID_50/train/Stadium/stadium_256.tif
train	Stadium	27	stadium_257.tif	Stadium/stadium_257.tif	AID_50/train/Stadium/stadium_257.tif
train	Stadium	27	stadium_258.tif	Stadium/stadium_258.tif	AID_50/train/Stadium/stadium_258.tif
train	Stadium	27	stadium_26.tif	Stadium/stadium_26.tif	AID_50/train/Stadium/stadium_26.tif
train	Stadium	27	stadium_261.tif	Stadium/stadium_261.tif	AID_50/train/Stadium/stadium_261.tif
train	Stadium	27	stadium_264.tif	Stadium/stadium_264.tif	AID_50/train/Stadium/stadium_264.tif
train	Stadium	27	stadium_269.tif	Stadium/stadium_269.tif	AID_50/train/Stadium/stadium_269.tif
train	Stadium	27	stadium_27.tif	Stadium/stadium_27.tif	AID_50/train/Stadium/stadium_27.tif
train	Stadium	27	stadium_273.tif	Stadium/stadium_273.tif	AID_50/train/Stadium/stadium_273.tif
train	Stadium	27	stadium_276.tif	Stadium/stadium_276.tif	AID_50/train/Stadium/stadium_276.tif
train	Stadium	27	stadium_278.tif	Stadium/stadium_278.tif	AID_50/train/Stadium/stadium_278.tif
train	Stadium	27	stadium_28.tif	Stadium/stadium_28.tif	AID_50/train/Stadium/stadium_28.tif
train	Stadium	27	stadium_282.tif	Stadium/stadium_282.tif	AID_50/train/Stadium/stadium_282.tif
train	Stadium	27	stadium_285.tif	Stadium/stadium_285.tif	AID_50/train/Stadium/stadium_285.tif
train	Stadium	27	stadium_286.tif	Stadium/stadium_286.tif	AID_50/train/Stadium/stadium_286.tif
train	Stadium	27	stadium_287.tif	Stadium/stadium_287.tif	AID_50/train/Stadium/stadium_287.tif
train	Stadium	27	stadium_288.tif	Stadium/stadium_288.tif	AID_50/train/Stadium/stadium_288.tif
train	Stadium	27	stadium_29.tif	Stadium/stadium_29.tif	AID_50/train/Stadium/stadium_29.tif
train	Stadium	27	stadium_3.tif	Stadium/stadium_3.tif	AID_50/train/Stadium/stadium_3.tif
train	Stadium	27	stadium_30.tif	Stadium/stadium_30.tif	AID_50/train/Stadium/stadium_30.tif
train	Stadium	27	stadium_31.tif	Stadium/stadium_31.tif	AID_50/train/Stadium/stadium_31.tif
train	Stadium	27	stadium_33.tif	Stadium/stadium_33.tif	AID_50/train/Stadium/stadium_33.tif
train	Stadium	27	stadium_34.tif	Stadium/stadium_34.tif	AID_50/train/Stadium/stadium_34.tif
train	Stadium	27	stadium_36.tif	Stadium/stadium_36.tif	AID_50/train/Stadium/stadium_36.tif
train	Stadium	27	stadium_40.tif	Stadium/stadium_40.tif	AID_50/train/Stadium/stadium_40.tif
train	Stadium	27	stadium_41.tif	Stadium/stadium_41.tif	AID_50/train/Stadium/stadium_41.tif
train	Stadium	27	stadium_42.tif	Stadium/stadium_42.tif	AID_50/train/Stadium/stadium_42.tif
train	Stadium	27	stadium_44.tif	Stadium/stadium_44.tif	AID_50/train/Stadium/stadium_44.tif
train	Stadium	27	stadium_46.tif	Stadium/stadium_46.tif	AID_50/train/Stadium/stadium_46.tif
train	Stadium	27	stadium_47.tif	Stadium/stadium_47.tif	AID_50/train/Stadium/stadium_47.tif
train	Stadium	27	stadium_49.tif	Stadium/stadium_49.tif	AID_50/train/Stadium/stadium_49.tif
train	Stadium	27	stadium_5.tif	Stadium/stadium_5.tif	AID_50/train/Stadium/stadium_5.tif
train	Stadium	27	stadium_54.tif	Stadium/stadium_54.tif	AID_50/train/Stadium/stadium_54.tif
train	Stadium	27	stadium_55.tif	Stadium/stadium_55.tif	AID_50/train/Stadium/stadium_55.tif
train	Stadium	27	stadium_59.tif	Stadium/stadium_59.tif	AID_50/train/Stadium/stadium_59.tif
train	Stadium	27	stadium_61.tif	Stadium/stadium_61.tif	AID_50/train/Stadium/stadium_61.tif
train	Stadium	27	stadium_63.tif	Stadium/stadium_63.tif	AID_50/train/Stadium/stadium_63.tif
train	Stadium	27	stadium_65.tif	Stadium/stadium_65.tif	AID_50/train/Stadium/stadium_65.tif
train	Stadium	27	stadium_66.tif	Stadium/stadium_66.tif	AID_50/train/Stadium/stadium_66.tif
train	Stadium	27	stadium_67.tif	Stadium/stadium_67.tif	AID_50/train/Stadium/stadium_67.tif
train	Stadium	27	stadium_69.tif	Stadium/stadium_69.tif	AID_50/train/Stadium/stadium_69.tif
train	Stadium	27	stadium_7.tif	Stadium/stadium_7.tif	AID_50/train/Stadium/stadium_7.tif
train	Stadium	27	stadium_70.tif	Stadium/stadium_70.tif	AID_50/train/Stadium/stadium_70.tif
train	Stadium	27	stadium_73.tif	Stadium/stadium_73.tif	AID_50/train/Stadium/stadium_73.tif
train	Stadium	27	stadium_74.tif	Stadium/stadium_74.tif	AID_50/train/Stadium/stadium_74.tif
train	Stadium	27	stadium_75.tif	Stadium/stadium_75.tif	AID_50/train/Stadium/stadium_75.tif
train	Stadium	27	stadium_76.tif	Stadium/stadium_76.tif	AID_50/train/Stadium/stadium_76.tif
train	Stadium	27	stadium_78.tif	Stadium/stadium_78.tif	AID_50/train/Stadium/stadium_78.tif
train	Stadium	27	stadium_79.tif	Stadium/stadium_79.tif	AID_50/train/Stadium/stadium_79.tif
train	Stadium	27	stadium_8.tif	Stadium/stadium_8.tif	AID_50/train/Stadium/stadium_8.tif
train	Stadium	27	stadium_80.tif	Stadium/stadium_80.tif	AID_50/train/Stadium/stadium_80.tif
train	Stadium	27	stadium_81.tif	Stadium/stadium_81.tif	AID_50/train/Stadium/stadium_81.tif
train	Stadium	27	stadium_82.tif	Stadium/stadium_82.tif	AID_50/train/Stadium/stadium_82.tif
train	Stadium	27	stadium_83.tif	Stadium/stadium_83.tif	AID_50/train/Stadium/stadium_83.tif
train	Stadium	27	stadium_85.tif	Stadium/stadium_85.tif	AID_50/train/Stadium/stadium_85.tif
train	Stadium	27	stadium_91.tif	Stadium/stadium_91.tif	AID_50/train/Stadium/stadium_91.tif
train	Stadium	27	stadium_92.tif	Stadium/stadium_92.tif	AID_50/train/Stadium/stadium_92.tif
train	Stadium	27	stadium_93.tif	Stadium/stadium_93.tif	AID_50/train/Stadium/stadium_93.tif
train	Stadium	27	stadium_96.tif	Stadium/stadium_96.tif	AID_50/train/Stadium/stadium_96.tif
train	Stadium	27	stadium_97.tif	Stadium/stadium_97.tif	AID_50/train/Stadium/stadium_97.tif
train	Stadium	27	stadium_98.tif	Stadium/stadium_98.tif	AID_50/train/Stadium/stadium_98.tif
train	Stadium	27	stadium_99.tif	Stadium/stadium_99.tif	AID_50/train/Stadium/stadium_99.tif
train	StorageTanks	28	storagetanks_100.tif	StorageTanks/storagetanks_100.tif	AID_50/train/StorageTanks/storagetanks_100.tif
train	StorageTanks	28	storagetanks_103.tif	StorageTanks/storagetanks_103.tif	AID_50/train/StorageTanks/storagetanks_103.tif
train	StorageTanks	28	storagetanks_104.tif	StorageTanks/storagetanks_104.tif	AID_50/train/StorageTanks/storagetanks_104.tif
train	StorageTanks	28	storagetanks_105.tif	StorageTanks/storagetanks_105.tif	AID_50/train/StorageTanks/storagetanks_105.tif
train	StorageTanks	28	storagetanks_106.tif	StorageTanks/storagetanks_106.tif	AID_50/train/StorageTanks/storagetanks_106.tif
train	StorageTanks	28	storagetanks_110.tif	StorageTanks/storagetanks_110.tif	AID_50/train/StorageTanks/storagetanks_110.tif
train	StorageTanks	28	storagetanks_111.tif	StorageTanks/storagetanks_111.tif	AID_50/train/StorageTanks/storagetanks_111.tif
train	StorageTanks	28	storagetanks_112.tif	StorageTanks/storagetanks_112.tif	AID_50/train/StorageTanks/storagetanks_112.tif
train	StorageTanks	28	storagetanks_117.tif	StorageTanks/storagetanks_117.tif	AID_50/train/StorageTanks/storagetanks_117.tif
train	StorageTanks	28	storagetanks_119.tif	StorageTanks/storagetanks_119.tif	AID_50/train/StorageTanks/storagetanks_119.tif
train	StorageTanks	28	storagetanks_12.tif	StorageTanks/storagetanks_12.tif	AID_50/train/StorageTanks/storagetanks_12.tif
train	StorageTanks	28	storagetanks_120.tif	StorageTanks/storagetanks_120.tif	AID_50/train/StorageTanks/storagetanks_120.tif
train	StorageTanks	28	storagetanks_122.tif	StorageTanks/storagetanks_122.tif	AID_50/train/StorageTanks/storagetanks_122.tif
train	StorageTanks	28	storagetanks_123.tif	StorageTanks/storagetanks_123.tif	AID_50/train/StorageTanks/storagetanks_123.tif
train	StorageTanks	28	storagetanks_124.tif	StorageTanks/storagetanks_124.tif	AID_50/train/StorageTanks/storagetanks_124.tif
train	StorageTanks	28	storagetanks_125.tif	StorageTanks/storagetanks_125.tif	AID_50/train/StorageTanks/storagetanks_125.tif
train	StorageTanks	28	storagetanks_127.tif	StorageTanks/storagetanks_127.tif	AID_50/train/StorageTanks/storagetanks_127.tif
train	StorageTanks	28	storagetanks_128.tif	StorageTanks/storagetanks_128.tif	AID_50/train/StorageTanks/storagetanks_128.tif
train	StorageTanks	28	storagetanks_13.tif	StorageTanks/storagetanks_13.tif	AID_50/train/StorageTanks/storagetanks_13.tif
train	StorageTanks	28	storagetanks_130.tif	StorageTanks/storagetanks_130.tif	AID_50/train/StorageTanks/storagetanks_130.tif
train	StorageTanks	28	storagetanks_131.tif	StorageTanks/storagetanks_131.tif	AID_50/train/StorageTanks/storagetanks_131.tif
train	StorageTanks	28	storagetanks_133.tif	StorageTanks/storagetanks_133.tif	AID_50/train/StorageTanks/storagetanks_133.tif
train	StorageTanks	28	storagetanks_134.tif	StorageTanks/storagetanks_134.tif	AID_50/train/StorageTanks/storagetanks_134.tif
train	StorageTanks	28	storagetanks_136.tif	StorageTanks/storagetanks_136.tif	AID_50/train/StorageTanks/storagetanks_136.tif
train	StorageTanks	28	storagetanks_137.tif	StorageTanks/storagetanks_137.tif	AID_50/train/StorageTanks/storagetanks_137.tif
train	StorageTanks	28	storagetanks_138.tif	StorageTanks/storagetanks_138.tif	AID_50/train/StorageTanks/storagetanks_138.tif
train	StorageTanks	28	storagetanks_139.tif	StorageTanks/storagetanks_139.tif	AID_50/train/StorageTanks/storagetanks_139.tif
train	StorageTanks	28	storagetanks_14.tif	StorageTanks/storagetanks_14.tif	AID_50/train/StorageTanks/storagetanks_14.tif
train	StorageTanks	28	storagetanks_140.tif	StorageTanks/storagetanks_140.tif	AID_50/train/StorageTanks/storagetanks_140.tif
train	StorageTanks	28	storagetanks_142.tif	StorageTanks/storagetanks_142.tif	AID_50/train/StorageTanks/storagetanks_142.tif
train	StorageTanks	28	storagetanks_143.tif	StorageTanks/storagetanks_143.tif	AID_50/train/StorageTanks/storagetanks_143.tif
train	StorageTanks	28	storagetanks_145.tif	StorageTanks/storagetanks_145.tif	AID_50/train/StorageTanks/storagetanks_145.tif
train	StorageTanks	28	storagetanks_146.tif	StorageTanks/storagetanks_146.tif	AID_50/train/StorageTanks/storagetanks_146.tif
train	StorageTanks	28	storagetanks_148.tif	StorageTanks/storagetanks_148.tif	AID_50/train/StorageTanks/storagetanks_148.tif
train	StorageTanks	28	storagetanks_156.tif	StorageTanks/storagetanks_156.tif	AID_50/train/StorageTanks/storagetanks_156.tif
train	StorageTanks	28	storagetanks_159.tif	StorageTanks/storagetanks_159.tif	AID_50/train/StorageTanks/storagetanks_159.tif
train	StorageTanks	28	storagetanks_161.tif	StorageTanks/storagetanks_161.tif	AID_50/train/StorageTanks/storagetanks_161.tif
train	StorageTanks	28	storagetanks_165.tif	StorageTanks/storagetanks_165.tif	AID_50/train/StorageTanks/storagetanks_165.tif
train	StorageTanks	28	storagetanks_169.tif	StorageTanks/storagetanks_169.tif	AID_50/train/StorageTanks/storagetanks_169.tif
train	StorageTanks	28	storagetanks_17.tif	StorageTanks/storagetanks_17.tif	AID_50/train/StorageTanks/storagetanks_17.tif
train	StorageTanks	28	storagetanks_172.tif	StorageTanks/storagetanks_172.tif	AID_50/train/StorageTanks/storagetanks_172.tif
train	StorageTanks	28	storagetanks_173.tif	StorageTanks/storagetanks_173.tif	AID_50/train/StorageTanks/storagetanks_173.tif
train	StorageTanks	28	storagetanks_177.tif	StorageTanks/storagetanks_177.tif	AID_50/train/StorageTanks/storagetanks_177.tif
train	StorageTanks	28	storagetanks_178.tif	StorageTanks/storagetanks_178.tif	AID_50/train/StorageTanks/storagetanks_178.tif
train	StorageTanks	28	storagetanks_179.tif	StorageTanks/storagetanks_179.tif	AID_50/train/StorageTanks/storagetanks_179.tif
train	StorageTanks	28	storagetanks_18.tif	StorageTanks/storagetanks_18.tif	AID_50/train/StorageTanks/storagetanks_18.tif
train	StorageTanks	28	storagetanks_180.tif	StorageTanks/storagetanks_180.tif	AID_50/train/StorageTanks/storagetanks_180.tif
train	StorageTanks	28	storagetanks_181.tif	StorageTanks/storagetanks_181.tif	AID_50/train/StorageTanks/storagetanks_181.tif
train	StorageTanks	28	storagetanks_183.tif	StorageTanks/storagetanks_183.tif	AID_50/train/StorageTanks/storagetanks_183.tif
train	StorageTanks	28	storagetanks_186.tif	StorageTanks/storagetanks_186.tif	AID_50/train/StorageTanks/storagetanks_186.tif
train	StorageTanks	28	storagetanks_187.tif	StorageTanks/storagetanks_187.tif	AID_50/train/StorageTanks/storagetanks_187.tif
train	StorageTanks	28	storagetanks_189.tif	StorageTanks/storagetanks_189.tif	AID_50/train/StorageTanks/storagetanks_189.tif
train	StorageTanks	28	storagetanks_191.tif	StorageTanks/storagetanks_191.tif	AID_50/train/StorageTanks/storagetanks_191.tif
train	StorageTanks	28	storagetanks_194.tif	StorageTanks/storagetanks_194.tif	AID_50/train/StorageTanks/storagetanks_194.tif
train	StorageTanks	28	storagetanks_198.tif	StorageTanks/storagetanks_198.tif	AID_50/train/StorageTanks/storagetanks_198.tif
train	StorageTanks	28	storagetanks_20.tif	StorageTanks/storagetanks_20.tif	AID_50/train/StorageTanks/storagetanks_20.tif
train	StorageTanks	28	storagetanks_200.tif	StorageTanks/storagetanks_200.tif	AID_50/train/StorageTanks/storagetanks_200.tif
train	StorageTanks	28	storagetanks_204.tif	StorageTanks/storagetanks_204.tif	AID_50/train/StorageTanks/storagetanks_204.tif
train	StorageTanks	28	storagetanks_206.tif	StorageTanks/storagetanks_206.tif	AID_50/train/StorageTanks/storagetanks_206.tif
train	StorageTanks	28	storagetanks_210.tif	StorageTanks/storagetanks_210.tif	AID_50/train/StorageTanks/storagetanks_210.tif
train	StorageTanks	28	storagetanks_211.tif	StorageTanks/storagetanks_211.tif	AID_50/train/StorageTanks/storagetanks_211.tif
train	StorageTanks	28	storagetanks_212.tif	StorageTanks/storagetanks_212.tif	AID_50/train/StorageTanks/storagetanks_212.tif
train	StorageTanks	28	storagetanks_213.tif	StorageTanks/storagetanks_213.tif	AID_50/train/StorageTanks/storagetanks_213.tif
train	StorageTanks	28	storagetanks_216.tif	StorageTanks/storagetanks_216.tif	AID_50/train/StorageTanks/storagetanks_216.tif
train	StorageTanks	28	storagetanks_217.tif	StorageTanks/storagetanks_217.tif	AID_50/train/StorageTanks/storagetanks_217.tif
train	StorageTanks	28	storagetanks_218.tif	StorageTanks/storagetanks_218.tif	AID_50/train/StorageTanks/storagetanks_218.tif
train	StorageTanks	28	storagetanks_219.tif	StorageTanks/storagetanks_219.tif	AID_50/train/StorageTanks/storagetanks_219.tif
train	StorageTanks	28	storagetanks_22.tif	StorageTanks/storagetanks_22.tif	AID_50/train/StorageTanks/storagetanks_22.tif
train	StorageTanks	28	storagetanks_221.tif	StorageTanks/storagetanks_221.tif	AID_50/train/StorageTanks/storagetanks_221.tif
train	StorageTanks	28	storagetanks_223.tif	StorageTanks/storagetanks_223.tif	AID_50/train/StorageTanks/storagetanks_223.tif
train	StorageTanks	28	storagetanks_226.tif	StorageTanks/storagetanks_226.tif	AID_50/train/StorageTanks/storagetanks_226.tif
train	StorageTanks	28	storagetanks_228.tif	StorageTanks/storagetanks_228.tif	AID_50/train/StorageTanks/storagetanks_228.tif
train	StorageTanks	28	storagetanks_231.tif	StorageTanks/storagetanks_231.tif	AID_50/train/StorageTanks/storagetanks_231.tif
train	StorageTanks	28	storagetanks_233.tif	StorageTanks/storagetanks_233.tif	AID_50/train/StorageTanks/storagetanks_233.tif
train	StorageTanks	28	storagetanks_236.tif	StorageTanks/storagetanks_236.tif	AID_50/train/StorageTanks/storagetanks_236.tif
train	StorageTanks	28	storagetanks_237.tif	StorageTanks/storagetanks_237.tif	AID_50/train/StorageTanks/storagetanks_237.tif
train	StorageTanks	28	storagetanks_240.tif	StorageTanks/storagetanks_240.tif	AID_50/train/StorageTanks/storagetanks_240.tif
train	StorageTanks	28	storagetanks_242.tif	StorageTanks/storagetanks_242.tif	AID_50/train/StorageTanks/storagetanks_242.tif
train	StorageTanks	28	storagetanks_245.tif	StorageTanks/storagetanks_245.tif	AID_50/train/StorageTanks/storagetanks_245.tif
train	StorageTanks	28	storagetanks_247.tif	StorageTanks/storagetanks_247.tif	AID_50/train/StorageTanks/storagetanks_247.tif
train	StorageTanks	28	storagetanks_251.tif	StorageTanks/storagetanks_251.tif	AID_50/train/StorageTanks/storagetanks_251.tif
train	StorageTanks	28	storagetanks_259.tif	StorageTanks/storagetanks_259.tif	AID_50/train/StorageTanks/storagetanks_259.tif
train	StorageTanks	28	storagetanks_26.tif	StorageTanks/storagetanks_26.tif	AID_50/train/StorageTanks/storagetanks_26.tif
train	StorageTanks	28	storagetanks_260.tif	StorageTanks/storagetanks_260.tif	AID_50/train/StorageTanks/storagetanks_260.tif
train	StorageTanks	28	storagetanks_261.tif	StorageTanks/storagetanks_261.tif	AID_50/train/StorageTanks/storagetanks_261.tif
train	StorageTanks	28	storagetanks_262.tif	StorageTanks/storagetanks_262.tif	AID_50/train/StorageTanks/storagetanks_262.tif
train	StorageTanks	28	storagetanks_263.tif	StorageTanks/storagetanks_263.tif	AID_50/train/StorageTanks/storagetanks_263.tif
train	StorageTanks	28	storagetanks_266.tif	StorageTanks/storagetanks_266.tif	AID_50/train/StorageTanks/storagetanks_266.tif
train	StorageTanks	28	storagetanks_27.tif	StorageTanks/storagetanks_27.tif	AID_50/train/StorageTanks/storagetanks_27.tif
train	StorageTanks	28	storagetanks_271.tif	StorageTanks/storagetanks_271.tif	AID_50/train/StorageTanks/storagetanks_271.tif
train	StorageTanks	28	storagetanks_272.tif	StorageTanks/storagetanks_272.tif	AID_50/train/StorageTanks/storagetanks_272.tif
train	StorageTanks	28	storagetanks_274.tif	StorageTanks/storagetanks_274.tif	AID_50/train/StorageTanks/storagetanks_274.tif
train	StorageTanks	28	storagetanks_275.tif	StorageTanks/storagetanks_275.tif	AID_50/train/StorageTanks/storagetanks_275.tif
train	StorageTanks	28	storagetanks_276.tif	StorageTanks/storagetanks_276.tif	AID_50/train/StorageTanks/storagetanks_276.tif
train	StorageTanks	28	storagetanks_278.tif	StorageTanks/storagetanks_278.tif	AID_50/train/StorageTanks/storagetanks_278.tif
train	StorageTanks	28	storagetanks_286.tif	StorageTanks/storagetanks_286.tif	AID_50/train/StorageTanks/storagetanks_286.tif
train	StorageTanks	28	storagetanks_287.tif	StorageTanks/storagetanks_287.tif	AID_50/train/StorageTanks/storagetanks_287.tif
train	StorageTanks	28	storagetanks_289.tif	StorageTanks/storagetanks_289.tif	AID_50/train/StorageTanks/storagetanks_289.tif
train	StorageTanks	28	storagetanks_29.tif	StorageTanks/storagetanks_29.tif	AID_50/train/StorageTanks/storagetanks_29.tif
train	StorageTanks	28	storagetanks_293.tif	StorageTanks/storagetanks_293.tif	AID_50/train/StorageTanks/storagetanks_293.tif
train	StorageTanks	28	storagetanks_295.tif	StorageTanks/storagetanks_295.tif	AID_50/train/StorageTanks/storagetanks_295.tif
train	StorageTanks	28	storagetanks_296.tif	StorageTanks/storagetanks_296.tif	AID_50/train/StorageTanks/storagetanks_296.tif
train	StorageTanks	28	storagetanks_298.tif	StorageTanks/storagetanks_298.tif	AID_50/train/StorageTanks/storagetanks_298.tif
train	StorageTanks	28	storagetanks_299.tif	StorageTanks/storagetanks_299.tif	AID_50/train/StorageTanks/storagetanks_299.tif
train	StorageTanks	28	storagetanks_30.tif	StorageTanks/storagetanks_30.tif	AID_50/train/StorageTanks/storagetanks_30.tif
train	StorageTanks	28	storagetanks_300.tif	StorageTanks/storagetanks_300.tif	AID_50/train/StorageTanks/storagetanks_300.tif
train	StorageTanks	28	storagetanks_301.tif	StorageTanks/storagetanks_301.tif	AID_50/train/StorageTanks/storagetanks_301.tif
train	StorageTanks	28	storagetanks_302.tif	StorageTanks/storagetanks_302.tif	AID_50/train/StorageTanks/storagetanks_302.tif
train	StorageTanks	28	storagetanks_308.tif	StorageTanks/storagetanks_308.tif	AID_50/train/StorageTanks/storagetanks_308.tif
train	StorageTanks	28	storagetanks_310.tif	StorageTanks/storagetanks_310.tif	AID_50/train/StorageTanks/storagetanks_310.tif
train	StorageTanks	28	storagetanks_313.tif	StorageTanks/storagetanks_313.tif	AID_50/train/StorageTanks/storagetanks_313.tif
train	StorageTanks	28	storagetanks_314.tif	StorageTanks/storagetanks_314.tif	AID_50/train/StorageTanks/storagetanks_314.tif
train	StorageTanks	28	storagetanks_315.tif	StorageTanks/storagetanks_315.tif	AID_50/train/StorageTanks/storagetanks_315.tif
train	StorageTanks	28	storagetanks_32.tif	StorageTanks/storagetanks_32.tif	AID_50/train/StorageTanks/storagetanks_32.tif
train	StorageTanks	28	storagetanks_324.tif	StorageTanks/storagetanks_324.tif	AID_50/train/StorageTanks/storagetanks_324.tif
train	StorageTanks	28	storagetanks_325.tif	StorageTanks/storagetanks_325.tif	AID_50/train/StorageTanks/storagetanks_325.tif
train	StorageTanks	28	storagetanks_326.tif	StorageTanks/storagetanks_326.tif	AID_50/train/StorageTanks/storagetanks_326.tif
train	StorageTanks	28	storagetanks_329.tif	StorageTanks/storagetanks_329.tif	AID_50/train/StorageTanks/storagetanks_329.tif
train	StorageTanks	28	storagetanks_330.tif	StorageTanks/storagetanks_330.tif	AID_50/train/StorageTanks/storagetanks_330.tif
train	StorageTanks	28	storagetanks_331.tif	StorageTanks/storagetanks_331.tif	AID_50/train/StorageTanks/storagetanks_331.tif
train	StorageTanks	28	storagetanks_332.tif	StorageTanks/storagetanks_332.tif	AID_50/train/StorageTanks/storagetanks_332.tif
train	StorageTanks	28	storagetanks_334.tif	StorageTanks/storagetanks_334.tif	AID_50/train/StorageTanks/storagetanks_334.tif
train	StorageTanks	28	storagetanks_336.tif	StorageTanks/storagetanks_336.tif	AID_50/train/StorageTanks/storagetanks_336.tif
train	StorageTanks	28	storagetanks_338.tif	StorageTanks/storagetanks_338.tif	AID_50/train/StorageTanks/storagetanks_338.tif
train	StorageTanks	28	storagetanks_341.tif	StorageTanks/storagetanks_341.tif	AID_50/train/StorageTanks/storagetanks_341.tif
train	StorageTanks	28	storagetanks_342.tif	StorageTanks/storagetanks_342.tif	AID_50/train/StorageTanks/storagetanks_342.tif
train	StorageTanks	28	storagetanks_344.tif	StorageTanks/storagetanks_344.tif	AID_50/train/StorageTanks/storagetanks_344.tif
train	StorageTanks	28	storagetanks_345.tif	StorageTanks/storagetanks_345.tif	AID_50/train/StorageTanks/storagetanks_345.tif
train	StorageTanks	28	storagetanks_347.tif	StorageTanks/storagetanks_347.tif	AID_50/train/StorageTanks/storagetanks_347.tif
train	StorageTanks	28	storagetanks_348.tif	StorageTanks/storagetanks_348.tif	AID_50/train/StorageTanks/storagetanks_348.tif
train	StorageTanks	28	storagetanks_349.tif	StorageTanks/storagetanks_349.tif	AID_50/train/StorageTanks/storagetanks_349.tif
train	StorageTanks	28	storagetanks_351.tif	StorageTanks/storagetanks_351.tif	AID_50/train/StorageTanks/storagetanks_351.tif
train	StorageTanks	28	storagetanks_352.tif	StorageTanks/storagetanks_352.tif	AID_50/train/StorageTanks/storagetanks_352.tif
train	StorageTanks	28	storagetanks_354.tif	StorageTanks/storagetanks_354.tif	AID_50/train/StorageTanks/storagetanks_354.tif
train	StorageTanks	28	storagetanks_355.tif	StorageTanks/storagetanks_355.tif	AID_50/train/StorageTanks/storagetanks_355.tif
train	StorageTanks	28	storagetanks_356.tif	StorageTanks/storagetanks_356.tif	AID_50/train/StorageTanks/storagetanks_356.tif
train	StorageTanks	28	storagetanks_357.tif	StorageTanks/storagetanks_357.tif	AID_50/train/StorageTanks/storagetanks_357.tif
train	StorageTanks	28	storagetanks_358.tif	StorageTanks/storagetanks_358.tif	AID_50/train/StorageTanks/storagetanks_358.tif
train	StorageTanks	28	storagetanks_359.tif	StorageTanks/storagetanks_359.tif	AID_50/train/StorageTanks/storagetanks_359.tif
train	StorageTanks	28	storagetanks_36.tif	StorageTanks/storagetanks_36.tif	AID_50/train/StorageTanks/storagetanks_36.tif
train	StorageTanks	28	storagetanks_360.tif	StorageTanks/storagetanks_360.tif	AID_50/train/StorageTanks/storagetanks_360.tif
train	StorageTanks	28	storagetanks_37.tif	StorageTanks/storagetanks_37.tif	AID_50/train/StorageTanks/storagetanks_37.tif
train	StorageTanks	28	storagetanks_38.tif	StorageTanks/storagetanks_38.tif	AID_50/train/StorageTanks/storagetanks_38.tif
train	StorageTanks	28	storagetanks_39.tif	StorageTanks/storagetanks_39.tif	AID_50/train/StorageTanks/storagetanks_39.tif
train	StorageTanks	28	storagetanks_40.tif	StorageTanks/storagetanks_40.tif	AID_50/train/StorageTanks/storagetanks_40.tif
train	StorageTanks	28	storagetanks_42.tif	StorageTanks/storagetanks_42.tif	AID_50/train/StorageTanks/storagetanks_42.tif
train	StorageTanks	28	storagetanks_46.tif	StorageTanks/storagetanks_46.tif	AID_50/train/StorageTanks/storagetanks_46.tif
train	StorageTanks	28	storagetanks_47.tif	StorageTanks/storagetanks_47.tif	AID_50/train/StorageTanks/storagetanks_47.tif
train	StorageTanks	28	storagetanks_48.tif	StorageTanks/storagetanks_48.tif	AID_50/train/StorageTanks/storagetanks_48.tif
train	StorageTanks	28	storagetanks_49.tif	StorageTanks/storagetanks_49.tif	AID_50/train/StorageTanks/storagetanks_49.tif
train	StorageTanks	28	storagetanks_50.tif	StorageTanks/storagetanks_50.tif	AID_50/train/StorageTanks/storagetanks_50.tif
train	StorageTanks	28	storagetanks_51.tif	StorageTanks/storagetanks_51.tif	AID_50/train/StorageTanks/storagetanks_51.tif
train	StorageTanks	28	storagetanks_53.tif	StorageTanks/storagetanks_53.tif	AID_50/train/StorageTanks/storagetanks_53.tif
train	StorageTanks	28	storagetanks_55.tif	StorageTanks/storagetanks_55.tif	AID_50/train/StorageTanks/storagetanks_55.tif
train	StorageTanks	28	storagetanks_57.tif	StorageTanks/storagetanks_57.tif	AID_50/train/StorageTanks/storagetanks_57.tif
train	StorageTanks	28	storagetanks_58.tif	StorageTanks/storagetanks_58.tif	AID_50/train/StorageTanks/storagetanks_58.tif
train	StorageTanks	28	storagetanks_59.tif	StorageTanks/storagetanks_59.tif	AID_50/train/StorageTanks/storagetanks_59.tif
train	StorageTanks	28	storagetanks_6.tif	StorageTanks/storagetanks_6.tif	AID_50/train/StorageTanks/storagetanks_6.tif
train	StorageTanks	28	storagetanks_61.tif	StorageTanks/storagetanks_61.tif	AID_50/train/StorageTanks/storagetanks_61.tif
train	StorageTanks	28	storagetanks_62.tif	StorageTanks/storagetanks_62.tif	AID_50/train/StorageTanks/storagetanks_62.tif
train	StorageTanks	28	storagetanks_64.tif	StorageTanks/storagetanks_64.tif	AID_50/train/StorageTanks/storagetanks_64.tif
train	StorageTanks	28	storagetanks_65.tif	StorageTanks/storagetanks_65.tif	AID_50/train/StorageTanks/storagetanks_65.tif
train	StorageTanks	28	storagetanks_67.tif	StorageTanks/storagetanks_67.tif	AID_50/train/StorageTanks/storagetanks_67.tif
train	StorageTanks	28	storagetanks_68.tif	StorageTanks/storagetanks_68.tif	AID_50/train/StorageTanks/storagetanks_68.tif
train	StorageTanks	28	storagetanks_69.tif	StorageTanks/storagetanks_69.tif	AID_50/train/StorageTanks/storagetanks_69.tif
train	StorageTanks	28	storagetanks_70.tif	StorageTanks/storagetanks_70.tif	AID_50/train/StorageTanks/storagetanks_70.tif
train	StorageTanks	28	storagetanks_72.tif	StorageTanks/storagetanks_72.tif	AID_50/train/StorageTanks/storagetanks_72.tif
train	StorageTanks	28	storagetanks_73.tif	StorageTanks/storagetanks_73.tif	AID_50/train/StorageTanks/storagetanks_73.tif
train	StorageTanks	28	storagetanks_74.tif	StorageTanks/storagetanks_74.tif	AID_50/train/StorageTanks/storagetanks_74.tif
train	StorageTanks	28	storagetanks_75.tif	StorageTanks/storagetanks_75.tif	AID_50/train/StorageTanks/storagetanks_75.tif
train	StorageTanks	28	storagetanks_77.tif	StorageTanks/storagetanks_77.tif	AID_50/train/StorageTanks/storagetanks_77.tif
train	StorageTanks	28	storagetanks_78.tif	StorageTanks/storagetanks_78.tif	AID_50/train/StorageTanks/storagetanks_78.tif
train	StorageTanks	28	storagetanks_80.tif	StorageTanks/storagetanks_80.tif	AID_50/train/StorageTanks/storagetanks_80.tif
train	StorageTanks	28	storagetanks_88.tif	StorageTanks/storagetanks_88.tif	AID_50/train/StorageTanks/storagetanks_88.tif
train	StorageTanks	28	storagetanks_90.tif	StorageTanks/storagetanks_90.tif	AID_50/train/StorageTanks/storagetanks_90.tif
train	StorageTanks	28	storagetanks_91.tif	StorageTanks/storagetanks_91.tif	AID_50/train/StorageTanks/storagetanks_91.tif
train	StorageTanks	28	storagetanks_95.tif	StorageTanks/storagetanks_95.tif	AID_50/train/StorageTanks/storagetanks_95.tif
train	StorageTanks	28	storagetanks_96.tif	StorageTanks/storagetanks_96.tif	AID_50/train/StorageTanks/storagetanks_96.tif
train	StorageTanks	28	storagetanks_97.tif	StorageTanks/storagetanks_97.tif	AID_50/train/StorageTanks/storagetanks_97.tif
train	StorageTanks	28	storagetanks_98.tif	StorageTanks/storagetanks_98.tif	AID_50/train/StorageTanks/storagetanks_98.tif
train	Viaduct	29	viaduct_102.tif	Viaduct/viaduct_102.tif	AID_50/train/Viaduct/viaduct_102.tif
train	Viaduct	29	viaduct_103.tif	Viaduct/viaduct_103.tif	AID_50/train/Viaduct/viaduct_103.tif
train	Viaduct	29	viaduct_104.tif	Viaduct/viaduct_104.tif	AID_50/train/Viaduct/viaduct_104.tif
train	Viaduct	29	viaduct_107.tif	Viaduct/viaduct_107.tif	AID_50/train/Viaduct/viaduct_107.tif
train	Viaduct	29	viaduct_108.tif	Viaduct/viaduct_108.tif	AID_50/train/Viaduct/viaduct_108.tif
train	Viaduct	29	viaduct_109.tif	Viaduct/viaduct_109.tif	AID_50/train/Viaduct/viaduct_109.tif
train	Viaduct	29	viaduct_110.tif	Viaduct/viaduct_110.tif	AID_50/train/Viaduct/viaduct_110.tif
train	Viaduct	29	viaduct_111.tif	Viaduct/viaduct_111.tif	AID_50/train/Viaduct/viaduct_111.tif
train	Viaduct	29	viaduct_114.tif	Viaduct/viaduct_114.tif	AID_50/train/Viaduct/viaduct_114.tif
train	Viaduct	29	viaduct_115.tif	Viaduct/viaduct_115.tif	AID_50/train/Viaduct/viaduct_115.tif
train	Viaduct	29	viaduct_116.tif	Viaduct/viaduct_116.tif	AID_50/train/Viaduct/viaduct_116.tif
train	Viaduct	29	viaduct_119.tif	Viaduct/viaduct_119.tif	AID_50/train/Viaduct/viaduct_119.tif
train	Viaduct	29	viaduct_120.tif	Viaduct/viaduct_120.tif	AID_50/train/Viaduct/viaduct_120.tif
train	Viaduct	29	viaduct_123.tif	Viaduct/viaduct_123.tif	AID_50/train/Viaduct/viaduct_123.tif
train	Viaduct	29	viaduct_125.tif	Viaduct/viaduct_125.tif	AID_50/train/Viaduct/viaduct_125.tif
train	Viaduct	29	viaduct_127.tif	Viaduct/viaduct_127.tif	AID_50/train/Viaduct/viaduct_127.tif
train	Viaduct	29	viaduct_128.tif	Viaduct/viaduct_128.tif	AID_50/train/Viaduct/viaduct_128.tif
train	Viaduct	29	viaduct_129.tif	Viaduct/viaduct_129.tif	AID_50/train/Viaduct/viaduct_129.tif
train	Viaduct	29	viaduct_13.tif	Viaduct/viaduct_13.tif	AID_50/train/Viaduct/viaduct_13.tif
train	Viaduct	29	viaduct_132.tif	Viaduct/viaduct_132.tif	AID_50/train/Viaduct/viaduct_132.tif
train	Viaduct	29	viaduct_133.tif	Viaduct/viaduct_133.tif	AID_50/train/Viaduct/viaduct_133.tif
train	Viaduct	29	viaduct_134.tif	Viaduct/viaduct_134.tif	AID_50/train/Viaduct/viaduct_134.tif
train	Viaduct	29	viaduct_137.tif	Viaduct/viaduct_137.tif	AID_50/train/Viaduct/viaduct_137.tif
train	Viaduct	29	viaduct_138.tif	Viaduct/viaduct_138.tif	AID_50/train/Viaduct/viaduct_138.tif
train	Viaduct	29	viaduct_139.tif	Viaduct/viaduct_139.tif	AID_50/train/Viaduct/viaduct_139.tif
train	Viaduct	29	viaduct_140.tif	Viaduct/viaduct_140.tif	AID_50/train/Viaduct/viaduct_140.tif
train	Viaduct	29	viaduct_143.tif	Viaduct/viaduct_143.tif	AID_50/train/Viaduct/viaduct_143.tif
train	Viaduct	29	viaduct_144.tif	Viaduct/viaduct_144.tif	AID_50/train/Viaduct/viaduct_144.tif
train	Viaduct	29	viaduct_149.tif	Viaduct/viaduct_149.tif	AID_50/train/Viaduct/viaduct_149.tif
train	Viaduct	29	viaduct_152.tif	Viaduct/viaduct_152.tif	AID_50/train/Viaduct/viaduct_152.tif
train	Viaduct	29	viaduct_153.tif	Viaduct/viaduct_153.tif	AID_50/train/Viaduct/viaduct_153.tif
train	Viaduct	29	viaduct_155.tif	Viaduct/viaduct_155.tif	AID_50/train/Viaduct/viaduct_155.tif
train	Viaduct	29	viaduct_159.tif	Viaduct/viaduct_159.tif	AID_50/train/Viaduct/viaduct_159.tif
train	Viaduct	29	viaduct_168.tif	Viaduct/viaduct_168.tif	AID_50/train/Viaduct/viaduct_168.tif
train	Viaduct	29	viaduct_17.tif	Viaduct/viaduct_17.tif	AID_50/train/Viaduct/viaduct_17.tif
train	Viaduct	29	viaduct_170.tif	Viaduct/viaduct_170.tif	AID_50/train/Viaduct/viaduct_170.tif
train	Viaduct	29	viaduct_171.tif	Viaduct/viaduct_171.tif	AID_50/train/Viaduct/viaduct_171.tif
train	Viaduct	29	viaduct_173.tif	Viaduct/viaduct_173.tif	AID_50/train/Viaduct/viaduct_173.tif
train	Viaduct	29	viaduct_174.tif	Viaduct/viaduct_174.tif	AID_50/train/Viaduct/viaduct_174.tif
train	Viaduct	29	viaduct_175.tif	Viaduct/viaduct_175.tif	AID_50/train/Viaduct/viaduct_175.tif
train	Viaduct	29	viaduct_176.tif	Viaduct/viaduct_176.tif	AID_50/train/Viaduct/viaduct_176.tif
train	Viaduct	29	viaduct_178.tif	Viaduct/viaduct_178.tif	AID_50/train/Viaduct/viaduct_178.tif
train	Viaduct	29	viaduct_179.tif	Viaduct/viaduct_179.tif	AID_50/train/Viaduct/viaduct_179.tif
train	Viaduct	29	viaduct_180.tif	Viaduct/viaduct_180.tif	AID_50/train/Viaduct/viaduct_180.tif
train	Viaduct	29	viaduct_181.tif	Viaduct/viaduct_181.tif	AID_50/train/Viaduct/viaduct_181.tif
train	Viaduct	29	viaduct_182.tif	Viaduct/viaduct_182.tif	AID_50/train/Viaduct/viaduct_182.tif
train	Viaduct	29	viaduct_185.tif	Viaduct/viaduct_185.tif	AID_50/train/Viaduct/viaduct_185.tif
train	Viaduct	29	viaduct_19.tif	Viaduct/viaduct_19.tif	AID_50/train/Viaduct/viaduct_19.tif
train	Viaduct	29	viaduct_190.tif	Viaduct/viaduct_190.tif	AID_50/train/Viaduct/viaduct_190.tif
train	Viaduct	29	viaduct_191.tif	Viaduct/viaduct_191.tif	AID_50/train/Viaduct/viaduct_191.tif
train	Viaduct	29	viaduct_193.tif	Viaduct/viaduct_193.tif	AID_50/train/Viaduct/viaduct_193.tif
train	Viaduct	29	viaduct_195.tif	Viaduct/viaduct_195.tif	AID_50/train/Viaduct/viaduct_195.tif
train	Viaduct	29	viaduct_20.tif	Viaduct/viaduct_20.tif	AID_50/train/Viaduct/viaduct_20.tif
train	Viaduct	29	viaduct_200.tif	Viaduct/viaduct_200.tif	AID_50/train/Viaduct/viaduct_200.tif
train	Viaduct	29	viaduct_201.tif	Viaduct/viaduct_201.tif	AID_50/train/Viaduct/viaduct_201.tif
train	Viaduct	29	viaduct_206.tif	Viaduct/viaduct_206.tif	AID_50/train/Viaduct/viaduct_206.tif
train	Viaduct	29	viaduct_207.tif	Viaduct/viaduct_207.tif	AID_50/train/Viaduct/viaduct_207.tif
train	Viaduct	29	viaduct_21.tif	Viaduct/viaduct_21.tif	AID_50/train/Viaduct/viaduct_21.tif
train	Viaduct	29	viaduct_211.tif	Viaduct/viaduct_211.tif	AID_50/train/Viaduct/viaduct_211.tif
train	Viaduct	29	viaduct_214.tif	Viaduct/viaduct_214.tif	AID_50/train/Viaduct/viaduct_214.tif
train	Viaduct	29	viaduct_217.tif	Viaduct/viaduct_217.tif	AID_50/train/Viaduct/viaduct_217.tif
train	Viaduct	29	viaduct_218.tif	Viaduct/viaduct_218.tif	AID_50/train/Viaduct/viaduct_218.tif
train	Viaduct	29	viaduct_219.tif	Viaduct/viaduct_219.tif	AID_50/train/Viaduct/viaduct_219.tif
train	Viaduct	29	viaduct_221.tif	Viaduct/viaduct_221.tif	AID_50/train/Viaduct/viaduct_221.tif
train	Viaduct	29	viaduct_223.tif	Viaduct/viaduct_223.tif	AID_50/train/Viaduct/viaduct_223.tif
train	Viaduct	29	viaduct_227.tif	Viaduct/viaduct_227.tif	AID_50/train/Viaduct/viaduct_227.tif
train	Viaduct	29	viaduct_228.tif	Viaduct/viaduct_228.tif	AID_50/train/Viaduct/viaduct_228.tif
train	Viaduct	29	viaduct_229.tif	Viaduct/viaduct_229.tif	AID_50/train/Viaduct/viaduct_229.tif
train	Viaduct	29	viaduct_23.tif	Viaduct/viaduct_23.tif	AID_50/train/Viaduct/viaduct_23.tif
train	Viaduct	29	viaduct_230.tif	Viaduct/viaduct_230.tif	AID_50/train/Viaduct/viaduct_230.tif
train	Viaduct	29	viaduct_232.tif	Viaduct/viaduct_232.tif	AID_50/train/Viaduct/viaduct_232.tif
train	Viaduct	29	viaduct_235.tif	Viaduct/viaduct_235.tif	AID_50/train/Viaduct/viaduct_235.tif
train	Viaduct	29	viaduct_237.tif	Viaduct/viaduct_237.tif	AID_50/train/Viaduct/viaduct_237.tif
train	Viaduct	29	viaduct_238.tif	Viaduct/viaduct_238.tif	AID_50/train/Viaduct/viaduct_238.tif
train	Viaduct	29	viaduct_239.tif	Viaduct/viaduct_239.tif	AID_50/train/Viaduct/viaduct_239.tif
train	Viaduct	29	viaduct_24.tif	Viaduct/viaduct_24.tif	AID_50/train/Viaduct/viaduct_24.tif
train	Viaduct	29	viaduct_240.tif	Viaduct/viaduct_240.tif	AID_50/train/Viaduct/viaduct_240.tif
train	Viaduct	29	viaduct_241.tif	Viaduct/viaduct_241.tif	AID_50/train/Viaduct/viaduct_241.tif
train	Viaduct	29	viaduct_243.tif	Viaduct/viaduct_243.tif	AID_50/train/Viaduct/viaduct_243.tif
train	Viaduct	29	viaduct_244.tif	Viaduct/viaduct_244.tif	AID_50/train/Viaduct/viaduct_244.tif
train	Viaduct	29	viaduct_246.tif	Viaduct/viaduct_246.tif	AID_50/train/Viaduct/viaduct_246.tif
train	Viaduct	29	viaduct_248.tif	Viaduct/viaduct_248.tif	AID_50/train/Viaduct/viaduct_248.tif
train	Viaduct	29	viaduct_250.tif	Viaduct/viaduct_250.tif	AID_50/train/Viaduct/viaduct_250.tif
train	Viaduct	29	viaduct_251.tif	Viaduct/viaduct_251.tif	AID_50/train/Viaduct/viaduct_251.tif
train	Viaduct	29	viaduct_254.tif	Viaduct/viaduct_254.tif	AID_50/train/Viaduct/viaduct_254.tif
train	Viaduct	29	viaduct_255.tif	Viaduct/viaduct_255.tif	AID_50/train/Viaduct/viaduct_255.tif
train	Viaduct	29	viaduct_257.tif	Viaduct/viaduct_257.tif	AID_50/train/Viaduct/viaduct_257.tif
train	Viaduct	29	viaduct_259.tif	Viaduct/viaduct_259.tif	AID_50/train/Viaduct/viaduct_259.tif
train	Viaduct	29	viaduct_26.tif	Viaduct/viaduct_26.tif	AID_50/train/Viaduct/viaduct_26.tif
train	Viaduct	29	viaduct_260.tif	Viaduct/viaduct_260.tif	AID_50/train/Viaduct/viaduct_260.tif
train	Viaduct	29	viaduct_262.tif	Viaduct/viaduct_262.tif	AID_50/train/Viaduct/viaduct_262.tif
train	Viaduct	29	viaduct_263.tif	Viaduct/viaduct_263.tif	AID_50/train/Viaduct/viaduct_263.tif
train	Viaduct	29	viaduct_264.tif	Viaduct/viaduct_264.tif	AID_50/train/Viaduct/viaduct_264.tif
train	Viaduct	29	viaduct_267.tif	Viaduct/viaduct_267.tif	AID_50/train/Viaduct/viaduct_267.tif
train	Viaduct	29	viaduct_268.tif	Viaduct/viaduct_268.tif	AID_50/train/Viaduct/viaduct_268.tif
train	Viaduct	29	viaduct_27.tif	Viaduct/viaduct_27.tif	AID_50/train/Viaduct/viaduct_27.tif
train	Viaduct	29	viaduct_270.tif	Viaduct/viaduct_270.tif	AID_50/train/Viaduct/viaduct_270.tif
train	Viaduct	29	viaduct_272.tif	Viaduct/viaduct_272.tif	AID_50/train/Viaduct/viaduct_272.tif
train	Viaduct	29	viaduct_274.tif	Viaduct/viaduct_274.tif	AID_50/train/Viaduct/viaduct_274.tif
train	Viaduct	29	viaduct_277.tif	Viaduct/viaduct_277.tif	AID_50/train/Viaduct/viaduct_277.tif
train	Viaduct	29	viaduct_282.tif	Viaduct/viaduct_282.tif	AID_50/train/Viaduct/viaduct_282.tif
train	Viaduct	29	viaduct_283.tif	Viaduct/viaduct_283.tif	AID_50/train/Viaduct/viaduct_283.tif
train	Viaduct	29	viaduct_284.tif	Viaduct/viaduct_284.tif	AID_50/train/Viaduct/viaduct_284.tif
train	Viaduct	29	viaduct_288.tif	Viaduct/viaduct_288.tif	AID_50/train/Viaduct/viaduct_288.tif
train	Viaduct	29	viaduct_290.tif	Viaduct/viaduct_290.tif	AID_50/train/Viaduct/viaduct_290.tif
train	Viaduct	29	viaduct_292.tif	Viaduct/viaduct_292.tif	AID_50/train/Viaduct/viaduct_292.tif
train	Viaduct	29	viaduct_294.tif	Viaduct/viaduct_294.tif	AID_50/train/Viaduct/viaduct_294.tif
train	Viaduct	29	viaduct_295.tif	Viaduct/viaduct_295.tif	AID_50/train/Viaduct/viaduct_295.tif
train	Viaduct	29	viaduct_296.tif	Viaduct/viaduct_296.tif	AID_50/train/Viaduct/viaduct_296.tif
train	Viaduct	29	viaduct_297.tif	Viaduct/viaduct_297.tif	AID_50/train/Viaduct/viaduct_297.tif
train	Viaduct	29	viaduct_299.tif	Viaduct/viaduct_299.tif	AID_50/train/Viaduct/viaduct_299.tif
train	Viaduct	29	viaduct_3.tif	Viaduct/viaduct_3.tif	AID_50/train/Viaduct/viaduct_3.tif
train	Viaduct	29	viaduct_30.tif	Viaduct/viaduct_30.tif	AID_50/train/Viaduct/viaduct_30.tif
train	Viaduct	29	viaduct_300.tif	Viaduct/viaduct_300.tif	AID_50/train/Viaduct/viaduct_300.tif
train	Viaduct	29	viaduct_302.tif	Viaduct/viaduct_302.tif	AID_50/train/Viaduct/viaduct_302.tif
train	Viaduct	29	viaduct_305.tif	Viaduct/viaduct_305.tif	AID_50/train/Viaduct/viaduct_305.tif
train	Viaduct	29	viaduct_306.tif	Viaduct/viaduct_306.tif	AID_50/train/Viaduct/viaduct_306.tif
train	Viaduct	29	viaduct_307.tif	Viaduct/viaduct_307.tif	AID_50/train/Viaduct/viaduct_307.tif
train	Viaduct	29	viaduct_308.tif	Viaduct/viaduct_308.tif	AID_50/train/Viaduct/viaduct_308.tif
train	Viaduct	29	viaduct_309.tif	Viaduct/viaduct_309.tif	AID_50/train/Viaduct/viaduct_309.tif
train	Viaduct	29	viaduct_31.tif	Viaduct/viaduct_31.tif	AID_50/train/Viaduct/viaduct_31.tif
train	Viaduct	29	viaduct_310.tif	Viaduct/viaduct_310.tif	AID_50/train/Viaduct/viaduct_310.tif
train	Viaduct	29	viaduct_311.tif	Viaduct/viaduct_311.tif	AID_50/train/Viaduct/viaduct_311.tif
train	Viaduct	29	viaduct_312.tif	Viaduct/viaduct_312.tif	AID_50/train/Viaduct/viaduct_312.tif
train	Viaduct	29	viaduct_313.tif	Viaduct/viaduct_313.tif	AID_50/train/Viaduct/viaduct_313.tif
train	Viaduct	29	viaduct_314.tif	Viaduct/viaduct_314.tif	AID_50/train/Viaduct/viaduct_314.tif
train	Viaduct	29	viaduct_316.tif	Viaduct/viaduct_316.tif	AID_50/train/Viaduct/viaduct_316.tif
train	Viaduct	29	viaduct_317.tif	Viaduct/viaduct_317.tif	AID_50/train/Viaduct/viaduct_317.tif
train	Viaduct	29	viaduct_318.tif	Viaduct/viaduct_318.tif	AID_50/train/Viaduct/viaduct_318.tif
train	Viaduct	29	viaduct_32.tif	Viaduct/viaduct_32.tif	AID_50/train/Viaduct/viaduct_32.tif
train	Viaduct	29	viaduct_320.tif	Viaduct/viaduct_320.tif	AID_50/train/Viaduct/viaduct_320.tif
train	Viaduct	29	viaduct_322.tif	Viaduct/viaduct_322.tif	AID_50/train/Viaduct/viaduct_322.tif
train	Viaduct	29	viaduct_323.tif	Viaduct/viaduct_323.tif	AID_50/train/Viaduct/viaduct_323.tif
train	Viaduct	29	viaduct_325.tif	Viaduct/viaduct_325.tif	AID_50/train/Viaduct/viaduct_325.tif
train	Viaduct	29	viaduct_327.tif	Viaduct/viaduct_327.tif	AID_50/train/Viaduct/viaduct_327.tif
train	Viaduct	29	viaduct_329.tif	Viaduct/viaduct_329.tif	AID_50/train/Viaduct/viaduct_329.tif
train	Viaduct	29	viaduct_33.tif	Viaduct/viaduct_33.tif	AID_50/train/Viaduct/viaduct_33.tif
train	Viaduct	29	viaduct_331.tif	Viaduct/viaduct_331.tif	AID_50/train/Viaduct/viaduct_331.tif
train	Viaduct	29	viaduct_332.tif	Viaduct/viaduct_332.tif	AID_50/train/Viaduct/viaduct_332.tif
train	Viaduct	29	viaduct_334.tif	Viaduct/viaduct_334.tif	AID_50/train/Viaduct/viaduct_334.tif
train	Viaduct	29	viaduct_337.tif	Viaduct/viaduct_337.tif	AID_50/train/Viaduct/viaduct_337.tif
train	Viaduct	29	viaduct_341.tif	Viaduct/viaduct_341.tif	AID_50/train/Viaduct/viaduct_341.tif
train	Viaduct	29	viaduct_343.tif	Viaduct/viaduct_343.tif	AID_50/train/Viaduct/viaduct_343.tif
train	Viaduct	29	viaduct_344.tif	Viaduct/viaduct_344.tif	AID_50/train/Viaduct/viaduct_344.tif
train	Viaduct	29	viaduct_345.tif	Viaduct/viaduct_345.tif	AID_50/train/Viaduct/viaduct_345.tif
train	Viaduct	29	viaduct_347.tif	Viaduct/viaduct_347.tif	AID_50/train/Viaduct/viaduct_347.tif
train	Viaduct	29	viaduct_35.tif	Viaduct/viaduct_35.tif	AID_50/train/Viaduct/viaduct_35.tif
train	Viaduct	29	viaduct_354.tif	Viaduct/viaduct_354.tif	AID_50/train/Viaduct/viaduct_354.tif
train	Viaduct	29	viaduct_356.tif	Viaduct/viaduct_356.tif	AID_50/train/Viaduct/viaduct_356.tif
train	Viaduct	29	viaduct_359.tif	Viaduct/viaduct_359.tif	AID_50/train/Viaduct/viaduct_359.tif
train	Viaduct	29	viaduct_360.tif	Viaduct/viaduct_360.tif	AID_50/train/Viaduct/viaduct_360.tif
train	Viaduct	29	viaduct_363.tif	Viaduct/viaduct_363.tif	AID_50/train/Viaduct/viaduct_363.tif
train	Viaduct	29	viaduct_364.tif	Viaduct/viaduct_364.tif	AID_50/train/Viaduct/viaduct_364.tif
train	Viaduct	29	viaduct_37.tif	Viaduct/viaduct_37.tif	AID_50/train/Viaduct/viaduct_37.tif
train	Viaduct	29	viaduct_372.tif	Viaduct/viaduct_372.tif	AID_50/train/Viaduct/viaduct_372.tif
train	Viaduct	29	viaduct_373.tif	Viaduct/viaduct_373.tif	AID_50/train/Viaduct/viaduct_373.tif
train	Viaduct	29	viaduct_374.tif	Viaduct/viaduct_374.tif	AID_50/train/Viaduct/viaduct_374.tif
train	Viaduct	29	viaduct_376.tif	Viaduct/viaduct_376.tif	AID_50/train/Viaduct/viaduct_376.tif
train	Viaduct	29	viaduct_378.tif	Viaduct/viaduct_378.tif	AID_50/train/Viaduct/viaduct_378.tif
train	Viaduct	29	viaduct_380.tif	Viaduct/viaduct_380.tif	AID_50/train/Viaduct/viaduct_380.tif
train	Viaduct	29	viaduct_382.tif	Viaduct/viaduct_382.tif	AID_50/train/Viaduct/viaduct_382.tif
train	Viaduct	29	viaduct_386.tif	Viaduct/viaduct_386.tif	AID_50/train/Viaduct/viaduct_386.tif
train	Viaduct	29	viaduct_388.tif	Viaduct/viaduct_388.tif	AID_50/train/Viaduct/viaduct_388.tif
train	Viaduct	29	viaduct_389.tif	Viaduct/viaduct_389.tif	AID_50/train/Viaduct/viaduct_389.tif
train	Viaduct	29	viaduct_390.tif	Viaduct/viaduct_390.tif	AID_50/train/Viaduct/viaduct_390.tif
train	Viaduct	29	viaduct_391.tif	Viaduct/viaduct_391.tif	AID_50/train/Viaduct/viaduct_391.tif
train	Viaduct	29	viaduct_392.tif	Viaduct/viaduct_392.tif	AID_50/train/Viaduct/viaduct_392.tif
train	Viaduct	29	viaduct_393.tif	Viaduct/viaduct_393.tif	AID_50/train/Viaduct/viaduct_393.tif
train	Viaduct	29	viaduct_394.tif	Viaduct/viaduct_394.tif	AID_50/train/Viaduct/viaduct_394.tif
train	Viaduct	29	viaduct_396.tif	Viaduct/viaduct_396.tif	AID_50/train/Viaduct/viaduct_396.tif
train	Viaduct	29	viaduct_397.tif	Viaduct/viaduct_397.tif	AID_50/train/Viaduct/viaduct_397.tif
train	Viaduct	29	viaduct_4.tif	Viaduct/viaduct_4.tif	AID_50/train/Viaduct/viaduct_4.tif
train	Viaduct	29	viaduct_400.tif	Viaduct/viaduct_400.tif	AID_50/train/Viaduct/viaduct_400.tif
train	Viaduct	29	viaduct_403.tif	Viaduct/viaduct_403.tif	AID_50/train/Viaduct/viaduct_403.tif
train	Viaduct	29	viaduct_404.tif	Viaduct/viaduct_404.tif	AID_50/train/Viaduct/viaduct_404.tif
train	Viaduct	29	viaduct_407.tif	Viaduct/viaduct_407.tif	AID_50/train/Viaduct/viaduct_407.tif
train	Viaduct	29	viaduct_408.tif	Viaduct/viaduct_408.tif	AID_50/train/Viaduct/viaduct_408.tif
train	Viaduct	29	viaduct_409.tif	Viaduct/viaduct_409.tif	AID_50/train/Viaduct/viaduct_409.tif
train	Viaduct	29	viaduct_41.tif	Viaduct/viaduct_41.tif	AID_50/train/Viaduct/viaduct_41.tif
train	Viaduct	29	viaduct_410.tif	Viaduct/viaduct_410.tif	AID_50/train/Viaduct/viaduct_410.tif
train	Viaduct	29	viaduct_414.tif	Viaduct/viaduct_414.tif	AID_50/train/Viaduct/viaduct_414.tif
train	Viaduct	29	viaduct_415.tif	Viaduct/viaduct_415.tif	AID_50/train/Viaduct/viaduct_415.tif
train	Viaduct	29	viaduct_416.tif	Viaduct/viaduct_416.tif	AID_50/train/Viaduct/viaduct_416.tif
train	Viaduct	29	viaduct_419.tif	Viaduct/viaduct_419.tif	AID_50/train/Viaduct/viaduct_419.tif
train	Viaduct	29	viaduct_43.tif	Viaduct/viaduct_43.tif	AID_50/train/Viaduct/viaduct_43.tif
train	Viaduct	29	viaduct_45.tif	Viaduct/viaduct_45.tif	AID_50/train/Viaduct/viaduct_45.tif
train	Viaduct	29	viaduct_47.tif	Viaduct/viaduct_47.tif	AID_50/train/Viaduct/viaduct_47.tif
train	Viaduct	29	viaduct_48.tif	Viaduct/viaduct_48.tif	AID_50/train/Viaduct/viaduct_48.tif
train	Viaduct	29	viaduct_50.tif	Viaduct/viaduct_50.tif	AID_50/train/Viaduct/viaduct_50.tif
train	Viaduct	29	viaduct_51.tif	Viaduct/viaduct_51.tif	AID_50/train/Viaduct/viaduct_51.tif
train	Viaduct	29	viaduct_52.tif	Viaduct/viaduct_52.tif	AID_50/train/Viaduct/viaduct_52.tif
train	Viaduct	29	viaduct_54.tif	Viaduct/viaduct_54.tif	AID_50/train/Viaduct/viaduct_54.tif
train	Viaduct	29	viaduct_56.tif	Viaduct/viaduct_56.tif	AID_50/train/Viaduct/viaduct_56.tif
train	Viaduct	29	viaduct_57.tif	Viaduct/viaduct_57.tif	AID_50/train/Viaduct/viaduct_57.tif
train	Viaduct	29	viaduct_58.tif	Viaduct/viaduct_58.tif	AID_50/train/Viaduct/viaduct_58.tif
train	Viaduct	29	viaduct_6.tif	Viaduct/viaduct_6.tif	AID_50/train/Viaduct/viaduct_6.tif
train	Viaduct	29	viaduct_61.tif	Viaduct/viaduct_61.tif	AID_50/train/Viaduct/viaduct_61.tif
train	Viaduct	29	viaduct_63.tif	Viaduct/viaduct_63.tif	AID_50/train/Viaduct/viaduct_63.tif
train	Viaduct	29	viaduct_65.tif	Viaduct/viaduct_65.tif	AID_50/train/Viaduct/viaduct_65.tif
train	Viaduct	29	viaduct_67.tif	Viaduct/viaduct_67.tif	AID_50/train/Viaduct/viaduct_67.tif
train	Viaduct	29	viaduct_68.tif	Viaduct/viaduct_68.tif	AID_50/train/Viaduct/viaduct_68.tif
train	Viaduct	29	viaduct_7.tif	Viaduct/viaduct_7.tif	AID_50/train/Viaduct/viaduct_7.tif
train	Viaduct	29	viaduct_78.tif	Viaduct/viaduct_78.tif	AID_50/train/Viaduct/viaduct_78.tif
train	Viaduct	29	viaduct_80.tif	Viaduct/viaduct_80.tif	AID_50/train/Viaduct/viaduct_80.tif
train	Viaduct	29	viaduct_83.tif	Viaduct/viaduct_83.tif	AID_50/train/Viaduct/viaduct_83.tif
train	Viaduct	29	viaduct_85.tif	Viaduct/viaduct_85.tif	AID_50/train/Viaduct/viaduct_85.tif
train	Viaduct	29	viaduct_90.tif	Viaduct/viaduct_90.tif	AID_50/train/Viaduct/viaduct_90.tif
train	Viaduct	29	viaduct_93.tif	Viaduct/viaduct_93.tif	AID_50/train/Viaduct/viaduct_93.tif
train	Viaduct	29	viaduct_94.tif	Viaduct/viaduct_94.tif	AID_50/train/Viaduct/viaduct_94.tif
train	Viaduct	29	viaduct_99.tif	Viaduct/viaduct_99.tif	AID_50/train/Viaduct/viaduct_99.tif
