subset	class_name	label	filename	class_relative_path	dataset_relative_path
train	airplane	0	airplane_003.tif	airplane/airplane_003.tif	NWPU45_20/train/airplane/airplane_003.tif
train	airplane	0	airplane_006.tif	airplane/airplane_006.tif	NWPU45_20/train/airplane/airplane_006.tif
train	airplane	0	airplane_009.tif	airplane/airplane_009.tif	NWPU45_20/train/airplane/airplane_009.tif
train	airplane	0	airplane_011.tif	airplane/airplane_011.tif	NWPU45_20/train/airplane/airplane_011.tif
train	airplane	0	airplane_014.tif	airplane/airplane_014.tif	NWPU45_20/train/airplane/airplane_014.tif
train	airplane	0	airplane_015.tif	airplane/airplane_015.tif	NWPU45_20/train/airplane/airplane_015.tif
train	airplane	0	airplane_016.tif	airplane/airplane_016.tif	NWPU45_20/train/airplane/airplane_016.tif
train	airplane	0	airplane_025.tif	airplane/airplane_025.tif	NWPU45_20/train/airplane/airplane_025.tif
train	airplane	0	airplane_029.tif	airplane/airplane_029.tif	NWPU45_20/train/airplane/airplane_029.tif
train	airplane	0	airplane_034.tif	airplane/airplane_034.tif	NWPU45_20/train/airplane/airplane_034.tif
train	airplane	0	airplane_040.tif	airplane/airplane_040.tif	NWPU45_20/train/airplane/airplane_040.tif
train	airplane	0	airplane_041.tif	airplane/airplane_041.tif	NWPU45_20/train/airplane/airplane_041.tif
train	airplane	0	airplane_043.tif	airplane/airplane_043.tif	NWPU45_20/train/airplane/airplane_043.tif
train	airplane	0	airplane_057.tif	airplane/airplane_057.tif	NWPU45_20/train/airplane/airplane_057.tif
train	airplane	0	airplane_059.tif	airplane/airplane_059.tif	NWPU45_20/train/airplane/airplane_059.tif
train	airplane	0	airplane_064.tif	airplane/airplane_064.tif	NWPU45_20/train/airplane/airplane_064.tif
train	airplane	0	airplane_065.tif	airplane/airplane_065.tif	NWPU45_20/train/airplane/airplane_065.tif
train	airplane	0	airplane_070.tif	airplane/airplane_070.tif	NWPU45_20/train/airplane/airplane_070.tif
train	airplane	0	airplane_075.tif	airplane/airplane_075.tif	NWPU45_20/train/airplane/airplane_075.tif
train	airplane	0	airplane_079.tif	airplane/airplane_079.tif	NWPU45_20/train/airplane/airplane_079.tif
train	airplane	0	airplane_087.tif	airplane/airplane_087.tif	NWPU45_20/train/airplane/airplane_087.tif
train	airplane	0	airplane_093.tif	airplane/airplane_093.tif	NWPU45_20/train/airplane/airplane_093.tif
train	airplane	0	airplane_097.tif	airplane/airplane_097.tif	NWPU45_20/train/airplane/airplane_097.tif
train	airplane	0	airplane_101.tif	airplane/airplane_101.tif	NWPU45_20/train/airplane/airplane_101.tif
train	airplane	0	airplane_102.tif	airplane/airplane_102.tif	NWPU45_20/train/airplane/airplane_102.tif
train	airplane	0	airplane_106.tif	airplane/airplane_106.tif	NWPU45_20/train/airplane/airplane_106.tif
train	airplane	0	airplane_107.tif	airplane/airplane_107.tif	NWPU45_20/train/airplane/airplane_107.tif
train	airplane	0	airplane_116.tif	airplane/airplane_116.tif	NWPU45_20/train/airplane/airplane_116.tif
train	airplane	0	airplane_119.tif	airplane/airplane_119.tif	NWPU45_20/train/airplane/airplane_119.tif
train	airplane	0	airplane_133.tif	airplane/airplane_133.tif	NWPU45_20/train/airplane/airplane_133.tif
train	airplane	0	airplane_139.tif	airplane/airplane_139.tif	NWPU45_20/train/airplane/airplane_139.tif
train	airplane	0	airplane_144.tif	airplane/airplane_144.tif	NWPU45_20/train/airplane/airplane_144.tif
train	airplane	0	airplane_150.tif	airplane/airplane_150.tif	NWPU45_20/train/airplane/airplane_150.tif
train	airplane	0	airplane_151.tif	airplane/airplane_151.tif	NWPU45_20/train/airplane/airplane_151.tif
train	airplane	0	airplane_159.tif	airplane/airplane_159.tif	NWPU45_20/train/airplane/airplane_159.tif
train	airplane	0	airplane_173.tif	airplane/airplane_173.tif	NWPU45_20/train/airplane/airplane_173.tif
train	airplane	0	airplane_175.tif	airplane/airplane_175.tif	NWPU45_20/train/airplane/airplane_175.tif
train	airplane	0	airplane_177.tif	airplane/airplane_177.tif	NWPU45_20/train/airplane/airplane_177.tif
train	airplane	0	airplane_178.tif	airplane/airplane_178.tif	NWPU45_20/train/airplane/airplane_178.tif
train	airplane	0	airplane_181.tif	airplane/airplane_181.tif	NWPU45_20/train/airplane/airplane_181.tif
train	airplane	0	airplane_186.tif	airplane/airplane_186.tif	NWPU45_20/train/airplane/airplane_186.tif
train	airplane	0	airplane_191.tif	airplane/airplane_191.tif	NWPU45_20/train/airplane/airplane_191.tif
train	airplane	0	airplane_193.tif	airplane/airplane_193.tif	NWPU45_20/train/airplane/airplane_193.tif
train	airplane	0	airplane_194.tif	airplane/airplane_194.tif	NWPU45_20/train/airplane/airplane_194.tif
train	airplane	0	airplane_199.tif	airplane/airplane_199.tif	NWPU45_20/train/airplane/airplane_199.tif
train	airplane	0	airplane_201.tif	airplane/airplane_201.tif	NWPU45_20/train/airplane/airplane_201.tif
train	airplane	0	airplane_205.tif	airplane/airplane_205.tif	NWPU45_20/train/airplane/airplane_205.tif
train	airplane	0	airplane_208.tif	airplane/airplane_208.tif	NWPU45_20/train/airplane/airplane_208.tif
train	airplane	0	airplane_210.tif	airplane/airplane_210.tif	NWPU45_20/train/airplane/airplane_210.tif
train	airplane	0	airplane_213.tif	airplane/airplane_213.tif	NWPU45_20/train/airplane/airplane_213.tif
train	airplane	0	airplane_228.tif	airplane/airplane_228.tif	NWPU45_20/train/airplane/airplane_228.tif
train	airplane	0	airplane_242.tif	airplane/airplane_242.tif	NWPU45_20/train/airplane/airplane_242.tif
train	airplane	0	airplane_244.tif	airplane/airplane_244.tif	NWPU45_20/train/airplane/airplane_244.tif
train	airplane	0	airplane_256.tif	airplane/airplane_256.tif	NWPU45_20/train/airplane/airplane_256.tif
train	airplane	0	airplane_257.tif	airplane/airplane_257.tif	NWPU45_20/train/airplane/airplane_257.tif
train	airplane	0	airplane_266.tif	airplane/airplane_266.tif	NWPU45_20/train/airplane/airplane_266.tif
train	airplane	0	airplane_267.tif	airplane/airplane_267.tif	NWPU45_20/train/airplane/airplane_267.tif
train	airplane	0	airplane_269.tif	airplane/airplane_269.tif	NWPU45_20/train/airplane/airplane_269.tif
train	airplane	0	airplane_273.tif	airplane/airplane_273.tif	NWPU45_20/train/airplane/airplane_273.tif
train	airplane	0	airplane_281.tif	airplane/airplane_281.tif	NWPU45_20/train/airplane/airplane_281.tif
train	airplane	0	airplane_294.tif	airplane/airplane_294.tif	NWPU45_20/train/airplane/airplane_294.tif
train	airplane	0	airplane_308.tif	airplane/airplane_308.tif	NWPU45_20/train/airplane/airplane_308.tif
train	airplane	0	airplane_309.tif	airplane/airplane_309.tif	NWPU45_20/train/airplane/airplane_309.tif
train	airplane	0	airplane_311.tif	airplane/airplane_311.tif	NWPU45_20/train/airplane/airplane_311.tif
train	airplane	0	airplane_312.tif	airplane/airplane_312.tif	NWPU45_20/train/airplane/airplane_312.tif
train	airplane	0	airplane_313.tif	airplane/airplane_313.tif	NWPU45_20/train/airplane/airplane_313.tif
train	airplane	0	airplane_316.tif	airplane/airplane_316.tif	NWPU45_20/train/airplane/airplane_316.tif
train	airplane	0	airplane_317.tif	airplane/airplane_317.tif	NWPU45_20/train/airplane/airplane_317.tif
train	airplane	0	airplane_322.tif	airplane/airplane_322.tif	NWPU45_20/train/airplane/airplane_322.tif
train	airplane	0	airplane_325.tif	airplane/airplane_325.tif	NWPU45_20/train/airplane/airplane_325.tif
train	airplane	0	airplane_327.tif	airplane/airplane_327.tif	NWPU45_20/train/airplane/airplane_327.tif
train	airplane	0	airplane_329.tif	airplane/airplane_329.tif	NWPU45_20/train/airplane/airplane_329.tif
train	airplane	0	airplane_336.tif	airplane/airplane_336.tif	NWPU45_20/train/airplane/airplane_336.tif
train	airplane	0	airplane_342.tif	airplane/airplane_342.tif	NWPU45_20/train/airplane/airplane_342.tif
train	airplane	0	airplane_348.tif	airplane/airplane_348.tif	NWPU45_20/train/airplane/airplane_348.tif
train	airplane	0	airplane_351.tif	airplane/airplane_351.tif	NWPU45_20/train/airplane/airplane_351.tif
train	airplane	0	airplane_354.tif	airplane/airplane_354.tif	NWPU45_20/train/airplane/airplane_354.tif
train	airplane	0	airplane_360.tif	airplane/airplane_360.tif	NWPU45_20/train/airplane/airplane_360.tif
train	airplane	0	airplane_365.tif	airplane/airplane_365.tif	NWPU45_20/train/airplane/airplane_365.tif
train	airplane	0	airplane_366.tif	airplane/airplane_366.tif	NWPU45_20/train/airplane/airplane_366.tif
train	airplane	0	airplane_367.tif	airplane/airplane_367.tif	NWPU45_20/train/airplane/airplane_367.tif
train	airplane	0	airplane_376.tif	airplane/airplane_376.tif	NWPU45_20/train/airplane/airplane_376.tif
train	airplane	0	airplane_379.tif	airplane/airplane_379.tif	NWPU45_20/train/airplane/airplane_379.tif
train	airplane	0	airplane_381.tif	airplane/airplane_381.tif	NWPU45_20/train/airplane/airplane_381.tif
train	airplane	0	airplane_385.tif	airplane/airplane_385.tif	NWPU45_20/train/airplane/airplane_385.tif
train	airplane	0	airplane_387.tif	airplane/airplane_387.tif	NWPU45_20/train/airplane/airplane_387.tif
train	airplane	0	airplane_396.tif	airplane/airplane_396.tif	NWPU45_20/train/airplane/airplane_396.tif
train	airplane	0	airplane_397.tif	airplane/airplane_397.tif	NWPU45_20/train/airplane/airplane_397.tif
train	airplane	0	airplane_399.tif	airplane/airplane_399.tif	NWPU45_20/train/airplane/airplane_399.tif
train	airplane	0	airplane_415.tif	airplane/airplane_415.tif	NWPU45_20/train/airplane/airplane_415.tif
train	airplane	0	airplane_416.tif	airplane/airplane_416.tif	NWPU45_20/train/airplane/airplane_416.tif
train	airplane	0	airplane_417.tif	airplane/airplane_417.tif	NWPU45_20/train/airplane/airplane_417.tif
train	airplane	0	airplane_418.tif	airplane/airplane_418.tif	NWPU45_20/train/airplane/airplane_418.tif
train	airplane	0	airplane_420.tif	airplane/airplane_420.tif	NWPU45_20/train/airplane/airplane_420.tif
train	airplane	0	airplane_421.tif	airplane/airplane_421.tif	NWPU45_20/train/airplane/airplane_421.tif
train	airplane	0	airplane_427.tif	airplane/airplane_427.tif	NWPU45_20/train/airplane/airplane_427.tif
train	airplane	0	airplane_454.tif	airplane/airplane_454.tif	NWPU45_20/train/airplane/airplane_454.tif
train	airplane	0	airplane_455.tif	airplane/airplane_455.tif	NWPU45_20/train/airplane/airplane_455.tif
train	airplane	0	airplane_459.tif	airplane/airplane_459.tif	NWPU45_20/train/airplane/airplane_459.tif
train	airplane	0	airplane_468.tif	airplane/airplane_468.tif	NWPU45_20/train/airplane/airplane_468.tif
train	airplane	0	airplane_473.tif	airplane/airplane_473.tif	NWPU45_20/train/airplane/airplane_473.tif
train	airplane	0	airplane_476.tif	airplane/airplane_476.tif	NWPU45_20/train/airplane/airplane_476.tif
train	airplane	0	airplane_478.tif	airplane/airplane_478.tif	NWPU45_20/train/airplane/airplane_478.tif
train	airplane	0	airplane_491.tif	airplane/airplane_491.tif	NWPU45_20/train/airplane/airplane_491.tif
train	airplane	0	airplane_497.tif	airplane/airplane_497.tif	NWPU45_20/train/airplane/airplane_497.tif
train	airplane	0	airplane_505.tif	airplane/airplane_505.tif	NWPU45_20/train/airplane/airplane_505.tif
train	airplane	0	airplane_508.tif	airplane/airplane_508.tif	NWPU45_20/train/airplane/airplane_508.tif
train	airplane	0	airplane_509.tif	airplane/airplane_509.tif	NWPU45_20/train/airplane/airplane_509.tif
train	airplane	0	airplane_516.tif	airplane/airplane_516.tif	NWPU45_20/train/airplane/airplane_516.tif
train	airplane	0	airplane_521.tif	airplane/airplane_521.tif	NWPU45_20/train/airplane/airplane_521.tif
train	airplane	0	airplane_523.tif	airplane/airplane_523.tif	NWPU45_20/train/airplane/airplane_523.tif
train	airplane	0	airplane_527.tif	airplane/airplane_527.tif	NWPU45_20/train/airplane/airplane_527.tif
train	airplane	0	airplane_537.tif	airplane/airplane_537.tif	NWPU45_20/train/airplane/airplane_537.tif
train	airplane	0	airplane_539.tif	airplane/airplane_539.tif	NWPU45_20/train/airplane/airplane_539.tif
train	airplane	0	airplane_543.tif	airplane/airplane_543.tif	NWPU45_20/train/airplane/airplane_543.tif
train	airplane	0	airplane_558.tif	airplane/airplane_558.tif	NWPU45_20/train/airplane/airplane_558.tif
train	airplane	0	airplane_560.tif	airplane/airplane_560.tif	NWPU45_20/train/airplane/airplane_560.tif
train	airplane	0	airplane_563.tif	airplane/airplane_563.tif	NWPU45_20/train/airplane/airplane_563.tif
train	airplane	0	airplane_570.tif	airplane/airplane_570.tif	NWPU45_20/train/airplane/airplane_570.tif
train	airplane	0	airplane_572.tif	airplane/airplane_572.tif	NWPU45_20/train/airplane/airplane_572.tif
train	airplane	0	airplane_574.tif	airplane/airplane_574.tif	NWPU45_20/train/airplane/airplane_574.tif
train	airplane	0	airplane_579.tif	airplane/airplane_579.tif	NWPU45_20/train/airplane/airplane_579.tif
train	airplane	0	airplane_582.tif	airplane/airplane_582.tif	NWPU45_20/train/airplane/airplane_582.tif
train	airplane	0	airplane_584.tif	airplane/airplane_584.tif	NWPU45_20/train/airplane/airplane_584.tif
train	airplane	0	airplane_587.tif	airplane/airplane_587.tif	NWPU45_20/train/airplane/airplane_587.tif
train	airplane	0	airplane_588.tif	airplane/airplane_588.tif	NWPU45_20/train/airplane/airplane_588.tif
train	airplane	0	airplane_595.tif	airplane/airplane_595.tif	NWPU45_20/train/airplane/airplane_595.tif
train	airplane	0	airplane_621.tif	airplane/airplane_621.tif	NWPU45_20/train/airplane/airplane_621.tif
train	airplane	0	airplane_630.tif	airplane/airplane_630.tif	NWPU45_20/train/airplane/airplane_630.tif
train	airplane	0	airplane_631.tif	airplane/airplane_631.tif	NWPU45_20/train/airplane/airplane_631.tif
train	airplane	0	airplane_635.tif	airplane/airplane_635.tif	NWPU45_20/train/airplane/airplane_635.tif
train	airplane	0	airplane_640.tif	airplane/airplane_640.tif	NWPU45_20/train/airplane/airplane_640.tif
train	airplane	0	airplane_641.tif	airplane/airplane_641.tif	NWPU45_20/train/airplane/airplane_641.tif
train	airplane	0	airplane_643.tif	airplane/airplane_643.tif	NWPU45_20/train/airplane/airplane_643.tif
train	airplane	0	airplane_660.tif	airplane/airplane_660.tif	NWPU45_20/train/airplane/airplane_660.tif
train	airplane	0	airplane_662.tif	airplane/airplane_662.tif	NWPU45_20/train/airplane/airplane_662.tif
train	airplane	0	airplane_673.tif	airplane/airplane_673.tif	NWPU45_20/train/airplane/airplane_673.tif
train	airplane	0	airplane_674.tif	airplane/airplane_674.tif	NWPU45_20/train/airplane/airplane_674.tif
train	airplane	0	airplane_690.tif	airplane/airplane_690.tif	NWPU45_20/train/airplane/airplane_690.tif
train	airplane	0	airplane_695.tif	airplane/airplane_695.tif	NWPU45_20/train/airplane/airplane_695.tif
train	airport	1	airport_003.tif	airport/airport_003.tif	NWPU45_20/train/airport/airport_003.tif
train	airport	1	airport_006.tif	airport/airport_006.tif	NWPU45_20/train/airport/airport_006.tif
train	airport	1	airport_009.tif	airport/airport_009.tif	NWPU45_20/train/airport/airport_009.tif
train	airport	1	airport_011.tif	airport/airport_011.tif	NWPU45_20/train/airport/airport_011.tif
train	airport	1	airport_014.tif	airport/airport_014.tif	NWPU45_20/train/airport/airport_014.tif
train	airport	1	airport_015.tif	airport/airport_015.tif	NWPU45_20/train/airport/airport_015.tif
train	airport	1	airport_016.tif	airport/airport_016.tif	NWPU45_20/train/airport/airport_016.tif
train	airport	1	airport_025.tif	airport/airport_025.tif	NWPU45_20/train/airport/airport_025.tif
train	airport	1	airport_029.tif	airport/airport_029.tif	NWPU45_20/train/airport/airport_029.tif
train	airport	1	airport_034.tif	airport/airport_034.tif	NWPU45_20/train/airport/airport_034.tif
train	airport	1	airport_040.tif	airport/airport_040.tif	NWPU45_20/train/airport/airport_040.tif
train	airport	1	airport_041.tif	airport/airport_041.tif	NWPU45_20/train/airport/airport_041.tif
train	airport	1	airport_043.tif	airport/airport_043.tif	NWPU45_20/train/airport/airport_043.tif
train	airport	1	airport_057.tif	airport/airport_057.tif	NWPU45_20/train/airport/airport_057.tif
train	airport	1	airport_059.tif	airport/airport_059.tif	NWPU45_20/train/airport/airport_059.tif
train	airport	1	airport_064.tif	airport/airport_064.tif	NWPU45_20/train/airport/airport_064.tif
train	airport	1	airport_065.tif	airport/airport_065.tif	NWPU45_20/train/airport/airport_065.tif
train	airport	1	airport_070.tif	airport/airport_070.tif	NWPU45_20/train/airport/airport_070.tif
train	airport	1	airport_075.tif	airport/airport_075.tif	NWPU45_20/train/airport/airport_075.tif
train	airport	1	airport_079.tif	airport/airport_079.tif	NWPU45_20/train/airport/airport_079.tif
train	airport	1	airport_087.tif	airport/airport_087.tif	NWPU45_20/train/airport/airport_087.tif
train	airport	1	airport_093.tif	airport/airport_093.tif	NWPU45_20/train/airport/airport_093.tif
train	airport	1	airport_097.tif	airport/airport_097.tif	NWPU45_20/train/airport/airport_097.tif
train	airport	1	airport_101.tif	airport/airport_101.tif	NWPU45_20/train/airport/airport_101.tif
train	airport	1	airport_102.tif	airport/airport_102.tif	NWPU45_20/train/airport/airport_102.tif
train	airport	1	airport_106.tif	airport/airport_106.tif	NWPU45_20/train/airport/airport_106.tif
train	airport	1	airport_107.tif	airport/airport_107.tif	NWPU45_20/train/airport/airport_107.tif
train	airport	1	airport_116.tif	airport/airport_116.tif	NWPU45_20/train/airport/airport_116.tif
train	airport	1	airport_119.tif	airport/airport_119.tif	NWPU45_20/train/airport/airport_119.tif
train	airport	1	airport_133.tif	airport/airport_133.tif	NWPU45_20/train/airport/airport_133.tif
train	airport	1	airport_139.tif	airport/airport_139.tif	NWPU45_20/train/airport/airport_139.tif
train	airport	1	airport_144.tif	airport/airport_144.tif	NWPU45_20/train/airport/airport_144.tif
train	airport	1	airport_150.tif	airport/airport_150.tif	NWPU45_20/train/airport/airport_150.tif
train	airport	1	airport_151.tif	airport/airport_151.tif	NWPU45_20/train/airport/airport_151.tif
train	airport	1	airport_159.tif	airport/airport_159.tif	NWPU45_20/train/airport/airport_159.tif
train	airport	1	airport_173.tif	airport/airport_173.tif	NWPU45_20/train/airport/airport_173.tif
train	airport	1	airport_175.tif	airport/airport_175.tif	NWPU45_20/train/airport/airport_175.tif
train	airport	1	airport_177.tif	airport/airport_177.tif	NWPU45_20/train/airport/airport_177.tif
train	airport	1	airport_178.tif	airport/airport_178.tif	NWPU45_20/train/airport/airport_178.tif
train	airport	1	airport_181.tif	airport/airport_181.tif	NWPU45_20/train/airport/airport_181.tif
train	airport	1	airport_186.tif	airport/airport_186.tif	NWPU45_20/train/airport/airport_186.tif
train	airport	1	airport_191.tif	airport/airport_191.tif	NWPU45_20/train/airport/airport_191.tif
train	airport	1	airport_193.tif	airport/airport_193.tif	NWPU45_20/train/airport/airport_193.tif
train	airport	1	airport_194.tif	airport/airport_194.tif	NWPU45_20/train/airport/airport_194.tif
train	airport	1	airport_199.tif	airport/airport_199.tif	NWPU45_20/train/airport/airport_199.tif
train	airport	1	airport_201.tif	airport/airport_201.tif	NWPU45_20/train/airport/airport_201.tif
train	airport	1	airport_205.tif	airport/airport_205.tif	NWPU45_20/train/airport/airport_205.tif
train	airport	1	airport_208.tif	airport/airport_208.tif	NWPU45_20/train/airport/airport_208.tif
train	airport	1	airport_210.tif	airport/airport_210.tif	NWPU45_20/train/airport/airport_210.tif
train	airport	1	airport_213.tif	airport/airport_213.tif	NWPU45_20/train/airport/airport_213.tif
train	airport	1	airport_228.tif	airport/airport_228.tif	NWPU45_20/train/airport/airport_228.tif
train	airport	1	airport_242.tif	airport/airport_242.tif	NWPU45_20/train/airport/airport_242.tif
train	airport	1	airport_244.tif	airport/airport_244.tif	NWPU45_20/train/airport/airport_244.tif
train	airport	1	airport_256.tif	airport/airport_256.tif	NWPU45_20/train/airport/airport_256.tif
train	airport	1	airport_257.tif	airport/airport_257.tif	NWPU45_20/train/airport/airport_257.tif
train	airport	1	airport_266.tif	airport/airport_266.tif	NWPU45_20/train/airport/airport_266.tif
train	airport	1	airport_267.tif	airport/airport_267.tif	NWPU45_20/train/airport/airport_267.tif
train	airport	1	airport_269.tif	airport/airport_269.tif	NWPU45_20/train/airport/airport_269.tif
train	airport	1	airport_273.tif	airport/airport_273.tif	NWPU45_20/train/airport/airport_273.tif
train	airport	1	airport_281.tif	airport/airport_281.tif	NWPU45_20/train/airport/airport_281.tif
train	airport	1	airport_294.tif	airport/airport_294.tif	NWPU45_20/train/airport/airport_294.tif
train	airport	1	airport_308.tif	airport/airport_308.tif	NWPU45_20/train/airport/airport_308.tif
train	airport	1	airport_309.tif	airport/airport_309.tif	NWPU45_20/train/airport/airport_309.tif
train	airport	1	airport_311.tif	airport/airport_311.tif	NWPU45_20/train/airport/airport_311.tif
train	airport	1	airport_312.tif	airport/airport_312.tif	NWPU45_20/train/airport/airport_312.tif
train	airport	1	airport_313.tif	airport/airport_313.tif	NWPU45_20/train/airport/airport_313.tif
train	airport	1	airport_316.tif	airport/airport_316.tif	NWPU45_20/train/airport/airport_316.tif
train	airport	1	airport_317.tif	airport/airport_317.tif	NWPU45_20/train/airport/airport_317.tif
train	airport	1	airport_322.tif	airport/airport_322.tif	NWPU45_20/train/airport/airport_322.tif
train	airport	1	airport_325.tif	airport/airport_325.tif	NWPU45_20/train/airport/airport_325.tif
train	airport	1	airport_327.tif	airport/airport_327.tif	NWPU45_20/train/airport/airport_327.tif
train	airport	1	airport_329.tif	airport/airport_329.tif	NWPU45_20/train/airport/airport_329.tif
train	airport	1	airport_336.tif	airport/airport_336.tif	NWPU45_20/train/airport/airport_336.tif
train	airport	1	airport_342.tif	airport/airport_342.tif	NWPU45_20/train/airport/airport_342.tif
train	airport	1	airport_348.tif	airport/airport_348.tif	NWPU45_20/train/airport/airport_348.tif
train	airport	1	airport_351.tif	airport/airport_351.tif	NWPU45_20/train/airport/airport_351.tif
train	airport	1	airport_354.tif	airport/airport_354.tif	NWPU45_20/train/airport/airport_354.tif
train	airport	1	airport_360.tif	airport/airport_360.tif	NWPU45_20/train/airport/airport_360.tif
train	airport	1	airport_365.tif	airport/airport_365.tif	NWPU45_20/train/airport/airport_365.tif
train	airport	1	airport_366.tif	airport/airport_366.tif	NWPU45_20/train/airport/airport_366.tif
train	airport	1	airport_367.tif	airport/airport_367.tif	NWPU45_20/train/airport/airport_367.tif
train	airport	1	airport_376.tif	airport/airport_376.tif	NWPU45_20/train/airport/airport_376.tif
train	airport	1	airport_379.tif	airport/airport_379.tif	NWPU45_20/train/airport/airport_379.tif
train	airport	1	airport_381.tif	airport/airport_381.tif	NWPU45_20/train/airport/airport_381.tif
train	airport	1	airport_385.tif	airport/airport_385.tif	NWPU45_20/train/airport/airport_385.tif
train	airport	1	airport_387.tif	airport/airport_387.tif	NWPU45_20/train/airport/airport_387.tif
train	airport	1	airport_396.tif	airport/airport_396.tif	NWPU45_20/train/airport/airport_396.tif
train	airport	1	airport_397.tif	airport/airport_397.tif	NWPU45_20/train/airport/airport_397.tif
train	airport	1	airport_399.tif	airport/airport_399.tif	NWPU45_20/train/airport/airport_399.tif
train	airport	1	airport_415.tif	airport/airport_415.tif	NWPU45_20/train/airport/airport_415.tif
train	airport	1	airport_416.tif	airport/airport_416.tif	NWPU45_20/train/airport/airport_416.tif
train	airport	1	airport_417.tif	airport/airport_417.tif	NWPU45_20/train/airport/airport_417.tif
train	airport	1	airport_418.tif	airport/airport_418.tif	NWPU45_20/train/airport/airport_418.tif
train	airport	1	airport_420.tif	airport/airport_420.tif	NWPU45_20/train/airport/airport_420.tif
train	airport	1	airport_421.tif	airport/airport_421.tif	NWPU45_20/train/airport/airport_421.tif
train	airport	1	airport_427.tif	airport/airport_427.tif	NWPU45_20/train/airport/airport_427.tif
train	airport	1	airport_454.tif	airport/airport_454.tif	NWPU45_20/train/airport/airport_454.tif
train	airport	1	airport_455.tif	airport/airport_455.tif	NWPU45_20/train/airport/airport_455.tif
train	airport	1	airport_459.tif	airport/airport_459.tif	NWPU45_20/train/airport/airport_459.tif
train	airport	1	airport_468.tif	airport/airport_468.tif	NWPU45_20/train/airport/airport_468.tif
train	airport	1	airport_473.tif	airport/airport_473.tif	NWPU45_20/train/airport/airport_473.tif
train	airport	1	airport_476.tif	airport/airport_476.tif	NWPU45_20/train/airport/airport_476.tif
train	airport	1	airport_478.tif	airport/airport_478.tif	NWPU45_20/train/airport/airport_478.tif
train	airport	1	airport_491.tif	airport/airport_491.tif	NWPU45_20/train/airport/airport_491.tif
train	airport	1	airport_497.tif	airport/airport_497.tif	NWPU45_20/train/airport/airport_497.tif
train	airport	1	airport_505.tif	airport/airport_505.tif	NWPU45_20/train/airport/airport_505.tif
train	airport	1	airport_508.tif	airport/airport_508.tif	NWPU45_20/train/airport/airport_508.tif
train	airport	1	airport_509.tif	airport/airport_509.tif	NWPU45_20/train/airport/airport_509.tif
train	airport	1	airport_516.tif	airport/airport_516.tif	NWPU45_20/train/airport/airport_516.tif
train	airport	1	airport_521.tif	airport/airport_521.tif	NWPU45_20/train/airport/airport_521.tif
train	airport	1	airport_523.tif	airport/airport_523.tif	NWPU45_20/train/airport/airport_523.tif
train	airport	1	airport_527.tif	airport/airport_527.tif	NWPU45_20/train/airport/airport_527.tif
train	airport	1	airport_537.tif	airport/airport_537.tif	NWPU45_20/train/airport/airport_537.tif
train	airport	1	airport_539.tif	airport/airport_539.tif	NWPU45_20/train/airport/airport_539.tif
train	airport	1	airport_543.tif	airport/airport_543.tif	NWPU45_20/train/airport/airport_543.tif
train	airport	1	airport_558.tif	airport/airport_558.tif	NWPU45_20/train/airport/airport_558.tif
train	airport	1	airport_560.tif	airport/airport_560.tif	NWPU45_20/train/airport/airport_560.tif
train	airport	1	airport_563.tif	airport/airport_563.tif	NWPU45_20/train/airport/airport_563.tif
train	airport	1	airport_570.tif	airport/airport_570.tif	NWPU45_20/train/airport/airport_570.tif
train	airport	1	airport_572.tif	airport/airport_572.tif	NWPU45_20/train/airport/airport_572.tif
train	airport	1	airport_574.tif	airport/airport_574.tif	NWPU45_20/train/airport/airport_574.tif
train	airport	1	airport_579.tif	airport/airport_579.tif	NWPU45_20/train/airport/airport_579.tif
train	airport	1	airport_582.tif	airport/airport_582.tif	NWPU45_20/train/airport/airport_582.tif
train	airport	1	airport_584.tif	airport/airport_584.tif	NWPU45_20/train/airport/airport_584.tif
train	airport	1	airport_587.tif	airport/airport_587.tif	NWPU45_20/train/airport/airport_587.tif
train	airport	1	airport_588.tif	airport/airport_588.tif	NWPU45_20/train/airport/airport_588.tif
train	airport	1	airport_595.tif	airport/airport_595.tif	NWPU45_20/train/airport/airport_595.tif
train	airport	1	airport_621.tif	airport/airport_621.tif	NWPU45_20/train/airport/airport_621.tif
train	airport	1	airport_630.tif	airport/airport_630.tif	NWPU45_20/train/airport/airport_630.tif
train	airport	1	airport_631.tif	airport/airport_631.tif	NWPU45_20/train/airport/airport_631.tif
train	airport	1	airport_635.tif	airport/airport_635.tif	NWPU45_20/train/airport/airport_635.tif
train	airport	1	airport_640.tif	airport/airport_640.tif	NWPU45_20/train/airport/airport_640.tif
train	airport	1	airport_641.tif	airport/airport_641.tif	NWPU45_20/train/airport/airport_641.tif
train	airport	1	airport_643.tif	airport/airport_643.tif	NWPU45_20/train/airport/airport_643.tif
train	airport	1	airport_660.tif	airport/airport_660.tif	NWPU45_20/train/airport/airport_660.tif
train	airport	1	airport_662.tif	airport/airport_662.tif	NWPU45_20/train/airport/airport_662.tif
train	airport	1	airport_673.tif	airport/airport_673.tif	NWPU45_20/train/airport/airport_673.tif
train	airport	1	airport_674.tif	airport/airport_674.tif	NWPU45_20/train/airport/airport_674.tif
train	airport	1	airport_690.tif	airport/airport_690.tif	NWPU45_20/train/airport/airport_690.tif
train	airport	1	airport_695.tif	airport/airport_695.tif	NWPU45_20/train/airport/airport_695.tif
train	baseball_diamond	2	baseball_diamond_003.tif	baseball_diamond/baseball_diamond_003.tif	NWPU45_20/train/baseball_diamond/baseball_diamond_003.tif
train	baseball_diamond	2	baseball_diamond_006.tif	baseball_diamond/baseball_diamond_006.tif	NWPU45_20/train/baseball_diamond/baseball_diamond_006.tif
train	baseball_diamond	2	baseball_diamond_009.tif	baseball_diamond/baseball_diamond_009.tif	NWPU45_20/train/baseball_diamond/baseball_diamond_009.tif
train	baseball_diamond	2	baseball_diamond_011.tif	baseball_diamond/baseball_diamond_011.tif	NWPU45_20/train/baseball_diamond/baseball_diamond_011.tif
train	baseball_diamond	2	baseball_diamond_014.tif	baseball_diamond/baseball_diamond_014.tif	NWPU45_20/train/baseball_diamond/baseball_diamond_014.tif
train	baseball_diamond	2	baseball_diamond_015.tif	baseball_diamond/baseball_diamond_015.tif	NWPU45_20/train/baseball_diamond/baseball_diamond_015.tif
train	baseball_diamond	2	baseball_diamond_016.tif	baseball_diamond/baseball_diamond_016.tif	NWPU45_20/train/baseball_diamond/baseball_diamond_016.tif
train	baseball_diamond	2	baseball_diamond_025.tif	baseball_diamond/baseball_diamond_025.tif	NWPU45_20/train/baseball_diamond/baseball_diamond_025.tif
train	baseball_diamond	2	baseball_diamond_029.tif	baseball_diamond/baseball_diamond_029.tif	NWPU45_20/train/baseball_diamond/baseball_diamond_029.tif
train	baseball_diamond	2	baseball_diamond_034.tif	baseball_diamond/baseball_diamond_034.tif	NWPU45_20/train/baseball_diamond/baseball_diamond_034.tif
train	baseball_diamond	2	baseball_diamond_040.tif	baseball_diamond/baseball_diamond_040.tif	NWPU45_20/train/baseball_diamond/baseball_diamond_040.tif
train	baseball_diamond	2	baseball_diamond_041.tif	baseball_diamond/baseball_diamond_041.tif	NWPU45_20/train/baseball_diamond/baseball_diamond_041.tif
train	baseball_diamond	2	baseball_diamond_043.tif	baseball_diamond/baseball_diamond_043.tif	NWPU45_20/train/baseball_diamond/baseball_diamond_043.tif
train	baseball_diamond	2	baseball_diamond_057.tif	baseball_diamond/baseball_diamond_057.tif	NWPU45_20/train/baseball_diamond/baseball_diamond_057.tif
train	baseball_diamond	2	baseball_diamond_059.tif	baseball_diamond/baseball_diamond_059.tif	NWPU45_20/train/baseball_diamond/baseball_diamond_059.tif
train	baseball_diamond	2	baseball_diamond_064.tif	baseball_diamond/baseball_diamond_064.tif	NWPU45_20/train/baseball_diamond/baseball_diamond_064.tif
train	baseball_diamond	2	baseball_diamond_065.tif	baseball_diamond/baseball_diamond_065.tif	NWPU45_20/train/baseball_diamond/baseball_diamond_065.tif
train	baseball_diamond	2	baseball_diamond_070.tif	baseball_diamond/baseball_diamond_070.tif	NWPU45_20/train/baseball_diamond/baseball_diamond_070.tif
train	baseball_diamond	2	baseball_diamond_075.tif	baseball_diamond/baseball_diamond_075.tif	NWPU45_20/train/baseball_diamond/baseball_diamond_075.tif
train	baseball_diamond	2	baseball_diamond_079.tif	baseball_diamond/baseball_diamond_079.tif	NWPU45_20/train/baseball_diamond/baseball_diamond_079.tif
train	baseball_diamond	2	baseball_diamond_087.tif	baseball_diamond/baseball_diamond_087.tif	NWPU45_20/train/baseball_diamond/baseball_diamond_087.tif
train	baseball_diamond	2	baseball_diamond_093.tif	baseball_diamond/baseball_diamond_093.tif	NWPU45_20/train/baseball_diamond/baseball_diamond_093.tif
train	baseball_diamond	2	baseball_diamond_097.tif	baseball_diamond/baseball_diamond_097.tif	NWPU45_20/train/baseball_diamond/baseball_diamond_097.tif
train	baseball_diamond	2	baseball_diamond_101.tif	baseball_diamond/baseball_diamond_101.tif	NWPU45_20/train/baseball_diamond/baseball_diamond_101.tif
train	baseball_diamond	2	baseball_diamond_102.tif	baseball_diamond/baseball_diamond_102.tif	NWPU45_20/train/baseball_diamond/baseball_diamond_102.tif
train	baseball_diamond	2	baseball_diamond_106.tif	baseball_diamond/baseball_diamond_106.tif	NWPU45_20/train/baseball_diamond/baseball_diamond_106.tif
train	baseball_diamond	2	baseball_diamond_107.tif	baseball_diamond/baseball_diamond_107.tif	NWPU45_20/train/baseball_diamond/baseball_diamond_107.tif
train	baseball_diamond	2	baseball_diamond_116.tif	baseball_diamond/baseball_diamond_116.tif	NWPU45_20/train/baseball_diamond/baseball_diamond_116.tif
train	baseball_diamond	2	baseball_diamond_119.tif	baseball_diamond/baseball_diamond_119.tif	NWPU45_20/train/baseball_diamond/baseball_diamond_119.tif
train	baseball_diamond	2	baseball_diamond_133.tif	baseball_diamond/baseball_diamond_133.tif	NWPU45_20/train/baseball_diamond/baseball_diamond_133.tif
train	baseball_diamond	2	baseball_diamond_139.tif	baseball_diamond/baseball_diamond_139.tif	NWPU45_20/train/baseball_diamond/baseball_diamond_139.tif
train	baseball_diamond	2	baseball_diamond_144.tif	baseball_diamond/baseball_diamond_144.tif	NWPU45_20/train/baseball_diamond/baseball_diamond_144.tif
train	baseball_diamond	2	baseball_diamond_150.tif	baseball_diamond/baseball_diamond_150.tif	NWPU45_20/train/baseball_diamond/baseball_diamond_150.tif
train	baseball_diamond	2	baseball_diamond_151.tif	baseball_diamond/baseball_diamond_151.tif	NWPU45_20/train/baseball_diamond/baseball_diamond_151.tif
train	baseball_diamond	2	baseball_diamond_159.tif	baseball_diamond/baseball_diamond_159.tif	NWPU45_20/train/baseball_diamond/baseball_diamond_159.tif
train	baseball_diamond	2	baseball_diamond_173.tif	baseball_diamond/baseball_diamond_173.tif	NWPU45_20/train/baseball_diamond/baseball_diamond_173.tif
train	baseball_diamond	2	baseball_diamond_175.tif	baseball_diamond/baseball_diamond_175.tif	NWPU45_20/train/baseball_diamond/baseball_diamond_175.tif
train	baseball_diamond	2	baseball_diamond_177.tif	baseball_diamond/baseball_diamond_177.tif	NWPU45_20/train/baseball_diamond/baseball_diamond_177.tif
train	baseball_diamond	2	baseball_diamond_178.tif	baseball_diamond/baseball_diamond_178.tif	NWPU45_20/train/baseball_diamond/baseball_diamond_178.tif
train	baseball_diamond	2	baseball_diamond_181.tif	baseball_diamond/baseball_diamond_181.tif	NWPU45_20/train/baseball_diamond/baseball_diamond_181.tif
train	baseball_diamond	2	baseball_diamond_186.tif	baseball_diamond/baseball_diamond_186.tif	NWPU45_20/train/baseball_diamond/baseball_diamond_186.tif
train	baseball_diamond	2	baseball_diamond_191.tif	baseball_diamond/baseball_diamond_191.tif	NWPU45_20/train/baseball_diamond/baseball_diamond_191.tif
train	baseball_diamond	2	baseball_diamond_193.tif	baseball_diamond/baseball_diamond_193.tif	NWPU45_20/train/baseball_diamond/baseball_diamond_193.tif
train	baseball_diamond	2	baseball_diamond_194.tif	baseball_diamond/baseball_diamond_194.tif	NWPU45_20/train/baseball_diamond/baseball_diamond_194.tif
train	baseball_diamond	2	baseball_diamond_199.tif	baseball_diamond/baseball_diamond_199.tif	NWPU45_20/train/baseball_diamond/baseball_diamond_199.tif
train	baseball_diamond	2	baseball_diamond_201.tif	baseball_diamond/baseball_diamond_201.tif	NWPU45_20/train/baseball_diamond/baseball_diamond_201.tif
train	baseball_diamond	2	baseball_diamond_205.tif	baseball_diamond/baseball_diamond_205.tif	NWPU45_20/train/baseball_diamond/baseball_diamond_205.tif
train	baseball_diamond	2	baseball_diamond_208.tif	baseball_diamond/baseball_diamond_208.tif	NWPU45_20/train/baseball_diamond/baseball_diamond_208.tif
train	baseball_diamond	2	baseball_diamond_210.tif	baseball_diamond/baseball_diamond_210.tif	NWPU45_20/train/baseball_diamond/baseball_diamond_210.tif
train	baseball_diamond	2	baseball_diamond_213.tif	baseball_diamond/baseball_diamond_213.tif	NWPU45_20/train/baseball_diamond/baseball_diamond_213.tif
train	baseball_diamond	2	baseball_diamond_228.tif	baseball_diamond/baseball_diamond_228.tif	NWPU45_20/train/baseball_diamond/baseball_diamond_228.tif
train	baseball_diamond	2	baseball_diamond_242.tif	baseball_diamond/baseball_diamond_242.tif	NWPU45_20/train/baseball_diamond/baseball_diamond_242.tif
train	baseball_diamond	2	baseball_diamond_244.tif	baseball_diamond/baseball_diamond_244.tif	NWPU45_20/train/baseball_diamond/baseball_diamond_244.tif
train	baseball_diamond	2	baseball_diamond_256.tif	baseball_diamond/baseball_diamond_256.tif	NWPU45_20/train/baseball_diamond/baseball_diamond_256.tif
train	baseball_diamond	2	baseball_diamond_257.tif	baseball_diamond/baseball_diamond_257.tif	NWPU45_20/train/baseball_diamond/baseball_diamond_257.tif
train	baseball_diamond	2	baseball_diamond_266.tif	baseball_diamond/baseball_diamond_266.tif	NWPU45_20/train/baseball_diamond/baseball_diamond_266.tif
train	baseball_diamond	2	baseball_diamond_267.tif	baseball_diamond/baseball_diamond_267.tif	NWPU45_20/train/baseball_diamond/baseball_diamond_267.tif
train	baseball_diamond	2	baseball_diamond_269.tif	baseball_diamond/baseball_diamond_269.tif	NWPU45_20/train/baseball_diamond/baseball_diamond_269.tif
train	baseball_diamond	2	baseball_diamond_273.tif	baseball_diamond/baseball_diamond_273.tif	NWPU45_20/train/baseball_diamond/baseball_diamond_273.tif
train	baseball_diamond	2	baseball_diamond_281.tif	baseball_diamond/baseball_diamond_281.tif	NWPU45_20/train/baseball_diamond/baseball_diamond_281.tif
train	baseball_diamond	2	baseball_diamond_294.tif	baseball_diamond/baseball_diamond_294.tif	NWPU45_20/train/baseball_diamond/baseball_diamond_294.tif
train	baseball_diamond	2	baseball_diamond_308.tif	baseball_diamond/baseball_diamond_308.tif	NWPU45_20/train/baseball_diamond/baseball_diamond_308.tif
train	baseball_diamond	2	baseball_diamond_309.tif	baseball_diamond/baseball_diamond_309.tif	NWPU45_20/train/baseball_diamond/baseball_diamond_309.tif
train	baseball_diamond	2	baseball_diamond_311.tif	baseball_diamond/baseball_diamond_311.tif	NWPU45_20/train/baseball_diamond/baseball_diamond_311.tif
train	baseball_diamond	2	baseball_diamond_312.tif	baseball_diamond/baseball_diamond_312.tif	NWPU45_20/train/baseball_diamond/baseball_diamond_312.tif
train	baseball_diamond	2	baseball_diamond_313.tif	baseball_diamond/baseball_diamond_313.tif	NWPU45_20/train/baseball_diamond/baseball_diamond_313.tif
train	baseball_diamond	2	baseball_diamond_316.tif	baseball_diamond/baseball_diamond_316.tif	NWPU45_20/train/baseball_diamond/baseball_diamond_316.tif
train	baseball_diamond	2	baseball_diamond_317.tif	baseball_diamond/baseball_diamond_317.tif	NWPU45_20/train/baseball_diamond/baseball_diamond_317.tif
train	baseball_diamond	2	baseball_diamond_322.tif	baseball_diamond/baseball_diamond_322.tif	NWPU45_20/train/baseball_diamond/baseball_diamond_322.tif
train	baseball_diamond	2	baseball_diamond_325.tif	baseball_diamond/baseball_diamond_325.tif	NWPU45_20/train/baseball_diamond/baseball_diamond_325.tif
train	baseball_diamond	2	baseball_diamond_327.tif	baseball_diamond/baseball_diamond_327.tif	NWPU45_20/train/baseball_diamond/baseball_diamond_327.tif
train	baseball_diamond	2	baseball_diamond_329.tif	baseball_diamond/baseball_diamond_329.tif	NWPU45_20/train/baseball_diamond/baseball_diamond_329.tif
train	baseball_diamond	2	baseball_diamond_336.tif	baseball_diamond/baseball_diamond_336.tif	NWPU45_20/train/baseball_diamond/baseball_diamond_336.tif
train	baseball_diamond	2	baseball_diamond_342.tif	baseball_diamond/baseball_diamond_342.tif	NWPU45_20/train/baseball_diamond/baseball_diamond_342.tif
train	baseball_diamond	2	baseball_diamond_348.tif	baseball_diamond/baseball_diamond_348.tif	NWPU45_20/train/baseball_diamond/baseball_diamond_348.tif
train	baseball_diamond	2	baseball_diamond_351.tif	baseball_diamond/baseball_diamond_351.tif	NWPU45_20/train/baseball_diamond/baseball_diamond_351.tif
train	baseball_diamond	2	baseball_diamond_354.tif	baseball_diamond/baseball_diamond_354.tif	NWPU45_20/train/baseball_diamond/baseball_diamond_354.tif
train	baseball_diamond	2	baseball_diamond_360.tif	baseball_diamond/baseball_diamond_360.tif	NWPU45_20/train/baseball_diamond/baseball_diamond_360.tif
train	baseball_diamond	2	baseball_diamond_365.tif	baseball_diamond/baseball_diamond_365.tif	NWPU45_20/train/baseball_diamond/baseball_diamond_365.tif
train	baseball_diamond	2	baseball_diamond_366.tif	baseball_diamond/baseball_diamond_366.tif	NWPU45_20/train/baseball_diamond/baseball_diamond_366.tif
train	baseball_diamond	2	baseball_diamond_367.tif	baseball_diamond/baseball_diamond_367.tif	NWPU45_20/train/baseball_diamond/baseball_diamond_367.tif
train	baseball_diamond	2	baseball_diamond_376.tif	baseball_diamond/baseball_diamond_376.tif	NWPU45_20/train/baseball_diamond/baseball_diamond_376.tif
train	baseball_diamond	2	baseball_diamond_379.tif	baseball_diamond/baseball_diamond_379.tif	NWPU45_20/train/baseball_diamond/baseball_diamond_379.tif
train	baseball_diamond	2	baseball_diamond_381.tif	baseball_diamond/baseball_diamond_381.tif	NWPU45_20/train/baseball_diamond/baseball_diamond_381.tif
train	baseball_diamond	2	baseball_diamond_385.tif	baseball_diamond/baseball_diamond_385.tif	NWPU45_20/train/baseball_diamond/baseball_diamond_385.tif
train	baseball_diamond	2	baseball_diamond_387.tif	baseball_diamond/baseball_diamond_387.tif	NWPU45_20/train/baseball_diamond/baseball_diamond_387.tif
train	baseball_diamond	2	baseball_diamond_396.tif	baseball_diamond/baseball_diamond_396.tif	NWPU45_20/train/baseball_diamond/baseball_diamond_396.tif
train	baseball_diamond	2	baseball_diamond_397.tif	baseball_diamond/baseball_diamond_397.tif	NWPU45_20/train/baseball_diamond/baseball_diamond_397.tif
train	baseball_diamond	2	baseball_diamond_399.tif	baseball_diamond/baseball_diamond_399.tif	NWPU45_20/train/baseball_diamond/baseball_diamond_399.tif
train	baseball_diamond	2	baseball_diamond_415.tif	baseball_diamond/baseball_diamond_415.tif	NWPU45_20/train/baseball_diamond/baseball_diamond_415.tif
train	baseball_diamond	2	baseball_diamond_416.tif	baseball_diamond/baseball_diamond_416.tif	NWPU45_20/train/baseball_diamond/baseball_diamond_416.tif
train	baseball_diamond	2	baseball_diamond_417.tif	baseball_diamond/baseball_diamond_417.tif	NWPU45_20/train/baseball_diamond/baseball_diamond_417.tif
train	baseball_diamond	2	baseball_diamond_418.tif	baseball_diamond/baseball_diamond_418.tif	NWPU45_20/train/baseball_diamond/baseball_diamond_418.tif
train	baseball_diamond	2	baseball_diamond_420.tif	baseball_diamond/baseball_diamond_420.tif	NWPU45_20/train/baseball_diamond/baseball_diamond_420.tif
train	baseball_diamond	2	baseball_diamond_421.tif	baseball_diamond/baseball_diamond_421.tif	NWPU45_20/train/baseball_diamond/baseball_diamond_421.tif
train	baseball_diamond	2	baseball_diamond_427.tif	baseball_diamond/baseball_diamond_427.tif	NWPU45_20/train/baseball_diamond/baseball_diamond_427.tif
train	baseball_diamond	2	baseball_diamond_454.tif	baseball_diamond/baseball_diamond_454.tif	NWPU45_20/train/baseball_diamond/baseball_diamond_454.tif
train	baseball_diamond	2	baseball_diamond_455.tif	baseball_diamond/baseball_diamond_455.tif	NWPU45_20/train/baseball_diamond/baseball_diamond_455.tif
train	baseball_diamond	2	baseball_diamond_459.tif	baseball_diamond/baseball_diamond_459.tif	NWPU45_20/train/baseball_diamond/baseball_diamond_459.tif
train	baseball_diamond	2	baseball_diamond_468.tif	baseball_diamond/baseball_diamond_468.tif	NWPU45_20/train/baseball_diamond/baseball_diamond_468.tif
train	baseball_diamond	2	baseball_diamond_473.tif	baseball_diamond/baseball_diamond_473.tif	NWPU45_20/train/baseball_diamond/baseball_diamond_473.tif
train	baseball_diamond	2	baseball_diamond_476.tif	baseball_diamond/baseball_diamond_476.tif	NWPU45_20/train/baseball_diamond/baseball_diamond_476.tif
train	baseball_diamond	2	baseball_diamond_478.tif	baseball_diamond/baseball_diamond_478.tif	NWPU45_20/train/baseball_diamond/baseball_diamond_478.tif
train	baseball_diamond	2	baseball_diamond_491.tif	baseball_diamond/baseball_diamond_491.tif	NWPU45_20/train/baseball_diamond/baseball_diamond_491.tif
train	baseball_diamond	2	baseball_diamond_497.tif	baseball_diamond/baseball_diamond_497.tif	NWPU45_20/train/baseball_diamond/baseball_diamond_497.tif
train	baseball_diamond	2	baseball_diamond_505.tif	baseball_diamond/baseball_diamond_505.tif	NWPU45_20/train/baseball_diamond/baseball_diamond_505.tif
train	baseball_diamond	2	baseball_diamond_508.tif	baseball_diamond/baseball_diamond_508.tif	NWPU45_20/train/baseball_diamond/baseball_diamond_508.tif
train	baseball_diamond	2	baseball_diamond_509.tif	baseball_diamond/baseball_diamond_509.tif	NWPU45_20/train/baseball_diamond/baseball_diamond_509.tif
train	baseball_diamond	2	baseball_diamond_516.tif	baseball_diamond/baseball_diamond_516.tif	NWPU45_20/train/baseball_diamond/baseball_diamond_516.tif
train	baseball_diamond	2	baseball_diamond_521.tif	baseball_diamond/baseball_diamond_521.tif	NWPU45_20/train/baseball_diamond/baseball_diamond_521.tif
train	baseball_diamond	2	baseball_diamond_523.tif	baseball_diamond/baseball_diamond_523.tif	NWPU45_20/train/baseball_diamond/baseball_diamond_523.tif
train	baseball_diamond	2	baseball_diamond_527.tif	baseball_diamond/baseball_diamond_527.tif	NWPU45_20/train/baseball_diamond/baseball_diamond_527.tif
train	baseball_diamond	2	baseball_diamond_537.tif	baseball_diamond/baseball_diamond_537.tif	NWPU45_20/train/baseball_diamond/baseball_diamond_537.tif
train	baseball_diamond	2	baseball_diamond_539.tif	baseball_diamond/baseball_diamond_539.tif	NWPU45_20/train/baseball_diamond/baseball_diamond_539.tif
train	baseball_diamond	2	baseball_diamond_543.tif	baseball_diamond/baseball_diamond_543.tif	NWPU45_20/train/baseball_diamond/baseball_diamond_543.tif
train	baseball_diamond	2	baseball_diamond_558.tif	baseball_diamond/baseball_diamond_558.tif	NWPU45_20/train/baseball_diamond/baseball_diamond_558.tif
train	baseball_diamond	2	baseball_diamond_560.tif	baseball_diamond/baseball_diamond_560.tif	NWPU45_20/train/baseball_diamond/baseball_diamond_560.tif
train	baseball_diamond	2	baseball_diamond_563.tif	baseball_diamond/baseball_diamond_563.tif	NWPU45_20/train/baseball_diamond/baseball_diamond_563.tif
train	baseball_diamond	2	baseball_diamond_570.tif	baseball_diamond/baseball_diamond_570.tif	NWPU45_20/train/baseball_diamond/baseball_diamond_570.tif
train	baseball_diamond	2	baseball_diamond_572.tif	baseball_diamond/baseball_diamond_572.tif	NWPU45_20/train/baseball_diamond/baseball_diamond_572.tif
train	baseball_diamond	2	baseball_diamond_574.tif	baseball_diamond/baseball_diamond_574.tif	NWPU45_20/train/baseball_diamond/baseball_diamond_574.tif
train	baseball_diamond	2	baseball_diamond_579.tif	baseball_diamond/baseball_diamond_579.tif	NWPU45_20/train/baseball_diamond/baseball_diamond_579.tif
train	baseball_diamond	2	baseball_diamond_582.tif	baseball_diamond/baseball_diamond_582.tif	NWPU45_20/train/baseball_diamond/baseball_diamond_582.tif
train	baseball_diamond	2	baseball_diamond_584.tif	baseball_diamond/baseball_diamond_584.tif	NWPU45_20/train/baseball_diamond/baseball_diamond_584.tif
train	baseball_diamond	2	baseball_diamond_587.tif	baseball_diamond/baseball_diamond_587.tif	NWPU45_20/train/baseball_diamond/baseball_diamond_587.tif
train	baseball_diamond	2	baseball_diamond_588.tif	baseball_diamond/baseball_diamond_588.tif	NWPU45_20/train/baseball_diamond/baseball_diamond_588.tif
train	baseball_diamond	2	baseball_diamond_595.tif	baseball_diamond/baseball_diamond_595.tif	NWPU45_20/train/baseball_diamond/baseball_diamond_595.tif
train	baseball_diamond	2	baseball_diamond_621.tif	baseball_diamond/baseball_diamond_621.tif	NWPU45_20/train/baseball_diamond/baseball_diamond_621.tif
train	baseball_diamond	2	baseball_diamond_630.tif	baseball_diamond/baseball_diamond_630.tif	NWPU45_20/train/baseball_diamond/baseball_diamond_630.tif
train	baseball_diamond	2	baseball_diamond_631.tif	baseball_diamond/baseball_diamond_631.tif	NWPU45_20/train/baseball_diamond/baseball_diamond_631.tif
train	baseball_diamond	2	baseball_diamond_635.tif	baseball_diamond/baseball_diamond_635.tif	NWPU45_20/train/baseball_diamond/baseball_diamond_635.tif
train	baseball_diamond	2	baseball_diamond_640.tif	baseball_diamond/baseball_diamond_640.tif	NWPU45_20/train/baseball_diamond/baseball_diamond_640.tif
train	baseball_diamond	2	baseball_diamond_641.tif	baseball_diamond/baseball_diamond_641.tif	NWPU45_20/train/baseball_diamond/baseball_diamond_641.tif
train	baseball_diamond	2	baseball_diamond_643.tif	baseball_diamond/baseball_diamond_643.tif	NWPU45_20/train/baseball_diamond/baseball_diamond_643.tif
train	baseball_diamond	2	baseball_diamond_660.tif	baseball_diamond/baseball_diamond_660.tif	NWPU45_20/train/baseball_diamond/baseball_diamond_660.tif
train	baseball_diamond	2	baseball_diamond_662.tif	baseball_diamond/baseball_diamond_662.tif	NWPU45_20/train/baseball_diamond/baseball_diamond_662.tif
train	baseball_diamond	2	baseball_diamond_673.tif	baseball_diamond/baseball_diamond_673.tif	NWPU45_20/train/baseball_diamond/baseball_diamond_673.tif
train	baseball_diamond	2	baseball_diamond_674.tif	baseball_diamond/baseball_diamond_674.tif	NWPU45_20/train/baseball_diamond/baseball_diamond_674.tif
train	baseball_diamond	2	baseball_diamond_690.tif	baseball_diamond/baseball_diamond_690.tif	NWPU45_20/train/baseball_diamond/baseball_diamond_690.tif
train	baseball_diamond	2	baseball_diamond_695.tif	baseball_diamond/baseball_diamond_695.tif	NWPU45_20/train/baseball_diamond/baseball_diamond_695.tif
train	basketball_court	3	basketball_court_003.tif	basketball_court/basketball_court_003.tif	NWPU45_20/train/basketball_court/basketball_court_003.tif
train	basketball_court	3	basketball_court_006.tif	basketball_court/basketball_court_006.tif	NWPU45_20/train/basketball_court/basketball_court_006.tif
train	basketball_court	3	basketball_court_009.tif	basketball_court/basketball_court_009.tif	NWPU45_20/train/basketball_court/basketball_court_009.tif
train	basketball_court	3	basketball_court_011.tif	basketball_court/basketball_court_011.tif	NWPU45_20/train/basketball_court/basketball_court_011.tif
train	basketball_court	3	basketball_court_014.tif	basketball_court/basketball_court_014.tif	NWPU45_20/train/basketball_court/basketball_court_014.tif
train	basketball_court	3	basketball_court_015.tif	basketball_court/basketball_court_015.tif	NWPU45_20/train/basketball_court/basketball_court_015.tif
train	basketball_court	3	basketball_court_016.tif	basketball_court/basketball_court_016.tif	NWPU45_20/train/basketball_court/basketball_court_016.tif
train	basketball_court	3	basketball_court_025.tif	basketball_court/basketball_court_025.tif	NWPU45_20/train/basketball_court/basketball_court_025.tif
train	basketball_court	3	basketball_court_029.tif	basketball_court/basketball_court_029.tif	NWPU45_20/train/basketball_court/basketball_court_029.tif
train	basketball_court	3	basketball_court_034.tif	basketball_court/basketball_court_034.tif	NWPU45_20/train/basketball_court/basketball_court_034.tif
train	basketball_court	3	basketball_court_040.tif	basketball_court/basketball_court_040.tif	NWPU45_20/train/basketball_court/basketball_court_040.tif
train	basketball_court	3	basketball_court_041.tif	basketball_court/basketball_court_041.tif	NWPU45_20/train/basketball_court/basketball_court_041.tif
train	basketball_court	3	basketball_court_043.tif	basketball_court/basketball_court_043.tif	NWPU45_20/train/basketball_court/basketball_court_043.tif
train	basketball_court	3	basketball_court_057.tif	basketball_court/basketball_court_057.tif	NWPU45_20/train/basketball_court/basketball_court_057.tif
train	basketball_court	3	basketball_court_059.tif	basketball_court/basketball_court_059.tif	NWPU45_20/train/basketball_court/basketball_court_059.tif
train	basketball_court	3	basketball_court_064.tif	basketball_court/basketball_court_064.tif	NWPU45_20/train/basketball_court/basketball_court_064.tif
train	basketball_court	3	basketball_court_065.tif	basketball_court/basketball_court_065.tif	NWPU45_20/train/basketball_court/basketball_court_065.tif
train	basketball_court	3	basketball_court_070.tif	basketball_court/basketball_court_070.tif	NWPU45_20/train/basketball_court/basketball_court_070.tif
train	basketball_court	3	basketball_court_075.tif	basketball_court/basketball_court_075.tif	NWPU45_20/train/basketball_court/basketball_court_075.tif
train	basketball_court	3	basketball_court_079.tif	basketball_court/basketball_court_079.tif	NWPU45_20/train/basketball_court/basketball_court_079.tif
train	basketball_court	3	basketball_court_087.tif	basketball_court/basketball_court_087.tif	NWPU45_20/train/basketball_court/basketball_court_087.tif
train	basketball_court	3	basketball_court_093.tif	basketball_court/basketball_court_093.tif	NWPU45_20/train/basketball_court/basketball_court_093.tif
train	basketball_court	3	basketball_court_097.tif	basketball_court/basketball_court_097.tif	NWPU45_20/train/basketball_court/basketball_court_097.tif
train	basketball_court	3	basketball_court_101.tif	basketball_court/basketball_court_101.tif	NWPU45_20/train/basketball_court/basketball_court_101.tif
train	basketball_court	3	basketball_court_102.tif	basketball_court/basketball_court_102.tif	NWPU45_20/train/basketball_court/basketball_court_102.tif
train	basketball_court	3	basketball_court_106.tif	basketball_court/basketball_court_106.tif	NWPU45_20/train/basketball_court/basketball_court_106.tif
train	basketball_court	3	basketball_court_107.tif	basketball_court/basketball_court_107.tif	NWPU45_20/train/basketball_court/basketball_court_107.tif
train	basketball_court	3	basketball_court_116.tif	basketball_court/basketball_court_116.tif	NWPU45_20/train/basketball_court/basketball_court_116.tif
train	basketball_court	3	basketball_court_119.tif	basketball_court/basketball_court_119.tif	NWPU45_20/train/basketball_court/basketball_court_119.tif
train	basketball_court	3	basketball_court_133.tif	basketball_court/basketball_court_133.tif	NWPU45_20/train/basketball_court/basketball_court_133.tif
train	basketball_court	3	basketball_court_139.tif	basketball_court/basketball_court_139.tif	NWPU45_20/train/basketball_court/basketball_court_139.tif
train	basketball_court	3	basketball_court_144.tif	basketball_court/basketball_court_144.tif	NWPU45_20/train/basketball_court/basketball_court_144.tif
train	basketball_court	3	basketball_court_150.tif	basketball_court/basketball_court_150.tif	NWPU45_20/train/basketball_court/basketball_court_150.tif
train	basketball_court	3	basketball_court_151.tif	basketball_court/basketball_court_151.tif	NWPU45_20/train/basketball_court/basketball_court_151.tif
train	basketball_court	3	basketball_court_159.tif	basketball_court/basketball_court_159.tif	NWPU45_20/train/basketball_court/basketball_court_159.tif
train	basketball_court	3	basketball_court_173.tif	basketball_court/basketball_court_173.tif	NWPU45_20/train/basketball_court/basketball_court_173.tif
train	basketball_court	3	basketball_court_175.tif	basketball_court/basketball_court_175.tif	NWPU45_20/train/basketball_court/basketball_court_175.tif
train	basketball_court	3	basketball_court_177.tif	basketball_court/basketball_court_177.tif	NWPU45_20/train/basketball_court/basketball_court_177.tif
train	basketball_court	3	basketball_court_178.tif	basketball_court/basketball_court_178.tif	NWPU45_20/train/basketball_court/basketball_court_178.tif
train	basketball_court	3	basketball_court_181.tif	basketball_court/basketball_court_181.tif	NWPU45_20/train/basketball_court/basketball_court_181.tif
train	basketball_court	3	basketball_court_186.tif	basketball_court/basketball_court_186.tif	NWPU45_20/train/basketball_court/basketball_court_186.tif
train	basketball_court	3	basketball_court_191.tif	basketball_court/basketball_court_191.tif	NWPU45_20/train/basketball_court/basketball_court_191.tif
train	basketball_court	3	basketball_court_193.tif	basketball_court/basketball_court_193.tif	NWPU45_20/train/basketball_court/basketball_court_193.tif
train	basketball_court	3	basketball_court_194.tif	basketball_court/basketball_court_194.tif	NWPU45_20/train/basketball_court/basketball_court_194.tif
train	basketball_court	3	basketball_court_199.tif	basketball_court/basketball_court_199.tif	NWPU45_20/train/basketball_court/basketball_court_199.tif
train	basketball_court	3	basketball_court_201.tif	basketball_court/basketball_court_201.tif	NWPU45_20/train/basketball_court/basketball_court_201.tif
train	basketball_court	3	basketball_court_205.tif	basketball_court/basketball_court_205.tif	NWPU45_20/train/basketball_court/basketball_court_205.tif
train	basketball_court	3	basketball_court_208.tif	basketball_court/basketball_court_208.tif	NWPU45_20/train/basketball_court/basketball_court_208.tif
train	basketball_court	3	basketball_court_210.tif	basketball_court/basketball_court_210.tif	NWPU45_20/train/basketball_court/basketball_court_210.tif
train	basketball_court	3	basketball_court_213.tif	basketball_court/basketball_court_213.tif	NWPU45_20/train/basketball_court/basketball_court_213.tif
train	basketball_court	3	basketball_court_228.tif	basketball_court/basketball_court_228.tif	NWPU45_20/train/basketball_court/basketball_court_228.tif
train	basketball_court	3	basketball_court_242.tif	basketball_court/basketball_court_242.tif	NWPU45_20/train/basketball_court/basketball_court_242.tif
train	basketball_court	3	basketball_court_244.tif	basketball_court/basketball_court_244.tif	NWPU45_20/train/basketball_court/basketball_court_244.tif
train	basketball_court	3	basketball_court_256.tif	basketball_court/basketball_court_256.tif	NWPU45_20/train/basketball_court/basketball_court_256.tif
train	basketball_court	3	basketball_court_257.tif	basketball_court/basketball_court_257.tif	NWPU45_20/train/basketball_court/basketball_court_257.tif
train	basketball_court	3	basketball_court_266.tif	basketball_court/basketball_court_266.tif	NWPU45_20/train/basketball_court/basketball_court_266.tif
train	basketball_court	3	basketball_court_267.tif	basketball_court/basketball_court_267.tif	NWPU45_20/train/basketball_court/basketball_court_267.tif
train	basketball_court	3	basketball_court_269.tif	basketball_court/basketball_court_269.tif	NWPU45_20/train/basketball_court/basketball_court_269.tif
train	basketball_court	3	basketball_court_273.tif	basketball_court/basketball_court_273.tif	NWPU45_20/train/basketball_court/basketball_court_273.tif
train	basketball_court	3	basketball_court_281.tif	basketball_court/basketball_court_281.tif	NWPU45_20/train/basketball_court/basketball_court_281.tif
train	basketball_court	3	basketball_court_294.tif	basketball_court/basketball_court_294.tif	NWPU45_20/train/basketball_court/basketball_court_294.tif
train	basketball_court	3	basketball_court_308.tif	basketball_court/basketball_court_308.tif	NWPU45_20/train/basketball_court/basketball_court_308.tif
train	basketball_court	3	basketball_court_309.tif	basketball_court/basketball_court_309.tif	NWPU45_20/train/basketball_court/basketball_court_309.tif
train	basketball_court	3	basketball_court_311.tif	basketball_court/basketball_court_311.tif	NWPU45_20/train/basketball_court/basketball_court_311.tif
train	basketball_court	3	basketball_court_312.tif	basketball_court/basketball_court_312.tif	NWPU45_20/train/basketball_court/basketball_court_312.tif
train	basketball_court	3	basketball_court_313.tif	basketball_court/basketball_court_313.tif	NWPU45_20/train/basketball_court/basketball_court_313.tif
train	basketball_court	3	basketball_court_316.tif	basketball_court/basketball_court_316.tif	NWPU45_20/train/basketball_court/basketball_court_316.tif
train	basketball_court	3	basketball_court_317.tif	basketball_court/basketball_court_317.tif	NWPU45_20/train/basketball_court/basketball_court_317.tif
train	basketball_court	3	basketball_court_322.tif	basketball_court/basketball_court_322.tif	NWPU45_20/train/basketball_court/basketball_court_322.tif
train	basketball_court	3	basketball_court_325.tif	basketball_court/basketball_court_325.tif	NWPU45_20/train/basketball_court/basketball_court_325.tif
train	basketball_court	3	basketball_court_327.tif	basketball_court/basketball_court_327.tif	NWPU45_20/train/basketball_court/basketball_court_327.tif
train	basketball_court	3	basketball_court_329.tif	basketball_court/basketball_court_329.tif	NWPU45_20/train/basketball_court/basketball_court_329.tif
train	basketball_court	3	basketball_court_336.tif	basketball_court/basketball_court_336.tif	NWPU45_20/train/basketball_court/basketball_court_336.tif
train	basketball_court	3	basketball_court_342.tif	basketball_court/basketball_court_342.tif	NWPU45_20/train/basketball_court/basketball_court_342.tif
train	basketball_court	3	basketball_court_348.tif	basketball_court/basketball_court_348.tif	NWPU45_20/train/basketball_court/basketball_court_348.tif
train	basketball_court	3	basketball_court_351.tif	basketball_court/basketball_court_351.tif	NWPU45_20/train/basketball_court/basketball_court_351.tif
train	basketball_court	3	basketball_court_354.tif	basketball_court/basketball_court_354.tif	NWPU45_20/train/basketball_court/basketball_court_354.tif
train	basketball_court	3	basketball_court_360.tif	basketball_court/basketball_court_360.tif	NWPU45_20/train/basketball_court/basketball_court_360.tif
train	basketball_court	3	basketball_court_365.tif	basketball_court/basketball_court_365.tif	NWPU45_20/train/basketball_court/basketball_court_365.tif
train	basketball_court	3	basketball_court_366.tif	basketball_court/basketball_court_366.tif	NWPU45_20/train/basketball_court/basketball_court_366.tif
train	basketball_court	3	basketball_court_367.tif	basketball_court/basketball_court_367.tif	NWPU45_20/train/basketball_court/basketball_court_367.tif
train	basketball_court	3	basketball_court_376.tif	basketball_court/basketball_court_376.tif	NWPU45_20/train/basketball_court/basketball_court_376.tif
train	basketball_court	3	basketball_court_379.tif	basketball_court/basketball_court_379.tif	NWPU45_20/train/basketball_court/basketball_court_379.tif
train	basketball_court	3	basketball_court_381.tif	basketball_court/basketball_court_381.tif	NWPU45_20/train/basketball_court/basketball_court_381.tif
train	basketball_court	3	basketball_court_385.tif	basketball_court/basketball_court_385.tif	NWPU45_20/train/basketball_court/basketball_court_385.tif
train	basketball_court	3	basketball_court_387.tif	basketball_court/basketball_court_387.tif	NWPU45_20/train/basketball_court/basketball_court_387.tif
train	basketball_court	3	basketball_court_396.tif	basketball_court/basketball_court_396.tif	NWPU45_20/train/basketball_court/basketball_court_396.tif
train	basketball_court	3	basketball_court_397.tif	basketball_court/basketball_court_397.tif	NWPU45_20/train/basketball_court/basketball_court_397.tif
train	basketball_court	3	basketball_court_399.tif	basketball_court/basketball_court_399.tif	NWPU45_20/train/basketball_court/basketball_court_399.tif
train	basketball_court	3	basketball_court_415.tif	basketball_court/basketball_court_415.tif	NWPU45_20/train/basketball_court/basketball_court_415.tif
train	basketball_court	3	basketball_court_416.tif	basketball_court/basketball_court_416.tif	NWPU45_20/train/basketball_court/basketball_court_416.tif
train	basketball_court	3	basketball_court_417.tif	basketball_court/basketball_court_417.tif	NWPU45_20/train/basketball_court/basketball_court_417.tif
train	basketball_court	3	basketball_court_418.tif	basketball_court/basketball_court_418.tif	NWPU45_20/train/basketball_court/basketball_court_418.tif
train	basketball_court	3	basketball_court_420.tif	basketball_court/basketball_court_420.tif	NWPU45_20/train/basketball_court/basketball_court_420.tif
train	basketball_court	3	basketball_court_421.tif	basketball_court/basketball_court_421.tif	NWPU45_20/train/basketball_court/basketball_court_421.tif
train	basketball_court	3	basketball_court_427.tif	basketball_court/basketball_court_427.tif	NWPU45_20/train/basketball_court/basketball_court_427.tif
train	basketball_court	3	basketball_court_454.tif	basketball_court/basketball_court_454.tif	NWPU45_20/train/basketball_court/basketball_court_454.tif
train	basketball_court	3	basketball_court_455.tif	basketball_court/basketball_court_455.tif	NWPU45_20/train/basketball_court/basketball_court_455.tif
train	basketball_court	3	basketball_court_459.tif	basketball_court/basketball_court_459.tif	NWPU45_20/train/basketball_court/basketball_court_459.tif
train	basketball_court	3	basketball_court_468.tif	basketball_court/basketball_court_468.tif	NWPU45_20/train/basketball_court/basketball_court_468.tif
train	basketball_court	3	basketball_court_473.tif	basketball_court/basketball_court_473.tif	NWPU45_20/train/basketball_court/basketball_court_473.tif
train	basketball_court	3	basketball_court_476.tif	basketball_court/basketball_court_476.tif	NWPU45_20/train/basketball_court/basketball_court_476.tif
train	basketball_court	3	basketball_court_478.tif	basketball_court/basketball_court_478.tif	NWPU45_20/train/basketball_court/basketball_court_478.tif
train	basketball_court	3	basketball_court_491.tif	basketball_court/basketball_court_491.tif	NWPU45_20/train/basketball_court/basketball_court_491.tif
train	basketball_court	3	basketball_court_497.tif	basketball_court/basketball_court_497.tif	NWPU45_20/train/basketball_court/basketball_court_497.tif
train	basketball_court	3	basketball_court_505.tif	basketball_court/basketball_court_505.tif	NWPU45_20/train/basketball_court/basketball_court_505.tif
train	basketball_court	3	basketball_court_508.tif	basketball_court/basketball_court_508.tif	NWPU45_20/train/basketball_court/basketball_court_508.tif
train	basketball_court	3	basketball_court_509.tif	basketball_court/basketball_court_509.tif	NWPU45_20/train/basketball_court/basketball_court_509.tif
train	basketball_court	3	basketball_court_516.tif	basketball_court/basketball_court_516.tif	NWPU45_20/train/basketball_court/basketball_court_516.tif
train	basketball_court	3	basketball_court_521.tif	basketball_court/basketball_court_521.tif	NWPU45_20/train/basketball_court/basketball_court_521.tif
train	basketball_court	3	basketball_court_523.tif	basketball_court/basketball_court_523.tif	NWPU45_20/train/basketball_court/basketball_court_523.tif
train	basketball_court	3	basketball_court_527.tif	basketball_court/basketball_court_527.tif	NWPU45_20/train/basketball_court/basketball_court_527.tif
train	basketball_court	3	basketball_court_537.tif	basketball_court/basketball_court_537.tif	NWPU45_20/train/basketball_court/basketball_court_537.tif
train	basketball_court	3	basketball_court_539.tif	basketball_court/basketball_court_539.tif	NWPU45_20/train/basketball_court/basketball_court_539.tif
train	basketball_court	3	basketball_court_543.tif	basketball_court/basketball_court_543.tif	NWPU45_20/train/basketball_court/basketball_court_543.tif
train	basketball_court	3	basketball_court_558.tif	basketball_court/basketball_court_558.tif	NWPU45_20/train/basketball_court/basketball_court_558.tif
train	basketball_court	3	basketball_court_560.tif	basketball_court/basketball_court_560.tif	NWPU45_20/train/basketball_court/basketball_court_560.tif
train	basketball_court	3	basketball_court_563.tif	basketball_court/basketball_court_563.tif	NWPU45_20/train/basketball_court/basketball_court_563.tif
train	basketball_court	3	basketball_court_570.tif	basketball_court/basketball_court_570.tif	NWPU45_20/train/basketball_court/basketball_court_570.tif
train	basketball_court	3	basketball_court_572.tif	basketball_court/basketball_court_572.tif	NWPU45_20/train/basketball_court/basketball_court_572.tif
train	basketball_court	3	basketball_court_574.tif	basketball_court/basketball_court_574.tif	NWPU45_20/train/basketball_court/basketball_court_574.tif
train	basketball_court	3	basketball_court_579.tif	basketball_court/basketball_court_579.tif	NWPU45_20/train/basketball_court/basketball_court_579.tif
train	basketball_court	3	basketball_court_582.tif	basketball_court/basketball_court_582.tif	NWPU45_20/train/basketball_court/basketball_court_582.tif
train	basketball_court	3	basketball_court_584.tif	basketball_court/basketball_court_584.tif	NWPU45_20/train/basketball_court/basketball_court_584.tif
train	basketball_court	3	basketball_court_587.tif	basketball_court/basketball_court_587.tif	NWPU45_20/train/basketball_court/basketball_court_587.tif
train	basketball_court	3	basketball_court_588.tif	basketball_court/basketball_court_588.tif	NWPU45_20/train/basketball_court/basketball_court_588.tif
train	basketball_court	3	basketball_court_595.tif	basketball_court/basketball_court_595.tif	NWPU45_20/train/basketball_court/basketball_court_595.tif
train	basketball_court	3	basketball_court_621.tif	basketball_court/basketball_court_621.tif	NWPU45_20/train/basketball_court/basketball_court_621.tif
train	basketball_court	3	basketball_court_630.tif	basketball_court/basketball_court_630.tif	NWPU45_20/train/basketball_court/basketball_court_630.tif
train	basketball_court	3	basketball_court_631.tif	basketball_court/basketball_court_631.tif	NWPU45_20/train/basketball_court/basketball_court_631.tif
train	basketball_court	3	basketball_court_635.tif	basketball_court/basketball_court_635.tif	NWPU45_20/train/basketball_court/basketball_court_635.tif
train	basketball_court	3	basketball_court_640.tif	basketball_court/basketball_court_640.tif	NWPU45_20/train/basketball_court/basketball_court_640.tif
train	basketball_court	3	basketball_court_641.tif	basketball_court/basketball_court_641.tif	NWPU45_20/train/basketball_court/basketball_court_641.tif
train	basketball_court	3	basketball_court_643.tif	basketball_court/basketball_court_643.tif	NWPU45_20/train/basketball_court/basketball_court_643.tif
train	basketball_court	3	basketball_court_660.tif	basketball_court/basketball_court_660.tif	NWPU45_20/train/basketball_court/basketball_court_660.tif
train	basketball_court	3	basketball_court_662.tif	basketball_court/basketball_court_662.tif	NWPU45_20/train/basketball_court/basketball_court_662.tif
train	basketball_court	3	basketball_court_673.tif	basketball_court/basketball_court_673.tif	NWPU45_20/train/basketball_court/basketball_court_673.tif
train	basketball_court	3	basketball_court_674.tif	basketball_court/basketball_court_674.tif	NWPU45_20/train/basketball_court/basketball_court_674.tif
train	basketball_court	3	basketball_court_690.tif	basketball_court/basketball_court_690.tif	NWPU45_20/train/basketball_court/basketball_court_690.tif
train	basketball_court	3	basketball_court_695.tif	basketball_court/basketball_court_695.tif	NWPU45_20/train/basketball_court/basketball_court_695.tif
train	beach	4	beach_003.tif	beach/beach_003.tif	NWPU45_20/train/beach/beach_003.tif
train	beach	4	beach_006.tif	beach/beach_006.tif	NWPU45_20/train/beach/beach_006.tif
train	beach	4	beach_009.tif	beach/beach_009.tif	NWPU45_20/train/beach/beach_009.tif
train	beach	4	beach_011.tif	beach/beach_011.tif	NWPU45_20/train/beach/beach_011.tif
train	beach	4	beach_014.tif	beach/beach_014.tif	NWPU45_20/train/beach/beach_014.tif
train	beach	4	beach_015.tif	beach/beach_015.tif	NWPU45_20/train/beach/beach_015.tif
train	beach	4	beach_016.tif	beach/beach_016.tif	NWPU45_20/train/beach/beach_016.tif
train	beach	4	beach_025.tif	beach/beach_025.tif	NWPU45_20/train/beach/beach_025.tif
train	beach	4	beach_029.tif	beach/beach_029.tif	NWPU45_20/train/beach/beach_029.tif
train	beach	4	beach_034.tif	beach/beach_034.tif	NWPU45_20/train/beach/beach_034.tif
train	beach	4	beach_040.tif	beach/beach_040.tif	NWPU45_20/train/beach/beach_040.tif
train	beach	4	beach_041.tif	beach/beach_041.tif	NWPU45_20/train/beach/beach_041.tif
train	beach	4	beach_043.tif	beach/beach_043.tif	NWPU45_20/train/beach/beach_043.tif
train	beach	4	beach_057.tif	beach/beach_057.tif	NWPU45_20/train/beach/beach_057.tif
train	beach	4	beach_059.tif	beach/beach_059.tif	NWPU45_20/train/beach/beach_059.tif
train	beach	4	beach_064.tif	beach/beach_064.tif	NWPU45_20/train/beach/beach_064.tif
train	beach	4	beach_065.tif	beach/beach_065.tif	NWPU45_20/train/beach/beach_065.tif
train	beach	4	beach_070.tif	beach/beach_070.tif	NWPU45_20/train/beach/beach_070.tif
train	beach	4	beach_075.tif	beach/beach_075.tif	NWPU45_20/train/beach/beach_075.tif
train	beach	4	beach_079.tif	beach/beach_079.tif	NWPU45_20/train/beach/beach_079.tif
train	beach	4	beach_087.tif	beach/beach_087.tif	NWPU45_20/train/beach/beach_087.tif
train	beach	4	beach_093.tif	beach/beach_093.tif	NWPU45_20/train/beach/beach_093.tif
train	beach	4	beach_097.tif	beach/beach_097.tif	NWPU45_20/train/beach/beach_097.tif
train	beach	4	beach_101.tif	beach/beach_101.tif	NWPU45_20/train/beach/beach_101.tif
train	beach	4	beach_102.tif	beach/beach_102.tif	NWPU45_20/train/beach/beach_102.tif
train	beach	4	beach_106.tif	beach/beach_106.tif	NWPU45_20/train/beach/beach_106.tif
train	beach	4	beach_107.tif	beach/beach_107.tif	NWPU45_20/train/beach/beach_107.tif
train	beach	4	beach_116.tif	beach/beach_116.tif	NWPU45_20/train/beach/beach_116.tif
train	beach	4	beach_119.tif	beach/beach_119.tif	NWPU45_20/train/beach/beach_119.tif
train	beach	4	beach_133.tif	beach/beach_133.tif	NWPU45_20/train/beach/beach_133.tif
train	beach	4	beach_139.tif	beach/beach_139.tif	NWPU45_20/train/beach/beach_139.tif
train	beach	4	beach_144.tif	beach/beach_144.tif	NWPU45_20/train/beach/beach_144.tif
train	beach	4	beach_150.tif	beach/beach_150.tif	NWPU45_20/train/beach/beach_150.tif
train	beach	4	beach_151.tif	beach/beach_151.tif	NWPU45_20/train/beach/beach_151.tif
train	beach	4	beach_159.tif	beach/beach_159.tif	NWPU45_20/train/beach/beach_159.tif
train	beach	4	beach_173.tif	beach/beach_173.tif	NWPU45_20/train/beach/beach_173.tif
train	beach	4	beach_175.tif	beach/beach_175.tif	NWPU45_20/train/beach/beach_175.tif
train	beach	4	beach_177.tif	beach/beach_177.tif	NWPU45_20/train/beach/beach_177.tif
train	beach	4	beach_178.tif	beach/beach_178.tif	NWPU45_20/train/beach/beach_178.tif
train	beach	4	beach_181.tif	beach/beach_181.tif	NWPU45_20/train/beach/beach_181.tif
train	beach	4	beach_186.tif	beach/beach_186.tif	NWPU45_20/train/beach/beach_186.tif
train	beach	4	beach_191.tif	beach/beach_191.tif	NWPU45_20/train/beach/beach_191.tif
train	beach	4	beach_193.tif	beach/beach_193.tif	NWPU45_20/train/beach/beach_193.tif
train	beach	4	beach_194.tif	beach/beach_194.tif	NWPU45_20/train/beach/beach_194.tif
train	beach	4	beach_199.tif	beach/beach_199.tif	NWPU45_20/train/beach/beach_199.tif
train	beach	4	beach_201.tif	beach/beach_201.tif	NWPU45_20/train/beach/beach_201.tif
train	beach	4	beach_205.tif	beach/beach_205.tif	NWPU45_20/train/beach/beach_205.tif
train	beach	4	beach_208.tif	beach/beach_208.tif	NWPU45_20/train/beach/beach_208.tif
train	beach	4	beach_210.tif	beach/beach_210.tif	NWPU45_20/train/beach/beach_210.tif
train	beach	4	beach_213.tif	beach/beach_213.tif	NWPU45_20/train/beach/beach_213.tif
train	beach	4	beach_228.tif	beach/beach_228.tif	NWPU45_20/train/beach/beach_228.tif
train	beach	4	beach_242.tif	beach/beach_242.tif	NWPU45_20/train/beach/beach_242.tif
train	beach	4	beach_244.tif	beach/beach_244.tif	NWPU45_20/train/beach/beach_244.tif
train	beach	4	beach_256.tif	beach/beach_256.tif	NWPU45_20/train/beach/beach_256.tif
train	beach	4	beach_257.tif	beach/beach_257.tif	NWPU45_20/train/beach/beach_257.tif
train	beach	4	beach_266.tif	beach/beach_266.tif	NWPU45_20/train/beach/beach_266.tif
train	beach	4	beach_267.tif	beach/beach_267.tif	NWPU45_20/train/beach/beach_267.tif
train	beach	4	beach_269.tif	beach/beach_269.tif	NWPU45_20/train/beach/beach_269.tif
train	beach	4	beach_273.tif	beach/beach_273.tif	NWPU45_20/train/beach/beach_273.tif
train	beach	4	beach_281.tif	beach/beach_281.tif	NWPU45_20/train/beach/beach_281.tif
train	beach	4	beach_294.tif	beach/beach_294.tif	NWPU45_20/train/beach/beach_294.tif
train	beach	4	beach_308.tif	beach/beach_308.tif	NWPU45_20/train/beach/beach_308.tif
train	beach	4	beach_309.tif	beach/beach_309.tif	NWPU45_20/train/beach/beach_309.tif
train	beach	4	beach_311.tif	beach/beach_311.tif	NWPU45_20/train/beach/beach_311.tif
train	beach	4	beach_312.tif	beach/beach_312.tif	NWPU45_20/train/beach/beach_312.tif
train	beach	4	beach_313.tif	beach/beach_313.tif	NWPU45_20/train/beach/beach_313.tif
train	beach	4	beach_316.tif	beach/beach_316.tif	NWPU45_20/train/beach/beach_316.tif
train	beach	4	beach_317.tif	beach/beach_317.tif	NWPU45_20/train/beach/beach_317.tif
train	beach	4	beach_322.tif	beach/beach_322.tif	NWPU45_20/train/beach/beach_322.tif
train	beach	4	beach_325.tif	beach/beach_325.tif	NWPU45_20/train/beach/beach_325.tif
train	beach	4	beach_327.tif	beach/beach_327.tif	NWPU45_20/train/beach/beach_327.tif
train	beach	4	beach_329.tif	beach/beach_329.tif	NWPU45_20/train/beach/beach_329.tif
train	beach	4	beach_336.tif	beach/beach_336.tif	NWPU45_20/train/beach/beach_336.tif
train	beach	4	beach_342.tif	beach/beach_342.tif	NWPU45_20/train/beach/beach_342.tif
train	beach	4	beach_348.tif	beach/beach_348.tif	NWPU45_20/train/beach/beach_348.tif
train	beach	4	beach_351.tif	beach/beach_351.tif	NWPU45_20/train/beach/beach_351.tif
train	beach	4	beach_354.tif	beach/beach_354.tif	NWPU45_20/train/beach/beach_354.tif
train	beach	4	beach_360.tif	beach/beach_360.tif	NWPU45_20/train/beach/beach_360.tif
train	beach	4	beach_365.tif	beach/beach_365.tif	NWPU45_20/train/beach/beach_365.tif
train	beach	4	beach_366.tif	beach/beach_366.tif	NWPU45_20/train/beach/beach_366.tif
train	beach	4	beach_367.tif	beach/beach_367.tif	NWPU45_20/train/beach/beach_367.tif
train	beach	4	beach_376.tif	beach/beach_376.tif	NWPU45_20/train/beach/beach_376.tif
train	beach	4	beach_379.tif	beach/beach_379.tif	NWPU45_20/train/beach/beach_379.tif
train	beach	4	beach_381.tif	beach/beach_381.tif	NWPU45_20/train/beach/beach_381.tif
train	beach	4	beach_385.tif	beach/beach_385.tif	NWPU45_20/train/beach/beach_385.tif
train	beach	4	beach_387.tif	beach/beach_387.tif	NWPU45_20/train/beach/beach_387.tif
train	beach	4	beach_396.tif	beach/beach_396.tif	NWPU45_20/train/beach/beach_396.tif
train	beach	4	beach_397.tif	beach/beach_397.tif	NWPU45_20/train/beach/beach_397.tif
train	beach	4	beach_399.tif	beach/beach_399.tif	NWPU45_20/train/beach/beach_399.tif
train	beach	4	beach_415.tif	beach/beach_415.tif	NWPU45_20/train/beach/beach_415.tif
train	beach	4	beach_416.tif	beach/beach_416.tif	NWPU45_20/train/beach/beach_416.tif
train	beach	4	beach_417.tif	beach/beach_417.tif	NWPU45_20/train/beach/beach_417.tif
train	beach	4	beach_418.tif	beach/beach_418.tif	NWPU45_20/train/beach/beach_418.tif
train	beach	4	beach_420.tif	beach/beach_420.tif	NWPU45_20/train/beach/beach_420.tif
train	beach	4	beach_421.tif	beach/beach_421.tif	NWPU45_20/train/beach/beach_421.tif
train	beach	4	beach_427.tif	beach/beach_427.tif	NWPU45_20/train/beach/beach_427.tif
train	beach	4	beach_454.tif	beach/beach_454.tif	NWPU45_20/train/beach/beach_454.tif
train	beach	4	beach_455.tif	beach/beach_455.tif	NWPU45_20/train/beach/beach_455.tif
train	beach	4	beach_459.tif	beach/beach_459.tif	NWPU45_20/train/beach/beach_459.tif
train	beach	4	beach_468.tif	beach/beach_468.tif	NWPU45_20/train/beach/beach_468.tif
train	beach	4	beach_473.tif	beach/beach_473.tif	NWPU45_20/train/beach/beach_473.tif
train	beach	4	beach_476.tif	beach/beach_476.tif	NWPU45_20/train/beach/beach_476.tif
train	beach	4	beach_478.tif	beach/beach_478.tif	NWPU45_20/train/beach/beach_478.tif
train	beach	4	beach_491.tif	beach/beach_491.tif	NWPU45_20/train/beach/beach_491.tif
train	beach	4	beach_497.tif	beach/beach_497.tif	NWPU45_20/train/beach/beach_497.tif
train	beach	4	beach_505.tif	beach/beach_505.tif	NWPU45_20/train/beach/beach_505.tif
train	beach	4	beach_508.tif	beach/beach_508.tif	NWPU45_20/train/beach/beach_508.tif
train	beach	4	beach_509.tif	beach/beach_509.tif	NWPU45_20/train/beach/beach_509.tif
train	beach	4	beach_516.tif	beach/beach_516.tif	NWPU45_20/train/beach/beach_516.tif
train	beach	4	beach_521.tif	beach/beach_521.tif	NWPU45_20/train/beach/beach_521.tif
train	beach	4	beach_523.tif	beach/beach_523.tif	NWPU45_20/train/beach/beach_523.tif
train	beach	4	beach_527.tif	beach/beach_527.tif	NWPU45_20/train/beach/beach_527.tif
train	beach	4	beach_537.tif	beach/beach_537.tif	NWPU45_20/train/beach/beach_537.tif
train	beach	4	beach_539.tif	beach/beach_539.tif	NWPU45_20/train/beach/beach_539.tif
train	beach	4	beach_543.tif	beach/beach_543.tif	NWPU45_20/train/beach/beach_543.tif
train	beach	4	beach_558.tif	beach/beach_558.tif	NWPU45_20/train/beach/beach_558.tif
train	beach	4	beach_560.tif	beach/beach_560.tif	NWPU45_20/train/beach/beach_560.tif
train	beach	4	beach_563.tif	beach/beach_563.tif	NWPU45_20/train/beach/beach_563.tif
train	beach	4	beach_570.tif	beach/beach_570.tif	NWPU45_20/train/beach/beach_570.tif
train	beach	4	beach_572.tif	beach/beach_572.tif	NWPU45_20/train/beach/beach_572.tif
train	beach	4	beach_574.tif	beach/beach_574.tif	NWPU45_20/train/beach/beach_574.tif
train	beach	4	beach_579.tif	beach/beach_579.tif	NWPU45_20/train/beach/beach_579.tif
train	beach	4	beach_582.tif	beach/beach_582.tif	NWPU45_20/train/beach/beach_582.tif
train	beach	4	beach_584.tif	beach/beach_584.tif	NWPU45_20/train/beach/beach_584.tif
train	beach	4	beach_587.tif	beach/beach_587.tif	NWPU45_20/train/beach/beach_587.tif
train	beach	4	beach_588.tif	beach/beach_588.tif	NWPU45_20/train/beach/beach_588.tif
train	beach	4	beach_595.tif	beach/beach_595.tif	NWPU45_20/train/beach/beach_595.tif
train	beach	4	beach_621.tif	beach/beach_621.tif	NWPU45_20/train/beach/beach_621.tif
train	beach	4	beach_630.tif	beach/beach_630.tif	NWPU45_20/train/beach/beach_630.tif
train	beach	4	beach_631.tif	beach/beach_631.tif	NWPU45_20/train/beach/beach_631.tif
train	beach	4	beach_635.tif	beach/beach_635.tif	NWPU45_20/train/beach/beach_635.tif
train	beach	4	beach_640.tif	beach/beach_640.tif	NWPU45_20/train/beach/beach_640.tif
train	beach	4	beach_641.tif	beach/beach_641.tif	NWPU45_20/train/beach/beach_641.tif
train	beach	4	beach_643.tif	beach/beach_643.tif	NWPU45_20/train/beach/beach_643.tif
train	beach	4	beach_660.tif	beach/beach_660.tif	NWPU45_20/train/beach/beach_660.tif
train	beach	4	beach_662.tif	beach/beach_662.tif	NWPU45_20/train/beach/beach_662.tif
train	beach	4	beach_673.tif	beach/beach_673.tif	NWPU45_20/train/beach/beach_673.tif
train	beach	4	beach_674.tif	beach/beach_674.tif	NWPU45_20/train/beach/beach_674.tif
train	beach	4	beach_690.tif	beach/beach_690.tif	NWPU45_20/train/beach/beach_690.tif
train	beach	4	beach_695.tif	beach/beach_695.tif	NWPU45_20/train/beach/beach_695.tif
train	bridge	5	bridge_003.tif	bridge/bridge_003.tif	NWPU45_20/train/bridge/bridge_003.tif
train	bridge	5	bridge_006.tif	bridge/bridge_006.tif	NWPU45_20/train/bridge/bridge_006.tif
train	bridge	5	bridge_009.tif	bridge/bridge_009.tif	NWPU45_20/train/bridge/bridge_009.tif
train	bridge	5	bridge_011.tif	bridge/bridge_011.tif	NWPU45_20/train/bridge/bridge_011.tif
train	bridge	5	bridge_014.tif	bridge/bridge_014.tif	NWPU45_20/train/bridge/bridge_014.tif
train	bridge	5	bridge_015.tif	bridge/bridge_015.tif	NWPU45_20/train/bridge/bridge_015.tif
train	bridge	5	bridge_016.tif	bridge/bridge_016.tif	NWPU45_20/train/bridge/bridge_016.tif
train	bridge	5	bridge_025.tif	bridge/bridge_025.tif	NWPU45_20/train/bridge/bridge_025.tif
train	bridge	5	bridge_029.tif	bridge/bridge_029.tif	NWPU45_20/train/bridge/bridge_029.tif
train	bridge	5	bridge_034.tif	bridge/bridge_034.tif	NWPU45_20/train/bridge/bridge_034.tif
train	bridge	5	bridge_040.tif	bridge/bridge_040.tif	NWPU45_20/train/bridge/bridge_040.tif
train	bridge	5	bridge_041.tif	bridge/bridge_041.tif	NWPU45_20/train/bridge/bridge_041.tif
train	bridge	5	bridge_043.tif	bridge/bridge_043.tif	NWPU45_20/train/bridge/bridge_043.tif
train	bridge	5	bridge_057.tif	bridge/bridge_057.tif	NWPU45_20/train/bridge/bridge_057.tif
train	bridge	5	bridge_059.tif	bridge/bridge_059.tif	NWPU45_20/train/bridge/bridge_059.tif
train	bridge	5	bridge_064.tif	bridge/bridge_064.tif	NWPU45_20/train/bridge/bridge_064.tif
train	bridge	5	bridge_065.tif	bridge/bridge_065.tif	NWPU45_20/train/bridge/bridge_065.tif
train	bridge	5	bridge_070.tif	bridge/bridge_070.tif	NWPU45_20/train/bridge/bridge_070.tif
train	bridge	5	bridge_075.tif	bridge/bridge_075.tif	NWPU45_20/train/bridge/bridge_075.tif
train	bridge	5	bridge_079.tif	bridge/bridge_079.tif	NWPU45_20/train/bridge/bridge_079.tif
train	bridge	5	bridge_087.tif	bridge/bridge_087.tif	NWPU45_20/train/bridge/bridge_087.tif
train	bridge	5	bridge_093.tif	bridge/bridge_093.tif	NWPU45_20/train/bridge/bridge_093.tif
train	bridge	5	bridge_097.tif	bridge/bridge_097.tif	NWPU45_20/train/bridge/bridge_097.tif
train	bridge	5	bridge_101.tif	bridge/bridge_101.tif	NWPU45_20/train/bridge/bridge_101.tif
train	bridge	5	bridge_102.tif	bridge/bridge_102.tif	NWPU45_20/train/bridge/bridge_102.tif
train	bridge	5	bridge_106.tif	bridge/bridge_106.tif	NWPU45_20/train/bridge/bridge_106.tif
train	bridge	5	bridge_107.tif	bridge/bridge_107.tif	NWPU45_20/train/bridge/bridge_107.tif
train	bridge	5	bridge_116.tif	bridge/bridge_116.tif	NWPU45_20/train/bridge/bridge_116.tif
train	bridge	5	bridge_119.tif	bridge/bridge_119.tif	NWPU45_20/train/bridge/bridge_119.tif
train	bridge	5	bridge_133.tif	bridge/bridge_133.tif	NWPU45_20/train/bridge/bridge_133.tif
train	bridge	5	bridge_139.tif	bridge/bridge_139.tif	NWPU45_20/train/bridge/bridge_139.tif
train	bridge	5	bridge_144.tif	bridge/bridge_144.tif	NWPU45_20/train/bridge/bridge_144.tif
train	bridge	5	bridge_150.tif	bridge/bridge_150.tif	NWPU45_20/train/bridge/bridge_150.tif
train	bridge	5	bridge_151.tif	bridge/bridge_151.tif	NWPU45_20/train/bridge/bridge_151.tif
train	bridge	5	bridge_159.tif	bridge/bridge_159.tif	NWPU45_20/train/bridge/bridge_159.tif
train	bridge	5	bridge_173.tif	bridge/bridge_173.tif	NWPU45_20/train/bridge/bridge_173.tif
train	bridge	5	bridge_175.tif	bridge/bridge_175.tif	NWPU45_20/train/bridge/bridge_175.tif
train	bridge	5	bridge_177.tif	bridge/bridge_177.tif	NWPU45_20/train/bridge/bridge_177.tif
train	bridge	5	bridge_178.tif	bridge/bridge_178.tif	NWPU45_20/train/bridge/bridge_178.tif
train	bridge	5	bridge_181.tif	bridge/bridge_181.tif	NWPU45_20/train/bridge/bridge_181.tif
train	bridge	5	bridge_186.tif	bridge/bridge_186.tif	NWPU45_20/train/bridge/bridge_186.tif
train	bridge	5	bridge_191.tif	bridge/bridge_191.tif	NWPU45_20/train/bridge/bridge_191.tif
train	bridge	5	bridge_193.tif	bridge/bridge_193.tif	NWPU45_20/train/bridge/bridge_193.tif
train	bridge	5	bridge_194.tif	bridge/bridge_194.tif	NWPU45_20/train/bridge/bridge_194.tif
train	bridge	5	bridge_199.tif	bridge/bridge_199.tif	NWPU45_20/train/bridge/bridge_199.tif
train	bridge	5	bridge_201.tif	bridge/bridge_201.tif	NWPU45_20/train/bridge/bridge_201.tif
train	bridge	5	bridge_205.tif	bridge/bridge_205.tif	NWPU45_20/train/bridge/bridge_205.tif
train	bridge	5	bridge_208.tif	bridge/bridge_208.tif	NWPU45_20/train/bridge/bridge_208.tif
train	bridge	5	bridge_210.tif	bridge/bridge_210.tif	NWPU45_20/train/bridge/bridge_210.tif
train	bridge	5	bridge_213.tif	bridge/bridge_213.tif	NWPU45_20/train/bridge/bridge_213.tif
train	bridge	5	bridge_228.tif	bridge/bridge_228.tif	NWPU45_20/train/bridge/bridge_228.tif
train	bridge	5	bridge_242.tif	bridge/bridge_242.tif	NWPU45_20/train/bridge/bridge_242.tif
train	bridge	5	bridge_244.tif	bridge/bridge_244.tif	NWPU45_20/train/bridge/bridge_244.tif
train	bridge	5	bridge_256.tif	bridge/bridge_256.tif	NWPU45_20/train/bridge/bridge_256.tif
train	bridge	5	bridge_257.tif	bridge/bridge_257.tif	NWPU45_20/train/bridge/bridge_257.tif
train	bridge	5	bridge_266.tif	bridge/bridge_266.tif	NWPU45_20/train/bridge/bridge_266.tif
train	bridge	5	bridge_267.tif	bridge/bridge_267.tif	NWPU45_20/train/bridge/bridge_267.tif
train	bridge	5	bridge_269.tif	bridge/bridge_269.tif	NWPU45_20/train/bridge/bridge_269.tif
train	bridge	5	bridge_273.tif	bridge/bridge_273.tif	NWPU45_20/train/bridge/bridge_273.tif
train	bridge	5	bridge_281.tif	bridge/bridge_281.tif	NWPU45_20/train/bridge/bridge_281.tif
train	bridge	5	bridge_294.tif	bridge/bridge_294.tif	NWPU45_20/train/bridge/bridge_294.tif
train	bridge	5	bridge_308.tif	bridge/bridge_308.tif	NWPU45_20/train/bridge/bridge_308.tif
train	bridge	5	bridge_309.tif	bridge/bridge_309.tif	NWPU45_20/train/bridge/bridge_309.tif
train	bridge	5	bridge_311.tif	bridge/bridge_311.tif	NWPU45_20/train/bridge/bridge_311.tif
train	bridge	5	bridge_312.tif	bridge/bridge_312.tif	NWPU45_20/train/bridge/bridge_312.tif
train	bridge	5	bridge_313.tif	bridge/bridge_313.tif	NWPU45_20/train/bridge/bridge_313.tif
train	bridge	5	bridge_316.tif	bridge/bridge_316.tif	NWPU45_20/train/bridge/bridge_316.tif
train	bridge	5	bridge_317.tif	bridge/bridge_317.tif	NWPU45_20/train/bridge/bridge_317.tif
train	bridge	5	bridge_322.tif	bridge/bridge_322.tif	NWPU45_20/train/bridge/bridge_322.tif
train	bridge	5	bridge_325.tif	bridge/bridge_325.tif	NWPU45_20/train/bridge/bridge_325.tif
train	bridge	5	bridge_327.tif	bridge/bridge_327.tif	NWPU45_20/train/bridge/bridge_327.tif
train	bridge	5	bridge_329.tif	bridge/bridge_329.tif	NWPU45_20/train/bridge/bridge_329.tif
train	bridge	5	bridge_336.tif	bridge/bridge_336.tif	NWPU45_20/train/bridge/bridge_336.tif
train	bridge	5	bridge_342.tif	bridge/bridge_342.tif	NWPU45_20/train/bridge/bridge_342.tif
train	bridge	5	bridge_348.tif	bridge/bridge_348.tif	NWPU45_20/train/bridge/bridge_348.tif
train	bridge	5	bridge_351.tif	bridge/bridge_351.tif	NWPU45_20/train/bridge/bridge_351.tif
train	bridge	5	bridge_354.tif	bridge/bridge_354.tif	NWPU45_20/train/bridge/bridge_354.tif
train	bridge	5	bridge_360.tif	bridge/bridge_360.tif	NWPU45_20/train/bridge/bridge_360.tif
train	bridge	5	bridge_365.tif	bridge/bridge_365.tif	NWPU45_20/train/bridge/bridge_365.tif
train	bridge	5	bridge_366.tif	bridge/bridge_366.tif	NWPU45_20/train/bridge/bridge_366.tif
train	bridge	5	bridge_367.tif	bridge/bridge_367.tif	NWPU45_20/train/bridge/bridge_367.tif
train	bridge	5	bridge_376.tif	bridge/bridge_376.tif	NWPU45_20/train/bridge/bridge_376.tif
train	bridge	5	bridge_379.tif	bridge/bridge_379.tif	NWPU45_20/train/bridge/bridge_379.tif
train	bridge	5	bridge_381.tif	bridge/bridge_381.tif	NWPU45_20/train/bridge/bridge_381.tif
train	bridge	5	bridge_385.tif	bridge/bridge_385.tif	NWPU45_20/train/bridge/bridge_385.tif
train	bridge	5	bridge_387.tif	bridge/bridge_387.tif	NWPU45_20/train/bridge/bridge_387.tif
train	bridge	5	bridge_396.tif	bridge/bridge_396.tif	NWPU45_20/train/bridge/bridge_396.tif
train	bridge	5	bridge_397.tif	bridge/bridge_397.tif	NWPU45_20/train/bridge/bridge_397.tif
train	bridge	5	bridge_399.tif	bridge/bridge_399.tif	NWPU45_20/train/bridge/bridge_399.tif
train	bridge	5	bridge_415.tif	bridge/bridge_415.tif	NWPU45_20/train/bridge/bridge_415.tif
train	bridge	5	bridge_416.tif	bridge/bridge_416.tif	NWPU45_20/train/bridge/bridge_416.tif
train	bridge	5	bridge_417.tif	bridge/bridge_417.tif	NWPU45_20/train/bridge/bridge_417.tif
train	bridge	5	bridge_418.tif	bridge/bridge_418.tif	NWPU45_20/train/bridge/bridge_418.tif
train	bridge	5	bridge_420.tif	bridge/bridge_420.tif	NWPU45_20/train/bridge/bridge_420.tif
train	bridge	5	bridge_421.tif	bridge/bridge_421.tif	NWPU45_20/train/bridge/bridge_421.tif
train	bridge	5	bridge_427.tif	bridge/bridge_427.tif	NWPU45_20/train/bridge/bridge_427.tif
train	bridge	5	bridge_454.tif	bridge/bridge_454.tif	NWPU45_20/train/bridge/bridge_454.tif
train	bridge	5	bridge_455.tif	bridge/bridge_455.tif	NWPU45_20/train/bridge/bridge_455.tif
train	bridge	5	bridge_459.tif	bridge/bridge_459.tif	NWPU45_20/train/bridge/bridge_459.tif
train	bridge	5	bridge_468.tif	bridge/bridge_468.tif	NWPU45_20/train/bridge/bridge_468.tif
train	bridge	5	bridge_473.tif	bridge/bridge_473.tif	NWPU45_20/train/bridge/bridge_473.tif
train	bridge	5	bridge_476.tif	bridge/bridge_476.tif	NWPU45_20/train/bridge/bridge_476.tif
train	bridge	5	bridge_478.tif	bridge/bridge_478.tif	NWPU45_20/train/bridge/bridge_478.tif
train	bridge	5	bridge_491.tif	bridge/bridge_491.tif	NWPU45_20/train/bridge/bridge_491.tif
train	bridge	5	bridge_497.tif	bridge/bridge_497.tif	NWPU45_20/train/bridge/bridge_497.tif
train	bridge	5	bridge_505.tif	bridge/bridge_505.tif	NWPU45_20/train/bridge/bridge_505.tif
train	bridge	5	bridge_508.tif	bridge/bridge_508.tif	NWPU45_20/train/bridge/bridge_508.tif
train	bridge	5	bridge_509.tif	bridge/bridge_509.tif	NWPU45_20/train/bridge/bridge_509.tif
train	bridge	5	bridge_516.tif	bridge/bridge_516.tif	NWPU45_20/train/bridge/bridge_516.tif
train	bridge	5	bridge_521.tif	bridge/bridge_521.tif	NWPU45_20/train/bridge/bridge_521.tif
train	bridge	5	bridge_523.tif	bridge/bridge_523.tif	NWPU45_20/train/bridge/bridge_523.tif
train	bridge	5	bridge_527.tif	bridge/bridge_527.tif	NWPU45_20/train/bridge/bridge_527.tif
train	bridge	5	bridge_537.tif	bridge/bridge_537.tif	NWPU45_20/train/bridge/bridge_537.tif
train	bridge	5	bridge_539.tif	bridge/bridge_539.tif	NWPU45_20/train/bridge/bridge_539.tif
train	bridge	5	bridge_543.tif	bridge/bridge_543.tif	NWPU45_20/train/bridge/bridge_543.tif
train	bridge	5	bridge_558.tif	bridge/bridge_558.tif	NWPU45_20/train/bridge/bridge_558.tif
train	bridge	5	bridge_560.tif	bridge/bridge_560.tif	NWPU45_20/train/bridge/bridge_560.tif
train	bridge	5	bridge_563.tif	bridge/bridge_563.tif	NWPU45_20/train/bridge/bridge_563.tif
train	bridge	5	bridge_570.tif	bridge/bridge_570.tif	NWPU45_20/train/bridge/bridge_570.tif
train	bridge	5	bridge_572.tif	bridge/bridge_572.tif	NWPU45_20/train/bridge/bridge_572.tif
train	bridge	5	bridge_574.tif	bridge/bridge_574.tif	NWPU45_20/train/bridge/bridge_574.tif
train	bridge	5	bridge_579.tif	bridge/bridge_579.tif	NWPU45_20/train/bridge/bridge_579.tif
train	bridge	5	bridge_582.tif	bridge/bridge_582.tif	NWPU45_20/train/bridge/bridge_582.tif
train	bridge	5	bridge_584.tif	bridge/bridge_584.tif	NWPU45_20/train/bridge/bridge_584.tif
train	bridge	5	bridge_587.tif	bridge/bridge_587.tif	NWPU45_20/train/bridge/bridge_587.tif
train	bridge	5	bridge_588.tif	bridge/bridge_588.tif	NWPU45_20/train/bridge/bridge_588.tif
train	bridge	5	bridge_595.tif	bridge/bridge_595.tif	NWPU45_20/train/bridge/bridge_595.tif
train	bridge	5	bridge_621.tif	bridge/bridge_621.tif	NWPU45_20/train/bridge/bridge_621.tif
train	bridge	5	bridge_630.tif	bridge/bridge_630.tif	NWPU45_20/train/bridge/bridge_630.tif
train	bridge	5	bridge_631.tif	bridge/bridge_631.tif	NWPU45_20/train/bridge/bridge_631.tif
train	bridge	5	bridge_635.tif	bridge/bridge_635.tif	NWPU45_20/train/bridge/bridge_635.tif
train	bridge	5	bridge_640.tif	bridge/bridge_640.tif	NWPU45_20/train/bridge/bridge_640.tif
train	bridge	5	bridge_641.tif	bridge/bridge_641.tif	NWPU45_20/train/bridge/bridge_641.tif
train	bridge	5	bridge_643.tif	bridge/bridge_643.tif	NWPU45_20/train/bridge/bridge_643.tif
train	bridge	5	bridge_660.tif	bridge/bridge_660.tif	NWPU45_20/train/bridge/bridge_660.tif
train	bridge	5	bridge_662.tif	bridge/bridge_662.tif	NWPU45_20/train/bridge/bridge_662.tif
train	bridge	5	bridge_673.tif	bridge/bridge_673.tif	NWPU45_20/train/bridge/bridge_673.tif
train	bridge	5	bridge_674.tif	bridge/bridge_674.tif	NWPU45_20/train/bridge/bridge_674.tif
train	bridge	5	bridge_690.tif	bridge/bridge_690.tif	NWPU45_20/train/bridge/bridge_690.tif
train	bridge	5	bridge_695.tif	bridge/bridge_695.tif	NWPU45_20/train/bridge/bridge_695.tif
train	chaparral	6	chaparral_003.tif	chaparral/chaparral_003.tif	NWPU45_20/train/chaparral/chaparral_003.tif
train	chaparral	6	chaparral_006.tif	chaparral/chaparral_006.tif	NWPU45_20/train/chaparral/chaparral_006.tif
train	chaparral	6	chaparral_009.tif	chaparral/chaparral_009.tif	NWPU45_20/train/chaparral/chaparral_009.tif
train	chaparral	6	chaparral_011.tif	chaparral/chaparral_011.tif	NWPU45_20/train/chaparral/chaparral_011.tif
train	chaparral	6	chaparral_014.tif	chaparral/chaparral_014.tif	NWPU45_20/train/chaparral/chaparral_014.tif
train	chaparral	6	chaparral_015.tif	chaparral/chaparral_015.tif	NWPU45_20/train/chaparral/chaparral_015.tif
train	chaparral	6	chaparral_016.tif	chaparral/chaparral_016.tif	NWPU45_20/train/chaparral/chaparral_016.tif
train	chaparral	6	chaparral_025.tif	chaparral/chaparral_025.tif	NWPU45_20/train/chaparral/chaparral_025.tif
train	chaparral	6	chaparral_029.tif	chaparral/chaparral_029.tif	NWPU45_20/train/chaparral/chaparral_029.tif
train	chaparral	6	chaparral_034.tif	chaparral/chaparral_034.tif	NWPU45_20/train/chaparral/chaparral_034.tif
train	chaparral	6	chaparral_040.tif	chaparral/chaparral_040.tif	NWPU45_20/train/chaparral/chaparral_040.tif
train	chaparral	6	chaparral_041.tif	chaparral/chaparral_041.tif	NWPU45_20/train/chaparral/chaparral_041.tif
train	chaparral	6	chaparral_043.tif	chaparral/chaparral_043.tif	NWPU45_20/train/chaparral/chaparral_043.tif
train	chaparral	6	chaparral_057.tif	chaparral/chaparral_057.tif	NWPU45_20/train/chaparral/chaparral_057.tif
train	chaparral	6	chaparral_059.tif	chaparral/chaparral_059.tif	NWPU45_20/train/chaparral/chaparral_059.tif
train	chaparral	6	chaparral_064.tif	chaparral/chaparral_064.tif	NWPU45_20/train/chaparral/chaparral_064.tif
train	chaparral	6	chaparral_065.tif	chaparral/chaparral_065.tif	NWPU45_20/train/chaparral/chaparral_065.tif
train	chaparral	6	chaparral_070.tif	chaparral/chaparral_070.tif	NWPU45_20/train/chaparral/chaparral_070.tif
train	chaparral	6	chaparral_075.tif	chaparral/chaparral_075.tif	NWPU45_20/train/chaparral/chaparral_075.tif
train	chaparral	6	chaparral_079.tif	chaparral/chaparral_079.tif	NWPU45_20/train/chaparral/chaparral_079.tif
train	chaparral	6	chaparral_087.tif	chaparral/chaparral_087.tif	NWPU45_20/train/chaparral/chaparral_087.tif
train	chaparral	6	chaparral_093.tif	chaparral/chaparral_093.tif	NWPU45_20/train/chaparral/chaparral_093.tif
train	chaparral	6	chaparral_097.tif	chaparral/chaparral_097.tif	NWPU45_20/train/chaparral/chaparral_097.tif
train	chaparral	6	chaparral_101.tif	chaparral/chaparral_101.tif	NWPU45_20/train/chaparral/chaparral_101.tif
train	chaparral	6	chaparral_102.tif	chaparral/chaparral_102.tif	NWPU45_20/train/chaparral/chaparral_102.tif
train	chaparral	6	chaparral_106.tif	chaparral/chaparral_106.tif	NWPU45_20/train/chaparral/chaparral_106.tif
train	chaparral	6	chaparral_107.tif	chaparral/chaparral_107.tif	NWPU45_20/train/chaparral/chaparral_107.tif
train	chaparral	6	chaparral_116.tif	chaparral/chaparral_116.tif	NWPU45_20/train/chaparral/chaparral_116.tif
train	chaparral	6	chaparral_119.tif	chaparral/chaparral_119.tif	NWPU45_20/train/chaparral/chaparral_119.tif
train	chaparral	6	chaparral_133.tif	chaparral/chaparral_133.tif	NWPU45_20/train/chaparral/chaparral_133.tif
train	chaparral	6	chaparral_139.tif	chaparral/chaparral_139.tif	NWPU45_20/train/chaparral/chaparral_139.tif
train	chaparral	6	chaparral_144.tif	chaparral/chaparral_144.tif	NWPU45_20/train/chaparral/chaparral_144.tif
train	chaparral	6	chaparral_150.tif	chaparral/chaparral_150.tif	NWPU45_20/train/chaparral/chaparral_150.tif
train	chaparral	6	chaparral_151.tif	chaparral/chaparral_151.tif	NWPU45_20/train/chaparral/chaparral_151.tif
train	chaparral	6	chaparral_159.tif	chaparral/chaparral_159.tif	NWPU45_20/train/chaparral/chaparral_159.tif
train	chaparral	6	chaparral_173.tif	chaparral/chaparral_173.tif	NWPU45_20/train/chaparral/chaparral_173.tif
train	chaparral	6	chaparral_175.tif	chaparral/chaparral_175.tif	NWPU45_20/train/chaparral/chaparral_175.tif
train	chaparral	6	chaparral_177.tif	chaparral/chaparral_177.tif	NWPU45_20/train/chaparral/chaparral_177.tif
train	chaparral	6	chaparral_178.tif	chaparral/chaparral_178.tif	NWPU45_20/train/chaparral/chaparral_178.tif
train	chaparral	6	chaparral_181.tif	chaparral/chaparral_181.tif	NWPU45_20/train/chaparral/chaparral_181.tif
train	chaparral	6	chaparral_186.tif	chaparral/chaparral_186.tif	NWPU45_20/train/chaparral/chaparral_186.tif
train	chaparral	6	chaparral_191.tif	chaparral/chaparral_191.tif	NWPU45_20/train/chaparral/chaparral_191.tif
train	chaparral	6	chaparral_193.tif	chaparral/chaparral_193.tif	NWPU45_20/train/chaparral/chaparral_193.tif
train	chaparral	6	chaparral_194.tif	chaparral/chaparral_194.tif	NWPU45_20/train/chaparral/chaparral_194.tif
train	chaparral	6	chaparral_199.tif	chaparral/chaparral_199.tif	NWPU45_20/train/chaparral/chaparral_199.tif
train	chaparral	6	chaparral_201.tif	chaparral/chaparral_201.tif	NWPU45_20/train/chaparral/chaparral_201.tif
train	chaparral	6	chaparral_205.tif	chaparral/chaparral_205.tif	NWPU45_20/train/chaparral/chaparral_205.tif
train	chaparral	6	chaparral_208.tif	chaparral/chaparral_208.tif	NWPU45_20/train/chaparral/chaparral_208.tif
train	chaparral	6	chaparral_210.tif	chaparral/chaparral_210.tif	NWPU45_20/train/chaparral/chaparral_210.tif
train	chaparral	6	chaparral_213.tif	chaparral/chaparral_213.tif	NWPU45_20/train/chaparral/chaparral_213.tif
train	chaparral	6	chaparral_228.tif	chaparral/chaparral_228.tif	NWPU45_20/train/chaparral/chaparral_228.tif
train	chaparral	6	chaparral_242.tif	chaparral/chaparral_242.tif	NWPU45_20/train/chaparral/chaparral_242.tif
train	chaparral	6	chaparral_244.tif	chaparral/chaparral_244.tif	NWPU45_20/train/chaparral/chaparral_244.tif
train	chaparral	6	chaparral_256.tif	chaparral/chaparral_256.tif	NWPU45_20/train/chaparral/chaparral_256.tif
train	chaparral	6	chaparral_257.tif	chaparral/chaparral_257.tif	NWPU45_20/train/chaparral/chaparral_257.tif
train	chaparral	6	chaparral_266.tif	chaparral/chaparral_266.tif	NWPU45_20/train/chaparral/chaparral_266.tif
train	chaparral	6	chaparral_267.tif	chaparral/chaparral_267.tif	NWPU45_20/train/chaparral/chaparral_267.tif
train	chaparral	6	chaparral_269.tif	chaparral/chaparral_269.tif	NWPU45_20/train/chaparral/chaparral_269.tif
train	chaparral	6	chaparral_273.tif	chaparral/chaparral_273.tif	NWPU45_20/train/chaparral/chaparral_273.tif
train	chaparral	6	chaparral_281.tif	chaparral/chaparral_281.tif	NWPU45_20/train/chaparral/chaparral_281.tif
train	chaparral	6	chaparral_294.tif	chaparral/chaparral_294.tif	NWPU45_20/train/chaparral/chaparral_294.tif
train	chaparral	6	chaparral_308.tif	chaparral/chaparral_308.tif	NWPU45_20/train/chaparral/chaparral_308.tif
train	chaparral	6	chaparral_309.tif	chaparral/chaparral_309.tif	NWPU45_20/train/chaparral/chaparral_309.tif
train	chaparral	6	chaparral_311.tif	chaparral/chaparral_311.tif	NWPU45_20/train/chaparral/chaparral_311.tif
train	chaparral	6	chaparral_312.tif	chaparral/chaparral_312.tif	NWPU45_20/train/chaparral/chaparral_312.tif
train	chaparral	6	chaparral_313.tif	chaparral/chaparral_313.tif	NWPU45_20/train/chaparral/chaparral_313.tif
train	chaparral	6	chaparral_316.tif	chaparral/chaparral_316.tif	NWPU45_20/train/chaparral/chaparral_316.tif
train	chaparral	6	chaparral_317.tif	chaparral/chaparral_317.tif	NWPU45_20/train/chaparral/chaparral_317.tif
train	chaparral	6	chaparral_322.tif	chaparral/chaparral_322.tif	NWPU45_20/train/chaparral/chaparral_322.tif
train	chaparral	6	chaparral_325.tif	chaparral/chaparral_325.tif	NWPU45_20/train/chaparral/chaparral_325.tif
train	chaparral	6	chaparral_327.tif	chaparral/chaparral_327.tif	NWPU45_20/train/chaparral/chaparral_327.tif
train	chaparral	6	chaparral_329.tif	chaparral/chaparral_329.tif	NWPU45_20/train/chaparral/chaparral_329.tif
train	chaparral	6	chaparral_336.tif	chaparral/chaparral_336.tif	NWPU45_20/train/chaparral/chaparral_336.tif
train	chaparral	6	chaparral_342.tif	chaparral/chaparral_342.tif	NWPU45_20/train/chaparral/chaparral_342.tif
train	chaparral	6	chaparral_348.tif	chaparral/chaparral_348.tif	NWPU45_20/train/chaparral/chaparral_348.tif
train	chaparral	6	chaparral_351.tif	chaparral/chaparral_351.tif	NWPU45_20/train/chaparral/chaparral_351.tif
train	chaparral	6	chaparral_354.tif	chaparral/chaparral_354.tif	NWPU45_20/train/chaparral/chaparral_354.tif
train	chaparral	6	chaparral_360.tif	chaparral/chaparral_360.tif	NWPU45_20/train/chaparral/chaparral_360.tif
train	chaparral	6	chaparral_365.tif	chaparral/chaparral_365.tif	NWPU45_20/train/chaparral/chaparral_365.tif
train	chaparral	6	chaparral_366.tif	chaparral/chaparral_366.tif	NWPU45_20/train/chaparral/chaparral_366.tif
train	chaparral	6	chaparral_367.tif	chaparral/chaparral_367.tif	NWPU45_20/train/chaparral/chaparral_367.tif
train	chaparral	6	chaparral_376.tif	chaparral/chaparral_376.tif	NWPU45_20/train/chaparral/chaparral_376.tif
train	chaparral	6	chaparral_379.tif	chaparral/chaparral_379.tif	NWPU45_20/train/chaparral/chaparral_379.tif
train	chaparral	6	chaparral_381.tif	chaparral/chaparral_381.tif	NWPU45_20/train/chaparral/chaparral_381.tif
train	chaparral	6	chaparral_385.tif	chaparral/chaparral_385.tif	NWPU45_20/train/chaparral/chaparral_385.tif
train	chaparral	6	chaparral_387.tif	chaparral/chaparral_387.tif	NWPU45_20/train/chaparral/chaparral_387.tif
train	chaparral	6	chaparral_396.tif	chaparral/chaparral_396.tif	NWPU45_20/train/chaparral/chaparral_396.tif
train	chaparral	6	chaparral_397.tif	chaparral/chaparral_397.tif	NWPU45_20/train/chaparral/chaparral_397.tif
train	chaparral	6	chaparral_399.tif	chaparral/chaparral_399.tif	NWPU45_20/train/chaparral/chaparral_399.tif
train	chaparral	6	chaparral_415.tif	chaparral/chaparral_415.tif	NWPU45_20/train/chaparral/chaparral_415.tif
train	chaparral	6	chaparral_416.tif	chaparral/chaparral_416.tif	NWPU45_20/train/chaparral/chaparral_416.tif
train	chaparral	6	chaparral_417.tif	chaparral/chaparral_417.tif	NWPU45_20/train/chaparral/chaparral_417.tif
train	chaparral	6	chaparral_418.tif	chaparral/chaparral_418.tif	NWPU45_20/train/chaparral/chaparral_418.tif
train	chaparral	6	chaparral_420.tif	chaparral/chaparral_420.tif	NWPU45_20/train/chaparral/chaparral_420.tif
train	chaparral	6	chaparral_421.tif	chaparral/chaparral_421.tif	NWPU45_20/train/chaparral/chaparral_421.tif
train	chaparral	6	chaparral_427.tif	chaparral/chaparral_427.tif	NWPU45_20/train/chaparral/chaparral_427.tif
train	chaparral	6	chaparral_454.tif	chaparral/chaparral_454.tif	NWPU45_20/train/chaparral/chaparral_454.tif
train	chaparral	6	chaparral_455.tif	chaparral/chaparral_455.tif	NWPU45_20/train/chaparral/chaparral_455.tif
train	chaparral	6	chaparral_459.tif	chaparral/chaparral_459.tif	NWPU45_20/train/chaparral/chaparral_459.tif
train	chaparral	6	chaparral_468.tif	chaparral/chaparral_468.tif	NWPU45_20/train/chaparral/chaparral_468.tif
train	chaparral	6	chaparral_473.tif	chaparral/chaparral_473.tif	NWPU45_20/train/chaparral/chaparral_473.tif
train	chaparral	6	chaparral_476.tif	chaparral/chaparral_476.tif	NWPU45_20/train/chaparral/chaparral_476.tif
train	chaparral	6	chaparral_478.tif	chaparral/chaparral_478.tif	NWPU45_20/train/chaparral/chaparral_478.tif
train	chaparral	6	chaparral_491.tif	chaparral/chaparral_491.tif	NWPU45_20/train/chaparral/chaparral_491.tif
train	chaparral	6	chaparral_497.tif	chaparral/chaparral_497.tif	NWPU45_20/train/chaparral/chaparral_497.tif
train	chaparral	6	chaparral_505.tif	chaparral/chaparral_505.tif	NWPU45_20/train/chaparral/chaparral_505.tif
train	chaparral	6	chaparral_508.tif	chaparral/chaparral_508.tif	NWPU45_20/train/chaparral/chaparral_508.tif
train	chaparral	6	chaparral_509.tif	chaparral/chaparral_509.tif	NWPU45_20/train/chaparral/chaparral_509.tif
train	chaparral	6	chaparral_516.tif	chaparral/chaparral_516.tif	NWPU45_20/train/chaparral/chaparral_516.tif
train	chaparral	6	chaparral_521.tif	chaparral/chaparral_521.tif	NWPU45_20/train/chaparral/chaparral_521.tif
train	chaparral	6	chaparral_523.tif	chaparral/chaparral_523.tif	NWPU45_20/train/chaparral/chaparral_523.tif
train	chaparral	6	chaparral_527.tif	chaparral/chaparral_527.tif	NWPU45_20/train/chaparral/chaparral_527.tif
train	chaparral	6	chaparral_537.tif	chaparral/chaparral_537.tif	NWPU45_20/train/chaparral/chaparral_537.tif
train	chaparral	6	chaparral_539.tif	chaparral/chaparral_539.tif	NWPU45_20/train/chaparral/chaparral_539.tif
train	chaparral	6	chaparral_543.tif	chaparral/chaparral_543.tif	NWPU45_20/train/chaparral/chaparral_543.tif
train	chaparral	6	chaparral_558.tif	chaparral/chaparral_558.tif	NWPU45_20/train/chaparral/chaparral_558.tif
train	chaparral	6	chaparral_560.tif	chaparral/chaparral_560.tif	NWPU45_20/train/chaparral/chaparral_560.tif
train	chaparral	6	chaparral_563.tif	chaparral/chaparral_563.tif	NWPU45_20/train/chaparral/chaparral_563.tif
train	chaparral	6	chaparral_570.tif	chaparral/chaparral_570.tif	NWPU45_20/train/chaparral/chaparral_570.tif
train	chaparral	6	chaparral_572.tif	chaparral/chaparral_572.tif	NWPU45_20/train/chaparral/chaparral_572.tif
train	chaparral	6	chaparral_574.tif	chaparral/chaparral_574.tif	NWPU45_20/train/chaparral/chaparral_574.tif
train	chaparral	6	chaparral_579.tif	chaparral/chaparral_579.tif	NWPU45_20/train/chaparral/chaparral_579.tif
train	chaparral	6	chaparral_582.tif	chaparral/chaparral_582.tif	NWPU45_20/train/chaparral/chaparral_582.tif
train	chaparral	6	chaparral_584.tif	chaparral/chaparral_584.tif	NWPU45_20/train/chaparral/chaparral_584.tif
train	chaparral	6	chaparral_587.tif	chaparral/chaparral_587.tif	NWPU45_20/train/chaparral/chaparral_587.tif
train	chaparral	6	chaparral_588.tif	chaparral/chaparral_588.tif	NWPU45_20/train/chaparral/chaparral_588.tif
train	chaparral	6	chaparral_595.tif	chaparral/chaparral_595.tif	NWPU45_20/train/chaparral/chaparral_595.tif
train	chaparral	6	chaparral_621.tif	chaparral/chaparral_621.tif	NWPU45_20/train/chaparral/chaparral_621.tif
train	chaparral	6	chaparral_630.tif	chaparral/chaparral_630.tif	NWPU45_20/train/chaparral/chaparral_630.tif
train	chaparral	6	chaparral_631.tif	chaparral/chaparral_631.tif	NWPU45_20/train/chaparral/chaparral_631.tif
train	chaparral	6	chaparral_635.tif	chaparral/chaparral_635.tif	NWPU45_20/train/chaparral/chaparral_635.tif
train	chaparral	6	chaparral_640.tif	chaparral/chaparral_640.tif	NWPU45_20/train/chaparral/chaparral_640.tif
train	chaparral	6	chaparral_641.tif	chaparral/chaparral_641.tif	NWPU45_20/train/chaparral/chaparral_641.tif
train	chaparral	6	chaparral_643.tif	chaparral/chaparral_643.tif	NWPU45_20/train/chaparral/chaparral_643.tif
train	chaparral	6	chaparral_660.tif	chaparral/chaparral_660.tif	NWPU45_20/train/chaparral/chaparral_660.tif
train	chaparral	6	chaparral_662.tif	chaparral/chaparral_662.tif	NWPU45_20/train/chaparral/chaparral_662.tif
train	chaparral	6	chaparral_673.tif	chaparral/chaparral_673.tif	NWPU45_20/train/chaparral/chaparral_673.tif
train	chaparral	6	chaparral_674.tif	chaparral/chaparral_674.tif	NWPU45_20/train/chaparral/chaparral_674.tif
train	chaparral	6	chaparral_690.tif	chaparral/chaparral_690.tif	NWPU45_20/train/chaparral/chaparral_690.tif
train	chaparral	6	chaparral_695.tif	chaparral/chaparral_695.tif	NWPU45_20/train/chaparral/chaparral_695.tif
train	church	7	church_003.tif	church/church_003.tif	NWPU45_20/train/church/church_003.tif
train	church	7	church_006.tif	church/church_006.tif	NWPU45_20/train/church/church_006.tif
train	church	7	church_009.tif	church/church_009.tif	NWPU45_20/train/church/church_009.tif
train	church	7	church_011.tif	church/church_011.tif	NWPU45_20/train/church/church_011.tif
train	church	7	church_014.tif	church/church_014.tif	NWPU45_20/train/church/church_014.tif
train	church	7	church_015.tif	church/church_015.tif	NWPU45_20/train/church/church_015.tif
train	church	7	church_016.tif	church/church_016.tif	NWPU45_20/train/church/church_016.tif
train	church	7	church_025.tif	church/church_025.tif	NWPU45_20/train/church/church_025.tif
train	church	7	church_029.tif	church/church_029.tif	NWPU45_20/train/church/church_029.tif
train	church	7	church_034.tif	church/church_034.tif	NWPU45_20/train/church/church_034.tif
train	church	7	church_040.tif	church/church_040.tif	NWPU45_20/train/church/church_040.tif
train	church	7	church_041.tif	church/church_041.tif	NWPU45_20/train/church/church_041.tif
train	church	7	church_043.tif	church/church_043.tif	NWPU45_20/train/church/church_043.tif
train	church	7	church_057.tif	church/church_057.tif	NWPU45_20/train/church/church_057.tif
train	church	7	church_059.tif	church/church_059.tif	NWPU45_20/train/church/church_059.tif
train	church	7	church_064.tif	church/church_064.tif	NWPU45_20/train/church/church_064.tif
train	church	7	church_065.tif	church/church_065.tif	NWPU45_20/train/church/church_065.tif
train	church	7	church_070.tif	church/church_070.tif	NWPU45_20/train/church/church_070.tif
train	church	7	church_075.tif	church/church_075.tif	NWPU45_20/train/church/church_075.tif
train	church	7	church_079.tif	church/church_079.tif	NWPU45_20/train/church/church_079.tif
train	church	7	church_087.tif	church/church_087.tif	NWPU45_20/train/church/church_087.tif
train	church	7	church_093.tif	church/church_093.tif	NWPU45_20/train/church/church_093.tif
train	church	7	church_097.tif	church/church_097.tif	NWPU45_20/train/church/church_097.tif
train	church	7	church_101.tif	church/church_101.tif	NWPU45_20/train/church/church_101.tif
train	church	7	church_102.tif	church/church_102.tif	NWPU45_20/train/church/church_102.tif
train	church	7	church_106.tif	church/church_106.tif	NWPU45_20/train/church/church_106.tif
train	church	7	church_107.tif	church/church_107.tif	NWPU45_20/train/church/church_107.tif
train	church	7	church_116.tif	church/church_116.tif	NWPU45_20/train/church/church_116.tif
train	church	7	church_119.tif	church/church_119.tif	NWPU45_20/train/church/church_119.tif
train	church	7	church_133.tif	church/church_133.tif	NWPU45_20/train/church/church_133.tif
train	church	7	church_139.tif	church/church_139.tif	NWPU45_20/train/church/church_139.tif
train	church	7	church_144.tif	church/church_144.tif	NWPU45_20/train/church/church_144.tif
train	church	7	church_150.tif	church/church_150.tif	NWPU45_20/train/church/church_150.tif
train	church	7	church_151.tif	church/church_151.tif	NWPU45_20/train/church/church_151.tif
train	church	7	church_159.tif	church/church_159.tif	NWPU45_20/train/church/church_159.tif
train	church	7	church_173.tif	church/church_173.tif	NWPU45_20/train/church/church_173.tif
train	church	7	church_175.tif	church/church_175.tif	NWPU45_20/train/church/church_175.tif
train	church	7	church_177.tif	church/church_177.tif	NWPU45_20/train/church/church_177.tif
train	church	7	church_178.tif	church/church_178.tif	NWPU45_20/train/church/church_178.tif
train	church	7	church_181.tif	church/church_181.tif	NWPU45_20/train/church/church_181.tif
train	church	7	church_186.tif	church/church_186.tif	NWPU45_20/train/church/church_186.tif
train	church	7	church_191.tif	church/church_191.tif	NWPU45_20/train/church/church_191.tif
train	church	7	church_193.tif	church/church_193.tif	NWPU45_20/train/church/church_193.tif
train	church	7	church_194.tif	church/church_194.tif	NWPU45_20/train/church/church_194.tif
train	church	7	church_199.tif	church/church_199.tif	NWPU45_20/train/church/church_199.tif
train	church	7	church_201.tif	church/church_201.tif	NWPU45_20/train/church/church_201.tif
train	church	7	church_205.tif	church/church_205.tif	NWPU45_20/train/church/church_205.tif
train	church	7	church_208.tif	church/church_208.tif	NWPU45_20/train/church/church_208.tif
train	church	7	church_210.tif	church/church_210.tif	NWPU45_20/train/church/church_210.tif
train	church	7	church_213.tif	church/church_213.tif	NWPU45_20/train/church/church_213.tif
train	church	7	church_228.tif	church/church_228.tif	NWPU45_20/train/church/church_228.tif
train	church	7	church_242.tif	church/church_242.tif	NWPU45_20/train/church/church_242.tif
train	church	7	church_244.tif	church/church_244.tif	NWPU45_20/train/church/church_244.tif
train	church	7	church_256.tif	church/church_256.tif	NWPU45_20/train/church/church_256.tif
train	church	7	church_257.tif	church/church_257.tif	NWPU45_20/train/church/church_257.tif
train	church	7	church_266.tif	church/church_266.tif	NWPU45_20/train/church/church_266.tif
train	church	7	church_267.tif	church/church_267.tif	NWPU45_20/train/church/church_267.tif
train	church	7	church_269.tif	church/church_269.tif	NWPU45_20/train/church/church_269.tif
train	church	7	church_273.tif	church/church_273.tif	NWPU45_20/train/church/church_273.tif
train	church	7	church_281.tif	church/church_281.tif	NWPU45_20/train/church/church_281.tif
train	church	7	church_294.tif	church/church_294.tif	NWPU45_20/train/church/church_294.tif
train	church	7	church_308.tif	church/church_308.tif	NWPU45_20/train/church/church_308.tif
train	church	7	church_309.tif	church/church_309.tif	NWPU45_20/train/church/church_309.tif
train	church	7	church_311.tif	church/church_311.tif	NWPU45_20/train/church/church_311.tif
train	church	7	church_312.tif	church/church_312.tif	NWPU45_20/train/church/church_312.tif
train	church	7	church_313.tif	church/church_313.tif	NWPU45_20/train/church/church_313.tif
train	church	7	church_316.tif	church/church_316.tif	NWPU45_20/train/church/church_316.tif
train	church	7	church_317.tif	church/church_317.tif	NWPU45_20/train/church/church_317.tif
train	church	7	church_322.tif	church/church_322.tif	NWPU45_20/train/church/church_322.tif
train	church	7	church_325.tif	church/church_325.tif	NWPU45_20/train/church/church_325.tif
train	church	7	church_327.tif	church/church_327.tif	NWPU45_20/train/church/church_327.tif
train	church	7	church_329.tif	church/church_329.tif	NWPU45_20/train/church/church_329.tif
train	church	7	church_336.tif	church/church_336.tif	NWPU45_20/train/church/church_336.tif
train	church	7	church_342.tif	church/church_342.tif	NWPU45_20/train/church/church_342.tif
train	church	7	church_348.tif	church/church_348.tif	NWPU45_20/train/church/church_348.tif
train	church	7	church_351.tif	church/church_351.tif	NWPU45_20/train/church/church_351.tif
train	church	7	church_354.tif	church/church_354.tif	NWPU45_20/train/church/church_354.tif
train	church	7	church_360.tif	church/church_360.tif	NWPU45_20/train/church/church_360.tif
train	church	7	church_365.tif	church/church_365.tif	NWPU45_20/train/church/church_365.tif
train	church	7	church_366.tif	church/church_366.tif	NWPU45_20/train/church/church_366.tif
train	church	7	church_367.tif	church/church_367.tif	NWPU45_20/train/church/church_367.tif
train	church	7	church_376.tif	church/church_376.tif	NWPU45_20/train/church/church_376.tif
train	church	7	church_379.tif	church/church_379.tif	NWPU45_20/train/church/church_379.tif
train	church	7	church_381.tif	church/church_381.tif	NWPU45_20/train/church/church_381.tif
train	church	7	church_385.tif	church/church_385.tif	NWPU45_20/train/church/church_385.tif
train	church	7	church_387.tif	church/church_387.tif	NWPU45_20/train/church/church_387.tif
train	church	7	church_396.tif	church/church_396.tif	NWPU45_20/train/church/church_396.tif
train	church	7	church_397.tif	church/church_397.tif	NWPU45_20/train/church/church_397.tif
train	church	7	church_399.tif	church/church_399.tif	NWPU45_20/train/church/church_399.tif
train	church	7	church_415.tif	church/church_415.tif	NWPU45_20/train/church/church_415.tif
train	church	7	church_416.tif	church/church_416.tif	NWPU45_20/train/church/church_416.tif
train	church	7	church_417.tif	church/church_417.tif	NWPU45_20/train/church/church_417.tif
train	church	7	church_418.tif	church/church_418.tif	NWPU45_20/train/church/church_418.tif
train	church	7	church_420.tif	church/church_420.tif	NWPU45_20/train/church/church_420.tif
train	church	7	church_421.tif	church/church_421.tif	NWPU45_20/train/church/church_421.tif
train	church	7	church_427.tif	church/church_427.tif	NWPU45_20/train/church/church_427.tif
train	church	7	church_454.tif	church/church_454.tif	NWPU45_20/train/church/church_454.tif
train	church	7	church_455.tif	church/church_455.tif	NWPU45_20/train/church/church_455.tif
train	church	7	church_459.tif	church/church_459.tif	NWPU45_20/train/church/church_459.tif
train	church	7	church_468.tif	church/church_468.tif	NWPU45_20/train/church/church_468.tif
train	church	7	church_473.tif	church/church_473.tif	NWPU45_20/train/church/church_473.tif
train	church	7	church_476.tif	church/church_476.tif	NWPU45_20/train/church/church_476.tif
train	church	7	church_478.tif	church/church_478.tif	NWPU45_20/train/church/church_478.tif
train	church	7	church_491.tif	church/church_491.tif	NWPU45_20/train/church/church_491.tif
train	church	7	church_497.tif	church/church_497.tif	NWPU45_20/train/church/church_497.tif
train	church	7	church_505.tif	church/church_505.tif	NWPU45_20/train/church/church_505.tif
train	church	7	church_508.tif	church/church_508.tif	NWPU45_20/train/church/church_508.tif
train	church	7	church_509.tif	church/church_509.tif	NWPU45_20/train/church/church_509.tif
train	church	7	church_516.tif	church/church_516.tif	NWPU45_20/train/church/church_516.tif
train	church	7	church_521.tif	church/church_521.tif	NWPU45_20/train/church/church_521.tif
train	church	7	church_523.tif	church/church_523.tif	NWPU45_20/train/church/church_523.tif
train	church	7	church_527.tif	church/church_527.tif	NWPU45_20/train/church/church_527.tif
train	church	7	church_537.tif	church/church_537.tif	NWPU45_20/train/church/church_537.tif
train	church	7	church_539.tif	church/church_539.tif	NWPU45_20/train/church/church_539.tif
train	church	7	church_543.tif	church/church_543.tif	NWPU45_20/train/church/church_543.tif
train	church	7	church_558.tif	church/church_558.tif	NWPU45_20/train/church/church_558.tif
train	church	7	church_560.tif	church/church_560.tif	NWPU45_20/train/church/church_560.tif
train	church	7	church_563.tif	church/church_563.tif	NWPU45_20/train/church/church_563.tif
train	church	7	church_570.tif	church/church_570.tif	NWPU45_20/train/church/church_570.tif
train	church	7	church_572.tif	church/church_572.tif	NWPU45_20/train/church/church_572.tif
train	church	7	church_574.tif	church/church_574.tif	NWPU45_20/train/church/church_574.tif
train	church	7	church_579.tif	church/church_579.tif	NWPU45_20/train/church/church_579.tif
train	church	7	church_582.tif	church/church_582.tif	NWPU45_20/train/church/church_582.tif
train	church	7	church_584.tif	church/church_584.tif	NWPU45_20/train/church/church_584.tif
train	church	7	church_587.tif	church/church_587.tif	NWPU45_20/train/church/church_587.tif
train	church	7	church_588.tif	church/church_588.tif	NWPU45_20/train/church/church_588.tif
train	church	7	church_595.tif	church/church_595.tif	NWPU45_20/train/church/church_595.tif
train	church	7	church_621.tif	church/church_621.tif	NWPU45_20/train/church/church_621.tif
train	church	7	church_630.tif	church/church_630.tif	NWPU45_20/train/church/church_630.tif
train	church	7	church_631.tif	church/church_631.tif	NWPU45_20/train/church/church_631.tif
train	church	7	church_635.tif	church/church_635.tif	NWPU45_20/train/church/church_635.tif
train	church	7	church_640.tif	church/church_640.tif	NWPU45_20/train/church/church_640.tif
train	church	7	church_641.tif	church/church_641.tif	NWPU45_20/train/church/church_641.tif
train	church	7	church_643.tif	church/church_643.tif	NWPU45_20/train/church/church_643.tif
train	church	7	church_660.tif	church/church_660.tif	NWPU45_20/train/church/church_660.tif
train	church	7	church_662.tif	church/church_662.tif	NWPU45_20/train/church/church_662.tif
train	church	7	church_673.tif	church/church_673.tif	NWPU45_20/train/church/church_673.tif
train	church	7	church_674.tif	church/church_674.tif	NWPU45_20/train/church/church_674.tif
train	church	7	church_690.tif	church/church_690.tif	NWPU45_20/train/church/church_690.tif
train	church	7	church_695.tif	church/church_695.tif	NWPU45_20/train/church/church_695.tif
train	circular_farmland	8	circular_farmland_003.tif	circular_farmland/circular_farmland_003.tif	NWPU45_20/train/circular_farmland/circular_farmland_003.tif
train	circular_farmland	8	circular_farmland_006.tif	circular_farmland/circular_farmland_006.tif	NWPU45_20/train/circular_farmland/circular_farmland_006.tif
train	circular_farmland	8	circular_farmland_009.tif	circular_farmland/circular_farmland_009.tif	NWPU45_20/train/circular_farmland/circular_farmland_009.tif
train	circular_farmland	8	circular_farmland_011.tif	circular_farmland/circular_farmland_011.tif	NWPU45_20/train/circular_farmland/circular_farmland_011.tif
train	circular_farmland	8	circular_farmland_014.tif	circular_farmland/circular_farmland_014.tif	NWPU45_20/train/circular_farmland/circular_farmland_014.tif
train	circular_farmland	8	circular_farmland_015.tif	circular_farmland/circular_farmland_015.tif	NWPU45_20/train/circular_farmland/circular_farmland_015.tif
train	circular_farmland	8	circular_farmland_016.tif	circular_farmland/circular_farmland_016.tif	NWPU45_20/train/circular_farmland/circular_farmland_016.tif
train	circular_farmland	8	circular_farmland_025.tif	circular_farmland/circular_farmland_025.tif	NWPU45_20/train/circular_farmland/circular_farmland_025.tif
train	circular_farmland	8	circular_farmland_029.tif	circular_farmland/circular_farmland_029.tif	NWPU45_20/train/circular_farmland/circular_farmland_029.tif
train	circular_farmland	8	circular_farmland_034.tif	circular_farmland/circular_farmland_034.tif	NWPU45_20/train/circular_farmland/circular_farmland_034.tif
train	circular_farmland	8	circular_farmland_040.tif	circular_farmland/circular_farmland_040.tif	NWPU45_20/train/circular_farmland/circular_farmland_040.tif
train	circular_farmland	8	circular_farmland_041.tif	circular_farmland/circular_farmland_041.tif	NWPU45_20/train/circular_farmland/circular_farmland_041.tif
train	circular_farmland	8	circular_farmland_043.tif	circular_farmland/circular_farmland_043.tif	NWPU45_20/train/circular_farmland/circular_farmland_043.tif
train	circular_farmland	8	circular_farmland_057.tif	circular_farmland/circular_farmland_057.tif	NWPU45_20/train/circular_farmland/circular_farmland_057.tif
train	circular_farmland	8	circular_farmland_059.tif	circular_farmland/circular_farmland_059.tif	NWPU45_20/train/circular_farmland/circular_farmland_059.tif
train	circular_farmland	8	circular_farmland_064.tif	circular_farmland/circular_farmland_064.tif	NWPU45_20/train/circular_farmland/circular_farmland_064.tif
train	circular_farmland	8	circular_farmland_065.tif	circular_farmland/circular_farmland_065.tif	NWPU45_20/train/circular_farmland/circular_farmland_065.tif
train	circular_farmland	8	circular_farmland_070.tif	circular_farmland/circular_farmland_070.tif	NWPU45_20/train/circular_farmland/circular_farmland_070.tif
train	circular_farmland	8	circular_farmland_075.tif	circular_farmland/circular_farmland_075.tif	NWPU45_20/train/circular_farmland/circular_farmland_075.tif
train	circular_farmland	8	circular_farmland_079.tif	circular_farmland/circular_farmland_079.tif	NWPU45_20/train/circular_farmland/circular_farmland_079.tif
train	circular_farmland	8	circular_farmland_087.tif	circular_farmland/circular_farmland_087.tif	NWPU45_20/train/circular_farmland/circular_farmland_087.tif
train	circular_farmland	8	circular_farmland_093.tif	circular_farmland/circular_farmland_093.tif	NWPU45_20/train/circular_farmland/circular_farmland_093.tif
train	circular_farmland	8	circular_farmland_097.tif	circular_farmland/circular_farmland_097.tif	NWPU45_20/train/circular_farmland/circular_farmland_097.tif
train	circular_farmland	8	circular_farmland_101.tif	circular_farmland/circular_farmland_101.tif	NWPU45_20/train/circular_farmland/circular_farmland_101.tif
train	circular_farmland	8	circular_farmland_102.tif	circular_farmland/circular_farmland_102.tif	NWPU45_20/train/circular_farmland/circular_farmland_102.tif
train	circular_farmland	8	circular_farmland_106.tif	circular_farmland/circular_farmland_106.tif	NWPU45_20/train/circular_farmland/circular_farmland_106.tif
train	circular_farmland	8	circular_farmland_107.tif	circular_farmland/circular_farmland_107.tif	NWPU45_20/train/circular_farmland/circular_farmland_107.tif
train	circular_farmland	8	circular_farmland_116.tif	circular_farmland/circular_farmland_116.tif	NWPU45_20/train/circular_farmland/circular_farmland_116.tif
train	circular_farmland	8	circular_farmland_119.tif	circular_farmland/circular_farmland_119.tif	NWPU45_20/train/circular_farmland/circular_farmland_119.tif
train	circular_farmland	8	circular_farmland_133.tif	circular_farmland/circular_farmland_133.tif	NWPU45_20/train/circular_farmland/circular_farmland_133.tif
train	circular_farmland	8	circular_farmland_139.tif	circular_farmland/circular_farmland_139.tif	NWPU45_20/train/circular_farmland/circular_farmland_139.tif
train	circular_farmland	8	circular_farmland_144.tif	circular_farmland/circular_farmland_144.tif	NWPU45_20/train/circular_farmland/circular_farmland_144.tif
train	circular_farmland	8	circular_farmland_150.tif	circular_farmland/circular_farmland_150.tif	NWPU45_20/train/circular_farmland/circular_farmland_150.tif
train	circular_farmland	8	circular_farmland_151.tif	circular_farmland/circular_farmland_151.tif	NWPU45_20/train/circular_farmland/circular_farmland_151.tif
train	circular_farmland	8	circular_farmland_159.tif	circular_farmland/circular_farmland_159.tif	NWPU45_20/train/circular_farmland/circular_farmland_159.tif
train	circular_farmland	8	circular_farmland_173.tif	circular_farmland/circular_farmland_173.tif	NWPU45_20/train/circular_farmland/circular_farmland_173.tif
train	circular_farmland	8	circular_farmland_175.tif	circular_farmland/circular_farmland_175.tif	NWPU45_20/train/circular_farmland/circular_farmland_175.tif
train	circular_farmland	8	circular_farmland_177.tif	circular_farmland/circular_farmland_177.tif	NWPU45_20/train/circular_farmland/circular_farmland_177.tif
train	circular_farmland	8	circular_farmland_178.tif	circular_farmland/circular_farmland_178.tif	NWPU45_20/train/circular_farmland/circular_farmland_178.tif
train	circular_farmland	8	circular_farmland_181.tif	circular_farmland/circular_farmland_181.tif	NWPU45_20/train/circular_farmland/circular_farmland_181.tif
train	circular_farmland	8	circular_farmland_186.tif	circular_farmland/circular_farmland_186.tif	NWPU45_20/train/circular_farmland/circular_farmland_186.tif
train	circular_farmland	8	circular_farmland_191.tif	circular_farmland/circular_farmland_191.tif	NWPU45_20/train/circular_farmland/circular_farmland_191.tif
train	circular_farmland	8	circular_farmland_193.tif	circular_farmland/circular_farmland_193.tif	NWPU45_20/train/circular_farmland/circular_farmland_193.tif
train	circular_farmland	8	circular_farmland_194.tif	circular_farmland/circular_farmland_194.tif	NWPU45_20/train/circular_farmland/circular_farmland_194.tif
train	circular_farmland	8	circular_farmland_199.tif	circular_farmland/circular_farmland_199.tif	NWPU45_20/train/circular_farmland/circular_farmland_199.tif
train	circular_farmland	8	circular_farmland_201.tif	circular_farmland/circular_farmland_201.tif	NWPU45_20/train/circular_farmland/circular_farmland_201.tif
train	circular_farmland	8	circular_farmland_205.tif	circular_farmland/circular_farmland_205.tif	NWPU45_20/train/circular_farmland/circular_farmland_205.tif
train	circular_farmland	8	circular_farmland_208.tif	circular_farmland/circular_farmland_208.tif	NWPU45_20/train/circular_farmland/circular_farmland_208.tif
train	circular_farmland	8	circular_farmland_210.tif	circular_farmland/circular_farmland_210.tif	NWPU45_20/train/circular_farmland/circular_farmland_210.tif
train	circular_farmland	8	circular_farmland_213.tif	circular_farmland/circular_farmland_213.tif	NWPU45_20/train/circular_farmland/circular_farmland_213.tif
train	circular_farmland	8	circular_farmland_228.tif	circular_farmland/circular_farmland_228.tif	NWPU45_20/train/circular_farmland/circular_farmland_228.tif
train	circular_farmland	8	circular_farmland_242.tif	circular_farmland/circular_farmland_242.tif	NWPU45_20/train/circular_farmland/circular_farmland_242.tif
train	circular_farmland	8	circular_farmland_244.tif	circular_farmland/circular_farmland_244.tif	NWPU45_20/train/circular_farmland/circular_farmland_244.tif
train	circular_farmland	8	circular_farmland_256.tif	circular_farmland/circular_farmland_256.tif	NWPU45_20/train/circular_farmland/circular_farmland_256.tif
train	circular_farmland	8	circular_farmland_257.tif	circular_farmland/circular_farmland_257.tif	NWPU45_20/train/circular_farmland/circular_farmland_257.tif
train	circular_farmland	8	circular_farmland_266.tif	circular_farmland/circular_farmland_266.tif	NWPU45_20/train/circular_farmland/circular_farmland_266.tif
train	circular_farmland	8	circular_farmland_267.tif	circular_farmland/circular_farmland_267.tif	NWPU45_20/train/circular_farmland/circular_farmland_267.tif
train	circular_farmland	8	circular_farmland_269.tif	circular_farmland/circular_farmland_269.tif	NWPU45_20/train/circular_farmland/circular_farmland_269.tif
train	circular_farmland	8	circular_farmland_273.tif	circular_farmland/circular_farmland_273.tif	NWPU45_20/train/circular_farmland/circular_farmland_273.tif
train	circular_farmland	8	circular_farmland_281.tif	circular_farmland/circular_farmland_281.tif	NWPU45_20/train/circular_farmland/circular_farmland_281.tif
train	circular_farmland	8	circular_farmland_294.tif	circular_farmland/circular_farmland_294.tif	NWPU45_20/train/circular_farmland/circular_farmland_294.tif
train	circular_farmland	8	circular_farmland_308.tif	circular_farmland/circular_farmland_308.tif	NWPU45_20/train/circular_farmland/circular_farmland_308.tif
train	circular_farmland	8	circular_farmland_309.tif	circular_farmland/circular_farmland_309.tif	NWPU45_20/train/circular_farmland/circular_farmland_309.tif
train	circular_farmland	8	circular_farmland_311.tif	circular_farmland/circular_farmland_311.tif	NWPU45_20/train/circular_farmland/circular_farmland_311.tif
train	circular_farmland	8	circular_farmland_312.tif	circular_farmland/circular_farmland_312.tif	NWPU45_20/train/circular_farmland/circular_farmland_312.tif
train	circular_farmland	8	circular_farmland_313.tif	circular_farmland/circular_farmland_313.tif	NWPU45_20/train/circular_farmland/circular_farmland_313.tif
train	circular_farmland	8	circular_farmland_316.tif	circular_farmland/circular_farmland_316.tif	NWPU45_20/train/circular_farmland/circular_farmland_316.tif
train	circular_farmland	8	circular_farmland_317.tif	circular_farmland/circular_farmland_317.tif	NWPU45_20/train/circular_farmland/circular_farmland_317.tif
train	circular_farmland	8	circular_farmland_322.tif	circular_farmland/circular_farmland_322.tif	NWPU45_20/train/circular_farmland/circular_farmland_322.tif
train	circular_farmland	8	circular_farmland_325.tif	circular_farmland/circular_farmland_325.tif	NWPU45_20/train/circular_farmland/circular_farmland_325.tif
train	circular_farmland	8	circular_farmland_327.tif	circular_farmland/circular_farmland_327.tif	NWPU45_20/train/circular_farmland/circular_farmland_327.tif
train	circular_farmland	8	circular_farmland_329.tif	circular_farmland/circular_farmland_329.tif	NWPU45_20/train/circular_farmland/circular_farmland_329.tif
train	circular_farmland	8	circular_farmland_336.tif	circular_farmland/circular_farmland_336.tif	NWPU45_20/train/circular_farmland/circular_farmland_336.tif
train	circular_farmland	8	circular_farmland_342.tif	circular_farmland/circular_farmland_342.tif	NWPU45_20/train/circular_farmland/circular_farmland_342.tif
train	circular_farmland	8	circular_farmland_348.tif	circular_farmland/circular_farmland_348.tif	NWPU45_20/train/circular_farmland/circular_farmland_348.tif
train	circular_farmland	8	circular_farmland_351.tif	circular_farmland/circular_farmland_351.tif	NWPU45_20/train/circular_farmland/circular_farmland_351.tif
train	circular_farmland	8	circular_farmland_354.tif	circular_farmland/circular_farmland_354.tif	NWPU45_20/train/circular_farmland/circular_farmland_354.tif
train	circular_farmland	8	circular_farmland_360.tif	circular_farmland/circular_farmland_360.tif	NWPU45_20/train/circular_farmland/circular_farmland_360.tif
train	circular_farmland	8	circular_farmland_365.tif	circular_farmland/circular_farmland_365.tif	NWPU45_20/train/circular_farmland/circular_farmland_365.tif
train	circular_farmland	8	circular_farmland_366.tif	circular_farmland/circular_farmland_366.tif	NWPU45_20/train/circular_farmland/circular_farmland_366.tif
train	circular_farmland	8	circular_farmland_367.tif	circular_farmland/circular_farmland_367.tif	NWPU45_20/train/circular_farmland/circular_farmland_367.tif
train	circular_farmland	8	circular_farmland_376.tif	circular_farmland/circular_farmland_376.tif	NWPU45_20/train/circular_farmland/circular_farmland_376.tif
train	circular_farmland	8	circular_farmland_379.tif	circular_farmland/circular_farmland_379.tif	NWPU45_20/train/circular_farmland/circular_farmland_379.tif
train	circular_farmland	8	circular_farmland_381.tif	circular_farmland/circular_farmland_381.tif	NWPU45_20/train/circular_farmland/circular_farmland_381.tif
train	circular_farmland	8	circular_farmland_385.tif	circular_farmland/circular_farmland_385.tif	NWPU45_20/train/circular_farmland/circular_farmland_385.tif
train	circular_farmland	8	circular_farmland_387.tif	circular_farmland/circular_farmland_387.tif	NWPU45_20/train/circular_farmland/circular_farmland_387.tif
train	circular_farmland	8	circular_farmland_396.tif	circular_farmland/circular_farmland_396.tif	NWPU45_20/train/circular_farmland/circular_farmland_396.tif
train	circular_farmland	8	circular_farmland_397.tif	circular_farmland/circular_farmland_397.tif	NWPU45_20/train/circular_farmland/circular_farmland_397.tif
train	circular_farmland	8	circular_farmland_399.tif	circular_farmland/circular_farmland_399.tif	NWPU45_20/train/circular_farmland/circular_farmland_399.tif
train	circular_farmland	8	circular_farmland_415.tif	circular_farmland/circular_farmland_415.tif	NWPU45_20/train/circular_farmland/circular_farmland_415.tif
train	circular_farmland	8	circular_farmland_416.tif	circular_farmland/circular_farmland_416.tif	NWPU45_20/train/circular_farmland/circular_farmland_416.tif
train	circular_farmland	8	circular_farmland_417.tif	circular_farmland/circular_farmland_417.tif	NWPU45_20/train/circular_farmland/circular_farmland_417.tif
train	circular_farmland	8	circular_farmland_418.tif	circular_farmland/circular_farmland_418.tif	NWPU45_20/train/circular_farmland/circular_farmland_418.tif
train	circular_farmland	8	circular_farmland_420.tif	circular_farmland/circular_farmland_420.tif	NWPU45_20/train/circular_farmland/circular_farmland_420.tif
train	circular_farmland	8	circular_farmland_421.tif	circular_farmland/circular_farmland_421.tif	NWPU45_20/train/circular_farmland/circular_farmland_421.tif
train	circular_farmland	8	circular_farmland_427.tif	circular_farmland/circular_farmland_427.tif	NWPU45_20/train/circular_farmland/circular_farmland_427.tif
train	circular_farmland	8	circular_farmland_454.tif	circular_farmland/circular_farmland_454.tif	NWPU45_20/train/circular_farmland/circular_farmland_454.tif
train	circular_farmland	8	circular_farmland_455.tif	circular_farmland/circular_farmland_455.tif	NWPU45_20/train/circular_farmland/circular_farmland_455.tif
train	circular_farmland	8	circular_farmland_459.tif	circular_farmland/circular_farmland_459.tif	NWPU45_20/train/circular_farmland/circular_farmland_459.tif
train	circular_farmland	8	circular_farmland_468.tif	circular_farmland/circular_farmland_468.tif	NWPU45_20/train/circular_farmland/circular_farmland_468.tif
train	circular_farmland	8	circular_farmland_473.tif	circular_farmland/circular_farmland_473.tif	NWPU45_20/train/circular_farmland/circular_farmland_473.tif
train	circular_farmland	8	circular_farmland_476.tif	circular_farmland/circular_farmland_476.tif	NWPU45_20/train/circular_farmland/circular_farmland_476.tif
train	circular_farmland	8	circular_farmland_478.tif	circular_farmland/circular_farmland_478.tif	NWPU45_20/train/circular_farmland/circular_farmland_478.tif
train	circular_farmland	8	circular_farmland_491.tif	circular_farmland/circular_farmland_491.tif	NWPU45_20/train/circular_farmland/circular_farmland_491.tif
train	circular_farmland	8	circular_farmland_497.tif	circular_farmland/circular_farmland_497.tif	NWPU45_20/train/circular_farmland/circular_farmland_497.tif
train	circular_farmland	8	circular_farmland_505.tif	circular_farmland/circular_farmland_505.tif	NWPU45_20/train/circular_farmland/circular_farmland_505.tif
train	circular_farmland	8	circular_farmland_508.tif	circular_farmland/circular_farmland_508.tif	NWPU45_20/train/circular_farmland/circular_farmland_508.tif
train	circular_farmland	8	circular_farmland_509.tif	circular_farmland/circular_farmland_509.tif	NWPU45_20/train/circular_farmland/circular_farmland_509.tif
train	circular_farmland	8	circular_farmland_516.tif	circular_farmland/circular_farmland_516.tif	NWPU45_20/train/circular_farmland/circular_farmland_516.tif
train	circular_farmland	8	circular_farmland_521.tif	circular_farmland/circular_farmland_521.tif	NWPU45_20/train/circular_farmland/circular_farmland_521.tif
train	circular_farmland	8	circular_farmland_523.tif	circular_farmland/circular_farmland_523.tif	NWPU45_20/train/circular_farmland/circular_farmland_523.tif
train	circular_farmland	8	circular_farmland_527.tif	circular_farmland/circular_farmland_527.tif	NWPU45_20/train/circular_farmland/circular_farmland_527.tif
train	circular_farmland	8	circular_farmland_537.tif	circular_farmland/circular_farmland_537.tif	NWPU45_20/train/circular_farmland/circular_farmland_537.tif
train	circular_farmland	8	circular_farmland_539.tif	circular_farmland/circular_farmland_539.tif	NWPU45_20/train/circular_farmland/circular_farmland_539.tif
train	circular_farmland	8	circular_farmland_543.tif	circular_farmland/circular_farmland_543.tif	NWPU45_20/train/circular_farmland/circular_farmland_543.tif
train	circular_farmland	8	circular_farmland_558.tif	circular_farmland/circular_farmland_558.tif	NWPU45_20/train/circular_farmland/circular_farmland_558.tif
train	circular_farmland	8	circular_farmland_560.tif	circular_farmland/circular_farmland_560.tif	NWPU45_20/train/circular_farmland/circular_farmland_560.tif
train	circular_farmland	8	circular_farmland_563.tif	circular_farmland/circular_farmland_563.tif	NWPU45_20/train/circular_farmland/circular_farmland_563.tif
train	circular_farmland	8	circular_farmland_570.tif	circular_farmland/circular_farmland_570.tif	NWPU45_20/train/circular_farmland/circular_farmland_570.tif
train	circular_farmland	8	circular_farmland_572.tif	circular_farmland/circular_farmland_572.tif	NWPU45_20/train/circular_farmland/circular_farmland_572.tif
train	circular_farmland	8	circular_farmland_574.tif	circular_farmland/circular_farmland_574.tif	NWPU45_20/train/circular_farmland/circular_farmland_574.tif
train	circular_farmland	8	circular_farmland_579.tif	circular_farmland/circular_farmland_579.tif	NWPU45_20/train/circular_farmland/circular_farmland_579.tif
train	circular_farmland	8	circular_farmland_582.tif	circular_farmland/circular_farmland_582.tif	NWPU45_20/train/circular_farmland/circular_farmland_582.tif
train	circular_farmland	8	circular_farmland_584.tif	circular_farmland/circular_farmland_584.tif	NWPU45_20/train/circular_farmland/circular_farmland_584.tif
train	circular_farmland	8	circular_farmland_587.tif	circular_farmland/circular_farmland_587.tif	NWPU45_20/train/circular_farmland/circular_farmland_587.tif
train	circular_farmland	8	circular_farmland_588.tif	circular_farmland/circular_farmland_588.tif	NWPU45_20/train/circular_farmland/circular_farmland_588.tif
train	circular_farmland	8	circular_farmland_595.tif	circular_farmland/circular_farmland_595.tif	NWPU45_20/train/circular_farmland/circular_farmland_595.tif
train	circular_farmland	8	circular_farmland_621.tif	circular_farmland/circular_farmland_621.tif	NWPU45_20/train/circular_farmland/circular_farmland_621.tif
train	circular_farmland	8	circular_farmland_630.tif	circular_farmland/circular_farmland_630.tif	NWPU45_20/train/circular_farmland/circular_farmland_630.tif
train	circular_farmland	8	circular_farmland_631.tif	circular_farmland/circular_farmland_631.tif	NWPU45_20/train/circular_farmland/circular_farmland_631.tif
train	circular_farmland	8	circular_farmland_635.tif	circular_farmland/circular_farmland_635.tif	NWPU45_20/train/circular_farmland/circular_farmland_635.tif
train	circular_farmland	8	circular_farmland_640.tif	circular_farmland/circular_farmland_640.tif	NWPU45_20/train/circular_farmland/circular_farmland_640.tif
train	circular_farmland	8	circular_farmland_641.tif	circular_farmland/circular_farmland_641.tif	NWPU45_20/train/circular_farmland/circular_farmland_641.tif
train	circular_farmland	8	circular_farmland_643.tif	circular_farmland/circular_farmland_643.tif	NWPU45_20/train/circular_farmland/circular_farmland_643.tif
train	circular_farmland	8	circular_farmland_660.tif	circular_farmland/circular_farmland_660.tif	NWPU45_20/train/circular_farmland/circular_farmland_660.tif
train	circular_farmland	8	circular_farmland_662.tif	circular_farmland/circular_farmland_662.tif	NWPU45_20/train/circular_farmland/circular_farmland_662.tif
train	circular_farmland	8	circular_farmland_673.tif	circular_farmland/circular_farmland_673.tif	NWPU45_20/train/circular_farmland/circular_farmland_673.tif
train	circular_farmland	8	circular_farmland_674.tif	circular_farmland/circular_farmland_674.tif	NWPU45_20/train/circular_farmland/circular_farmland_674.tif
train	circular_farmland	8	circular_farmland_690.tif	circular_farmland/circular_farmland_690.tif	NWPU45_20/train/circular_farmland/circular_farmland_690.tif
train	circular_farmland	8	circular_farmland_695.tif	circular_farmland/circular_farmland_695.tif	NWPU45_20/train/circular_farmland/circular_farmland_695.tif
train	cloud	9	cloud_003.tif	cloud/cloud_003.tif	NWPU45_20/train/cloud/cloud_003.tif
train	cloud	9	cloud_006.tif	cloud/cloud_006.tif	NWPU45_20/train/cloud/cloud_006.tif
train	cloud	9	cloud_009.tif	cloud/cloud_009.tif	NWPU45_20/train/cloud/cloud_009.tif
train	cloud	9	cloud_011.tif	cloud/cloud_011.tif	NWPU45_20/train/cloud/cloud_011.tif
train	cloud	9	cloud_014.tif	cloud/cloud_014.tif	NWPU45_20/train/cloud/cloud_014.tif
train	cloud	9	cloud_015.tif	cloud/cloud_015.tif	NWPU45_20/train/cloud/cloud_015.tif
train	cloud	9	cloud_016.tif	cloud/cloud_016.tif	NWPU45_20/train/cloud/cloud_016.tif
train	cloud	9	cloud_025.tif	cloud/cloud_025.tif	NWPU45_20/train/cloud/cloud_025.tif
train	cloud	9	cloud_029.tif	cloud/cloud_029.tif	NWPU45_20/train/cloud/cloud_029.tif
train	cloud	9	cloud_034.tif	cloud/cloud_034.tif	NWPU45_20/train/cloud/cloud_034.tif
train	cloud	9	cloud_040.tif	cloud/cloud_040.tif	NWPU45_20/train/cloud/cloud_040.tif
train	cloud	9	cloud_041.tif	cloud/cloud_041.tif	NWPU45_20/train/cloud/cloud_041.tif
train	cloud	9	cloud_043.tif	cloud/cloud_043.tif	NWPU45_20/train/cloud/cloud_043.tif
train	cloud	9	cloud_057.tif	cloud/cloud_057.tif	NWPU45_20/train/cloud/cloud_057.tif
train	cloud	9	cloud_059.tif	cloud/cloud_059.tif	NWPU45_20/train/cloud/cloud_059.tif
train	cloud	9	cloud_064.tif	cloud/cloud_064.tif	NWPU45_20/train/cloud/cloud_064.tif
train	cloud	9	cloud_065.tif	cloud/cloud_065.tif	NWPU45_20/train/cloud/cloud_065.tif
train	cloud	9	cloud_070.tif	cloud/cloud_070.tif	NWPU45_20/train/cloud/cloud_070.tif
train	cloud	9	cloud_075.tif	cloud/cloud_075.tif	NWPU45_20/train/cloud/cloud_075.tif
train	cloud	9	cloud_079.tif	cloud/cloud_079.tif	NWPU45_20/train/cloud/cloud_079.tif
train	cloud	9	cloud_087.tif	cloud/cloud_087.tif	NWPU45_20/train/cloud/cloud_087.tif
train	cloud	9	cloud_093.tif	cloud/cloud_093.tif	NWPU45_20/train/cloud/cloud_093.tif
train	cloud	9	cloud_097.tif	cloud/cloud_097.tif	NWPU45_20/train/cloud/cloud_097.tif
train	cloud	9	cloud_101.tif	cloud/cloud_101.tif	NWPU45_20/train/cloud/cloud_101.tif
train	cloud	9	cloud_102.tif	cloud/cloud_102.tif	NWPU45_20/train/cloud/cloud_102.tif
train	cloud	9	cloud_106.tif	cloud/cloud_106.tif	NWPU45_20/train/cloud/cloud_106.tif
train	cloud	9	cloud_107.tif	cloud/cloud_107.tif	NWPU45_20/train/cloud/cloud_107.tif
train	cloud	9	cloud_116.tif	cloud/cloud_116.tif	NWPU45_20/train/cloud/cloud_116.tif
train	cloud	9	cloud_119.tif	cloud/cloud_119.tif	NWPU45_20/train/cloud/cloud_119.tif
train	cloud	9	cloud_133.tif	cloud/cloud_133.tif	NWPU45_20/train/cloud/cloud_133.tif
train	cloud	9	cloud_139.tif	cloud/cloud_139.tif	NWPU45_20/train/cloud/cloud_139.tif
train	cloud	9	cloud_144.tif	cloud/cloud_144.tif	NWPU45_20/train/cloud/cloud_144.tif
train	cloud	9	cloud_150.tif	cloud/cloud_150.tif	NWPU45_20/train/cloud/cloud_150.tif
train	cloud	9	cloud_151.tif	cloud/cloud_151.tif	NWPU45_20/train/cloud/cloud_151.tif
train	cloud	9	cloud_159.tif	cloud/cloud_159.tif	NWPU45_20/train/cloud/cloud_159.tif
train	cloud	9	cloud_173.tif	cloud/cloud_173.tif	NWPU45_20/train/cloud/cloud_173.tif
train	cloud	9	cloud_175.tif	cloud/cloud_175.tif	NWPU45_20/train/cloud/cloud_175.tif
train	cloud	9	cloud_177.tif	cloud/cloud_177.tif	NWPU45_20/train/cloud/cloud_177.tif
train	cloud	9	cloud_178.tif	cloud/cloud_178.tif	NWPU45_20/train/cloud/cloud_178.tif
train	cloud	9	cloud_181.tif	cloud/cloud_181.tif	NWPU45_20/train/cloud/cloud_181.tif
train	cloud	9	cloud_186.tif	cloud/cloud_186.tif	NWPU45_20/train/cloud/cloud_186.tif
train	cloud	9	cloud_191.tif	cloud/cloud_191.tif	NWPU45_20/train/cloud/cloud_191.tif
train	cloud	9	cloud_193.tif	cloud/cloud_193.tif	NWPU45_20/train/cloud/cloud_193.tif
train	cloud	9	cloud_194.tif	cloud/cloud_194.tif	NWPU45_20/train/cloud/cloud_194.tif
train	cloud	9	cloud_199.tif	cloud/cloud_199.tif	NWPU45_20/train/cloud/cloud_199.tif
train	cloud	9	cloud_201.tif	cloud/cloud_201.tif	NWPU45_20/train/cloud/cloud_201.tif
train	cloud	9	cloud_205.tif	cloud/cloud_205.tif	NWPU45_20/train/cloud/cloud_205.tif
train	cloud	9	cloud_208.tif	cloud/cloud_208.tif	NWPU45_20/train/cloud/cloud_208.tif
train	cloud	9	cloud_210.tif	cloud/cloud_210.tif	NWPU45_20/train/cloud/cloud_210.tif
train	cloud	9	cloud_213.tif	cloud/cloud_213.tif	NWPU45_20/train/cloud/cloud_213.tif
train	cloud	9	cloud_228.tif	cloud/cloud_228.tif	NWPU45_20/train/cloud/cloud_228.tif
train	cloud	9	cloud_242.tif	cloud/cloud_242.tif	NWPU45_20/train/cloud/cloud_242.tif
train	cloud	9	cloud_244.tif	cloud/cloud_244.tif	NWPU45_20/train/cloud/cloud_244.tif
train	cloud	9	cloud_256.tif	cloud/cloud_256.tif	NWPU45_20/train/cloud/cloud_256.tif
train	cloud	9	cloud_257.tif	cloud/cloud_257.tif	NWPU45_20/train/cloud/cloud_257.tif
train	cloud	9	cloud_266.tif	cloud/cloud_266.tif	NWPU45_20/train/cloud/cloud_266.tif
train	cloud	9	cloud_267.tif	cloud/cloud_267.tif	NWPU45_20/train/cloud/cloud_267.tif
train	cloud	9	cloud_269.tif	cloud/cloud_269.tif	NWPU45_20/train/cloud/cloud_269.tif
train	cloud	9	cloud_273.tif	cloud/cloud_273.tif	NWPU45_20/train/cloud/cloud_273.tif
train	cloud	9	cloud_281.tif	cloud/cloud_281.tif	NWPU45_20/train/cloud/cloud_281.tif
train	cloud	9	cloud_294.tif	cloud/cloud_294.tif	NWPU45_20/train/cloud/cloud_294.tif
train	cloud	9	cloud_308.tif	cloud/cloud_308.tif	NWPU45_20/train/cloud/cloud_308.tif
train	cloud	9	cloud_309.tif	cloud/cloud_309.tif	NWPU45_20/train/cloud/cloud_309.tif
train	cloud	9	cloud_311.tif	cloud/cloud_311.tif	NWPU45_20/train/cloud/cloud_311.tif
train	cloud	9	cloud_312.tif	cloud/cloud_312.tif	NWPU45_20/train/cloud/cloud_312.tif
train	cloud	9	cloud_313.tif	cloud/cloud_313.tif	NWPU45_20/train/cloud/cloud_313.tif
train	cloud	9	cloud_316.tif	cloud/cloud_316.tif	NWPU45_20/train/cloud/cloud_316.tif
train	cloud	9	cloud_317.tif	cloud/cloud_317.tif	NWPU45_20/train/cloud/cloud_317.tif
train	cloud	9	cloud_322.tif	cloud/cloud_322.tif	NWPU45_20/train/cloud/cloud_322.tif
train	cloud	9	cloud_325.tif	cloud/cloud_325.tif	NWPU45_20/train/cloud/cloud_325.tif
train	cloud	9	cloud_327.tif	cloud/cloud_327.tif	NWPU45_20/train/cloud/cloud_327.tif
train	cloud	9	cloud_329.tif	cloud/cloud_329.tif	NWPU45_20/train/cloud/cloud_329.tif
train	cloud	9	cloud_336.tif	cloud/cloud_336.tif	NWPU45_20/train/cloud/cloud_336.tif
train	cloud	9	cloud_342.tif	cloud/cloud_342.tif	NWPU45_20/train/cloud/cloud_342.tif
train	cloud	9	cloud_348.tif	cloud/cloud_348.tif	NWPU45_20/train/cloud/cloud_348.tif
train	cloud	9	cloud_351.tif	cloud/cloud_351.tif	NWPU45_20/train/cloud/cloud_351.tif
train	cloud	9	cloud_354.tif	cloud/cloud_354.tif	NWPU45_20/train/cloud/cloud_354.tif
train	cloud	9	cloud_360.tif	cloud/cloud_360.tif	NWPU45_20/train/cloud/cloud_360.tif
train	cloud	9	cloud_365.tif	cloud/cloud_365.tif	NWPU45_20/train/cloud/cloud_365.tif
train	cloud	9	cloud_366.tif	cloud/cloud_366.tif	NWPU45_20/train/cloud/cloud_366.tif
train	cloud	9	cloud_367.tif	cloud/cloud_367.tif	NWPU45_20/train/cloud/cloud_367.tif
train	cloud	9	cloud_376.tif	cloud/cloud_376.tif	NWPU45_20/train/cloud/cloud_376.tif
train	cloud	9	cloud_379.tif	cloud/cloud_379.tif	NWPU45_20/train/cloud/cloud_379.tif
train	cloud	9	cloud_381.tif	cloud/cloud_381.tif	NWPU45_20/train/cloud/cloud_381.tif
train	cloud	9	cloud_385.tif	cloud/cloud_385.tif	NWPU45_20/train/cloud/cloud_385.tif
train	cloud	9	cloud_387.tif	cloud/cloud_387.tif	NWPU45_20/train/cloud/cloud_387.tif
train	cloud	9	cloud_396.tif	cloud/cloud_396.tif	NWPU45_20/train/cloud/cloud_396.tif
train	cloud	9	cloud_397.tif	cloud/cloud_397.tif	NWPU45_20/train/cloud/cloud_397.tif
train	cloud	9	cloud_399.tif	cloud/cloud_399.tif	NWPU45_20/train/cloud/cloud_399.tif
train	cloud	9	cloud_415.tif	cloud/cloud_415.tif	NWPU45_20/train/cloud/cloud_415.tif
train	cloud	9	cloud_416.tif	cloud/cloud_416.tif	NWPU45_20/train/cloud/cloud_416.tif
train	cloud	9	cloud_417.tif	cloud/cloud_417.tif	NWPU45_20/train/cloud/cloud_417.tif
train	cloud	9	cloud_418.tif	cloud/cloud_418.tif	NWPU45_20/train/cloud/cloud_418.tif
train	cloud	9	cloud_420.tif	cloud/cloud_420.tif	NWPU45_20/train/cloud/cloud_420.tif
train	cloud	9	cloud_421.tif	cloud/cloud_421.tif	NWPU45_20/train/cloud/cloud_421.tif
train	cloud	9	cloud_427.tif	cloud/cloud_427.tif	NWPU45_20/train/cloud/cloud_427.tif
train	cloud	9	cloud_454.tif	cloud/cloud_454.tif	NWPU45_20/train/cloud/cloud_454.tif
train	cloud	9	cloud_455.tif	cloud/cloud_455.tif	NWPU45_20/train/cloud/cloud_455.tif
train	cloud	9	cloud_459.tif	cloud/cloud_459.tif	NWPU45_20/train/cloud/cloud_459.tif
train	cloud	9	cloud_468.tif	cloud/cloud_468.tif	NWPU45_20/train/cloud/cloud_468.tif
train	cloud	9	cloud_473.tif	cloud/cloud_473.tif	NWPU45_20/train/cloud/cloud_473.tif
train	cloud	9	cloud_476.tif	cloud/cloud_476.tif	NWPU45_20/train/cloud/cloud_476.tif
train	cloud	9	cloud_478.tif	cloud/cloud_478.tif	NWPU45_20/train/cloud/cloud_478.tif
train	cloud	9	cloud_491.tif	cloud/cloud_491.tif	NWPU45_20/train/cloud/cloud_491.tif
train	cloud	9	cloud_497.tif	cloud/cloud_497.tif	NWPU45_20/train/cloud/cloud_497.tif
train	cloud	9	cloud_505.tif	cloud/cloud_505.tif	NWPU45_20/train/cloud/cloud_505.tif
train	cloud	9	cloud_508.tif	cloud/cloud_508.tif	NWPU45_20/train/cloud/cloud_508.tif
train	cloud	9	cloud_509.tif	cloud/cloud_509.tif	NWPU45_20/train/cloud/cloud_509.tif
train	cloud	9	cloud_516.tif	cloud/cloud_516.tif	NWPU45_20/train/cloud/cloud_516.tif
train	cloud	9	cloud_521.tif	cloud/cloud_521.tif	NWPU45_20/train/cloud/cloud_521.tif
train	cloud	9	cloud_523.tif	cloud/cloud_523.tif	NWPU45_20/train/cloud/cloud_523.tif
train	cloud	9	cloud_527.tif	cloud/cloud_527.tif	NWPU45_20/train/cloud/cloud_527.tif
train	cloud	9	cloud_537.tif	cloud/cloud_537.tif	NWPU45_20/train/cloud/cloud_537.tif
train	cloud	9	cloud_539.tif	cloud/cloud_539.tif	NWPU45_20/train/cloud/cloud_539.tif
train	cloud	9	cloud_543.tif	cloud/cloud_543.tif	NWPU45_20/train/cloud/cloud_543.tif
train	cloud	9	cloud_558.tif	cloud/cloud_558.tif	NWPU45_20/train/cloud/cloud_558.tif
train	cloud	9	cloud_560.tif	cloud/cloud_560.tif	NWPU45_20/train/cloud/cloud_560.tif
train	cloud	9	cloud_563.tif	cloud/cloud_563.tif	NWPU45_20/train/cloud/cloud_563.tif
train	cloud	9	cloud_570.tif	cloud/cloud_570.tif	NWPU45_20/train/cloud/cloud_570.tif
train	cloud	9	cloud_572.tif	cloud/cloud_572.tif	NWPU45_20/train/cloud/cloud_572.tif
train	cloud	9	cloud_574.tif	cloud/cloud_574.tif	NWPU45_20/train/cloud/cloud_574.tif
train	cloud	9	cloud_579.tif	cloud/cloud_579.tif	NWPU45_20/train/cloud/cloud_579.tif
train	cloud	9	cloud_582.tif	cloud/cloud_582.tif	NWPU45_20/train/cloud/cloud_582.tif
train	cloud	9	cloud_584.tif	cloud/cloud_584.tif	NWPU45_20/train/cloud/cloud_584.tif
train	cloud	9	cloud_587.tif	cloud/cloud_587.tif	NWPU45_20/train/cloud/cloud_587.tif
train	cloud	9	cloud_588.tif	cloud/cloud_588.tif	NWPU45_20/train/cloud/cloud_588.tif
train	cloud	9	cloud_595.tif	cloud/cloud_595.tif	NWPU45_20/train/cloud/cloud_595.tif
train	cloud	9	cloud_621.tif	cloud/cloud_621.tif	NWPU45_20/train/cloud/cloud_621.tif
train	cloud	9	cloud_630.tif	cloud/cloud_630.tif	NWPU45_20/train/cloud/cloud_630.tif
train	cloud	9	cloud_631.tif	cloud/cloud_631.tif	NWPU45_20/train/cloud/cloud_631.tif
train	cloud	9	cloud_635.tif	cloud/cloud_635.tif	NWPU45_20/train/cloud/cloud_635.tif
train	cloud	9	cloud_640.tif	cloud/cloud_640.tif	NWPU45_20/train/cloud/cloud_640.tif
train	cloud	9	cloud_641.tif	cloud/cloud_641.tif	NWPU45_20/train/cloud/cloud_641.tif
train	cloud	9	cloud_643.tif	cloud/cloud_643.tif	NWPU45_20/train/cloud/cloud_643.tif
train	cloud	9	cloud_660.tif	cloud/cloud_660.tif	NWPU45_20/train/cloud/cloud_660.tif
train	cloud	9	cloud_662.tif	cloud/cloud_662.tif	NWPU45_20/train/cloud/cloud_662.tif
train	cloud	9	cloud_673.tif	cloud/cloud_673.tif	NWPU45_20/train/cloud/cloud_673.tif
train	cloud	9	cloud_674.tif	cloud/cloud_674.tif	NWPU45_20/train/cloud/cloud_674.tif
train	cloud	9	cloud_690.tif	cloud/cloud_690.tif	NWPU45_20/train/cloud/cloud_690.tif
train	cloud	9	cloud_695.tif	cloud/cloud_695.tif	NWPU45_20/train/cloud/cloud_695.tif
train	commercial_area	10	commercial_area_003.tif	commercial_area/commercial_area_003.tif	NWPU45_20/train/commercial_area/commercial_area_003.tif
train	commercial_area	10	commercial_area_006.tif	commercial_area/commercial_area_006.tif	NWPU45_20/train/commercial_area/commercial_area_006.tif
train	commercial_area	10	commercial_area_009.tif	commercial_area/commercial_area_009.tif	NWPU45_20/train/commercial_area/commercial_area_009.tif
train	commercial_area	10	commercial_area_011.tif	commercial_area/commercial_area_011.tif	NWPU45_20/train/commercial_area/commercial_area_011.tif
train	commercial_area	10	commercial_area_014.tif	commercial_area/commercial_area_014.tif	NWPU45_20/train/commercial_area/commercial_area_014.tif
train	commercial_area	10	commercial_area_015.tif	commercial_area/commercial_area_015.tif	NWPU45_20/train/commercial_area/commercial_area_015.tif
train	commercial_area	10	commercial_area_016.tif	commercial_area/commercial_area_016.tif	NWPU45_20/train/commercial_area/commercial_area_016.tif
train	commercial_area	10	commercial_area_025.tif	commercial_area/commercial_area_025.tif	NWPU45_20/train/commercial_area/commercial_area_025.tif
train	commercial_area	10	commercial_area_029.tif	commercial_area/commercial_area_029.tif	NWPU45_20/train/commercial_area/commercial_area_029.tif
train	commercial_area	10	commercial_area_034.tif	commercial_area/commercial_area_034.tif	NWPU45_20/train/commercial_area/commercial_area_034.tif
train	commercial_area	10	commercial_area_040.tif	commercial_area/commercial_area_040.tif	NWPU45_20/train/commercial_area/commercial_area_040.tif
train	commercial_area	10	commercial_area_041.tif	commercial_area/commercial_area_041.tif	NWPU45_20/train/commercial_area/commercial_area_041.tif
train	commercial_area	10	commercial_area_043.tif	commercial_area/commercial_area_043.tif	NWPU45_20/train/commercial_area/commercial_area_043.tif
train	commercial_area	10	commercial_area_057.tif	commercial_area/commercial_area_057.tif	NWPU45_20/train/commercial_area/commercial_area_057.tif
train	commercial_area	10	commercial_area_059.tif	commercial_area/commercial_area_059.tif	NWPU45_20/train/commercial_area/commercial_area_059.tif
train	commercial_area	10	commercial_area_064.tif	commercial_area/commercial_area_064.tif	NWPU45_20/train/commercial_area/commercial_area_064.tif
train	commercial_area	10	commercial_area_065.tif	commercial_area/commercial_area_065.tif	NWPU45_20/train/commercial_area/commercial_area_065.tif
train	commercial_area	10	commercial_area_070.tif	commercial_area/commercial_area_070.tif	NWPU45_20/train/commercial_area/commercial_area_070.tif
train	commercial_area	10	commercial_area_075.tif	commercial_area/commercial_area_075.tif	NWPU45_20/train/commercial_area/commercial_area_075.tif
train	commercial_area	10	commercial_area_079.tif	commercial_area/commercial_area_079.tif	NWPU45_20/train/commercial_area/commercial_area_079.tif
train	commercial_area	10	commercial_area_087.tif	commercial_area/commercial_area_087.tif	NWPU45_20/train/commercial_area/commercial_area_087.tif
train	commercial_area	10	commercial_area_093.tif	commercial_area/commercial_area_093.tif	NWPU45_20/train/commercial_area/commercial_area_093.tif
train	commercial_area	10	commercial_area_097.tif	commercial_area/commercial_area_097.tif	NWPU45_20/train/commercial_area/commercial_area_097.tif
train	commercial_area	10	commercial_area_101.tif	commercial_area/commercial_area_101.tif	NWPU45_20/train/commercial_area/commercial_area_101.tif
train	commercial_area	10	commercial_area_102.tif	commercial_area/commercial_area_102.tif	NWPU45_20/train/commercial_area/commercial_area_102.tif
train	commercial_area	10	commercial_area_106.tif	commercial_area/commercial_area_106.tif	NWPU45_20/train/commercial_area/commercial_area_106.tif
train	commercial_area	10	commercial_area_107.tif	commercial_area/commercial_area_107.tif	NWPU45_20/train/commercial_area/commercial_area_107.tif
train	commercial_area	10	commercial_area_116.tif	commercial_area/commercial_area_116.tif	NWPU45_20/train/commercial_area/commercial_area_116.tif
train	commercial_area	10	commercial_area_119.tif	commercial_area/commercial_area_119.tif	NWPU45_20/train/commercial_area/commercial_area_119.tif
train	commercial_area	10	commercial_area_133.tif	commercial_area/commercial_area_133.tif	NWPU45_20/train/commercial_area/commercial_area_133.tif
train	commercial_area	10	commercial_area_139.tif	commercial_area/commercial_area_139.tif	NWPU45_20/train/commercial_area/commercial_area_139.tif
train	commercial_area	10	commercial_area_144.tif	commercial_area/commercial_area_144.tif	NWPU45_20/train/commercial_area/commercial_area_144.tif
train	commercial_area	10	commercial_area_150.tif	commercial_area/commercial_area_150.tif	NWPU45_20/train/commercial_area/commercial_area_150.tif
train	commercial_area	10	commercial_area_151.tif	commercial_area/commercial_area_151.tif	NWPU45_20/train/commercial_area/commercial_area_151.tif
train	commercial_area	10	commercial_area_159.tif	commercial_area/commercial_area_159.tif	NWPU45_20/train/commercial_area/commercial_area_159.tif
train	commercial_area	10	commercial_area_173.tif	commercial_area/commercial_area_173.tif	NWPU45_20/train/commercial_area/commercial_area_173.tif
train	commercial_area	10	commercial_area_175.tif	commercial_area/commercial_area_175.tif	NWPU45_20/train/commercial_area/commercial_area_175.tif
train	commercial_area	10	commercial_area_177.tif	commercial_area/commercial_area_177.tif	NWPU45_20/train/commercial_area/commercial_area_177.tif
train	commercial_area	10	commercial_area_178.tif	commercial_area/commercial_area_178.tif	NWPU45_20/train/commercial_area/commercial_area_178.tif
train	commercial_area	10	commercial_area_181.tif	commercial_area/commercial_area_181.tif	NWPU45_20/train/commercial_area/commercial_area_181.tif
train	commercial_area	10	commercial_area_186.tif	commercial_area/commercial_area_186.tif	NWPU45_20/train/commercial_area/commercial_area_186.tif
train	commercial_area	10	commercial_area_191.tif	commercial_area/commercial_area_191.tif	NWPU45_20/train/commercial_area/commercial_area_191.tif
train	commercial_area	10	commercial_area_193.tif	commercial_area/commercial_area_193.tif	NWPU45_20/train/commercial_area/commercial_area_193.tif
train	commercial_area	10	commercial_area_194.tif	commercial_area/commercial_area_194.tif	NWPU45_20/train/commercial_area/commercial_area_194.tif
train	commercial_area	10	commercial_area_199.tif	commercial_area/commercial_area_199.tif	NWPU45_20/train/commercial_area/commercial_area_199.tif
train	commercial_area	10	commercial_area_201.tif	commercial_area/commercial_area_201.tif	NWPU45_20/train/commercial_area/commercial_area_201.tif
train	commercial_area	10	commercial_area_205.tif	commercial_area/commercial_area_205.tif	NWPU45_20/train/commercial_area/commercial_area_205.tif
train	commercial_area	10	commercial_area_208.tif	commercial_area/commercial_area_208.tif	NWPU45_20/train/commercial_area/commercial_area_208.tif
train	commercial_area	10	commercial_area_210.tif	commercial_area/commercial_area_210.tif	NWPU45_20/train/commercial_area/commercial_area_210.tif
train	commercial_area	10	commercial_area_213.tif	commercial_area/commercial_area_213.tif	NWPU45_20/train/commercial_area/commercial_area_213.tif
train	commercial_area	10	commercial_area_228.tif	commercial_area/commercial_area_228.tif	NWPU45_20/train/commercial_area/commercial_area_228.tif
train	commercial_area	10	commercial_area_242.tif	commercial_area/commercial_area_242.tif	NWPU45_20/train/commercial_area/commercial_area_242.tif
train	commercial_area	10	commercial_area_244.tif	commercial_area/commercial_area_244.tif	NWPU45_20/train/commercial_area/commercial_area_244.tif
train	commercial_area	10	commercial_area_256.tif	commercial_area/commercial_area_256.tif	NWPU45_20/train/commercial_area/commercial_area_256.tif
train	commercial_area	10	commercial_area_257.tif	commercial_area/commercial_area_257.tif	NWPU45_20/train/commercial_area/commercial_area_257.tif
train	commercial_area	10	commercial_area_266.tif	commercial_area/commercial_area_266.tif	NWPU45_20/train/commercial_area/commercial_area_266.tif
train	commercial_area	10	commercial_area_267.tif	commercial_area/commercial_area_267.tif	NWPU45_20/train/commercial_area/commercial_area_267.tif
train	commercial_area	10	commercial_area_269.tif	commercial_area/commercial_area_269.tif	NWPU45_20/train/commercial_area/commercial_area_269.tif
train	commercial_area	10	commercial_area_273.tif	commercial_area/commercial_area_273.tif	NWPU45_20/train/commercial_area/commercial_area_273.tif
train	commercial_area	10	commercial_area_281.tif	commercial_area/commercial_area_281.tif	NWPU45_20/train/commercial_area/commercial_area_281.tif
train	commercial_area	10	commercial_area_294.tif	commercial_area/commercial_area_294.tif	NWPU45_20/train/commercial_area/commercial_area_294.tif
train	commercial_area	10	commercial_area_308.tif	commercial_area/commercial_area_308.tif	NWPU45_20/train/commercial_area/commercial_area_308.tif
train	commercial_area	10	commercial_area_309.tif	commercial_area/commercial_area_309.tif	NWPU45_20/train/commercial_area/commercial_area_309.tif
train	commercial_area	10	commercial_area_311.tif	commercial_area/commercial_area_311.tif	NWPU45_20/train/commercial_area/commercial_area_311.tif
train	commercial_area	10	commercial_area_312.tif	commercial_area/commercial_area_312.tif	NWPU45_20/train/commercial_area/commercial_area_312.tif
train	commercial_area	10	commercial_area_313.tif	commercial_area/commercial_area_313.tif	NWPU45_20/train/commercial_area/commercial_area_313.tif
train	commercial_area	10	commercial_area_316.tif	commercial_area/commercial_area_316.tif	NWPU45_20/train/commercial_area/commercial_area_316.tif
train	commercial_area	10	commercial_area_317.tif	commercial_area/commercial_area_317.tif	NWPU45_20/train/commercial_area/commercial_area_317.tif
train	commercial_area	10	commercial_area_322.tif	commercial_area/commercial_area_322.tif	NWPU45_20/train/commercial_area/commercial_area_322.tif
train	commercial_area	10	commercial_area_325.tif	commercial_area/commercial_area_325.tif	NWPU45_20/train/commercial_area/commercial_area_325.tif
train	commercial_area	10	commercial_area_327.tif	commercial_area/commercial_area_327.tif	NWPU45_20/train/commercial_area/commercial_area_327.tif
train	commercial_area	10	commercial_area_329.tif	commercial_area/commercial_area_329.tif	NWPU45_20/train/commercial_area/commercial_area_329.tif
train	commercial_area	10	commercial_area_336.tif	commercial_area/commercial_area_336.tif	NWPU45_20/train/commercial_area/commercial_area_336.tif
train	commercial_area	10	commercial_area_342.tif	commercial_area/commercial_area_342.tif	NWPU45_20/train/commercial_area/commercial_area_342.tif
train	commercial_area	10	commercial_area_348.tif	commercial_area/commercial_area_348.tif	NWPU45_20/train/commercial_area/commercial_area_348.tif
train	commercial_area	10	commercial_area_351.tif	commercial_area/commercial_area_351.tif	NWPU45_20/train/commercial_area/commercial_area_351.tif
train	commercial_area	10	commercial_area_354.tif	commercial_area/commercial_area_354.tif	NWPU45_20/train/commercial_area/commercial_area_354.tif
train	commercial_area	10	commercial_area_360.tif	commercial_area/commercial_area_360.tif	NWPU45_20/train/commercial_area/commercial_area_360.tif
train	commercial_area	10	commercial_area_365.tif	commercial_area/commercial_area_365.tif	NWPU45_20/train/commercial_area/commercial_area_365.tif
train	commercial_area	10	commercial_area_366.tif	commercial_area/commercial_area_366.tif	NWPU45_20/train/commercial_area/commercial_area_366.tif
train	commercial_area	10	commercial_area_367.tif	commercial_area/commercial_area_367.tif	NWPU45_20/train/commercial_area/commercial_area_367.tif
train	commercial_area	10	commercial_area_376.tif	commercial_area/commercial_area_376.tif	NWPU45_20/train/commercial_area/commercial_area_376.tif
train	commercial_area	10	commercial_area_379.tif	commercial_area/commercial_area_379.tif	NWPU45_20/train/commercial_area/commercial_area_379.tif
train	commercial_area	10	commercial_area_381.tif	commercial_area/commercial_area_381.tif	NWPU45_20/train/commercial_area/commercial_area_381.tif
train	commercial_area	10	commercial_area_385.tif	commercial_area/commercial_area_385.tif	NWPU45_20/train/commercial_area/commercial_area_385.tif
train	commercial_area	10	commercial_area_387.tif	commercial_area/commercial_area_387.tif	NWPU45_20/train/commercial_area/commercial_area_387.tif
train	commercial_area	10	commercial_area_396.tif	commercial_area/commercial_area_396.tif	NWPU45_20/train/commercial_area/commercial_area_396.tif
train	commercial_area	10	commercial_area_397.tif	commercial_area/commercial_area_397.tif	NWPU45_20/train/commercial_area/commercial_area_397.tif
train	commercial_area	10	commercial_area_399.tif	commercial_area/commercial_area_399.tif	NWPU45_20/train/commercial_area/commercial_area_399.tif
train	commercial_area	10	commercial_area_415.tif	commercial_area/commercial_area_415.tif	NWPU45_20/train/commercial_area/commercial_area_415.tif
train	commercial_area	10	commercial_area_416.tif	commercial_area/commercial_area_416.tif	NWPU45_20/train/commercial_area/commercial_area_416.tif
train	commercial_area	10	commercial_area_417.tif	commercial_area/commercial_area_417.tif	NWPU45_20/train/commercial_area/commercial_area_417.tif
train	commercial_area	10	commercial_area_418.tif	commercial_area/commercial_area_418.tif	NWPU45_20/train/commercial_area/commercial_area_418.tif
train	commercial_area	10	commercial_area_420.tif	commercial_area/commercial_area_420.tif	NWPU45_20/train/commercial_area/commercial_area_420.tif
train	commercial_area	10	commercial_area_421.tif	commercial_area/commercial_area_421.tif	NWPU45_20/train/commercial_area/commercial_area_421.tif
train	commercial_area	10	commercial_area_427.tif	commercial_area/commercial_area_427.tif	NWPU45_20/train/commercial_area/commercial_area_427.tif
train	commercial_area	10	commercial_area_454.tif	commercial_area/commercial_area_454.tif	NWPU45_20/train/commercial_area/commercial_area_454.tif
train	commercial_area	10	commercial_area_455.tif	commercial_area/commercial_area_455.tif	NWPU45_20/train/commercial_area/commercial_area_455.tif
train	commercial_area	10	commercial_area_459.tif	commercial_area/commercial_area_459.tif	NWPU45_20/train/commercial_area/commercial_area_459.tif
train	commercial_area	10	commercial_area_468.tif	commercial_area/commercial_area_468.tif	NWPU45_20/train/commercial_area/commercial_area_468.tif
train	commercial_area	10	commercial_area_473.tif	commercial_area/commercial_area_473.tif	NWPU45_20/train/commercial_area/commercial_area_473.tif
train	commercial_area	10	commercial_area_476.tif	commercial_area/commercial_area_476.tif	NWPU45_20/train/commercial_area/commercial_area_476.tif
train	commercial_area	10	commercial_area_478.tif	commercial_area/commercial_area_478.tif	NWPU45_20/train/commercial_area/commercial_area_478.tif
train	commercial_area	10	commercial_area_491.tif	commercial_area/commercial_area_491.tif	NWPU45_20/train/commercial_area/commercial_area_491.tif
train	commercial_area	10	commercial_area_497.tif	commercial_area/commercial_area_497.tif	NWPU45_20/train/commercial_area/commercial_area_497.tif
train	commercial_area	10	commercial_area_505.tif	commercial_area/commercial_area_505.tif	NWPU45_20/train/commercial_area/commercial_area_505.tif
train	commercial_area	10	commercial_area_508.tif	commercial_area/commercial_area_508.tif	NWPU45_20/train/commercial_area/commercial_area_508.tif
train	commercial_area	10	commercial_area_509.tif	commercial_area/commercial_area_509.tif	NWPU45_20/train/commercial_area/commercial_area_509.tif
train	commercial_area	10	commercial_area_516.tif	commercial_area/commercial_area_516.tif	NWPU45_20/train/commercial_area/commercial_area_516.tif
train	commercial_area	10	commercial_area_521.tif	commercial_area/commercial_area_521.tif	NWPU45_20/train/commercial_area/commercial_area_521.tif
train	commercial_area	10	commercial_area_523.tif	commercial_area/commercial_area_523.tif	NWPU45_20/train/commercial_area/commercial_area_523.tif
train	commercial_area	10	commercial_area_527.tif	commercial_area/commercial_area_527.tif	NWPU45_20/train/commercial_area/commercial_area_527.tif
train	commercial_area	10	commercial_area_537.tif	commercial_area/commercial_area_537.tif	NWPU45_20/train/commercial_area/commercial_area_537.tif
train	commercial_area	10	commercial_area_539.tif	commercial_area/commercial_area_539.tif	NWPU45_20/train/commercial_area/commercial_area_539.tif
train	commercial_area	10	commercial_area_543.tif	commercial_area/commercial_area_543.tif	NWPU45_20/train/commercial_area/commercial_area_543.tif
train	commercial_area	10	commercial_area_558.tif	commercial_area/commercial_area_558.tif	NWPU45_20/train/commercial_area/commercial_area_558.tif
train	commercial_area	10	commercial_area_560.tif	commercial_area/commercial_area_560.tif	NWPU45_20/train/commercial_area/commercial_area_560.tif
train	commercial_area	10	commercial_area_563.tif	commercial_area/commercial_area_563.tif	NWPU45_20/train/commercial_area/commercial_area_563.tif
train	commercial_area	10	commercial_area_570.tif	commercial_area/commercial_area_570.tif	NWPU45_20/train/commercial_area/commercial_area_570.tif
train	commercial_area	10	commercial_area_572.tif	commercial_area/commercial_area_572.tif	NWPU45_20/train/commercial_area/commercial_area_572.tif
train	commercial_area	10	commercial_area_574.tif	commercial_area/commercial_area_574.tif	NWPU45_20/train/commercial_area/commercial_area_574.tif
train	commercial_area	10	commercial_area_579.tif	commercial_area/commercial_area_579.tif	NWPU45_20/train/commercial_area/commercial_area_579.tif
train	commercial_area	10	commercial_area_582.tif	commercial_area/commercial_area_582.tif	NWPU45_20/train/commercial_area/commercial_area_582.tif
train	commercial_area	10	commercial_area_584.tif	commercial_area/commercial_area_584.tif	NWPU45_20/train/commercial_area/commercial_area_584.tif
train	commercial_area	10	commercial_area_587.tif	commercial_area/commercial_area_587.tif	NWPU45_20/train/commercial_area/commercial_area_587.tif
train	commercial_area	10	commercial_area_588.tif	commercial_area/commercial_area_588.tif	NWPU45_20/train/commercial_area/commercial_area_588.tif
train	commercial_area	10	commercial_area_595.tif	commercial_area/commercial_area_595.tif	NWPU45_20/train/commercial_area/commercial_area_595.tif
train	commercial_area	10	commercial_area_621.tif	commercial_area/commercial_area_621.tif	NWPU45_20/train/commercial_area/commercial_area_621.tif
train	commercial_area	10	commercial_area_630.tif	commercial_area/commercial_area_630.tif	NWPU45_20/train/commercial_area/commercial_area_630.tif
train	commercial_area	10	commercial_area_631.tif	commercial_area/commercial_area_631.tif	NWPU45_20/train/commercial_area/commercial_area_631.tif
train	commercial_area	10	commercial_area_635.tif	commercial_area/commercial_area_635.tif	NWPU45_20/train/commercial_area/commercial_area_635.tif
train	commercial_area	10	commercial_area_640.tif	commercial_area/commercial_area_640.tif	NWPU45_20/train/commercial_area/commercial_area_640.tif
train	commercial_area	10	commercial_area_641.tif	commercial_area/commercial_area_641.tif	NWPU45_20/train/commercial_area/commercial_area_641.tif
train	commercial_area	10	commercial_area_643.tif	commercial_area/commercial_area_643.tif	NWPU45_20/train/commercial_area/commercial_area_643.tif
train	commercial_area	10	commercial_area_660.tif	commercial_area/commercial_area_660.tif	NWPU45_20/train/commercial_area/commercial_area_660.tif
train	commercial_area	10	commercial_area_662.tif	commercial_area/commercial_area_662.tif	NWPU45_20/train/commercial_area/commercial_area_662.tif
train	commercial_area	10	commercial_area_673.tif	commercial_area/commercial_area_673.tif	NWPU45_20/train/commercial_area/commercial_area_673.tif
train	commercial_area	10	commercial_area_674.tif	commercial_area/commercial_area_674.tif	NWPU45_20/train/commercial_area/commercial_area_674.tif
train	commercial_area	10	commercial_area_690.tif	commercial_area/commercial_area_690.tif	NWPU45_20/train/commercial_area/commercial_area_690.tif
train	commercial_area	10	commercial_area_695.tif	commercial_area/commercial_area_695.tif	NWPU45_20/train/commercial_area/commercial_area_695.tif
train	dense_residential	11	dense_residential_003.tif	dense_residential/dense_residential_003.tif	NWPU45_20/train/dense_residential/dense_residential_003.tif
train	dense_residential	11	dense_residential_006.tif	dense_residential/dense_residential_006.tif	NWPU45_20/train/dense_residential/dense_residential_006.tif
train	dense_residential	11	dense_residential_009.tif	dense_residential/dense_residential_009.tif	NWPU45_20/train/dense_residential/dense_residential_009.tif
train	dense_residential	11	dense_residential_011.tif	dense_residential/dense_residential_011.tif	NWPU45_20/train/dense_residential/dense_residential_011.tif
train	dense_residential	11	dense_residential_014.tif	dense_residential/dense_residential_014.tif	NWPU45_20/train/dense_residential/dense_residential_014.tif
train	dense_residential	11	dense_residential_015.tif	dense_residential/dense_residential_015.tif	NWPU45_20/train/dense_residential/dense_residential_015.tif
train	dense_residential	11	dense_residential_016.tif	dense_residential/dense_residential_016.tif	NWPU45_20/train/dense_residential/dense_residential_016.tif
train	dense_residential	11	dense_residential_025.tif	dense_residential/dense_residential_025.tif	NWPU45_20/train/dense_residential/dense_residential_025.tif
train	dense_residential	11	dense_residential_029.tif	dense_residential/dense_residential_029.tif	NWPU45_20/train/dense_residential/dense_residential_029.tif
train	dense_residential	11	dense_residential_034.tif	dense_residential/dense_residential_034.tif	NWPU45_20/train/dense_residential/dense_residential_034.tif
train	dense_residential	11	dense_residential_040.tif	dense_residential/dense_residential_040.tif	NWPU45_20/train/dense_residential/dense_residential_040.tif
train	dense_residential	11	dense_residential_041.tif	dense_residential/dense_residential_041.tif	NWPU45_20/train/dense_residential/dense_residential_041.tif
train	dense_residential	11	dense_residential_043.tif	dense_residential/dense_residential_043.tif	NWPU45_20/train/dense_residential/dense_residential_043.tif
train	dense_residential	11	dense_residential_057.tif	dense_residential/dense_residential_057.tif	NWPU45_20/train/dense_residential/dense_residential_057.tif
train	dense_residential	11	dense_residential_059.tif	dense_residential/dense_residential_059.tif	NWPU45_20/train/dense_residential/dense_residential_059.tif
train	dense_residential	11	dense_residential_064.tif	dense_residential/dense_residential_064.tif	NWPU45_20/train/dense_residential/dense_residential_064.tif
train	dense_residential	11	dense_residential_065.tif	dense_residential/dense_residential_065.tif	NWPU45_20/train/dense_residential/dense_residential_065.tif
train	dense_residential	11	dense_residential_070.tif	dense_residential/dense_residential_070.tif	NWPU45_20/train/dense_residential/dense_residential_070.tif
train	dense_residential	11	dense_residential_075.tif	dense_residential/dense_residential_075.tif	NWPU45_20/train/dense_residential/dense_residential_075.tif
train	dense_residential	11	dense_residential_079.tif	dense_residential/dense_residential_079.tif	NWPU45_20/train/dense_residential/dense_residential_079.tif
train	dense_residential	11	dense_residential_087.tif	dense_residential/dense_residential_087.tif	NWPU45_20/train/dense_residential/dense_residential_087.tif
train	dense_residential	11	dense_residential_093.tif	dense_residential/dense_residential_093.tif	NWPU45_20/train/dense_residential/dense_residential_093.tif
train	dense_residential	11	dense_residential_097.tif	dense_residential/dense_residential_097.tif	NWPU45_20/train/dense_residential/dense_residential_097.tif
train	dense_residential	11	dense_residential_101.tif	dense_residential/dense_residential_101.tif	NWPU45_20/train/dense_residential/dense_residential_101.tif
train	dense_residential	11	dense_residential_102.tif	dense_residential/dense_residential_102.tif	NWPU45_20/train/dense_residential/dense_residential_102.tif
train	dense_residential	11	dense_residential_106.tif	dense_residential/dense_residential_106.tif	NWPU45_20/train/dense_residential/dense_residential_106.tif
train	dense_residential	11	dense_residential_107.tif	dense_residential/dense_residential_107.tif	NWPU45_20/train/dense_residential/dense_residential_107.tif
train	dense_residential	11	dense_residential_116.tif	dense_residential/dense_residential_116.tif	NWPU45_20/train/dense_residential/dense_residential_116.tif
train	dense_residential	11	dense_residential_119.tif	dense_residential/dense_residential_119.tif	NWPU45_20/train/dense_residential/dense_residential_119.tif
train	dense_residential	11	dense_residential_133.tif	dense_residential/dense_residential_133.tif	NWPU45_20/train/dense_residential/dense_residential_133.tif
train	dense_residential	11	dense_residential_139.tif	dense_residential/dense_residential_139.tif	NWPU45_20/train/dense_residential/dense_residential_139.tif
train	dense_residential	11	dense_residential_144.tif	dense_residential/dense_residential_144.tif	NWPU45_20/train/dense_residential/dense_residential_144.tif
train	dense_residential	11	dense_residential_150.tif	dense_residential/dense_residential_150.tif	NWPU45_20/train/dense_residential/dense_residential_150.tif
train	dense_residential	11	dense_residential_151.tif	dense_residential/dense_residential_151.tif	NWPU45_20/train/dense_residential/dense_residential_151.tif
train	dense_residential	11	dense_residential_159.tif	dense_residential/dense_residential_159.tif	NWPU45_20/train/dense_residential/dense_residential_159.tif
train	dense_residential	11	dense_residential_173.tif	dense_residential/dense_residential_173.tif	NWPU45_20/train/dense_residential/dense_residential_173.tif
train	dense_residential	11	dense_residential_175.tif	dense_residential/dense_residential_175.tif	NWPU45_20/train/dense_residential/dense_residential_175.tif
train	dense_residential	11	dense_residential_177.tif	dense_residential/dense_residential_177.tif	NWPU45_20/train/dense_residential/dense_residential_177.tif
train	dense_residential	11	dense_residential_178.tif	dense_residential/dense_residential_178.tif	NWPU45_20/train/dense_residential/dense_residential_178.tif
train	dense_residential	11	dense_residential_181.tif	dense_residential/dense_residential_181.tif	NWPU45_20/train/dense_residential/dense_residential_181.tif
train	dense_residential	11	dense_residential_186.tif	dense_residential/dense_residential_186.tif	NWPU45_20/train/dense_residential/dense_residential_186.tif
train	dense_residential	11	dense_residential_191.tif	dense_residential/dense_residential_191.tif	NWPU45_20/train/dense_residential/dense_residential_191.tif
train	dense_residential	11	dense_residential_193.tif	dense_residential/dense_residential_193.tif	NWPU45_20/train/dense_residential/dense_residential_193.tif
train	dense_residential	11	dense_residential_194.tif	dense_residential/dense_residential_194.tif	NWPU45_20/train/dense_residential/dense_residential_194.tif
train	dense_residential	11	dense_residential_199.tif	dense_residential/dense_residential_199.tif	NWPU45_20/train/dense_residential/dense_residential_199.tif
train	dense_residential	11	dense_residential_201.tif	dense_residential/dense_residential_201.tif	NWPU45_20/train/dense_residential/dense_residential_201.tif
train	dense_residential	11	dense_residential_205.tif	dense_residential/dense_residential_205.tif	NWPU45_20/train/dense_residential/dense_residential_205.tif
train	dense_residential	11	dense_residential_208.tif	dense_residential/dense_residential_208.tif	NWPU45_20/train/dense_residential/dense_residential_208.tif
train	dense_residential	11	dense_residential_210.tif	dense_residential/dense_residential_210.tif	NWPU45_20/train/dense_residential/dense_residential_210.tif
train	dense_residential	11	dense_residential_213.tif	dense_residential/dense_residential_213.tif	NWPU45_20/train/dense_residential/dense_residential_213.tif
train	dense_residential	11	dense_residential_228.tif	dense_residential/dense_residential_228.tif	NWPU45_20/train/dense_residential/dense_residential_228.tif
train	dense_residential	11	dense_residential_242.tif	dense_residential/dense_residential_242.tif	NWPU45_20/train/dense_residential/dense_residential_242.tif
train	dense_residential	11	dense_residential_244.tif	dense_residential/dense_residential_244.tif	NWPU45_20/train/dense_residential/dense_residential_244.tif
train	dense_residential	11	dense_residential_256.tif	dense_residential/dense_residential_256.tif	NWPU45_20/train/dense_residential/dense_residential_256.tif
train	dense_residential	11	dense_residential_257.tif	dense_residential/dense_residential_257.tif	NWPU45_20/train/dense_residential/dense_residential_257.tif
train	dense_residential	11	dense_residential_266.tif	dense_residential/dense_residential_266.tif	NWPU45_20/train/dense_residential/dense_residential_266.tif
train	dense_residential	11	dense_residential_267.tif	dense_residential/dense_residential_267.tif	NWPU45_20/train/dense_residential/dense_residential_267.tif
train	dense_residential	11	dense_residential_269.tif	dense_residential/dense_residential_269.tif	NWPU45_20/train/dense_residential/dense_residential_269.tif
train	dense_residential	11	dense_residential_273.tif	dense_residential/dense_residential_273.tif	NWPU45_20/train/dense_residential/dense_residential_273.tif
train	dense_residential	11	dense_residential_281.tif	dense_residential/dense_residential_281.tif	NWPU45_20/train/dense_residential/dense_residential_281.tif
train	dense_residential	11	dense_residential_294.tif	dense_residential/dense_residential_294.tif	NWPU45_20/train/dense_residential/dense_residential_294.tif
train	dense_residential	11	dense_residential_308.tif	dense_residential/dense_residential_308.tif	NWPU45_20/train/dense_residential/dense_residential_308.tif
train	dense_residential	11	dense_residential_309.tif	dense_residential/dense_residential_309.tif	NWPU45_20/train/dense_residential/dense_residential_309.tif
train	dense_residential	11	dense_residential_311.tif	dense_residential/dense_residential_311.tif	NWPU45_20/train/dense_residential/dense_residential_311.tif
train	dense_residential	11	dense_residential_312.tif	dense_residential/dense_residential_312.tif	NWPU45_20/train/dense_residential/dense_residential_312.tif
train	dense_residential	11	dense_residential_313.tif	dense_residential/dense_residential_313.tif	NWPU45_20/train/dense_residential/dense_residential_313.tif
train	dense_residential	11	dense_residential_316.tif	dense_residential/dense_residential_316.tif	NWPU45_20/train/dense_residential/dense_residential_316.tif
train	dense_residential	11	dense_residential_317.tif	dense_residential/dense_residential_317.tif	NWPU45_20/train/dense_residential/dense_residential_317.tif
train	dense_residential	11	dense_residential_322.tif	dense_residential/dense_residential_322.tif	NWPU45_20/train/dense_residential/dense_residential_322.tif
train	dense_residential	11	dense_residential_325.tif	dense_residential/dense_residential_325.tif	NWPU45_20/train/dense_residential/dense_residential_325.tif
train	dense_residential	11	dense_residential_327.tif	dense_residential/dense_residential_327.tif	NWPU45_20/train/dense_residential/dense_residential_327.tif
train	dense_residential	11	dense_residential_329.tif	dense_residential/dense_residential_329.tif	NWPU45_20/train/dense_residential/dense_residential_329.tif
train	dense_residential	11	dense_residential_336.tif	dense_residential/dense_residential_336.tif	NWPU45_20/train/dense_residential/dense_residential_336.tif
train	dense_residential	11	dense_residential_342.tif	dense_residential/dense_residential_342.tif	NWPU45_20/train/dense_residential/dense_residential_342.tif
train	dense_residential	11	dense_residential_348.tif	dense_residential/dense_residential_348.tif	NWPU45_20/train/dense_residential/dense_residential_348.tif
train	dense_residential	11	dense_residential_351.tif	dense_residential/dense_residential_351.tif	NWPU45_20/train/dense_residential/dense_residential_351.tif
train	dense_residential	11	dense_residential_354.tif	dense_residential/dense_residential_354.tif	NWPU45_20/train/dense_residential/dense_residential_354.tif
train	dense_residential	11	dense_residential_360.tif	dense_residential/dense_residential_360.tif	NWPU45_20/train/dense_residential/dense_residential_360.tif
train	dense_residential	11	dense_residential_365.tif	dense_residential/dense_residential_365.tif	NWPU45_20/train/dense_residential/dense_residential_365.tif
train	dense_residential	11	dense_residential_366.tif	dense_residential/dense_residential_366.tif	NWPU45_20/train/dense_residential/dense_residential_366.tif
train	dense_residential	11	dense_residential_367.tif	dense_residential/dense_residential_367.tif	NWPU45_20/train/dense_residential/dense_residential_367.tif
train	dense_residential	11	dense_residential_376.tif	dense_residential/dense_residential_376.tif	NWPU45_20/train/dense_residential/dense_residential_376.tif
train	dense_residential	11	dense_residential_379.tif	dense_residential/dense_residential_379.tif	NWPU45_20/train/dense_residential/dense_residential_379.tif
train	dense_residential	11	dense_residential_381.tif	dense_residential/dense_residential_381.tif	NWPU45_20/train/dense_residential/dense_residential_381.tif
train	dense_residential	11	dense_residential_385.tif	dense_residential/dense_residential_385.tif	NWPU45_20/train/dense_residential/dense_residential_385.tif
train	dense_residential	11	dense_residential_387.tif	dense_residential/dense_residential_387.tif	NWPU45_20/train/dense_residential/dense_residential_387.tif
train	dense_residential	11	dense_residential_396.tif	dense_residential/dense_residential_396.tif	NWPU45_20/train/dense_residential/dense_residential_396.tif
train	dense_residential	11	dense_residential_397.tif	dense_residential/dense_residential_397.tif	NWPU45_20/train/dense_residential/dense_residential_397.tif
train	dense_residential	11	dense_residential_399.tif	dense_residential/dense_residential_399.tif	NWPU45_20/train/dense_residential/dense_residential_399.tif
train	dense_residential	11	dense_residential_415.tif	dense_residential/dense_residential_415.tif	NWPU45_20/train/dense_residential/dense_residential_415.tif
train	dense_residential	11	dense_residential_416.tif	dense_residential/dense_residential_416.tif	NWPU45_20/train/dense_residential/dense_residential_416.tif
train	dense_residential	11	dense_residential_417.tif	dense_residential/dense_residential_417.tif	NWPU45_20/train/dense_residential/dense_residential_417.tif
train	dense_residential	11	dense_residential_418.tif	dense_residential/dense_residential_418.tif	NWPU45_20/train/dense_residential/dense_residential_418.tif
train	dense_residential	11	dense_residential_420.tif	dense_residential/dense_residential_420.tif	NWPU45_20/train/dense_residential/dense_residential_420.tif
train	dense_residential	11	dense_residential_421.tif	dense_residential/dense_residential_421.tif	NWPU45_20/train/dense_residential/dense_residential_421.tif
train	dense_residential	11	dense_residential_427.tif	dense_residential/dense_residential_427.tif	NWPU45_20/train/dense_residential/dense_residential_427.tif
train	dense_residential	11	dense_residential_454.tif	dense_residential/dense_residential_454.tif	NWPU45_20/train/dense_residential/dense_residential_454.tif
train	dense_residential	11	dense_residential_455.tif	dense_residential/dense_residential_455.tif	NWPU45_20/train/dense_residential/dense_residential_455.tif
train	dense_residential	11	dense_residential_459.tif	dense_residential/dense_residential_459.tif	NWPU45_20/train/dense_residential/dense_residential_459.tif
train	dense_residential	11	dense_residential_468.tif	dense_residential/dense_residential_468.tif	NWPU45_20/train/dense_residential/dense_residential_468.tif
train	dense_residential	11	dense_residential_473.tif	dense_residential/dense_residential_473.tif	NWPU45_20/train/dense_residential/dense_residential_473.tif
train	dense_residential	11	dense_residential_476.tif	dense_residential/dense_residential_476.tif	NWPU45_20/train/dense_residential/dense_residential_476.tif
train	dense_residential	11	dense_residential_478.tif	dense_residential/dense_residential_478.tif	NWPU45_20/train/dense_residential/dense_residential_478.tif
train	dense_residential	11	dense_residential_491.tif	dense_residential/dense_residential_491.tif	NWPU45_20/train/dense_residential/dense_residential_491.tif
train	dense_residential	11	dense_residential_497.tif	dense_residential/dense_residential_497.tif	NWPU45_20/train/dense_residential/dense_residential_497.tif
train	dense_residential	11	dense_residential_505.tif	dense_residential/dense_residential_505.tif	NWPU45_20/train/dense_residential/dense_residential_505.tif
train	dense_residential	11	dense_residential_508.tif	dense_residential/dense_residential_508.tif	NWPU45_20/train/dense_residential/dense_residential_508.tif
train	dense_residential	11	dense_residential_509.tif	dense_residential/dense_residential_509.tif	NWPU45_20/train/dense_residential/dense_residential_509.tif
train	dense_residential	11	dense_residential_516.tif	dense_residential/dense_residential_516.tif	NWPU45_20/train/dense_residential/dense_residential_516.tif
train	dense_residential	11	dense_residential_521.tif	dense_residential/dense_residential_521.tif	NWPU45_20/train/dense_residential/dense_residential_521.tif
train	dense_residential	11	dense_residential_523.tif	dense_residential/dense_residential_523.tif	NWPU45_20/train/dense_residential/dense_residential_523.tif
train	dense_residential	11	dense_residential_527.tif	dense_residential/dense_residential_527.tif	NWPU45_20/train/dense_residential/dense_residential_527.tif
train	dense_residential	11	dense_residential_537.tif	dense_residential/dense_residential_537.tif	NWPU45_20/train/dense_residential/dense_residential_537.tif
train	dense_residential	11	dense_residential_539.tif	dense_residential/dense_residential_539.tif	NWPU45_20/train/dense_residential/dense_residential_539.tif
train	dense_residential	11	dense_residential_543.tif	dense_residential/dense_residential_543.tif	NWPU45_20/train/dense_residential/dense_residential_543.tif
train	dense_residential	11	dense_residential_558.tif	dense_residential/dense_residential_558.tif	NWPU45_20/train/dense_residential/dense_residential_558.tif
train	dense_residential	11	dense_residential_560.tif	dense_residential/dense_residential_560.tif	NWPU45_20/train/dense_residential/dense_residential_560.tif
train	dense_residential	11	dense_residential_563.tif	dense_residential/dense_residential_563.tif	NWPU45_20/train/dense_residential/dense_residential_563.tif
train	dense_residential	11	dense_residential_570.tif	dense_residential/dense_residential_570.tif	NWPU45_20/train/dense_residential/dense_residential_570.tif
train	dense_residential	11	dense_residential_572.tif	dense_residential/dense_residential_572.tif	NWPU45_20/train/dense_residential/dense_residential_572.tif
train	dense_residential	11	dense_residential_574.tif	dense_residential/dense_residential_574.tif	NWPU45_20/train/dense_residential/dense_residential_574.tif
train	dense_residential	11	dense_residential_579.tif	dense_residential/dense_residential_579.tif	NWPU45_20/train/dense_residential/dense_residential_579.tif
train	dense_residential	11	dense_residential_582.tif	dense_residential/dense_residential_582.tif	NWPU45_20/train/dense_residential/dense_residential_582.tif
train	dense_residential	11	dense_residential_584.tif	dense_residential/dense_residential_584.tif	NWPU45_20/train/dense_residential/dense_residential_584.tif
train	dense_residential	11	dense_residential_587.tif	dense_residential/dense_residential_587.tif	NWPU45_20/train/dense_residential/dense_residential_587.tif
train	dense_residential	11	dense_residential_588.tif	dense_residential/dense_residential_588.tif	NWPU45_20/train/dense_residential/dense_residential_588.tif
train	dense_residential	11	dense_residential_595.tif	dense_residential/dense_residential_595.tif	NWPU45_20/train/dense_residential/dense_residential_595.tif
train	dense_residential	11	dense_residential_621.tif	dense_residential/dense_residential_621.tif	NWPU45_20/train/dense_residential/dense_residential_621.tif
train	dense_residential	11	dense_residential_630.tif	dense_residential/dense_residential_630.tif	NWPU45_20/train/dense_residential/dense_residential_630.tif
train	dense_residential	11	dense_residential_631.tif	dense_residential/dense_residential_631.tif	NWPU45_20/train/dense_residential/dense_residential_631.tif
train	dense_residential	11	dense_residential_635.tif	dense_residential/dense_residential_635.tif	NWPU45_20/train/dense_residential/dense_residential_635.tif
train	dense_residential	11	dense_residential_640.tif	dense_residential/dense_residential_640.tif	NWPU45_20/train/dense_residential/dense_residential_640.tif
train	dense_residential	11	dense_residential_641.tif	dense_residential/dense_residential_641.tif	NWPU45_20/train/dense_residential/dense_residential_641.tif
train	dense_residential	11	dense_residential_643.tif	dense_residential/dense_residential_643.tif	NWPU45_20/train/dense_residential/dense_residential_643.tif
train	dense_residential	11	dense_residential_660.tif	dense_residential/dense_residential_660.tif	NWPU45_20/train/dense_residential/dense_residential_660.tif
train	dense_residential	11	dense_residential_662.tif	dense_residential/dense_residential_662.tif	NWPU45_20/train/dense_residential/dense_residential_662.tif
train	dense_residential	11	dense_residential_673.tif	dense_residential/dense_residential_673.tif	NWPU45_20/train/dense_residential/dense_residential_673.tif
train	dense_residential	11	dense_residential_674.tif	dense_residential/dense_residential_674.tif	NWPU45_20/train/dense_residential/dense_residential_674.tif
train	dense_residential	11	dense_residential_690.tif	dense_residential/dense_residential_690.tif	NWPU45_20/train/dense_residential/dense_residential_690.tif
train	dense_residential	11	dense_residential_695.tif	dense_residential/dense_residential_695.tif	NWPU45_20/train/dense_residential/dense_residential_695.tif
train	desert	12	desert_003.tif	desert/desert_003.tif	NWPU45_20/train/desert/desert_003.tif
train	desert	12	desert_006.tif	desert/desert_006.tif	NWPU45_20/train/desert/desert_006.tif
train	desert	12	desert_009.tif	desert/desert_009.tif	NWPU45_20/train/desert/desert_009.tif
train	desert	12	desert_011.tif	desert/desert_011.tif	NWPU45_20/train/desert/desert_011.tif
train	desert	12	desert_014.tif	desert/desert_014.tif	NWPU45_20/train/desert/desert_014.tif
train	desert	12	desert_015.tif	desert/desert_015.tif	NWPU45_20/train/desert/desert_015.tif
train	desert	12	desert_016.tif	desert/desert_016.tif	NWPU45_20/train/desert/desert_016.tif
train	desert	12	desert_025.tif	desert/desert_025.tif	NWPU45_20/train/desert/desert_025.tif
train	desert	12	desert_029.tif	desert/desert_029.tif	NWPU45_20/train/desert/desert_029.tif
train	desert	12	desert_034.tif	desert/desert_034.tif	NWPU45_20/train/desert/desert_034.tif
train	desert	12	desert_040.tif	desert/desert_040.tif	NWPU45_20/train/desert/desert_040.tif
train	desert	12	desert_041.tif	desert/desert_041.tif	NWPU45_20/train/desert/desert_041.tif
train	desert	12	desert_043.tif	desert/desert_043.tif	NWPU45_20/train/desert/desert_043.tif
train	desert	12	desert_057.tif	desert/desert_057.tif	NWPU45_20/train/desert/desert_057.tif
train	desert	12	desert_059.tif	desert/desert_059.tif	NWPU45_20/train/desert/desert_059.tif
train	desert	12	desert_064.tif	desert/desert_064.tif	NWPU45_20/train/desert/desert_064.tif
train	desert	12	desert_065.tif	desert/desert_065.tif	NWPU45_20/train/desert/desert_065.tif
train	desert	12	desert_070.tif	desert/desert_070.tif	NWPU45_20/train/desert/desert_070.tif
train	desert	12	desert_075.tif	desert/desert_075.tif	NWPU45_20/train/desert/desert_075.tif
train	desert	12	desert_079.tif	desert/desert_079.tif	NWPU45_20/train/desert/desert_079.tif
train	desert	12	desert_087.tif	desert/desert_087.tif	NWPU45_20/train/desert/desert_087.tif
train	desert	12	desert_093.tif	desert/desert_093.tif	NWPU45_20/train/desert/desert_093.tif
train	desert	12	desert_097.tif	desert/desert_097.tif	NWPU45_20/train/desert/desert_097.tif
train	desert	12	desert_101.tif	desert/desert_101.tif	NWPU45_20/train/desert/desert_101.tif
train	desert	12	desert_102.tif	desert/desert_102.tif	NWPU45_20/train/desert/desert_102.tif
train	desert	12	desert_106.tif	desert/desert_106.tif	NWPU45_20/train/desert/desert_106.tif
train	desert	12	desert_107.tif	desert/desert_107.tif	NWPU45_20/train/desert/desert_107.tif
train	desert	12	desert_116.tif	desert/desert_116.tif	NWPU45_20/train/desert/desert_116.tif
train	desert	12	desert_119.tif	desert/desert_119.tif	NWPU45_20/train/desert/desert_119.tif
train	desert	12	desert_133.tif	desert/desert_133.tif	NWPU45_20/train/desert/desert_133.tif
train	desert	12	desert_139.tif	desert/desert_139.tif	NWPU45_20/train/desert/desert_139.tif
train	desert	12	desert_144.tif	desert/desert_144.tif	NWPU45_20/train/desert/desert_144.tif
train	desert	12	desert_150.tif	desert/desert_150.tif	NWPU45_20/train/desert/desert_150.tif
train	desert	12	desert_151.tif	desert/desert_151.tif	NWPU45_20/train/desert/desert_151.tif
train	desert	12	desert_159.tif	desert/desert_159.tif	NWPU45_20/train/desert/desert_159.tif
train	desert	12	desert_173.tif	desert/desert_173.tif	NWPU45_20/train/desert/desert_173.tif
train	desert	12	desert_175.tif	desert/desert_175.tif	NWPU45_20/train/desert/desert_175.tif
train	desert	12	desert_177.tif	desert/desert_177.tif	NWPU45_20/train/desert/desert_177.tif
train	desert	12	desert_178.tif	desert/desert_178.tif	NWPU45_20/train/desert/desert_178.tif
train	desert	12	desert_181.tif	desert/desert_181.tif	NWPU45_20/train/desert/desert_181.tif
train	desert	12	desert_186.tif	desert/desert_186.tif	NWPU45_20/train/desert/desert_186.tif
train	desert	12	desert_191.tif	desert/desert_191.tif	NWPU45_20/train/desert/desert_191.tif
train	desert	12	desert_193.tif	desert/desert_193.tif	NWPU45_20/train/desert/desert_193.tif
train	desert	12	desert_194.tif	desert/desert_194.tif	NWPU45_20/train/desert/desert_194.tif
train	desert	12	desert_199.tif	desert/desert_199.tif	NWPU45_20/train/desert/desert_199.tif
train	desert	12	desert_201.tif	desert/desert_201.tif	NWPU45_20/train/desert/desert_201.tif
train	desert	12	desert_205.tif	desert/desert_205.tif	NWPU45_20/train/desert/desert_205.tif
train	desert	12	desert_208.tif	desert/desert_208.tif	NWPU45_20/train/desert/desert_208.tif
train	desert	12	desert_210.tif	desert/desert_210.tif	NWPU45_20/train/desert/desert_210.tif
train	desert	12	desert_213.tif	desert/desert_213.tif	NWPU45_20/train/desert/desert_213.tif
train	desert	12	desert_228.tif	desert/desert_228.tif	NWPU45_20/train/desert/desert_228.tif
train	desert	12	desert_242.tif	desert/desert_242.tif	NWPU45_20/train/desert/desert_242.tif
train	desert	12	desert_244.tif	desert/desert_244.tif	NWPU45_20/train/desert/desert_244.tif
train	desert	12	desert_256.tif	desert/desert_256.tif	NWPU45_20/train/desert/desert_256.tif
train	desert	12	desert_257.tif	desert/desert_257.tif	NWPU45_20/train/desert/desert_257.tif
train	desert	12	desert_266.tif	desert/desert_266.tif	NWPU45_20/train/desert/desert_266.tif
train	desert	12	desert_267.tif	desert/desert_267.tif	NWPU45_20/train/desert/desert_267.tif
train	desert	12	desert_269.tif	desert/desert_269.tif	NWPU45_20/train/desert/desert_269.tif
train	desert	12	desert_273.tif	desert/desert_273.tif	NWPU45_20/train/desert/desert_273.tif
train	desert	12	desert_281.tif	desert/desert_281.tif	NWPU45_20/train/desert/desert_281.tif
train	desert	12	desert_294.tif	desert/desert_294.tif	NWPU45_20/train/desert/desert_294.tif
train	desert	12	desert_308.tif	desert/desert_308.tif	NWPU45_20/train/desert/desert_308.tif
train	desert	12	desert_309.tif	desert/desert_309.tif	NWPU45_20/train/desert/desert_309.tif
train	desert	12	desert_311.tif	desert/desert_311.tif	NWPU45_20/train/desert/desert_311.tif
train	desert	12	desert_312.tif	desert/desert_312.tif	NWPU45_20/train/desert/desert_312.tif
train	desert	12	desert_313.tif	desert/desert_313.tif	NWPU45_20/train/desert/desert_313.tif
train	desert	12	desert_316.tif	desert/desert_316.tif	NWPU45_20/train/desert/desert_316.tif
train	desert	12	desert_317.tif	desert/desert_317.tif	NWPU45_20/train/desert/desert_317.tif
train	desert	12	desert_322.tif	desert/desert_322.tif	NWPU45_20/train/desert/desert_322.tif
train	desert	12	desert_325.tif	desert/desert_325.tif	NWPU45_20/train/desert/desert_325.tif
train	desert	12	desert_327.tif	desert/desert_327.tif	NWPU45_20/train/desert/desert_327.tif
train	desert	12	desert_329.tif	desert/desert_329.tif	NWPU45_20/train/desert/desert_329.tif
train	desert	12	desert_336.tif	desert/desert_336.tif	NWPU45_20/train/desert/desert_336.tif
train	desert	12	desert_342.tif	desert/desert_342.tif	NWPU45_20/train/desert/desert_342.tif
train	desert	12	desert_348.tif	desert/desert_348.tif	NWPU45_20/train/desert/desert_348.tif
train	desert	12	desert_351.tif	desert/desert_351.tif	NWPU45_20/train/desert/desert_351.tif
train	desert	12	desert_354.tif	desert/desert_354.tif	NWPU45_20/train/desert/desert_354.tif
train	desert	12	desert_360.tif	desert/desert_360.tif	NWPU45_20/train/desert/desert_360.tif
train	desert	12	desert_365.tif	desert/desert_365.tif	NWPU45_20/train/desert/desert_365.tif
train	desert	12	desert_366.tif	desert/desert_366.tif	NWPU45_20/train/desert/desert_366.tif
train	desert	12	desert_367.tif	desert/desert_367.tif	NWPU45_20/train/desert/desert_367.tif
train	desert	12	desert_376.tif	desert/desert_376.tif	NWPU45_20/train/desert/desert_376.tif
train	desert	12	desert_379.tif	desert/desert_379.tif	NWPU45_20/train/desert/desert_379.tif
train	desert	12	desert_381.tif	desert/desert_381.tif	NWPU45_20/train/desert/desert_381.tif
train	desert	12	desert_385.tif	desert/desert_385.tif	NWPU45_20/train/desert/desert_385.tif
train	desert	12	desert_387.tif	desert/desert_387.tif	NWPU45_20/train/desert/desert_387.tif
train	desert	12	desert_396.tif	desert/desert_396.tif	NWPU45_20/train/desert/desert_396.tif
train	desert	12	desert_397.tif	desert/desert_397.tif	NWPU45_20/train/desert/desert_397.tif
train	desert	12	desert_399.tif	desert/desert_399.tif	NWPU45_20/train/desert/desert_399.tif
train	desert	12	desert_415.tif	desert/desert_415.tif	NWPU45_20/train/desert/desert_415.tif
train	desert	12	desert_416.tif	desert/desert_416.tif	NWPU45_20/train/desert/desert_416.tif
train	desert	12	desert_417.tif	desert/desert_417.tif	NWPU45_20/train/desert/desert_417.tif
train	desert	12	desert_418.tif	desert/desert_418.tif	NWPU45_20/train/desert/desert_418.tif
train	desert	12	desert_420.tif	desert/desert_420.tif	NWPU45_20/train/desert/desert_420.tif
train	desert	12	desert_421.tif	desert/desert_421.tif	NWPU45_20/train/desert/desert_421.tif
train	desert	12	desert_427.tif	desert/desert_427.tif	NWPU45_20/train/desert/desert_427.tif
train	desert	12	desert_454.tif	desert/desert_454.tif	NWPU45_20/train/desert/desert_454.tif
train	desert	12	desert_455.tif	desert/desert_455.tif	NWPU45_20/train/desert/desert_455.tif
train	desert	12	desert_459.tif	desert/desert_459.tif	NWPU45_20/train/desert/desert_459.tif
train	desert	12	desert_468.tif	desert/desert_468.tif	NWPU45_20/train/desert/desert_468.tif
train	desert	12	desert_473.tif	desert/desert_473.tif	NWPU45_20/train/desert/desert_473.tif
train	desert	12	desert_476.tif	desert/desert_476.tif	NWPU45_20/train/desert/desert_476.tif
train	desert	12	desert_478.tif	desert/desert_478.tif	NWPU45_20/train/desert/desert_478.tif
train	desert	12	desert_491.tif	desert/desert_491.tif	NWPU45_20/train/desert/desert_491.tif
train	desert	12	desert_497.tif	desert/desert_497.tif	NWPU45_20/train/desert/desert_497.tif
train	desert	12	desert_505.tif	desert/desert_505.tif	NWPU45_20/train/desert/desert_505.tif
train	desert	12	desert_508.tif	desert/desert_508.tif	NWPU45_20/train/desert/desert_508.tif
train	desert	12	desert_509.tif	desert/desert_509.tif	NWPU45_20/train/desert/desert_509.tif
train	desert	12	desert_516.tif	desert/desert_516.tif	NWPU45_20/train/desert/desert_516.tif
train	desert	12	desert_521.tif	desert/desert_521.tif	NWPU45_20/train/desert/desert_521.tif
train	desert	12	desert_523.tif	desert/desert_523.tif	NWPU45_20/train/desert/desert_523.tif
train	desert	12	desert_527.tif	desert/desert_527.tif	NWPU45_20/train/desert/desert_527.tif
train	desert	12	desert_537.tif	desert/desert_537.tif	NWPU45_20/train/desert/desert_537.tif
train	desert	12	desert_539.tif	desert/desert_539.tif	NWPU45_20/train/desert/desert_539.tif
train	desert	12	desert_543.tif	desert/desert_543.tif	NWPU45_20/train/desert/desert_543.tif
train	desert	12	desert_558.tif	desert/desert_558.tif	NWPU45_20/train/desert/desert_558.tif
train	desert	12	desert_560.tif	desert/desert_560.tif	NWPU45_20/train/desert/desert_560.tif
train	desert	12	desert_563.tif	desert/desert_563.tif	NWPU45_20/train/desert/desert_563.tif
train	desert	12	desert_570.tif	desert/desert_570.tif	NWPU45_20/train/desert/desert_570.tif
train	desert	12	desert_572.tif	desert/desert_572.tif	NWPU45_20/train/desert/desert_572.tif
train	desert	12	desert_574.tif	desert/desert_574.tif	NWPU45_20/train/desert/desert_574.tif
train	desert	12	desert_579.tif	desert/desert_579.tif	NWPU45_20/train/desert/desert_579.tif
train	desert	12	desert_582.tif	desert/desert_582.tif	NWPU45_20/train/desert/desert_582.tif
train	desert	12	desert_584.tif	desert/desert_584.tif	NWPU45_20/train/desert/desert_584.tif
train	desert	12	desert_587.tif	desert/desert_587.tif	NWPU45_20/train/desert/desert_587.tif
train	desert	12	desert_588.tif	desert/desert_588.tif	NWPU45_20/train/desert/desert_588.tif
train	desert	12	desert_595.tif	desert/desert_595.tif	NWPU45_20/train/desert/desert_595.tif
train	desert	12	desert_621.tif	desert/desert_621.tif	NWPU45_20/train/desert/desert_621.tif
train	desert	12	desert_630.tif	desert/desert_630.tif	NWPU45_20/train/desert/desert_630.tif
train	desert	12	desert_631.tif	desert/desert_631.tif	NWPU45_20/train/desert/desert_631.tif
train	desert	12	desert_635.tif	desert/desert_635.tif	NWPU45_20/train/desert/desert_635.tif
train	desert	12	desert_640.tif	desert/desert_640.tif	NWPU45_20/train/desert/desert_640.tif
train	desert	12	desert_641.tif	desert/desert_641.tif	NWPU45_20/train/desert/desert_641.tif
train	desert	12	desert_643.tif	desert/desert_643.tif	NWPU45_20/train/desert/desert_643.tif
train	desert	12	desert_660.tif	desert/desert_660.tif	NWPU45_20/train/desert/desert_660.tif
train	desert	12	desert_662.tif	desert/desert_662.tif	NWPU45_20/train/desert/desert_662.tif
train	desert	12	desert_673.tif	desert/desert_673.tif	NWPU45_20/train/desert/desert_673.tif
train	desert	12	desert_674.tif	desert/desert_674.tif	NWPU45_20/train/desert/desert_674.tif
train	desert	12	desert_690.tif	desert/desert_690.tif	NWPU45_20/train/desert/desert_690.tif
train	desert	12	desert_695.tif	desert/desert_695.tif	NWPU45_20/train/desert/desert_695.tif
train	forest	13	forest_003.tif	forest/forest_003.tif	NWPU45_20/train/forest/forest_003.tif
train	forest	13	forest_006.tif	forest/forest_006.tif	NWPU45_20/train/forest/forest_006.tif
train	forest	13	forest_009.tif	forest/forest_009.tif	NWPU45_20/train/forest/forest_009.tif
train	forest	13	forest_011.tif	forest/forest_011.tif	NWPU45_20/train/forest/forest_011.tif
train	forest	13	forest_014.tif	forest/forest_014.tif	NWPU45_20/train/forest/forest_014.tif
train	forest	13	forest_015.tif	forest/forest_015.tif	NWPU45_20/train/forest/forest_015.tif
train	forest	13	forest_016.tif	forest/forest_016.tif	NWPU45_20/train/forest/forest_016.tif
train	forest	13	forest_025.tif	forest/forest_025.tif	NWPU45_20/train/forest/forest_025.tif
train	forest	13	forest_029.tif	forest/forest_029.tif	NWPU45_20/train/forest/forest_029.tif
train	forest	13	forest_034.tif	forest/forest_034.tif	NWPU45_20/train/forest/forest_034.tif
train	forest	13	forest_040.tif	forest/forest_040.tif	NWPU45_20/train/forest/forest_040.tif
train	forest	13	forest_041.tif	forest/forest_041.tif	NWPU45_20/train/forest/forest_041.tif
train	forest	13	forest_043.tif	forest/forest_043.tif	NWPU45_20/train/forest/forest_043.tif
train	forest	13	forest_057.tif	forest/forest_057.tif	NWPU45_20/train/forest/forest_057.tif
train	forest	13	forest_059.tif	forest/forest_059.tif	NWPU45_20/train/forest/forest_059.tif
train	forest	13	forest_064.tif	forest/forest_064.tif	NWPU45_20/train/forest/forest_064.tif
train	forest	13	forest_065.tif	forest/forest_065.tif	NWPU45_20/train/forest/forest_065.tif
train	forest	13	forest_070.tif	forest/forest_070.tif	NWPU45_20/train/forest/forest_070.tif
train	forest	13	forest_075.tif	forest/forest_075.tif	NWPU45_20/train/forest/forest_075.tif
train	forest	13	forest_079.tif	forest/forest_079.tif	NWPU45_20/train/forest/forest_079.tif
train	forest	13	forest_087.tif	forest/forest_087.tif	NWPU45_20/train/forest/forest_087.tif
train	forest	13	forest_093.tif	forest/forest_093.tif	NWPU45_20/train/forest/forest_093.tif
train	forest	13	forest_097.tif	forest/forest_097.tif	NWPU45_20/train/forest/forest_097.tif
train	forest	13	forest_101.tif	forest/forest_101.tif	NWPU45_20/train/forest/forest_101.tif
train	forest	13	forest_102.tif	forest/forest_102.tif	NWPU45_20/train/forest/forest_102.tif
train	forest	13	forest_106.tif	forest/forest_106.tif	NWPU45_20/train/forest/forest_106.tif
train	forest	13	forest_107.tif	forest/forest_107.tif	NWPU45_20/train/forest/forest_107.tif
train	forest	13	forest_116.tif	forest/forest_116.tif	NWPU45_20/train/forest/forest_116.tif
train	forest	13	forest_119.tif	forest/forest_119.tif	NWPU45_20/train/forest/forest_119.tif
train	forest	13	forest_133.tif	forest/forest_133.tif	NWPU45_20/train/forest/forest_133.tif
train	forest	13	forest_139.tif	forest/forest_139.tif	NWPU45_20/train/forest/forest_139.tif
train	forest	13	forest_144.tif	forest/forest_144.tif	NWPU45_20/train/forest/forest_144.tif
train	forest	13	forest_150.tif	forest/forest_150.tif	NWPU45_20/train/forest/forest_150.tif
train	forest	13	forest_151.tif	forest/forest_151.tif	NWPU45_20/train/forest/forest_151.tif
train	forest	13	forest_159.tif	forest/forest_159.tif	NWPU45_20/train/forest/forest_159.tif
train	forest	13	forest_173.tif	forest/forest_173.tif	NWPU45_20/train/forest/forest_173.tif
train	forest	13	forest_175.tif	forest/forest_175.tif	NWPU45_20/train/forest/forest_175.tif
train	forest	13	forest_177.tif	forest/forest_177.tif	NWPU45_20/train/forest/forest_177.tif
train	forest	13	forest_178.tif	forest/forest_178.tif	NWPU45_20/train/forest/forest_178.tif
train	forest	13	forest_181.tif	forest/forest_181.tif	NWPU45_20/train/forest/forest_181.tif
train	forest	13	forest_186.tif	forest/forest_186.tif	NWPU45_20/train/forest/forest_186.tif
train	forest	13	forest_191.tif	forest/forest_191.tif	NWPU45_20/train/forest/forest_191.tif
train	forest	13	forest_193.tif	forest/forest_193.tif	NWPU45_20/train/forest/forest_193.tif
train	forest	13	forest_194.tif	forest/forest_194.tif	NWPU45_20/train/forest/forest_194.tif
train	forest	13	forest_199.tif	forest/forest_199.tif	NWPU45_20/train/forest/forest_199.tif
train	forest	13	forest_201.tif	forest/forest_201.tif	NWPU45_20/train/forest/forest_201.tif
train	forest	13	forest_205.tif	forest/forest_205.tif	NWPU45_20/train/forest/forest_205.tif
train	forest	13	forest_208.tif	forest/forest_208.tif	NWPU45_20/train/forest/forest_208.tif
train	forest	13	forest_210.tif	forest/forest_210.tif	NWPU45_20/train/forest/forest_210.tif
train	forest	13	forest_213.tif	forest/forest_213.tif	NWPU45_20/train/forest/forest_213.tif
train	forest	13	forest_228.tif	forest/forest_228.tif	NWPU45_20/train/forest/forest_228.tif
train	forest	13	forest_242.tif	forest/forest_242.tif	NWPU45_20/train/forest/forest_242.tif
train	forest	13	forest_244.tif	forest/forest_244.tif	NWPU45_20/train/forest/forest_244.tif
train	forest	13	forest_256.tif	forest/forest_256.tif	NWPU45_20/train/forest/forest_256.tif
train	forest	13	forest_257.tif	forest/forest_257.tif	NWPU45_20/train/forest/forest_257.tif
train	forest	13	forest_266.tif	forest/forest_266.tif	NWPU45_20/train/forest/forest_266.tif
train	forest	13	forest_267.tif	forest/forest_267.tif	NWPU45_20/train/forest/forest_267.tif
train	forest	13	forest_269.tif	forest/forest_269.tif	NWPU45_20/train/forest/forest_269.tif
train	forest	13	forest_273.tif	forest/forest_273.tif	NWPU45_20/train/forest/forest_273.tif
train	forest	13	forest_281.tif	forest/forest_281.tif	NWPU45_20/train/forest/forest_281.tif
train	forest	13	forest_294.tif	forest/forest_294.tif	NWPU45_20/train/forest/forest_294.tif
train	forest	13	forest_308.tif	forest/forest_308.tif	NWPU45_20/train/forest/forest_308.tif
train	forest	13	forest_309.tif	forest/forest_309.tif	NWPU45_20/train/forest/forest_309.tif
train	forest	13	forest_311.tif	forest/forest_311.tif	NWPU45_20/train/forest/forest_311.tif
train	forest	13	forest_312.tif	forest/forest_312.tif	NWPU45_20/train/forest/forest_312.tif
train	forest	13	forest_313.tif	forest/forest_313.tif	NWPU45_20/train/forest/forest_313.tif
train	forest	13	forest_316.tif	forest/forest_316.tif	NWPU45_20/train/forest/forest_316.tif
train	forest	13	forest_317.tif	forest/forest_317.tif	NWPU45_20/train/forest/forest_317.tif
train	forest	13	forest_322.tif	forest/forest_322.tif	NWPU45_20/train/forest/forest_322.tif
train	forest	13	forest_325.tif	forest/forest_325.tif	NWPU45_20/train/forest/forest_325.tif
train	forest	13	forest_327.tif	forest/forest_327.tif	NWPU45_20/train/forest/forest_327.tif
train	forest	13	forest_329.tif	forest/forest_329.tif	NWPU45_20/train/forest/forest_329.tif
train	forest	13	forest_336.tif	forest/forest_336.tif	NWPU45_20/train/forest/forest_336.tif
train	forest	13	forest_342.tif	forest/forest_342.tif	NWPU45_20/train/forest/forest_342.tif
train	forest	13	forest_348.tif	forest/forest_348.tif	NWPU45_20/train/forest/forest_348.tif
train	forest	13	forest_351.tif	forest/forest_351.tif	NWPU45_20/train/forest/forest_351.tif
train	forest	13	forest_354.tif	forest/forest_354.tif	NWPU45_20/train/forest/forest_354.tif
train	forest	13	forest_360.tif	forest/forest_360.tif	NWPU45_20/train/forest/forest_360.tif
train	forest	13	forest_365.tif	forest/forest_365.tif	NWPU45_20/train/forest/forest_365.tif
train	forest	13	forest_366.tif	forest/forest_366.tif	NWPU45_20/train/forest/forest_366.tif
train	forest	13	forest_367.tif	forest/forest_367.tif	NWPU45_20/train/forest/forest_367.tif
train	forest	13	forest_376.tif	forest/forest_376.tif	NWPU45_20/train/forest/forest_376.tif
train	forest	13	forest_379.tif	forest/forest_379.tif	NWPU45_20/train/forest/forest_379.tif
train	forest	13	forest_381.tif	forest/forest_381.tif	NWPU45_20/train/forest/forest_381.tif
train	forest	13	forest_385.tif	forest/forest_385.tif	NWPU45_20/train/forest/forest_385.tif
train	forest	13	forest_387.tif	forest/forest_387.tif	NWPU45_20/train/forest/forest_387.tif
train	forest	13	forest_396.tif	forest/forest_396.tif	NWPU45_20/train/forest/forest_396.tif
train	forest	13	forest_397.tif	forest/forest_397.tif	NWPU45_20/train/forest/forest_397.tif
train	forest	13	forest_399.tif	forest/forest_399.tif	NWPU45_20/train/forest/forest_399.tif
train	forest	13	forest_415.tif	forest/forest_415.tif	NWPU45_20/train/forest/forest_415.tif
train	forest	13	forest_416.tif	forest/forest_416.tif	NWPU45_20/train/forest/forest_416.tif
train	forest	13	forest_417.tif	forest/forest_417.tif	NWPU45_20/train/forest/forest_417.tif
train	forest	13	forest_418.tif	forest/forest_418.tif	NWPU45_20/train/forest/forest_418.tif
train	forest	13	forest_420.tif	forest/forest_420.tif	NWPU45_20/train/forest/forest_420.tif
train	forest	13	forest_421.tif	forest/forest_421.tif	NWPU45_20/train/forest/forest_421.tif
train	forest	13	forest_427.tif	forest/forest_427.tif	NWPU45_20/train/forest/forest_427.tif
train	forest	13	forest_454.tif	forest/forest_454.tif	NWPU45_20/train/forest/forest_454.tif
train	forest	13	forest_455.tif	forest/forest_455.tif	NWPU45_20/train/forest/forest_455.tif
train	forest	13	forest_459.tif	forest/forest_459.tif	NWPU45_20/train/forest/forest_459.tif
train	forest	13	forest_468.tif	forest/forest_468.tif	NWPU45_20/train/forest/forest_468.tif
train	forest	13	forest_473.tif	forest/forest_473.tif	NWPU45_20/train/forest/forest_473.tif
train	forest	13	forest_476.tif	forest/forest_476.tif	NWPU45_20/train/forest/forest_476.tif
train	forest	13	forest_478.tif	forest/forest_478.tif	NWPU45_20/train/forest/forest_478.tif
train	forest	13	forest_491.tif	forest/forest_491.tif	NWPU45_20/train/forest/forest_491.tif
train	forest	13	forest_497.tif	forest/forest_497.tif	NWPU45_20/train/forest/forest_497.tif
train	forest	13	forest_505.tif	forest/forest_505.tif	NWPU45_20/train/forest/forest_505.tif
train	forest	13	forest_508.tif	forest/forest_508.tif	NWPU45_20/train/forest/forest_508.tif
train	forest	13	forest_509.tif	forest/forest_509.tif	NWPU45_20/train/forest/forest_509.tif
train	forest	13	forest_516.tif	forest/forest_516.tif	NWPU45_20/train/forest/forest_516.tif
train	forest	13	forest_521.tif	forest/forest_521.tif	NWPU45_20/train/forest/forest_521.tif
train	forest	13	forest_523.tif	forest/forest_523.tif	NWPU45_20/train/forest/forest_523.tif
train	forest	13	forest_527.tif	forest/forest_527.tif	NWPU45_20/train/forest/forest_527.tif
train	forest	13	forest_537.tif	forest/forest_537.tif	NWPU45_20/train/forest/forest_537.tif
train	forest	13	forest_539.tif	forest/forest_539.tif	NWPU45_20/train/forest/forest_539.tif
train	forest	13	forest_543.tif	forest/forest_543.tif	NWPU45_20/train/forest/forest_543.tif
train	forest	13	forest_558.tif	forest/forest_558.tif	NWPU45_20/train/forest/forest_558.tif
train	forest	13	forest_560.tif	forest/forest_560.tif	NWPU45_20/train/forest/forest_560.tif
train	forest	13	forest_563.tif	forest/forest_563.tif	NWPU45_20/train/forest/forest_563.tif
train	forest	13	forest_570.tif	forest/forest_570.tif	NWPU45_20/train/forest/forest_570.tif
train	forest	13	forest_572.tif	forest/forest_572.tif	NWPU45_20/train/forest/forest_572.tif
train	forest	13	forest_574.tif	forest/forest_574.tif	NWPU45_20/train/forest/forest_574.tif
train	forest	13	forest_579.tif	forest/forest_579.tif	NWPU45_20/train/forest/forest_579.tif
train	forest	13	forest_582.tif	forest/forest_582.tif	NWPU45_20/train/forest/forest_582.tif
train	forest	13	forest_584.tif	forest/forest_584.tif	NWPU45_20/train/forest/forest_584.tif
train	forest	13	forest_587.tif	forest/forest_587.tif	NWPU45_20/train/forest/forest_587.tif
train	forest	13	forest_588.tif	forest/forest_588.tif	NWPU45_20/train/forest/forest_588.tif
train	forest	13	forest_595.tif	forest/forest_595.tif	NWPU45_20/train/forest/forest_595.tif
train	forest	13	forest_621.tif	forest/forest_621.tif	NWPU45_20/train/forest/forest_621.tif
train	forest	13	forest_630.tif	forest/forest_630.tif	NWPU45_20/train/forest/forest_630.tif
train	forest	13	forest_631.tif	forest/forest_631.tif	NWPU45_20/train/forest/forest_631.tif
train	forest	13	forest_635.tif	forest/forest_635.tif	NWPU45_20/train/forest/forest_635.tif
train	forest	13	forest_640.tif	forest/forest_640.tif	NWPU45_20/train/forest/forest_640.tif
train	forest	13	forest_641.tif	forest/forest_641.tif	NWPU45_20/train/forest/forest_641.tif
train	forest	13	forest_643.tif	forest/forest_643.tif	NWPU45_20/train/forest/forest_643.tif
train	forest	13	forest_660.tif	forest/forest_660.tif	NWPU45_20/train/forest/forest_660.tif
train	forest	13	forest_662.tif	forest/forest_662.tif	NWPU45_20/train/forest/forest_662.tif
train	forest	13	forest_673.tif	forest/forest_673.tif	NWPU45_20/train/forest/forest_673.tif
train	forest	13	forest_674.tif	forest/forest_674.tif	NWPU45_20/train/forest/forest_674.tif
train	forest	13	forest_690.tif	forest/forest_690.tif	NWPU45_20/train/forest/forest_690.tif
train	forest	13	forest_695.tif	forest/forest_695.tif	NWPU45_20/train/forest/forest_695.tif
train	freeway	14	freeway_003.tif	freeway/freeway_003.tif	NWPU45_20/train/freeway/freeway_003.tif
train	freeway	14	freeway_006.tif	freeway/freeway_006.tif	NWPU45_20/train/freeway/freeway_006.tif
train	freeway	14	freeway_009.tif	freeway/freeway_009.tif	NWPU45_20/train/freeway/freeway_009.tif
train	freeway	14	freeway_011.tif	freeway/freeway_011.tif	NWPU45_20/train/freeway/freeway_011.tif
train	freeway	14	freeway_014.tif	freeway/freeway_014.tif	NWPU45_20/train/freeway/freeway_014.tif
train	freeway	14	freeway_015.tif	freeway/freeway_015.tif	NWPU45_20/train/freeway/freeway_015.tif
train	freeway	14	freeway_016.tif	freeway/freeway_016.tif	NWPU45_20/train/freeway/freeway_016.tif
train	freeway	14	freeway_025.tif	freeway/freeway_025.tif	NWPU45_20/train/freeway/freeway_025.tif
train	freeway	14	freeway_029.tif	freeway/freeway_029.tif	NWPU45_20/train/freeway/freeway_029.tif
train	freeway	14	freeway_034.tif	freeway/freeway_034.tif	NWPU45_20/train/freeway/freeway_034.tif
train	freeway	14	freeway_040.tif	freeway/freeway_040.tif	NWPU45_20/train/freeway/freeway_040.tif
train	freeway	14	freeway_041.tif	freeway/freeway_041.tif	NWPU45_20/train/freeway/freeway_041.tif
train	freeway	14	freeway_043.tif	freeway/freeway_043.tif	NWPU45_20/train/freeway/freeway_043.tif
train	freeway	14	freeway_057.tif	freeway/freeway_057.tif	NWPU45_20/train/freeway/freeway_057.tif
train	freeway	14	freeway_059.tif	freeway/freeway_059.tif	NWPU45_20/train/freeway/freeway_059.tif
train	freeway	14	freeway_064.tif	freeway/freeway_064.tif	NWPU45_20/train/freeway/freeway_064.tif
train	freeway	14	freeway_065.tif	freeway/freeway_065.tif	NWPU45_20/train/freeway/freeway_065.tif
train	freeway	14	freeway_070.tif	freeway/freeway_070.tif	NWPU45_20/train/freeway/freeway_070.tif
train	freeway	14	freeway_075.tif	freeway/freeway_075.tif	NWPU45_20/train/freeway/freeway_075.tif
train	freeway	14	freeway_079.tif	freeway/freeway_079.tif	NWPU45_20/train/freeway/freeway_079.tif
train	freeway	14	freeway_087.tif	freeway/freeway_087.tif	NWPU45_20/train/freeway/freeway_087.tif
train	freeway	14	freeway_093.tif	freeway/freeway_093.tif	NWPU45_20/train/freeway/freeway_093.tif
train	freeway	14	freeway_097.tif	freeway/freeway_097.tif	NWPU45_20/train/freeway/freeway_097.tif
train	freeway	14	freeway_101.tif	freeway/freeway_101.tif	NWPU45_20/train/freeway/freeway_101.tif
train	freeway	14	freeway_102.tif	freeway/freeway_102.tif	NWPU45_20/train/freeway/freeway_102.tif
train	freeway	14	freeway_106.tif	freeway/freeway_106.tif	NWPU45_20/train/freeway/freeway_106.tif
train	freeway	14	freeway_107.tif	freeway/freeway_107.tif	NWPU45_20/train/freeway/freeway_107.tif
train	freeway	14	freeway_116.tif	freeway/freeway_116.tif	NWPU45_20/train/freeway/freeway_116.tif
train	freeway	14	freeway_119.tif	freeway/freeway_119.tif	NWPU45_20/train/freeway/freeway_119.tif
train	freeway	14	freeway_133.tif	freeway/freeway_133.tif	NWPU45_20/train/freeway/freeway_133.tif
train	freeway	14	freeway_139.tif	freeway/freeway_139.tif	NWPU45_20/train/freeway/freeway_139.tif
train	freeway	14	freeway_144.tif	freeway/freeway_144.tif	NWPU45_20/train/freeway/freeway_144.tif
train	freeway	14	freeway_150.tif	freeway/freeway_150.tif	NWPU45_20/train/freeway/freeway_150.tif
train	freeway	14	freeway_151.tif	freeway/freeway_151.tif	NWPU45_20/train/freeway/freeway_151.tif
train	freeway	14	freeway_159.tif	freeway/freeway_159.tif	NWPU45_20/train/freeway/freeway_159.tif
train	freeway	14	freeway_173.tif	freeway/freeway_173.tif	NWPU45_20/train/freeway/freeway_173.tif
train	freeway	14	freeway_175.tif	freeway/freeway_175.tif	NWPU45_20/train/freeway/freeway_175.tif
train	freeway	14	freeway_177.tif	freeway/freeway_177.tif	NWPU45_20/train/freeway/freeway_177.tif
train	freeway	14	freeway_178.tif	freeway/freeway_178.tif	NWPU45_20/train/freeway/freeway_178.tif
train	freeway	14	freeway_181.tif	freeway/freeway_181.tif	NWPU45_20/train/freeway/freeway_181.tif
train	freeway	14	freeway_186.tif	freeway/freeway_186.tif	NWPU45_20/train/freeway/freeway_186.tif
train	freeway	14	freeway_191.tif	freeway/freeway_191.tif	NWPU45_20/train/freeway/freeway_191.tif
train	freeway	14	freeway_193.tif	freeway/freeway_193.tif	NWPU45_20/train/freeway/freeway_193.tif
train	freeway	14	freeway_194.tif	freeway/freeway_194.tif	NWPU45_20/train/freeway/freeway_194.tif
train	freeway	14	freeway_199.tif	freeway/freeway_199.tif	NWPU45_20/train/freeway/freeway_199.tif
train	freeway	14	freeway_201.tif	freeway/freeway_201.tif	NWPU45_20/train/freeway/freeway_201.tif
train	freeway	14	freeway_205.tif	freeway/freeway_205.tif	NWPU45_20/train/freeway/freeway_205.tif
train	freeway	14	freeway_208.tif	freeway/freeway_208.tif	NWPU45_20/train/freeway/freeway_208.tif
train	freeway	14	freeway_210.tif	freeway/freeway_210.tif	NWPU45_20/train/freeway/freeway_210.tif
train	freeway	14	freeway_213.tif	freeway/freeway_213.tif	NWPU45_20/train/freeway/freeway_213.tif
train	freeway	14	freeway_228.tif	freeway/freeway_228.tif	NWPU45_20/train/freeway/freeway_228.tif
train	freeway	14	freeway_242.tif	freeway/freeway_242.tif	NWPU45_20/train/freeway/freeway_242.tif
train	freeway	14	freeway_244.tif	freeway/freeway_244.tif	NWPU45_20/train/freeway/freeway_244.tif
train	freeway	14	freeway_256.tif	freeway/freeway_256.tif	NWPU45_20/train/freeway/freeway_256.tif
train	freeway	14	freeway_257.tif	freeway/freeway_257.tif	NWPU45_20/train/freeway/freeway_257.tif
train	freeway	14	freeway_266.tif	freeway/freeway_266.tif	NWPU45_20/train/freeway/freeway_266.tif
train	freeway	14	freeway_267.tif	freeway/freeway_267.tif	NWPU45_20/train/freeway/freeway_267.tif
train	freeway	14	freeway_269.tif	freeway/freeway_269.tif	NWPU45_20/train/freeway/freeway_269.tif
train	freeway	14	freeway_273.tif	freeway/freeway_273.tif	NWPU45_20/train/freeway/freeway_273.tif
train	freeway	14	freeway_281.tif	freeway/freeway_281.tif	NWPU45_20/train/freeway/freeway_281.tif
train	freeway	14	freeway_294.tif	freeway/freeway_294.tif	NWPU45_20/train/freeway/freeway_294.tif
train	freeway	14	freeway_308.tif	freeway/freeway_308.tif	NWPU45_20/train/freeway/freeway_308.tif
train	freeway	14	freeway_309.tif	freeway/freeway_309.tif	NWPU45_20/train/freeway/freeway_309.tif
train	freeway	14	freeway_311.tif	freeway/freeway_311.tif	NWPU45_20/train/freeway/freeway_311.tif
train	freeway	14	freeway_312.tif	freeway/freeway_312.tif	NWPU45_20/train/freeway/freeway_312.tif
train	freeway	14	freeway_313.tif	freeway/freeway_313.tif	NWPU45_20/train/freeway/freeway_313.tif
train	freeway	14	freeway_316.tif	freeway/freeway_316.tif	NWPU45_20/train/freeway/freeway_316.tif
train	freeway	14	freeway_317.tif	freeway/freeway_317.tif	NWPU45_20/train/freeway/freeway_317.tif
train	freeway	14	freeway_322.tif	freeway/freeway_322.tif	NWPU45_20/train/freeway/freeway_322.tif
train	freeway	14	freeway_325.tif	freeway/freeway_325.tif	NWPU45_20/train/freeway/freeway_325.tif
train	freeway	14	freeway_327.tif	freeway/freeway_327.tif	NWPU45_20/train/freeway/freeway_327.tif
train	freeway	14	freeway_329.tif	freeway/freeway_329.tif	NWPU45_20/train/freeway/freeway_329.tif
train	freeway	14	freeway_336.tif	freeway/freeway_336.tif	NWPU45_20/train/freeway/freeway_336.tif
train	freeway	14	freeway_342.tif	freeway/freeway_342.tif	NWPU45_20/train/freeway/freeway_342.tif
train	freeway	14	freeway_348.tif	freeway/freeway_348.tif	NWPU45_20/train/freeway/freeway_348.tif
train	freeway	14	freeway_351.tif	freeway/freeway_351.tif	NWPU45_20/train/freeway/freeway_351.tif
train	freeway	14	freeway_354.tif	freeway/freeway_354.tif	NWPU45_20/train/freeway/freeway_354.tif
train	freeway	14	freeway_360.tif	freeway/freeway_360.tif	NWPU45_20/train/freeway/freeway_360.tif
train	freeway	14	freeway_365.tif	freeway/freeway_365.tif	NWPU45_20/train/freeway/freeway_365.tif
train	freeway	14	freeway_366.tif	freeway/freeway_366.tif	NWPU45_20/train/freeway/freeway_366.tif
train	freeway	14	freeway_367.tif	freeway/freeway_367.tif	NWPU45_20/train/freeway/freeway_367.tif
train	freeway	14	freeway_376.tif	freeway/freeway_376.tif	NWPU45_20/train/freeway/freeway_376.tif
train	freeway	14	freeway_379.tif	freeway/freeway_379.tif	NWPU45_20/train/freeway/freeway_379.tif
train	freeway	14	freeway_381.tif	freeway/freeway_381.tif	NWPU45_20/train/freeway/freeway_381.tif
train	freeway	14	freeway_385.tif	freeway/freeway_385.tif	NWPU45_20/train/freeway/freeway_385.tif
train	freeway	14	freeway_387.tif	freeway/freeway_387.tif	NWPU45_20/train/freeway/freeway_387.tif
train	freeway	14	freeway_396.tif	freeway/freeway_396.tif	NWPU45_20/train/freeway/freeway_396.tif
train	freeway	14	freeway_397.tif	freeway/freeway_397.tif	NWPU45_20/train/freeway/freeway_397.tif
train	freeway	14	freeway_399.tif	freeway/freeway_399.tif	NWPU45_20/train/freeway/freeway_399.tif
train	freeway	14	freeway_415.tif	freeway/freeway_415.tif	NWPU45_20/train/freeway/freeway_415.tif
train	freeway	14	freeway_416.tif	freeway/freeway_416.tif	NWPU45_20/train/freeway/freeway_416.tif
train	freeway	14	freeway_417.tif	freeway/freeway_417.tif	NWPU45_20/train/freeway/freeway_417.tif
train	freeway	14	freeway_418.tif	freeway/freeway_418.tif	NWPU45_20/train/freeway/freeway_418.tif
train	freeway	14	freeway_420.tif	freeway/freeway_420.tif	NWPU45_20/train/freeway/freeway_420.tif
train	freeway	14	freeway_421.tif	freeway/freeway_421.tif	NWPU45_20/train/freeway/freeway_421.tif
train	freeway	14	freeway_427.tif	freeway/freeway_427.tif	NWPU45_20/train/freeway/freeway_427.tif
train	freeway	14	freeway_454.tif	freeway/freeway_454.tif	NWPU45_20/train/freeway/freeway_454.tif
train	freeway	14	freeway_455.tif	freeway/freeway_455.tif	NWPU45_20/train/freeway/freeway_455.tif
train	freeway	14	freeway_459.tif	freeway/freeway_459.tif	NWPU45_20/train/freeway/freeway_459.tif
train	freeway	14	freeway_468.tif	freeway/freeway_468.tif	NWPU45_20/train/freeway/freeway_468.tif
train	freeway	14	freeway_473.tif	freeway/freeway_473.tif	NWPU45_20/train/freeway/freeway_473.tif
train	freeway	14	freeway_476.tif	freeway/freeway_476.tif	NWPU45_20/train/freeway/freeway_476.tif
train	freeway	14	freeway_478.tif	freeway/freeway_478.tif	NWPU45_20/train/freeway/freeway_478.tif
train	freeway	14	freeway_491.tif	freeway/freeway_491.tif	NWPU45_20/train/freeway/freeway_491.tif
train	freeway	14	freeway_497.tif	freeway/freeway_497.tif	NWPU45_20/train/freeway/freeway_497.tif
train	freeway	14	freeway_505.tif	freeway/freeway_505.tif	NWPU45_20/train/freeway/freeway_505.tif
train	freeway	14	freeway_508.tif	freeway/freeway_508.tif	NWPU45_20/train/freeway/freeway_508.tif
train	freeway	14	freeway_509.tif	freeway/freeway_509.tif	NWPU45_20/train/freeway/freeway_509.tif
train	freeway	14	freeway_516.tif	freeway/freeway_516.tif	NWPU45_20/train/freeway/freeway_516.tif
train	freeway	14	freeway_521.tif	freeway/freeway_521.tif	NWPU45_20/train/freeway/freeway_521.tif
train	freeway	14	freeway_523.tif	freeway/freeway_523.tif	NWPU45_20/train/freeway/freeway_523.tif
train	freeway	14	freeway_527.tif	freeway/freeway_527.tif	NWPU45_20/train/freeway/freeway_527.tif
train	freeway	14	freeway_537.tif	freeway/freeway_537.tif	NWPU45_20/train/freeway/freeway_537.tif
train	freeway	14	freeway_539.tif	freeway/freeway_539.tif	NWPU45_20/train/freeway/freeway_539.tif
train	freeway	14	freeway_543.tif	freeway/freeway_543.tif	NWPU45_20/train/freeway/freeway_543.tif
train	freeway	14	freeway_558.tif	freeway/freeway_558.tif	NWPU45_20/train/freeway/freeway_558.tif
train	freeway	14	freeway_560.tif	freeway/freeway_560.tif	NWPU45_20/train/freeway/freeway_560.tif
train	freeway	14	freeway_563.tif	freeway/freeway_563.tif	NWPU45_20/train/freeway/freeway_563.tif
train	freeway	14	freeway_570.tif	freeway/freeway_570.tif	NWPU45_20/train/freeway/freeway_570.tif
train	freeway	14	freeway_572.tif	freeway/freeway_572.tif	NWPU45_20/train/freeway/freeway_572.tif
train	freeway	14	freeway_574.tif	freeway/freeway_574.tif	NWPU45_20/train/freeway/freeway_574.tif
train	freeway	14	freeway_579.tif	freeway/freeway_579.tif	NWPU45_20/train/freeway/freeway_579.tif
train	freeway	14	freeway_582.tif	freeway/freeway_582.tif	NWPU45_20/train/freeway/freeway_582.tif
train	freeway	14	freeway_584.tif	freeway/freeway_584.tif	NWPU45_20/train/freeway/freeway_584.tif
train	freeway	14	freeway_587.tif	freeway/freeway_587.tif	NWPU45_20/train/freeway/freeway_587.tif
train	freeway	14	freeway_588.tif	freeway/freeway_588.tif	NWPU45_20/train/freeway/freeway_588.tif
train	freeway	14	freeway_595.tif	freeway/freeway_595.tif	NWPU45_20/train/freeway/freeway_595.tif
train	freeway	14	freeway_621.tif	freeway/freeway_621.tif	NWPU45_20/train/freeway/freeway_621.tif
train	freeway	14	freeway_630.tif	freeway/freeway_630.tif	NWPU45_20/train/freeway/freeway_630.tif
train	freeway	14	freeway_631.tif	freeway/freeway_631.tif	NWPU45_20/train/freeway/freeway_631.tif
train	freeway	14	freeway_635.tif	freeway/freeway_635.tif	NWPU45_20/train/freeway/freeway_635.tif
train	freeway	14	freeway_640.tif	freeway/freeway_640.tif	NWPU45_20/train/freeway/freeway_640.tif
train	freeway	14	freeway_641.tif	freeway/freeway_641.tif	NWPU45_20/train/freeway/freeway_641.tif
train	freeway	14	freeway_643.tif	freeway/freeway_643.tif	NWPU45_20/train/freeway/freeway_643.tif
train	freeway	14	freeway_660.tif	freeway/freeway_660.tif	NWPU45_20/train/freeway/freeway_660.tif
train	freeway	14	freeway_662.tif	freeway/freeway_662.tif	NWPU45_20/train/freeway/freeway_662.tif
train	freeway	14	freeway_673.tif	freeway/freeway_673.tif	NWPU45_20/train/freeway/freeway_673.tif
train	freeway	14	freeway_674.tif	freeway/freeway_674.tif	NWPU45_20/train/freeway/freeway_674.tif
train	freeway	14	freeway_690.tif	freeway/freeway_690.tif	NWPU45_20/train/freeway/freeway_690.tif
train	freeway	14	freeway_695.tif	freeway/freeway_695.tif	NWPU45_20/train/freeway/freeway_695.tif
train	golf_course	15	golf_course_003.tif	golf_course/golf_course_003.tif	NWPU45_20/train/golf_course/golf_course_003.tif
train	golf_course	15	golf_course_006.tif	golf_course/golf_course_006.tif	NWPU45_20/train/golf_course/golf_course_006.tif
train	golf_course	15	golf_course_009.tif	golf_course/golf_course_009.tif	NWPU45_20/train/golf_course/golf_course_009.tif
train	golf_course	15	golf_course_011.tif	golf_course/golf_course_011.tif	NWPU45_20/train/golf_course/golf_course_011.tif
train	golf_course	15	golf_course_014.tif	golf_course/golf_course_014.tif	NWPU45_20/train/golf_course/golf_course_014.tif
train	golf_course	15	golf_course_015.tif	golf_course/golf_course_015.tif	NWPU45_20/train/golf_course/golf_course_015.tif
train	golf_course	15	golf_course_016.tif	golf_course/golf_course_016.tif	NWPU45_20/train/golf_course/golf_course_016.tif
train	golf_course	15	golf_course_025.tif	golf_course/golf_course_025.tif	NWPU45_20/train/golf_course/golf_course_025.tif
train	golf_course	15	golf_course_029.tif	golf_course/golf_course_029.tif	NWPU45_20/train/golf_course/golf_course_029.tif
train	golf_course	15	golf_course_034.tif	golf_course/golf_course_034.tif	NWPU45_20/train/golf_course/golf_course_034.tif
train	golf_course	15	golf_course_040.tif	golf_course/golf_course_040.tif	NWPU45_20/train/golf_course/golf_course_040.tif
train	golf_course	15	golf_course_041.tif	golf_course/golf_course_041.tif	NWPU45_20/train/golf_course/golf_course_041.tif
train	golf_course	15	golf_course_043.tif	golf_course/golf_course_043.tif	NWPU45_20/train/golf_course/golf_course_043.tif
train	golf_course	15	golf_course_057.tif	golf_course/golf_course_057.tif	NWPU45_20/train/golf_course/golf_course_057.tif
train	golf_course	15	golf_course_059.tif	golf_course/golf_course_059.tif	NWPU45_20/train/golf_course/golf_course_059.tif
train	golf_course	15	golf_course_064.tif	golf_course/golf_course_064.tif	NWPU45_20/train/golf_course/golf_course_064.tif
train	golf_course	15	golf_course_065.tif	golf_course/golf_course_065.tif	NWPU45_20/train/golf_course/golf_course_065.tif
train	golf_course	15	golf_course_070.tif	golf_course/golf_course_070.tif	NWPU45_20/train/golf_course/golf_course_070.tif
train	golf_course	15	golf_course_075.tif	golf_course/golf_course_075.tif	NWPU45_20/train/golf_course/golf_course_075.tif
train	golf_course	15	golf_course_079.tif	golf_course/golf_course_079.tif	NWPU45_20/train/golf_course/golf_course_079.tif
train	golf_course	15	golf_course_087.tif	golf_course/golf_course_087.tif	NWPU45_20/train/golf_course/golf_course_087.tif
train	golf_course	15	golf_course_093.tif	golf_course/golf_course_093.tif	NWPU45_20/train/golf_course/golf_course_093.tif
train	golf_course	15	golf_course_097.tif	golf_course/golf_course_097.tif	NWPU45_20/train/golf_course/golf_course_097.tif
train	golf_course	15	golf_course_101.tif	golf_course/golf_course_101.tif	NWPU45_20/train/golf_course/golf_course_101.tif
train	golf_course	15	golf_course_102.tif	golf_course/golf_course_102.tif	NWPU45_20/train/golf_course/golf_course_102.tif
train	golf_course	15	golf_course_106.tif	golf_course/golf_course_106.tif	NWPU45_20/train/golf_course/golf_course_106.tif
train	golf_course	15	golf_course_107.tif	golf_course/golf_course_107.tif	NWPU45_20/train/golf_course/golf_course_107.tif
train	golf_course	15	golf_course_116.tif	golf_course/golf_course_116.tif	NWPU45_20/train/golf_course/golf_course_116.tif
train	golf_course	15	golf_course_119.tif	golf_course/golf_course_119.tif	NWPU45_20/train/golf_course/golf_course_119.tif
train	golf_course	15	golf_course_133.tif	golf_course/golf_course_133.tif	NWPU45_20/train/golf_course/golf_course_133.tif
train	golf_course	15	golf_course_139.tif	golf_course/golf_course_139.tif	NWPU45_20/train/golf_course/golf_course_139.tif
train	golf_course	15	golf_course_144.tif	golf_course/golf_course_144.tif	NWPU45_20/train/golf_course/golf_course_144.tif
train	golf_course	15	golf_course_150.tif	golf_course/golf_course_150.tif	NWPU45_20/train/golf_course/golf_course_150.tif
train	golf_course	15	golf_course_151.tif	golf_course/golf_course_151.tif	NWPU45_20/train/golf_course/golf_course_151.tif
train	golf_course	15	golf_course_159.tif	golf_course/golf_course_159.tif	NWPU45_20/train/golf_course/golf_course_159.tif
train	golf_course	15	golf_course_173.tif	golf_course/golf_course_173.tif	NWPU45_20/train/golf_course/golf_course_173.tif
train	golf_course	15	golf_course_175.tif	golf_course/golf_course_175.tif	NWPU45_20/train/golf_course/golf_course_175.tif
train	golf_course	15	golf_course_177.tif	golf_course/golf_course_177.tif	NWPU45_20/train/golf_course/golf_course_177.tif
train	golf_course	15	golf_course_178.tif	golf_course/golf_course_178.tif	NWPU45_20/train/golf_course/golf_course_178.tif
train	golf_course	15	golf_course_181.tif	golf_course/golf_course_181.tif	NWPU45_20/train/golf_course/golf_course_181.tif
train	golf_course	15	golf_course_186.tif	golf_course/golf_course_186.tif	NWPU45_20/train/golf_course/golf_course_186.tif
train	golf_course	15	golf_course_191.tif	golf_course/golf_course_191.tif	NWPU45_20/train/golf_course/golf_course_191.tif
train	golf_course	15	golf_course_193.tif	golf_course/golf_course_193.tif	NWPU45_20/train/golf_course/golf_course_193.tif
train	golf_course	15	golf_course_194.tif	golf_course/golf_course_194.tif	NWPU45_20/train/golf_course/golf_course_194.tif
train	golf_course	15	golf_course_199.tif	golf_course/golf_course_199.tif	NWPU45_20/train/golf_course/golf_course_199.tif
train	golf_course	15	golf_course_201.tif	golf_course/golf_course_201.tif	NWPU45_20/train/golf_course/golf_course_201.tif
train	golf_course	15	golf_course_205.tif	golf_course/golf_course_205.tif	NWPU45_20/train/golf_course/golf_course_205.tif
train	golf_course	15	golf_course_208.tif	golf_course/golf_course_208.tif	NWPU45_20/train/golf_course/golf_course_208.tif
train	golf_course	15	golf_course_210.tif	golf_course/golf_course_210.tif	NWPU45_20/train/golf_course/golf_course_210.tif
train	golf_course	15	golf_course_213.tif	golf_course/golf_course_213.tif	NWPU45_20/train/golf_course/golf_course_213.tif
train	golf_course	15	golf_course_228.tif	golf_course/golf_course_228.tif	NWPU45_20/train/golf_course/golf_course_228.tif
train	golf_course	15	golf_course_242.tif	golf_course/golf_course_242.tif	NWPU45_20/train/golf_course/golf_course_242.tif
train	golf_course	15	golf_course_244.tif	golf_course/golf_course_244.tif	NWPU45_20/train/golf_course/golf_course_244.tif
train	golf_course	15	golf_course_256.tif	golf_course/golf_course_256.tif	NWPU45_20/train/golf_course/golf_course_256.tif
train	golf_course	15	golf_course_257.tif	golf_course/golf_course_257.tif	NWPU45_20/train/golf_course/golf_course_257.tif
train	golf_course	15	golf_course_266.tif	golf_course/golf_course_266.tif	NWPU45_20/train/golf_course/golf_course_266.tif
train	golf_course	15	golf_course_267.tif	golf_course/golf_course_267.tif	NWPU45_20/train/golf_course/golf_course_267.tif
train	golf_course	15	golf_course_269.tif	golf_course/golf_course_269.tif	NWPU45_20/train/golf_course/golf_course_269.tif
train	golf_course	15	golf_course_273.tif	golf_course/golf_course_273.tif	NWPU45_20/train/golf_course/golf_course_273.tif
train	golf_course	15	golf_course_281.tif	golf_course/golf_course_281.tif	NWPU45_20/train/golf_course/golf_course_281.tif
train	golf_course	15	golf_course_294.tif	golf_course/golf_course_294.tif	NWPU45_20/train/golf_course/golf_course_294.tif
train	golf_course	15	golf_course_308.tif	golf_course/golf_course_308.tif	NWPU45_20/train/golf_course/golf_course_308.tif
train	golf_course	15	golf_course_309.tif	golf_course/golf_course_309.tif	NWPU45_20/train/golf_course/golf_course_309.tif
train	golf_course	15	golf_course_311.tif	golf_course/golf_course_311.tif	NWPU45_20/train/golf_course/golf_course_311.tif
train	golf_course	15	golf_course_312.tif	golf_course/golf_course_312.tif	NWPU45_20/train/golf_course/golf_course_312.tif
train	golf_course	15	golf_course_313.tif	golf_course/golf_course_313.tif	NWPU45_20/train/golf_course/golf_course_313.tif
train	golf_course	15	golf_course_316.tif	golf_course/golf_course_316.tif	NWPU45_20/train/golf_course/golf_course_316.tif
train	golf_course	15	golf_course_317.tif	golf_course/golf_course_317.tif	NWPU45_20/train/golf_course/golf_course_317.tif
train	golf_course	15	golf_course_322.tif	golf_course/golf_course_322.tif	NWPU45_20/train/golf_course/golf_course_322.tif
train	golf_course	15	golf_course_325.tif	golf_course/golf_course_325.tif	NWPU45_20/train/golf_course/golf_course_325.tif
train	golf_course	15	golf_course_327.tif	golf_course/golf_course_327.tif	NWPU45_20/train/golf_course/golf_course_327.tif
train	golf_course	15	golf_course_329.tif	golf_course/golf_course_329.tif	NWPU45_20/train/golf_course/golf_course_329.tif
train	golf_course	15	golf_course_336.tif	golf_course/golf_course_336.tif	NWPU45_20/train/golf_course/golf_course_336.tif
train	golf_course	15	golf_course_342.tif	golf_course/golf_course_342.tif	NWPU45_20/train/golf_course/golf_course_342.tif
train	golf_course	15	golf_course_348.tif	golf_course/golf_course_348.tif	NWPU45_20/train/golf_course/golf_course_348.tif
train	golf_course	15	golf_course_351.tif	golf_course/golf_course_351.tif	NWPU45_20/train/golf_course/golf_course_351.tif
train	golf_course	15	golf_course_354.tif	golf_course/golf_course_354.tif	NWPU45_20/train/golf_course/golf_course_354.tif
train	golf_course	15	golf_course_360.tif	golf_course/golf_course_360.tif	NWPU45_20/train/golf_course/golf_course_360.tif
train	golf_course	15	golf_course_365.tif	golf_course/golf_course_365.tif	NWPU45_20/train/golf_course/golf_course_365.tif
train	golf_course	15	golf_course_366.tif	golf_course/golf_course_366.tif	NWPU45_20/train/golf_course/golf_course_366.tif
train	golf_course	15	golf_course_367.tif	golf_course/golf_course_367.tif	NWPU45_20/train/golf_course/golf_course_367.tif
train	golf_course	15	golf_course_376.tif	golf_course/golf_course_376.tif	NWPU45_20/train/golf_course/golf_course_376.tif
train	golf_course	15	golf_course_379.tif	golf_course/golf_course_379.tif	NWPU45_20/train/golf_course/golf_course_379.tif
train	golf_course	15	golf_course_381.tif	golf_course/golf_course_381.tif	NWPU45_20/train/golf_course/golf_course_381.tif
train	golf_course	15	golf_course_385.tif	golf_course/golf_course_385.tif	NWPU45_20/train/golf_course/golf_course_385.tif
train	golf_course	15	golf_course_387.tif	golf_course/golf_course_387.tif	NWPU45_20/train/golf_course/golf_course_387.tif
train	golf_course	15	golf_course_396.tif	golf_course/golf_course_396.tif	NWPU45_20/train/golf_course/golf_course_396.tif
train	golf_course	15	golf_course_397.tif	golf_course/golf_course_397.tif	NWPU45_20/train/golf_course/golf_course_397.tif
train	golf_course	15	golf_course_399.tif	golf_course/golf_course_399.tif	NWPU45_20/train/golf_course/golf_course_399.tif
train	golf_course	15	golf_course_415.tif	golf_course/golf_course_415.tif	NWPU45_20/train/golf_course/golf_course_415.tif
train	golf_course	15	golf_course_416.tif	golf_course/golf_course_416.tif	NWPU45_20/train/golf_course/golf_course_416.tif
train	golf_course	15	golf_course_417.tif	golf_course/golf_course_417.tif	NWPU45_20/train/golf_course/golf_course_417.tif
train	golf_course	15	golf_course_418.tif	golf_course/golf_course_418.tif	NWPU45_20/train/golf_course/golf_course_418.tif
train	golf_course	15	golf_course_420.tif	golf_course/golf_course_420.tif	NWPU45_20/train/golf_course/golf_course_420.tif
train	golf_course	15	golf_course_421.tif	golf_course/golf_course_421.tif	NWPU45_20/train/golf_course/golf_course_421.tif
train	golf_course	15	golf_course_427.tif	golf_course/golf_course_427.tif	NWPU45_20/train/golf_course/golf_course_427.tif
train	golf_course	15	golf_course_454.tif	golf_course/golf_course_454.tif	NWPU45_20/train/golf_course/golf_course_454.tif
train	golf_course	15	golf_course_455.tif	golf_course/golf_course_455.tif	NWPU45_20/train/golf_course/golf_course_455.tif
train	golf_course	15	golf_course_459.tif	golf_course/golf_course_459.tif	NWPU45_20/train/golf_course/golf_course_459.tif
train	golf_course	15	golf_course_468.tif	golf_course/golf_course_468.tif	NWPU45_20/train/golf_course/golf_course_468.tif
train	golf_course	15	golf_course_473.tif	golf_course/golf_course_473.tif	NWPU45_20/train/golf_course/golf_course_473.tif
train	golf_course	15	golf_course_476.tif	golf_course/golf_course_476.tif	NWPU45_20/train/golf_course/golf_course_476.tif
train	golf_course	15	golf_course_478.tif	golf_course/golf_course_478.tif	NWPU45_20/train/golf_course/golf_course_478.tif
train	golf_course	15	golf_course_491.tif	golf_course/golf_course_491.tif	NWPU45_20/train/golf_course/golf_course_491.tif
train	golf_course	15	golf_course_497.tif	golf_course/golf_course_497.tif	NWPU45_20/train/golf_course/golf_course_497.tif
train	golf_course	15	golf_course_505.tif	golf_course/golf_course_505.tif	NWPU45_20/train/golf_course/golf_course_505.tif
train	golf_course	15	golf_course_508.tif	golf_course/golf_course_508.tif	NWPU45_20/train/golf_course/golf_course_508.tif
train	golf_course	15	golf_course_509.tif	golf_course/golf_course_509.tif	NWPU45_20/train/golf_course/golf_course_509.tif
train	golf_course	15	golf_course_516.tif	golf_course/golf_course_516.tif	NWPU45_20/train/golf_course/golf_course_516.tif
train	golf_course	15	golf_course_521.tif	golf_course/golf_course_521.tif	NWPU45_20/train/golf_course/golf_course_521.tif
train	golf_course	15	golf_course_523.tif	golf_course/golf_course_523.tif	NWPU45_20/train/golf_course/golf_course_523.tif
train	golf_course	15	golf_course_527.tif	golf_course/golf_course_527.tif	NWPU45_20/train/golf_course/golf_course_527.tif
train	golf_course	15	golf_course_537.tif	golf_course/golf_course_537.tif	NWPU45_20/train/golf_course/golf_course_537.tif
train	golf_course	15	golf_course_539.tif	golf_course/golf_course_539.tif	NWPU45_20/train/golf_course/golf_course_539.tif
train	golf_course	15	golf_course_543.tif	golf_course/golf_course_543.tif	NWPU45_20/train/golf_course/golf_course_543.tif
train	golf_course	15	golf_course_558.tif	golf_course/golf_course_558.tif	NWPU45_20/train/golf_course/golf_course_558.tif
train	golf_course	15	golf_course_560.tif	golf_course/golf_course_560.tif	NWPU45_20/train/golf_course/golf_course_560.tif
train	golf_course	15	golf_course_563.tif	golf_course/golf_course_563.tif	NWPU45_20/train/golf_course/golf_course_563.tif
train	golf_course	15	golf_course_570.tif	golf_course/golf_course_570.tif	NWPU45_20/train/golf_course/golf_course_570.tif
train	golf_course	15	golf_course_572.tif	golf_course/golf_course_572.tif	NWPU45_20/train/golf_course/golf_course_572.tif
train	golf_course	15	golf_course_574.tif	golf_course/golf_course_574.tif	NWPU45_20/train/golf_course/golf_course_574.tif
train	golf_course	15	golf_course_579.tif	golf_course/golf_course_579.tif	NWPU45_20/train/golf_course/golf_course_579.tif
train	golf_course	15	golf_course_582.tif	golf_course/golf_course_582.tif	NWPU45_20/train/golf_course/golf_course_582.tif
train	golf_course	15	golf_course_584.tif	golf_course/golf_course_584.tif	NWPU45_20/train/golf_course/golf_course_584.tif
train	golf_course	15	golf_course_587.tif	golf_course/golf_course_587.tif	NWPU45_20/train/golf_course/golf_course_587.tif
train	golf_course	15	golf_course_588.tif	golf_course/golf_course_588.tif	NWPU45_20/train/golf_course/golf_course_588.tif
train	golf_course	15	golf_course_595.tif	golf_course/golf_course_595.tif	NWPU45_20/train/golf_course/golf_course_595.tif
train	golf_course	15	golf_course_621.tif	golf_course/golf_course_621.tif	NWPU45_20/train/golf_course/golf_course_621.tif
train	golf_course	15	golf_course_630.tif	golf_course/golf_course_630.tif	NWPU45_20/train/golf_course/golf_course_630.tif
train	golf_course	15	golf_course_631.tif	golf_course/golf_course_631.tif	NWPU45_20/train/golf_course/golf_course_631.tif
train	golf_course	15	golf_course_635.tif	golf_course/golf_course_635.tif	NWPU45_20/train/golf_course/golf_course_635.tif
train	golf_course	15	golf_course_640.tif	golf_course/golf_course_640.tif	NWPU45_20/train/golf_course/golf_course_640.tif
train	golf_course	15	golf_course_641.tif	golf_course/golf_course_641.tif	NWPU45_20/train/golf_course/golf_course_641.tif
train	golf_course	15	golf_course_643.tif	golf_course/golf_course_643.tif	NWPU45_20/train/golf_course/golf_course_643.tif
train	golf_course	15	golf_course_660.tif	golf_course/golf_course_660.tif	NWPU45_20/train/golf_course/golf_course_660.tif
train	golf_course	15	golf_course_662.tif	golf_course/golf_course_662.tif	NWPU45_20/train/golf_course/golf_course_662.tif
train	golf_course	15	golf_course_673.tif	golf_course/golf_course_673.tif	NWPU45_20/train/golf_course/golf_course_673.tif
train	golf_course	15	golf_course_674.tif	golf_course/golf_course_674.tif	NWPU45_20/train/golf_course/golf_course_674.tif
train	golf_course	15	golf_course_690.tif	golf_course/golf_course_690.tif	NWPU45_20/train/golf_course/golf_course_690.tif
train	golf_course	15	golf_course_695.tif	golf_course/golf_course_695.tif	NWPU45_20/train/golf_course/golf_course_695.tif
train	ground_track_field	16	ground_track_field_003.tif	ground_track_field/ground_track_field_003.tif	NWPU45_20/train/ground_track_field/ground_track_field_003.tif
train	ground_track_field	16	ground_track_field_006.tif	ground_track_field/ground_track_field_006.tif	NWPU45_20/train/ground_track_field/ground_track_field_006.tif
train	ground_track_field	16	ground_track_field_009.tif	ground_track_field/ground_track_field_009.tif	NWPU45_20/train/ground_track_field/ground_track_field_009.tif
train	ground_track_field	16	ground_track_field_011.tif	ground_track_field/ground_track_field_011.tif	NWPU45_20/train/ground_track_field/ground_track_field_011.tif
train	ground_track_field	16	ground_track_field_014.tif	ground_track_field/ground_track_field_014.tif	NWPU45_20/train/ground_track_field/ground_track_field_014.tif
train	ground_track_field	16	ground_track_field_015.tif	ground_track_field/ground_track_field_015.tif	NWPU45_20/train/ground_track_field/ground_track_field_015.tif
train	ground_track_field	16	ground_track_field_016.tif	ground_track_field/ground_track_field_016.tif	NWPU45_20/train/ground_track_field/ground_track_field_016.tif
train	ground_track_field	16	ground_track_field_025.tif	ground_track_field/ground_track_field_025.tif	NWPU45_20/train/ground_track_field/ground_track_field_025.tif
train	ground_track_field	16	ground_track_field_029.tif	ground_track_field/ground_track_field_029.tif	NWPU45_20/train/ground_track_field/ground_track_field_029.tif
train	ground_track_field	16	ground_track_field_034.tif	ground_track_field/ground_track_field_034.tif	NWPU45_20/train/ground_track_field/ground_track_field_034.tif
train	ground_track_field	16	ground_track_field_040.tif	ground_track_field/ground_track_field_040.tif	NWPU45_20/train/ground_track_field/ground_track_field_040.tif
train	ground_track_field	16	ground_track_field_041.tif	ground_track_field/ground_track_field_041.tif	NWPU45_20/train/ground_track_field/ground_track_field_041.tif
train	ground_track_field	16	ground_track_field_043.tif	ground_track_field/ground_track_field_043.tif	NWPU45_20/train/ground_track_field/ground_track_field_043.tif
train	ground_track_field	16	ground_track_field_057.tif	ground_track_field/ground_track_field_057.tif	NWPU45_20/train/ground_track_field/ground_track_field_057.tif
train	ground_track_field	16	ground_track_field_059.tif	ground_track_field/ground_track_field_059.tif	NWPU45_20/train/ground_track_field/ground_track_field_059.tif
train	ground_track_field	16	ground_track_field_064.tif	ground_track_field/ground_track_field_064.tif	NWPU45_20/train/ground_track_field/ground_track_field_064.tif
train	ground_track_field	16	ground_track_field_065.tif	ground_track_field/ground_track_field_065.tif	NWPU45_20/train/ground_track_field/ground_track_field_065.tif
train	ground_track_field	16	ground_track_field_070.tif	ground_track_field/ground_track_field_070.tif	NWPU45_20/train/ground_track_field/ground_track_field_070.tif
train	ground_track_field	16	ground_track_field_075.tif	ground_track_field/ground_track_field_075.tif	NWPU45_20/train/ground_track_field/ground_track_field_075.tif
train	ground_track_field	16	ground_track_field_079.tif	ground_track_field/ground_track_field_079.tif	NWPU45_20/train/ground_track_field/ground_track_field_079.tif
train	ground_track_field	16	ground_track_field_087.tif	ground_track_field/ground_track_field_087.tif	NWPU45_20/train/ground_track_field/ground_track_field_087.tif
train	ground_track_field	16	ground_track_field_093.tif	ground_track_field/ground_track_field_093.tif	NWPU45_20/train/ground_track_field/ground_track_field_093.tif
train	ground_track_field	16	ground_track_field_097.tif	ground_track_field/ground_track_field_097.tif	NWPU45_20/train/ground_track_field/ground_track_field_097.tif
train	ground_track_field	16	ground_track_field_101.tif	ground_track_field/ground_track_field_101.tif	NWPU45_20/train/ground_track_field/ground_track_field_101.tif
train	ground_track_field	16	ground_track_field_102.tif	ground_track_field/ground_track_field_102.tif	NWPU45_20/train/ground_track_field/ground_track_field_102.tif
train	ground_track_field	16	ground_track_field_106.tif	ground_track_field/ground_track_field_106.tif	NWPU45_20/train/ground_track_field/ground_track_field_106.tif
train	ground_track_field	16	ground_track_field_107.tif	ground_track_field/ground_track_field_107.tif	NWPU45_20/train/ground_track_field/ground_track_field_107.tif
train	ground_track_field	16	ground_track_field_116.tif	ground_track_field/ground_track_field_116.tif	NWPU45_20/train/ground_track_field/ground_track_field_116.tif
train	ground_track_field	16	ground_track_field_119.tif	ground_track_field/ground_track_field_119.tif	NWPU45_20/train/ground_track_field/ground_track_field_119.tif
train	ground_track_field	16	ground_track_field_133.tif	ground_track_field/ground_track_field_133.tif	NWPU45_20/train/ground_track_field/ground_track_field_133.tif
train	ground_track_field	16	ground_track_field_139.tif	ground_track_field/ground_track_field_139.tif	NWPU45_20/train/ground_track_field/ground_track_field_139.tif
train	ground_track_field	16	ground_track_field_144.tif	ground_track_field/ground_track_field_144.tif	NWPU45_20/train/ground_track_field/ground_track_field_144.tif
train	ground_track_field	16	ground_track_field_150.tif	ground_track_field/ground_track_field_150.tif	NWPU45_20/train/ground_track_field/ground_track_field_150.tif
train	ground_track_field	16	ground_track_field_151.tif	ground_track_field/ground_track_field_151.tif	NWPU45_20/train/ground_track_field/ground_track_field_151.tif
train	ground_track_field	16	ground_track_field_159.tif	ground_track_field/ground_track_field_159.tif	NWPU45_20/train/ground_track_field/ground_track_field_159.tif
train	ground_track_field	16	ground_track_field_173.tif	ground_track_field/ground_track_field_173.tif	NWPU45_20/train/ground_track_field/ground_track_field_173.tif
train	ground_track_field	16	ground_track_field_175.tif	ground_track_field/ground_track_field_175.tif	NWPU45_20/train/ground_track_field/ground_track_field_175.tif
train	ground_track_field	16	ground_track_field_177.tif	ground_track_field/ground_track_field_177.tif	NWPU45_20/train/ground_track_field/ground_track_field_177.tif
train	ground_track_field	16	ground_track_field_178.tif	ground_track_field/ground_track_field_178.tif	NWPU45_20/train/ground_track_field/ground_track_field_178.tif
train	ground_track_field	16	ground_track_field_181.tif	ground_track_field/ground_track_field_181.tif	NWPU45_20/train/ground_track_field/ground_track_field_181.tif
train	ground_track_field	16	ground_track_field_186.tif	ground_track_field/ground_track_field_186.tif	NWPU45_20/train/ground_track_field/ground_track_field_186.tif
train	ground_track_field	16	ground_track_field_191.tif	ground_track_field/ground_track_field_191.tif	NWPU45_20/train/ground_track_field/ground_track_field_191.tif
train	ground_track_field	16	ground_track_field_193.tif	ground_track_field/ground_track_field_193.tif	NWPU45_20/train/ground_track_field/ground_track_field_193.tif
train	ground_track_field	16	ground_track_field_194.tif	ground_track_field/ground_track_field_194.tif	NWPU45_20/train/ground_track_field/ground_track_field_194.tif
train	ground_track_field	16	ground_track_field_199.tif	ground_track_field/ground_track_field_199.tif	NWPU45_20/train/ground_track_field/ground_track_field_199.tif
train	ground_track_field	16	ground_track_field_201.tif	ground_track_field/ground_track_field_201.tif	NWPU45_20/train/ground_track_field/ground_track_field_201.tif
train	ground_track_field	16	ground_track_field_205.tif	ground_track_field/ground_track_field_205.tif	NWPU45_20/train/ground_track_field/ground_track_field_205.tif
train	ground_track_field	16	ground_track_field_208.tif	ground_track_field/ground_track_field_208.tif	NWPU45_20/train/ground_track_field/ground_track_field_208.tif
train	ground_track_field	16	ground_track_field_210.tif	ground_track_field/ground_track_field_210.tif	NWPU45_20/train/ground_track_field/ground_track_field_210.tif
train	ground_track_field	16	ground_track_field_213.tif	ground_track_field/ground_track_field_213.tif	NWPU45_20/train/ground_track_field/ground_track_field_213.tif
train	ground_track_field	16	ground_track_field_228.tif	ground_track_field/ground_track_field_228.tif	NWPU45_20/train/ground_track_field/ground_track_field_228.tif
train	ground_track_field	16	ground_track_field_242.tif	ground_track_field/ground_track_field_242.tif	NWPU45_20/train/ground_track_field/ground_track_field_242.tif
train	ground_track_field	16	ground_track_field_244.tif	ground_track_field/ground_track_field_244.tif	NWPU45_20/train/ground_track_field/ground_track_field_244.tif
train	ground_track_field	16	ground_track_field_256.tif	ground_track_field/ground_track_field_256.tif	NWPU45_20/train/ground_track_field/ground_track_field_256.tif
train	ground_track_field	16	ground_track_field_257.tif	ground_track_field/ground_track_field_257.tif	NWPU45_20/train/ground_track_field/ground_track_field_257.tif
train	ground_track_field	16	ground_track_field_266.tif	ground_track_field/ground_track_field_266.tif	NWPU45_20/train/ground_track_field/ground_track_field_266.tif
train	ground_track_field	16	ground_track_field_267.tif	ground_track_field/ground_track_field_267.tif	NWPU45_20/train/ground_track_field/ground_track_field_267.tif
train	ground_track_field	16	ground_track_field_269.tif	ground_track_field/ground_track_field_269.tif	NWPU45_20/train/ground_track_field/ground_track_field_269.tif
train	ground_track_field	16	ground_track_field_273.tif	ground_track_field/ground_track_field_273.tif	NWPU45_20/train/ground_track_field/ground_track_field_273.tif
train	ground_track_field	16	ground_track_field_281.tif	ground_track_field/ground_track_field_281.tif	NWPU45_20/train/ground_track_field/ground_track_field_281.tif
train	ground_track_field	16	ground_track_field_294.tif	ground_track_field/ground_track_field_294.tif	NWPU45_20/train/ground_track_field/ground_track_field_294.tif
train	ground_track_field	16	ground_track_field_308.tif	ground_track_field/ground_track_field_308.tif	NWPU45_20/train/ground_track_field/ground_track_field_308.tif
train	ground_track_field	16	ground_track_field_309.tif	ground_track_field/ground_track_field_309.tif	NWPU45_20/train/ground_track_field/ground_track_field_309.tif
train	ground_track_field	16	ground_track_field_311.tif	ground_track_field/ground_track_field_311.tif	NWPU45_20/train/ground_track_field/ground_track_field_311.tif
train	ground_track_field	16	ground_track_field_312.tif	ground_track_field/ground_track_field_312.tif	NWPU45_20/train/ground_track_field/ground_track_field_312.tif
train	ground_track_field	16	ground_track_field_313.tif	ground_track_field/ground_track_field_313.tif	NWPU45_20/train/ground_track_field/ground_track_field_313.tif
train	ground_track_field	16	ground_track_field_316.tif	ground_track_field/ground_track_field_316.tif	NWPU45_20/train/ground_track_field/ground_track_field_316.tif
train	ground_track_field	16	ground_track_field_317.tif	ground_track_field/ground_track_field_317.tif	NWPU45_20/train/ground_track_field/ground_track_field_317.tif
train	ground_track_field	16	ground_track_field_322.tif	ground_track_field/ground_track_field_322.tif	NWPU45_20/train/ground_track_field/ground_track_field_322.tif
train	ground_track_field	16	ground_track_field_325.tif	ground_track_field/ground_track_field_325.tif	NWPU45_20/train/ground_track_field/ground_track_field_325.tif
train	ground_track_field	16	ground_track_field_327.tif	ground_track_field/ground_track_field_327.tif	NWPU45_20/train/ground_track_field/ground_track_field_327.tif
train	ground_track_field	16	ground_track_field_329.tif	ground_track_field/ground_track_field_329.tif	NWPU45_20/train/ground_track_field/ground_track_field_329.tif
train	ground_track_field	16	ground_track_field_336.tif	ground_track_field/ground_track_field_336.tif	NWPU45_20/train/ground_track_field/ground_track_field_336.tif
train	ground_track_field	16	ground_track_field_342.tif	ground_track_field/ground_track_field_342.tif	NWPU45_20/train/ground_track_field/ground_track_field_342.tif
train	ground_track_field	16	ground_track_field_348.tif	ground_track_field/ground_track_field_348.tif	NWPU45_20/train/ground_track_field/ground_track_field_348.tif
train	ground_track_field	16	ground_track_field_351.tif	ground_track_field/ground_track_field_351.tif	NWPU45_20/train/ground_track_field/ground_track_field_351.tif
train	ground_track_field	16	ground_track_field_354.tif	ground_track_field/ground_track_field_354.tif	NWPU45_20/train/ground_track_field/ground_track_field_354.tif
train	ground_track_field	16	ground_track_field_360.tif	ground_track_field/ground_track_field_360.tif	NWPU45_20/train/ground_track_field/ground_track_field_360.tif
train	ground_track_field	16	ground_track_field_365.tif	ground_track_field/ground_track_field_365.tif	NWPU45_20/train/ground_track_field/ground_track_field_365.tif
train	ground_track_field	16	ground_track_field_366.tif	ground_track_field/ground_track_field_366.tif	NWPU45_20/train/ground_track_field/ground_track_field_366.tif
train	ground_track_field	16	ground_track_field_367.tif	ground_track_field/ground_track_field_367.tif	NWPU45_20/train/ground_track_field/ground_track_field_367.tif
train	ground_track_field	16	ground_track_field_376.tif	ground_track_field/ground_track_field_376.tif	NWPU45_20/train/ground_track_field/ground_track_field_376.tif
train	ground_track_field	16	ground_track_field_379.tif	ground_track_field/ground_track_field_379.tif	NWPU45_20/train/ground_track_field/ground_track_field_379.tif
train	ground_track_field	16	ground_track_field_381.tif	ground_track_field/ground_track_field_381.tif	NWPU45_20/train/ground_track_field/ground_track_field_381.tif
train	ground_track_field	16	ground_track_field_385.tif	ground_track_field/ground_track_field_385.tif	NWPU45_20/train/ground_track_field/ground_track_field_385.tif
train	ground_track_field	16	ground_track_field_387.tif	ground_track_field/ground_track_field_387.tif	NWPU45_20/train/ground_track_field/ground_track_field_387.tif
train	ground_track_field	16	ground_track_field_396.tif	ground_track_field/ground_track_field_396.tif	NWPU45_20/train/ground_track_field/ground_track_field_396.tif
train	ground_track_field	16	ground_track_field_397.tif	ground_track_field/ground_track_field_397.tif	NWPU45_20/train/ground_track_field/ground_track_field_397.tif
train	ground_track_field	16	ground_track_field_399.tif	ground_track_field/ground_track_field_399.tif	NWPU45_20/train/ground_track_field/ground_track_field_399.tif
train	ground_track_field	16	ground_track_field_415.tif	ground_track_field/ground_track_field_415.tif	NWPU45_20/train/ground_track_field/ground_track_field_415.tif
train	ground_track_field	16	ground_track_field_416.tif	ground_track_field/ground_track_field_416.tif	NWPU45_20/train/ground_track_field/ground_track_field_416.tif
train	ground_track_field	16	ground_track_field_417.tif	ground_track_field/ground_track_field_417.tif	NWPU45_20/train/ground_track_field/ground_track_field_417.tif
train	ground_track_field	16	ground_track_field_418.tif	ground_track_field/ground_track_field_418.tif	NWPU45_20/train/ground_track_field/ground_track_field_418.tif
train	ground_track_field	16	ground_track_field_420.tif	ground_track_field/ground_track_field_420.tif	NWPU45_20/train/ground_track_field/ground_track_field_420.tif
train	ground_track_field	16	ground_track_field_421.tif	ground_track_field/ground_track_field_421.tif	NWPU45_20/train/ground_track_field/ground_track_field_421.tif
train	ground_track_field	16	ground_track_field_427.tif	ground_track_field/ground_track_field_427.tif	NWPU45_20/train/ground_track_field/ground_track_field_427.tif
train	ground_track_field	16	ground_track_field_454.tif	ground_track_field/ground_track_field_454.tif	NWPU45_20/train/ground_track_field/ground_track_field_454.tif
train	ground_track_field	16	ground_track_field_455.tif	ground_track_field/ground_track_field_455.tif	NWPU45_20/train/ground_track_field/ground_track_field_455.tif
train	ground_track_field	16	ground_track_field_459.tif	ground_track_field/ground_track_field_459.tif	NWPU45_20/train/ground_track_field/ground_track_field_459.tif
train	ground_track_field	16	ground_track_field_468.tif	ground_track_field/ground_track_field_468.tif	NWPU45_20/train/ground_track_field/ground_track_field_468.tif
train	ground_track_field	16	ground_track_field_473.tif	ground_track_field/ground_track_field_473.tif	NWPU45_20/train/ground_track_field/ground_track_field_473.tif
train	ground_track_field	16	ground_track_field_476.tif	ground_track_field/ground_track_field_476.tif	NWPU45_20/train/ground_track_field/ground_track_field_476.tif
train	ground_track_field	16	ground_track_field_478.tif	ground_track_field/ground_track_field_478.tif	NWPU45_20/train/ground_track_field/ground_track_field_478.tif
train	ground_track_field	16	ground_track_field_491.tif	ground_track_field/ground_track_field_491.tif	NWPU45_20/train/ground_track_field/ground_track_field_491.tif
train	ground_track_field	16	ground_track_field_497.tif	ground_track_field/ground_track_field_497.tif	NWPU45_20/train/ground_track_field/ground_track_field_497.tif
train	ground_track_field	16	ground_track_field_505.tif	ground_track_field/ground_track_field_505.tif	NWPU45_20/train/ground_track_field/ground_track_field_505.tif
train	ground_track_field	16	ground_track_field_508.tif	ground_track_field/ground_track_field_508.tif	NWPU45_20/train/ground_track_field/ground_track_field_508.tif
train	ground_track_field	16	ground_track_field_509.tif	ground_track_field/ground_track_field_509.tif	NWPU45_20/train/ground_track_field/ground_track_field_509.tif
train	ground_track_field	16	ground_track_field_516.tif	ground_track_field/ground_track_field_516.tif	NWPU45_20/train/ground_track_field/ground_track_field_516.tif
train	ground_track_field	16	ground_track_field_521.tif	ground_track_field/ground_track_field_521.tif	NWPU45_20/train/ground_track_field/ground_track_field_521.tif
train	ground_track_field	16	ground_track_field_523.tif	ground_track_field/ground_track_field_523.tif	NWPU45_20/train/ground_track_field/ground_track_field_523.tif
train	ground_track_field	16	ground_track_field_527.tif	ground_track_field/ground_track_field_527.tif	NWPU45_20/train/ground_track_field/ground_track_field_527.tif
train	ground_track_field	16	ground_track_field_537.tif	ground_track_field/ground_track_field_537.tif	NWPU45_20/train/ground_track_field/ground_track_field_537.tif
train	ground_track_field	16	ground_track_field_539.tif	ground_track_field/ground_track_field_539.tif	NWPU45_20/train/ground_track_field/ground_track_field_539.tif
train	ground_track_field	16	ground_track_field_543.tif	ground_track_field/ground_track_field_543.tif	NWPU45_20/train/ground_track_field/ground_track_field_543.tif
train	ground_track_field	16	ground_track_field_558.tif	ground_track_field/ground_track_field_558.tif	NWPU45_20/train/ground_track_field/ground_track_field_558.tif
train	ground_track_field	16	ground_track_field_560.tif	ground_track_field/ground_track_field_560.tif	NWPU45_20/train/ground_track_field/ground_track_field_560.tif
train	ground_track_field	16	ground_track_field_563.tif	ground_track_field/ground_track_field_563.tif	NWPU45_20/train/ground_track_field/ground_track_field_563.tif
train	ground_track_field	16	ground_track_field_570.tif	ground_track_field/ground_track_field_570.tif	NWPU45_20/train/ground_track_field/ground_track_field_570.tif
train	ground_track_field	16	ground_track_field_572.tif	ground_track_field/ground_track_field_572.tif	NWPU45_20/train/ground_track_field/ground_track_field_572.tif
train	ground_track_field	16	ground_track_field_574.tif	ground_track_field/ground_track_field_574.tif	NWPU45_20/train/ground_track_field/ground_track_field_574.tif
train	ground_track_field	16	ground_track_field_579.tif	ground_track_field/ground_track_field_579.tif	NWPU45_20/train/ground_track_field/ground_track_field_579.tif
train	ground_track_field	16	ground_track_field_582.tif	ground_track_field/ground_track_field_582.tif	NWPU45_20/train/ground_track_field/ground_track_field_582.tif
train	ground_track_field	16	ground_track_field_584.tif	ground_track_field/ground_track_field_584.tif	NWPU45_20/train/ground_track_field/ground_track_field_584.tif
train	ground_track_field	16	ground_track_field_587.tif	ground_track_field/ground_track_field_587.tif	NWPU45_20/train/ground_track_field/ground_track_field_587.tif
train	ground_track_field	16	ground_track_field_588.tif	ground_track_field/ground_track_field_588.tif	NWPU45_20/train/ground_track_field/ground_track_field_588.tif
train	ground_track_field	16	ground_track_field_595.tif	ground_track_field/ground_track_field_595.tif	NWPU45_20/train/ground_track_field/ground_track_field_595.tif
train	ground_track_field	16	ground_track_field_621.tif	ground_track_field/ground_track_field_621.tif	NWPU45_20/train/ground_track_field/ground_track_field_621.tif
train	ground_track_field	16	ground_track_field_630.tif	ground_track_field/ground_track_field_630.tif	NWPU45_20/train/ground_track_field/ground_track_field_630.tif
train	ground_track_field	16	ground_track_field_631.tif	ground_track_field/ground_track_field_631.tif	NWPU45_20/train/ground_track_field/ground_track_field_631.tif
train	ground_track_field	16	ground_track_field_635.tif	ground_track_field/ground_track_field_635.tif	NWPU45_20/train/ground_track_field/ground_track_field_635.tif
train	ground_track_field	16	ground_track_field_640.tif	ground_track_field/ground_track_field_640.tif	NWPU45_20/train/ground_track_field/ground_track_field_640.tif
train	ground_track_field	16	ground_track_field_641.tif	ground_track_field/ground_track_field_641.tif	NWPU45_20/train/ground_track_field/ground_track_field_641.tif
train	ground_track_field	16	ground_track_field_643.tif	ground_track_field/ground_track_field_643.tif	NWPU45_20/train/ground_track_field/ground_track_field_643.tif
train	ground_track_field	16	ground_track_field_660.tif	ground_track_field/ground_track_field_660.tif	NWPU45_20/train/ground_track_field/ground_track_field_660.tif
train	ground_track_field	16	ground_track_field_662.tif	ground_track_field/ground_track_field_662.tif	NWPU45_20/train/ground_track_field/ground_track_field_662.tif
train	ground_track_field	16	ground_track_field_673.tif	ground_track_field/ground_track_field_673.tif	NWPU45_20/train/ground_track_field/ground_track_field_673.tif
train	ground_track_field	16	ground_track_field_674.tif	ground_track_field/ground_track_field_674.tif	NWPU45_20/train/ground_track_field/ground_track_field_674.tif
train	ground_track_field	16	ground_track_field_690.tif	ground_track_field/ground_track_field_690.tif	NWPU45_20/train/ground_track_field/ground_track_field_690.tif
train	ground_track_field	16	ground_track_field_695.tif	ground_track_field/ground_track_field_695.tif	NWPU45_20/train/ground_track_field/ground_track_field_695.tif
train	harbor	17	harbor_003.tif	harbor/harbor_003.tif	NWPU45_20/train/harbor/harbor_003.tif
train	harbor	17	harbor_006.tif	harbor/harbor_006.tif	NWPU45_20/train/harbor/harbor_006.tif
train	harbor	17	harbor_009.tif	harbor/harbor_009.tif	NWPU45_20/train/harbor/harbor_009.tif
train	harbor	17	harbor_011.tif	harbor/harbor_011.tif	NWPU45_20/train/harbor/harbor_011.tif
train	harbor	17	harbor_014.tif	harbor/harbor_014.tif	NWPU45_20/train/harbor/harbor_014.tif
train	harbor	17	harbor_015.tif	harbor/harbor_015.tif	NWPU45_20/train/harbor/harbor_015.tif
train	harbor	17	harbor_016.tif	harbor/harbor_016.tif	NWPU45_20/train/harbor/harbor_016.tif
train	harbor	17	harbor_025.tif	harbor/harbor_025.tif	NWPU45_20/train/harbor/harbor_025.tif
train	harbor	17	harbor_029.tif	harbor/harbor_029.tif	NWPU45_20/train/harbor/harbor_029.tif
train	harbor	17	harbor_034.tif	harbor/harbor_034.tif	NWPU45_20/train/harbor/harbor_034.tif
train	harbor	17	harbor_040.tif	harbor/harbor_040.tif	NWPU45_20/train/harbor/harbor_040.tif
train	harbor	17	harbor_041.tif	harbor/harbor_041.tif	NWPU45_20/train/harbor/harbor_041.tif
train	harbor	17	harbor_043.tif	harbor/harbor_043.tif	NWPU45_20/train/harbor/harbor_043.tif
train	harbor	17	harbor_057.tif	harbor/harbor_057.tif	NWPU45_20/train/harbor/harbor_057.tif
train	harbor	17	harbor_059.tif	harbor/harbor_059.tif	NWPU45_20/train/harbor/harbor_059.tif
train	harbor	17	harbor_064.tif	harbor/harbor_064.tif	NWPU45_20/train/harbor/harbor_064.tif
train	harbor	17	harbor_065.tif	harbor/harbor_065.tif	NWPU45_20/train/harbor/harbor_065.tif
train	harbor	17	harbor_070.tif	harbor/harbor_070.tif	NWPU45_20/train/harbor/harbor_070.tif
train	harbor	17	harbor_075.tif	harbor/harbor_075.tif	NWPU45_20/train/harbor/harbor_075.tif
train	harbor	17	harbor_079.tif	harbor/harbor_079.tif	NWPU45_20/train/harbor/harbor_079.tif
train	harbor	17	harbor_087.tif	harbor/harbor_087.tif	NWPU45_20/train/harbor/harbor_087.tif
train	harbor	17	harbor_093.tif	harbor/harbor_093.tif	NWPU45_20/train/harbor/harbor_093.tif
train	harbor	17	harbor_097.tif	harbor/harbor_097.tif	NWPU45_20/train/harbor/harbor_097.tif
train	harbor	17	harbor_101.tif	harbor/harbor_101.tif	NWPU45_20/train/harbor/harbor_101.tif
train	harbor	17	harbor_102.tif	harbor/harbor_102.tif	NWPU45_20/train/harbor/harbor_102.tif
train	harbor	17	harbor_106.tif	harbor/harbor_106.tif	NWPU45_20/train/harbor/harbor_106.tif
train	harbor	17	harbor_107.tif	harbor/harbor_107.tif	NWPU45_20/train/harbor/harbor_107.tif
train	harbor	17	harbor_116.tif	harbor/harbor_116.tif	NWPU45_20/train/harbor/harbor_116.tif
train	harbor	17	harbor_119.tif	harbor/harbor_119.tif	NWPU45_20/train/harbor/harbor_119.tif
train	harbor	17	harbor_133.tif	harbor/harbor_133.tif	NWPU45_20/train/harbor/harbor_133.tif
train	harbor	17	harbor_139.tif	harbor/harbor_139.tif	NWPU45_20/train/harbor/harbor_139.tif
train	harbor	17	harbor_144.tif	harbor/harbor_144.tif	NWPU45_20/train/harbor/harbor_144.tif
train	harbor	17	harbor_150.tif	harbor/harbor_150.tif	NWPU45_20/train/harbor/harbor_150.tif
train	harbor	17	harbor_151.tif	harbor/harbor_151.tif	NWPU45_20/train/harbor/harbor_151.tif
train	harbor	17	harbor_159.tif	harbor/harbor_159.tif	NWPU45_20/train/harbor/harbor_159.tif
train	harbor	17	harbor_173.tif	harbor/harbor_173.tif	NWPU45_20/train/harbor/harbor_173.tif
train	harbor	17	harbor_175.tif	harbor/harbor_175.tif	NWPU45_20/train/harbor/harbor_175.tif
train	harbor	17	harbor_177.tif	harbor/harbor_177.tif	NWPU45_20/train/harbor/harbor_177.tif
train	harbor	17	harbor_178.tif	harbor/harbor_178.tif	NWPU45_20/train/harbor/harbor_178.tif
train	harbor	17	harbor_181.tif	harbor/harbor_181.tif	NWPU45_20/train/harbor/harbor_181.tif
train	harbor	17	harbor_186.tif	harbor/harbor_186.tif	NWPU45_20/train/harbor/harbor_186.tif
train	harbor	17	harbor_191.tif	harbor/harbor_191.tif	NWPU45_20/train/harbor/harbor_191.tif
train	harbor	17	harbor_193.tif	harbor/harbor_193.tif	NWPU45_20/train/harbor/harbor_193.tif
train	harbor	17	harbor_194.tif	harbor/harbor_194.tif	NWPU45_20/train/harbor/harbor_194.tif
train	harbor	17	harbor_199.tif	harbor/harbor_199.tif	NWPU45_20/train/harbor/harbor_199.tif
train	harbor	17	harbor_201.tif	harbor/harbor_201.tif	NWPU45_20/train/harbor/harbor_201.tif
train	harbor	17	harbor_205.tif	harbor/harbor_205.tif	NWPU45_20/train/harbor/harbor_205.tif
train	harbor	17	harbor_208.tif	harbor/harbor_208.tif	NWPU45_20/train/harbor/harbor_208.tif
train	harbor	17	harbor_210.tif	harbor/harbor_210.tif	NWPU45_20/train/harbor/harbor_210.tif
train	harbor	17	harbor_213.tif	harbor/harbor_213.tif	NWPU45_20/train/harbor/harbor_213.tif
train	harbor	17	harbor_228.tif	harbor/harbor_228.tif	NWPU45_20/train/harbor/harbor_228.tif
train	harbor	17	harbor_242.tif	harbor/harbor_242.tif	NWPU45_20/train/harbor/harbor_242.tif
train	harbor	17	harbor_244.tif	harbor/harbor_244.tif	NWPU45_20/train/harbor/harbor_244.tif
train	harbor	17	harbor_256.tif	harbor/harbor_256.tif	NWPU45_20/train/harbor/harbor_256.tif
train	harbor	17	harbor_257.tif	harbor/harbor_257.tif	NWPU45_20/train/harbor/harbor_257.tif
train	harbor	17	harbor_266.tif	harbor/harbor_266.tif	NWPU45_20/train/harbor/harbor_266.tif
train	harbor	17	harbor_267.tif	harbor/harbor_267.tif	NWPU45_20/train/harbor/harbor_267.tif
train	harbor	17	harbor_269.tif	harbor/harbor_269.tif	NWPU45_20/train/harbor/harbor_269.tif
train	harbor	17	harbor_273.tif	harbor/harbor_273.tif	NWPU45_20/train/harbor/harbor_273.tif
train	harbor	17	harbor_281.tif	harbor/harbor_281.tif	NWPU45_20/train/harbor/harbor_281.tif
train	harbor	17	harbor_294.tif	harbor/harbor_294.tif	NWPU45_20/train/harbor/harbor_294.tif
train	harbor	17	harbor_308.tif	harbor/harbor_308.tif	NWPU45_20/train/harbor/harbor_308.tif
train	harbor	17	harbor_309.tif	harbor/harbor_309.tif	NWPU45_20/train/harbor/harbor_309.tif
train	harbor	17	harbor_311.tif	harbor/harbor_311.tif	NWPU45_20/train/harbor/harbor_311.tif
train	harbor	17	harbor_312.tif	harbor/harbor_312.tif	NWPU45_20/train/harbor/harbor_312.tif
train	harbor	17	harbor_313.tif	harbor/harbor_313.tif	NWPU45_20/train/harbor/harbor_313.tif
train	harbor	17	harbor_316.tif	harbor/harbor_316.tif	NWPU45_20/train/harbor/harbor_316.tif
train	harbor	17	harbor_317.tif	harbor/harbor_317.tif	NWPU45_20/train/harbor/harbor_317.tif
train	harbor	17	harbor_322.tif	harbor/harbor_322.tif	NWPU45_20/train/harbor/harbor_322.tif
train	harbor	17	harbor_325.tif	harbor/harbor_325.tif	NWPU45_20/train/harbor/harbor_325.tif
train	harbor	17	harbor_327.tif	harbor/harbor_327.tif	NWPU45_20/train/harbor/harbor_327.tif
train	harbor	17	harbor_329.tif	harbor/harbor_329.tif	NWPU45_20/train/harbor/harbor_329.tif
train	harbor	17	harbor_336.tif	harbor/harbor_336.tif	NWPU45_20/train/harbor/harbor_336.tif
train	harbor	17	harbor_342.tif	harbor/harbor_342.tif	NWPU45_20/train/harbor/harbor_342.tif
train	harbor	17	harbor_348.tif	harbor/harbor_348.tif	NWPU45_20/train/harbor/harbor_348.tif
train	harbor	17	harbor_351.tif	harbor/harbor_351.tif	NWPU45_20/train/harbor/harbor_351.tif
train	harbor	17	harbor_354.tif	harbor/harbor_354.tif	NWPU45_20/train/harbor/harbor_354.tif
train	harbor	17	harbor_360.tif	harbor/harbor_360.tif	NWPU45_20/train/harbor/harbor_360.tif
train	harbor	17	harbor_365.tif	harbor/harbor_365.tif	NWPU45_20/train/harbor/harbor_365.tif
train	harbor	17	harbor_366.tif	harbor/harbor_366.tif	NWPU45_20/train/harbor/harbor_366.tif
train	harbor	17	harbor_367.tif	harbor/harbor_367.tif	NWPU45_20/train/harbor/harbor_367.tif
train	harbor	17	harbor_376.tif	harbor/harbor_376.tif	NWPU45_20/train/harbor/harbor_376.tif
train	harbor	17	harbor_379.tif	harbor/harbor_379.tif	NWPU45_20/train/harbor/harbor_379.tif
train	harbor	17	harbor_381.tif	harbor/harbor_381.tif	NWPU45_20/train/harbor/harbor_381.tif
train	harbor	17	harbor_385.tif	harbor/harbor_385.tif	NWPU45_20/train/harbor/harbor_385.tif
train	harbor	17	harbor_387.tif	harbor/harbor_387.tif	NWPU45_20/train/harbor/harbor_387.tif
train	harbor	17	harbor_396.tif	harbor/harbor_396.tif	NWPU45_20/train/harbor/harbor_396.tif
train	harbor	17	harbor_397.tif	harbor/harbor_397.tif	NWPU45_20/train/harbor/harbor_397.tif
train	harbor	17	harbor_399.tif	harbor/harbor_399.tif	NWPU45_20/train/harbor/harbor_399.tif
train	harbor	17	harbor_415.tif	harbor/harbor_415.tif	NWPU45_20/train/harbor/harbor_415.tif
train	harbor	17	harbor_416.tif	harbor/harbor_416.tif	NWPU45_20/train/harbor/harbor_416.tif
train	harbor	17	harbor_417.tif	harbor/harbor_417.tif	NWPU45_20/train/harbor/harbor_417.tif
train	harbor	17	harbor_418.tif	harbor/harbor_418.tif	NWPU45_20/train/harbor/harbor_418.tif
train	harbor	17	harbor_420.tif	harbor/harbor_420.tif	NWPU45_20/train/harbor/harbor_420.tif
train	harbor	17	harbor_421.tif	harbor/harbor_421.tif	NWPU45_20/train/harbor/harbor_421.tif
train	harbor	17	harbor_427.tif	harbor/harbor_427.tif	NWPU45_20/train/harbor/harbor_427.tif
train	harbor	17	harbor_454.tif	harbor/harbor_454.tif	NWPU45_20/train/harbor/harbor_454.tif
train	harbor	17	harbor_455.tif	harbor/harbor_455.tif	NWPU45_20/train/harbor/harbor_455.tif
train	harbor	17	harbor_459.tif	harbor/harbor_459.tif	NWPU45_20/train/harbor/harbor_459.tif
train	harbor	17	harbor_468.tif	harbor/harbor_468.tif	NWPU45_20/train/harbor/harbor_468.tif
train	harbor	17	harbor_473.tif	harbor/harbor_473.tif	NWPU45_20/train/harbor/harbor_473.tif
train	harbor	17	harbor_476.tif	harbor/harbor_476.tif	NWPU45_20/train/harbor/harbor_476.tif
train	harbor	17	harbor_478.tif	harbor/harbor_478.tif	NWPU45_20/train/harbor/harbor_478.tif
train	harbor	17	harbor_491.tif	harbor/harbor_491.tif	NWPU45_20/train/harbor/harbor_491.tif
train	harbor	17	harbor_497.tif	harbor/harbor_497.tif	NWPU45_20/train/harbor/harbor_497.tif
train	harbor	17	harbor_505.tif	harbor/harbor_505.tif	NWPU45_20/train/harbor/harbor_505.tif
train	harbor	17	harbor_508.tif	harbor/harbor_508.tif	NWPU45_20/train/harbor/harbor_508.tif
train	harbor	17	harbor_509.tif	harbor/harbor_509.tif	NWPU45_20/train/harbor/harbor_509.tif
train	harbor	17	harbor_516.tif	harbor/harbor_516.tif	NWPU45_20/train/harbor/harbor_516.tif
train	harbor	17	harbor_521.tif	harbor/harbor_521.tif	NWPU45_20/train/harbor/harbor_521.tif
train	harbor	17	harbor_523.tif	harbor/harbor_523.tif	NWPU45_20/train/harbor/harbor_523.tif
train	harbor	17	harbor_527.tif	harbor/harbor_527.tif	NWPU45_20/train/harbor/harbor_527.tif
train	harbor	17	harbor_537.tif	harbor/harbor_537.tif	NWPU45_20/train/harbor/harbor_537.tif
train	harbor	17	harbor_539.tif	harbor/harbor_539.tif	NWPU45_20/train/harbor/harbor_539.tif
train	harbor	17	harbor_543.tif	harbor/harbor_543.tif	NWPU45_20/train/harbor/harbor_543.tif
train	harbor	17	harbor_558.tif	harbor/harbor_558.tif	NWPU45_20/train/harbor/harbor_558.tif
train	harbor	17	harbor_560.tif	harbor/harbor_560.tif	NWPU45_20/train/harbor/harbor_560.tif
train	harbor	17	harbor_563.tif	harbor/harbor_563.tif	NWPU45_20/train/harbor/harbor_563.tif
train	harbor	17	harbor_570.tif	harbor/harbor_570.tif	NWPU45_20/train/harbor/harbor_570.tif
train	harbor	17	harbor_572.tif	harbor/harbor_572.tif	NWPU45_20/train/harbor/harbor_572.tif
train	harbor	17	harbor_574.tif	harbor/harbor_574.tif	NWPU45_20/train/harbor/harbor_574.tif
train	harbor	17	harbor_579.tif	harbor/harbor_579.tif	NWPU45_20/train/harbor/harbor_579.tif
train	harbor	17	harbor_582.tif	harbor/harbor_582.tif	NWPU45_20/train/harbor/harbor_582.tif
train	harbor	17	harbor_584.tif	harbor/harbor_584.tif	NWPU45_20/train/harbor/harbor_584.tif
train	harbor	17	harbor_587.tif	harbor/harbor_587.tif	NWPU45_20/train/harbor/harbor_587.tif
train	harbor	17	harbor_588.tif	harbor/harbor_588.tif	NWPU45_20/train/harbor/harbor_588.tif
train	harbor	17	harbor_595.tif	harbor/harbor_595.tif	NWPU45_20/train/harbor/harbor_595.tif
train	harbor	17	harbor_621.tif	harbor/harbor_621.tif	NWPU45_20/train/harbor/harbor_621.tif
train	harbor	17	harbor_630.tif	harbor/harbor_630.tif	NWPU45_20/train/harbor/harbor_630.tif
train	harbor	17	harbor_631.tif	harbor/harbor_631.tif	NWPU45_20/train/harbor/harbor_631.tif
train	harbor	17	harbor_635.tif	harbor/harbor_635.tif	NWPU45_20/train/harbor/harbor_635.tif
train	harbor	17	harbor_640.tif	harbor/harbor_640.tif	NWPU45_20/train/harbor/harbor_640.tif
train	harbor	17	harbor_641.tif	harbor/harbor_641.tif	NWPU45_20/train/harbor/harbor_641.tif
train	harbor	17	harbor_643.tif	harbor/harbor_643.tif	NWPU45_20/train/harbor/harbor_643.tif
train	harbor	17	harbor_660.tif	harbor/harbor_660.tif	NWPU45_20/train/harbor/harbor_660.tif
train	harbor	17	harbor_662.tif	harbor/harbor_662.tif	NWPU45_20/train/harbor/harbor_662.tif
train	harbor	17	harbor_673.tif	harbor/harbor_673.tif	NWPU45_20/train/harbor/harbor_673.tif
train	harbor	17	harbor_674.tif	harbor/harbor_674.tif	NWPU45_20/train/harbor/harbor_674.tif
train	harbor	17	harbor_690.tif	harbor/harbor_690.tif	NWPU45_20/train/harbor/harbor_690.tif
train	harbor	17	harbor_695.tif	harbor/harbor_695.tif	NWPU45_20/train/harbor/harbor_695.tif
train	industrial_area	18	industrial_area_003.tif	industrial_area/industrial_area_003.tif	NWPU45_20/train/industrial_area/industrial_area_003.tif
train	industrial_area	18	industrial_area_006.tif	industrial_area/industrial_area_006.tif	NWPU45_20/train/industrial_area/industrial_area_006.tif
train	industrial_area	18	industrial_area_009.tif	industrial_area/industrial_area_009.tif	NWPU45_20/train/industrial_area/industrial_area_009.tif
train	industrial_area	18	industrial_area_011.tif	industrial_area/industrial_area_011.tif	NWPU45_20/train/industrial_area/industrial_area_011.tif
train	industrial_area	18	industrial_area_014.tif	industrial_area/industrial_area_014.tif	NWPU45_20/train/industrial_area/industrial_area_014.tif
train	industrial_area	18	industrial_area_015.tif	industrial_area/industrial_area_015.tif	NWPU45_20/train/industrial_area/industrial_area_015.tif
train	industrial_area	18	industrial_area_016.tif	industrial_area/industrial_area_016.tif	NWPU45_20/train/industrial_area/industrial_area_016.tif
train	industrial_area	18	industrial_area_025.tif	industrial_area/industrial_area_025.tif	NWPU45_20/train/industrial_area/industrial_area_025.tif
train	industrial_area	18	industrial_area_029.tif	industrial_area/industrial_area_029.tif	NWPU45_20/train/industrial_area/industrial_area_029.tif
train	industrial_area	18	industrial_area_034.tif	industrial_area/industrial_area_034.tif	NWPU45_20/train/industrial_area/industrial_area_034.tif
train	industrial_area	18	industrial_area_040.tif	industrial_area/industrial_area_040.tif	NWPU45_20/train/industrial_area/industrial_area_040.tif
train	industrial_area	18	industrial_area_041.tif	industrial_area/industrial_area_041.tif	NWPU45_20/train/industrial_area/industrial_area_041.tif
train	industrial_area	18	industrial_area_043.tif	industrial_area/industrial_area_043.tif	NWPU45_20/train/industrial_area/industrial_area_043.tif
train	industrial_area	18	industrial_area_057.tif	industrial_area/industrial_area_057.tif	NWPU45_20/train/industrial_area/industrial_area_057.tif
train	industrial_area	18	industrial_area_059.tif	industrial_area/industrial_area_059.tif	NWPU45_20/train/industrial_area/industrial_area_059.tif
train	industrial_area	18	industrial_area_064.tif	industrial_area/industrial_area_064.tif	NWPU45_20/train/industrial_area/industrial_area_064.tif
train	industrial_area	18	industrial_area_065.tif	industrial_area/industrial_area_065.tif	NWPU45_20/train/industrial_area/industrial_area_065.tif
train	industrial_area	18	industrial_area_070.tif	industrial_area/industrial_area_070.tif	NWPU45_20/train/industrial_area/industrial_area_070.tif
train	industrial_area	18	industrial_area_075.tif	industrial_area/industrial_area_075.tif	NWPU45_20/train/industrial_area/industrial_area_075.tif
train	industrial_area	18	industrial_area_079.tif	industrial_area/industrial_area_079.tif	NWPU45_20/train/industrial_area/industrial_area_079.tif
train	industrial_area	18	industrial_area_087.tif	industrial_area/industrial_area_087.tif	NWPU45_20/train/industrial_area/industrial_area_087.tif
train	industrial_area	18	industrial_area_093.tif	industrial_area/industrial_area_093.tif	NWPU45_20/train/industrial_area/industrial_area_093.tif
train	industrial_area	18	industrial_area_097.tif	industrial_area/industrial_area_097.tif	NWPU45_20/train/industrial_area/industrial_area_097.tif
train	industrial_area	18	industrial_area_101.tif	industrial_area/industrial_area_101.tif	NWPU45_20/train/industrial_area/industrial_area_101.tif
train	industrial_area	18	industrial_area_102.tif	industrial_area/industrial_area_102.tif	NWPU45_20/train/industrial_area/industrial_area_102.tif
train	industrial_area	18	industrial_area_106.tif	industrial_area/industrial_area_106.tif	NWPU45_20/train/industrial_area/industrial_area_106.tif
train	industrial_area	18	industrial_area_107.tif	industrial_area/industrial_area_107.tif	NWPU45_20/train/industrial_area/industrial_area_107.tif
train	industrial_area	18	industrial_area_116.tif	industrial_area/industrial_area_116.tif	NWPU45_20/train/industrial_area/industrial_area_116.tif
train	industrial_area	18	industrial_area_119.tif	industrial_area/industrial_area_119.tif	NWPU45_20/train/industrial_area/industrial_area_119.tif
train	industrial_area	18	industrial_area_133.tif	industrial_area/industrial_area_133.tif	NWPU45_20/train/industrial_area/industrial_area_133.tif
train	industrial_area	18	industrial_area_139.tif	industrial_area/industrial_area_139.tif	NWPU45_20/train/industrial_area/industrial_area_139.tif
train	industrial_area	18	industrial_area_144.tif	industrial_area/industrial_area_144.tif	NWPU45_20/train/industrial_area/industrial_area_144.tif
train	industrial_area	18	industrial_area_150.tif	industrial_area/industrial_area_150.tif	NWPU45_20/train/industrial_area/industrial_area_150.tif
train	industrial_area	18	industrial_area_151.tif	industrial_area/industrial_area_151.tif	NWPU45_20/train/industrial_area/industrial_area_151.tif
train	industrial_area	18	industrial_area_159.tif	industrial_area/industrial_area_159.tif	NWPU45_20/train/industrial_area/industrial_area_159.tif
train	industrial_area	18	industrial_area_173.tif	industrial_area/industrial_area_173.tif	NWPU45_20/train/industrial_area/industrial_area_173.tif
train	industrial_area	18	industrial_area_175.tif	industrial_area/industrial_area_175.tif	NWPU45_20/train/industrial_area/industrial_area_175.tif
train	industrial_area	18	industrial_area_177.tif	industrial_area/industrial_area_177.tif	NWPU45_20/train/industrial_area/industrial_area_177.tif
train	industrial_area	18	industrial_area_178.tif	industrial_area/industrial_area_178.tif	NWPU45_20/train/industrial_area/industrial_area_178.tif
train	industrial_area	18	industrial_area_181.tif	industrial_area/industrial_area_181.tif	NWPU45_20/train/industrial_area/industrial_area_181.tif
train	industrial_area	18	industrial_area_186.tif	industrial_area/industrial_area_186.tif	NWPU45_20/train/industrial_area/industrial_area_186.tif
train	industrial_area	18	industrial_area_191.tif	industrial_area/industrial_area_191.tif	NWPU45_20/train/industrial_area/industrial_area_191.tif
train	industrial_area	18	industrial_area_193.tif	industrial_area/industrial_area_193.tif	NWPU45_20/train/industrial_area/industrial_area_193.tif
train	industrial_area	18	industrial_area_194.tif	industrial_area/industrial_area_194.tif	NWPU45_20/train/industrial_area/industrial_area_194.tif
train	industrial_area	18	industrial_area_199.tif	industrial_area/industrial_area_199.tif	NWPU45_20/train/industrial_area/industrial_area_199.tif
train	industrial_area	18	industrial_area_201.tif	industrial_area/industrial_area_201.tif	NWPU45_20/train/industrial_area/industrial_area_201.tif
train	industrial_area	18	industrial_area_205.tif	industrial_area/industrial_area_205.tif	NWPU45_20/train/industrial_area/industrial_area_205.tif
train	industrial_area	18	industrial_area_208.tif	industrial_area/industrial_area_208.tif	NWPU45_20/train/industrial_area/industrial_area_208.tif
train	industrial_area	18	industrial_area_210.tif	industrial_area/industrial_area_210.tif	NWPU45_20/train/industrial_area/industrial_area_210.tif
train	industrial_area	18	industrial_area_213.tif	industrial_area/industrial_area_213.tif	NWPU45_20/train/industrial_area/industrial_area_213.tif
train	industrial_area	18	industrial_area_228.tif	industrial_area/industrial_area_228.tif	NWPU45_20/train/industrial_area/industrial_area_228.tif
train	industrial_area	18	industrial_area_242.tif	industrial_area/industrial_area_242.tif	NWPU45_20/train/industrial_area/industrial_area_242.tif
train	industrial_area	18	industrial_area_244.tif	industrial_area/industrial_area_244.tif	NWPU45_20/train/industrial_area/industrial_area_244.tif
train	industrial_area	18	industrial_area_256.tif	industrial_area/industrial_area_256.tif	NWPU45_20/train/industrial_area/industrial_area_256.tif
train	industrial_area	18	industrial_area_257.tif	industrial_area/industrial_area_257.tif	NWPU45_20/train/industrial_area/industrial_area_257.tif
train	industrial_area	18	industrial_area_266.tif	industrial_area/industrial_area_266.tif	NWPU45_20/train/industrial_area/industrial_area_266.tif
train	industrial_area	18	industrial_area_267.tif	industrial_area/industrial_area_267.tif	NWPU45_20/train/industrial_area/industrial_area_267.tif
train	industrial_area	18	industrial_area_269.tif	industrial_area/industrial_area_269.tif	NWPU45_20/train/industrial_area/industrial_area_269.tif
train	industrial_area	18	industrial_area_273.tif	industrial_area/industrial_area_273.tif	NWPU45_20/train/industrial_area/industrial_area_273.tif
train	industrial_area	18	industrial_area_281.tif	industrial_area/industrial_area_281.tif	NWPU45_20/train/industrial_area/industrial_area_281.tif
train	industrial_area	18	industrial_area_294.tif	industrial_area/industrial_area_294.tif	NWPU45_20/train/industrial_area/industrial_area_294.tif
train	industrial_area	18	industrial_area_308.tif	industrial_area/industrial_area_308.tif	NWPU45_20/train/industrial_area/industrial_area_308.tif
train	industrial_area	18	industrial_area_309.tif	industrial_area/industrial_area_309.tif	NWPU45_20/train/industrial_area/industrial_area_309.tif
train	industrial_area	18	industrial_area_311.tif	industrial_area/industrial_area_311.tif	NWPU45_20/train/industrial_area/industrial_area_311.tif
train	industrial_area	18	industrial_area_312.tif	industrial_area/industrial_area_312.tif	NWPU45_20/train/industrial_area/industrial_area_312.tif
train	industrial_area	18	industrial_area_313.tif	industrial_area/industrial_area_313.tif	NWPU45_20/train/industrial_area/industrial_area_313.tif
train	industrial_area	18	industrial_area_316.tif	industrial_area/industrial_area_316.tif	NWPU45_20/train/industrial_area/industrial_area_316.tif
train	industrial_area	18	industrial_area_317.tif	industrial_area/industrial_area_317.tif	NWPU45_20/train/industrial_area/industrial_area_317.tif
train	industrial_area	18	industrial_area_322.tif	industrial_area/industrial_area_322.tif	NWPU45_20/train/industrial_area/industrial_area_322.tif
train	industrial_area	18	industrial_area_325.tif	industrial_area/industrial_area_325.tif	NWPU45_20/train/industrial_area/industrial_area_325.tif
train	industrial_area	18	industrial_area_327.tif	industrial_area/industrial_area_327.tif	NWPU45_20/train/industrial_area/industrial_area_327.tif
train	industrial_area	18	industrial_area_329.tif	industrial_area/industrial_area_329.tif	NWPU45_20/train/industrial_area/industrial_area_329.tif
train	industrial_area	18	industrial_area_336.tif	industrial_area/industrial_area_336.tif	NWPU45_20/train/industrial_area/industrial_area_336.tif
train	industrial_area	18	industrial_area_342.tif	industrial_area/industrial_area_342.tif	NWPU45_20/train/industrial_area/industrial_area_342.tif
train	industrial_area	18	industrial_area_348.tif	industrial_area/industrial_area_348.tif	NWPU45_20/train/industrial_area/industrial_area_348.tif
train	industrial_area	18	industrial_area_351.tif	industrial_area/industrial_area_351.tif	NWPU45_20/train/industrial_area/industrial_area_351.tif
train	industrial_area	18	industrial_area_354.tif	industrial_area/industrial_area_354.tif	NWPU45_20/train/industrial_area/industrial_area_354.tif
train	industrial_area	18	industrial_area_360.tif	industrial_area/industrial_area_360.tif	NWPU45_20/train/industrial_area/industrial_area_360.tif
train	industrial_area	18	industrial_area_365.tif	industrial_area/industrial_area_365.tif	NWPU45_20/train/industrial_area/industrial_area_365.tif
train	industrial_area	18	industrial_area_366.tif	industrial_area/industrial_area_366.tif	NWPU45_20/train/industrial_area/industrial_area_366.tif
train	industrial_area	18	industrial_area_367.tif	industrial_area/industrial_area_367.tif	NWPU45_20/train/industrial_area/industrial_area_367.tif
train	industrial_area	18	industrial_area_376.tif	industrial_area/industrial_area_376.tif	NWPU45_20/train/industrial_area/industrial_area_376.tif
train	industrial_area	18	industrial_area_379.tif	industrial_area/industrial_area_379.tif	NWPU45_20/train/industrial_area/industrial_area_379.tif
train	industrial_area	18	industrial_area_381.tif	industrial_area/industrial_area_381.tif	NWPU45_20/train/industrial_area/industrial_area_381.tif
train	industrial_area	18	industrial_area_385.tif	industrial_area/industrial_area_385.tif	NWPU45_20/train/industrial_area/industrial_area_385.tif
train	industrial_area	18	industrial_area_387.tif	industrial_area/industrial_area_387.tif	NWPU45_20/train/industrial_area/industrial_area_387.tif
train	industrial_area	18	industrial_area_396.tif	industrial_area/industrial_area_396.tif	NWPU45_20/train/industrial_area/industrial_area_396.tif
train	industrial_area	18	industrial_area_397.tif	industrial_area/industrial_area_397.tif	NWPU45_20/train/industrial_area/industrial_area_397.tif
train	industrial_area	18	industrial_area_399.tif	industrial_area/industrial_area_399.tif	NWPU45_20/train/industrial_area/industrial_area_399.tif
train	industrial_area	18	industrial_area_415.tif	industrial_area/industrial_area_415.tif	NWPU45_20/train/industrial_area/industrial_area_415.tif
train	industrial_area	18	industrial_area_416.tif	industrial_area/industrial_area_416.tif	NWPU45_20/train/industrial_area/industrial_area_416.tif
train	industrial_area	18	industrial_area_417.tif	industrial_area/industrial_area_417.tif	NWPU45_20/train/industrial_area/industrial_area_417.tif
train	industrial_area	18	industrial_area_418.tif	industrial_area/industrial_area_418.tif	NWPU45_20/train/industrial_area/industrial_area_418.tif
train	industrial_area	18	industrial_area_420.tif	industrial_area/industrial_area_420.tif	NWPU45_20/train/industrial_area/industrial_area_420.tif
train	industrial_area	18	industrial_area_421.tif	industrial_area/industrial_area_421.tif	NWPU45_20/train/industrial_area/industrial_area_421.tif
train	industrial_area	18	industrial_area_427.tif	industrial_area/industrial_area_427.tif	NWPU45_20/train/industrial_area/industrial_area_427.tif
train	industrial_area	18	industrial_area_454.tif	industrial_area/industrial_area_454.tif	NWPU45_20/train/industrial_area/industrial_area_454.tif
train	industrial_area	18	industrial_area_455.tif	industrial_area/industrial_area_455.tif	NWPU45_20/train/industrial_area/industrial_area_455.tif
train	industrial_area	18	industrial_area_459.tif	industrial_area/industrial_area_459.tif	NWPU45_20/train/industrial_area/industrial_area_459.tif
train	industrial_area	18	industrial_area_468.tif	industrial_area/industrial_area_468.tif	NWPU45_20/train/industrial_area/industrial_area_468.tif
train	industrial_area	18	industrial_area_473.tif	industrial_area/industrial_area_473.tif	NWPU45_20/train/industrial_area/industrial_area_473.tif
train	industrial_area	18	industrial_area_476.tif	industrial_area/industrial_area_476.tif	NWPU45_20/train/industrial_area/industrial_area_476.tif
train	industrial_area	18	industrial_area_478.tif	industrial_area/industrial_area_478.tif	NWPU45_20/train/industrial_area/industrial_area_478.tif
train	industrial_area	18	industrial_area_491.tif	industrial_area/industrial_area_491.tif	NWPU45_20/train/industrial_area/industrial_area_491.tif
train	industrial_area	18	industrial_area_497.tif	industrial_area/industrial_area_497.tif	NWPU45_20/train/industrial_area/industrial_area_497.tif
train	industrial_area	18	industrial_area_505.tif	industrial_area/industrial_area_505.tif	NWPU45_20/train/industrial_area/industrial_area_505.tif
train	industrial_area	18	industrial_area_508.tif	industrial_area/industrial_area_508.tif	NWPU45_20/train/industrial_area/industrial_area_508.tif
train	industrial_area	18	industrial_area_509.tif	industrial_area/industrial_area_509.tif	NWPU45_20/train/industrial_area/industrial_area_509.tif
train	industrial_area	18	industrial_area_516.tif	industrial_area/industrial_area_516.tif	NWPU45_20/train/industrial_area/industrial_area_516.tif
train	industrial_area	18	industrial_area_521.tif	industrial_area/industrial_area_521.tif	NWPU45_20/train/industrial_area/industrial_area_521.tif
train	industrial_area	18	industrial_area_523.tif	industrial_area/industrial_area_523.tif	NWPU45_20/train/industrial_area/industrial_area_523.tif
train	industrial_area	18	industrial_area_527.tif	industrial_area/industrial_area_527.tif	NWPU45_20/train/industrial_area/industrial_area_527.tif
train	industrial_area	18	industrial_area_537.tif	industrial_area/industrial_area_537.tif	NWPU45_20/train/industrial_area/industrial_area_537.tif
train	industrial_area	18	industrial_area_539.tif	industrial_area/industrial_area_539.tif	NWPU45_20/train/industrial_area/industrial_area_539.tif
train	industrial_area	18	industrial_area_543.tif	industrial_area/industrial_area_543.tif	NWPU45_20/train/industrial_area/industrial_area_543.tif
train	industrial_area	18	industrial_area_558.tif	industrial_area/industrial_area_558.tif	NWPU45_20/train/industrial_area/industrial_area_558.tif
train	industrial_area	18	industrial_area_560.tif	industrial_area/industrial_area_560.tif	NWPU45_20/train/industrial_area/industrial_area_560.tif
train	industrial_area	18	industrial_area_563.tif	industrial_area/industrial_area_563.tif	NWPU45_20/train/industrial_area/industrial_area_563.tif
train	industrial_area	18	industrial_area_570.tif	industrial_area/industrial_area_570.tif	NWPU45_20/train/industrial_area/industrial_area_570.tif
train	industrial_area	18	industrial_area_572.tif	industrial_area/industrial_area_572.tif	NWPU45_20/train/industrial_area/industrial_area_572.tif
train	industrial_area	18	industrial_area_574.tif	industrial_area/industrial_area_574.tif	NWPU45_20/train/industrial_area/industrial_area_574.tif
train	industrial_area	18	industrial_area_579.tif	industrial_area/industrial_area_579.tif	NWPU45_20/train/industrial_area/industrial_area_579.tif
train	industrial_area	18	industrial_area_582.tif	industrial_area/industrial_area_582.tif	NWPU45_20/train/industrial_area/industrial_area_582.tif
train	industrial_area	18	industrial_area_584.tif	industrial_area/industrial_area_584.tif	NWPU45_20/train/industrial_area/industrial_area_584.tif
train	industrial_area	18	industrial_area_587.tif	industrial_area/industrial_area_587.tif	NWPU45_20/train/industrial_area/industrial_area_587.tif
train	industrial_area	18	industrial_area_588.tif	industrial_area/industrial_area_588.tif	NWPU45_20/train/industrial_area/industrial_area_588.tif
train	industrial_area	18	industrial_area_595.tif	industrial_area/industrial_area_595.tif	NWPU45_20/train/industrial_area/industrial_area_595.tif
train	industrial_area	18	industrial_area_621.tif	industrial_area/industrial_area_621.tif	NWPU45_20/train/industrial_area/industrial_area_621.tif
train	industrial_area	18	industrial_area_630.tif	industrial_area/industrial_area_630.tif	NWPU45_20/train/industrial_area/industrial_area_630.tif
train	industrial_area	18	industrial_area_631.tif	industrial_area/industrial_area_631.tif	NWPU45_20/train/industrial_area/industrial_area_631.tif
train	industrial_area	18	industrial_area_635.tif	industrial_area/industrial_area_635.tif	NWPU45_20/train/industrial_area/industrial_area_635.tif
train	industrial_area	18	industrial_area_640.tif	industrial_area/industrial_area_640.tif	NWPU45_20/train/industrial_area/industrial_area_640.tif
train	industrial_area	18	industrial_area_641.tif	industrial_area/industrial_area_641.tif	NWPU45_20/train/industrial_area/industrial_area_641.tif
train	industrial_area	18	industrial_area_643.tif	industrial_area/industrial_area_643.tif	NWPU45_20/train/industrial_area/industrial_area_643.tif
train	industrial_area	18	industrial_area_660.tif	industrial_area/industrial_area_660.tif	NWPU45_20/train/industrial_area/industrial_area_660.tif
train	industrial_area	18	industrial_area_662.tif	industrial_area/industrial_area_662.tif	NWPU45_20/train/industrial_area/industrial_area_662.tif
train	industrial_area	18	industrial_area_673.tif	industrial_area/industrial_area_673.tif	NWPU45_20/train/industrial_area/industrial_area_673.tif
train	industrial_area	18	industrial_area_674.tif	industrial_area/industrial_area_674.tif	NWPU45_20/train/industrial_area/industrial_area_674.tif
train	industrial_area	18	industrial_area_690.tif	industrial_area/industrial_area_690.tif	NWPU45_20/train/industrial_area/industrial_area_690.tif
train	industrial_area	18	industrial_area_695.tif	industrial_area/industrial_area_695.tif	NWPU45_20/train/industrial_area/industrial_area_695.tif
train	intersection	19	intersection_003.tif	intersection/intersection_003.tif	NWPU45_20/train/intersection/intersection_003.tif
train	intersection	19	intersection_006.tif	intersection/intersection_006.tif	NWPU45_20/train/intersection/intersection_006.tif
train	intersection	19	intersection_009.tif	intersection/intersection_009.tif	NWPU45_20/train/intersection/intersection_009.tif
train	intersection	19	intersection_011.tif	intersection/intersection_011.tif	NWPU45_20/train/intersection/intersection_011.tif
train	intersection	19	intersection_014.tif	intersection/intersection_014.tif	NWPU45_20/train/intersection/intersection_014.tif
train	intersection	19	intersection_015.tif	intersection/intersection_015.tif	NWPU45_20/train/intersection/intersection_015.tif
train	intersection	19	intersection_016.tif	intersection/intersection_016.tif	NWPU45_20/train/intersection/intersection_016.tif
train	intersection	19	intersection_025.tif	intersection/intersection_025.tif	NWPU45_20/train/intersection/intersection_025.tif
train	intersection	19	intersection_029.tif	intersection/intersection_029.tif	NWPU45_20/train/intersection/intersection_029.tif
train	intersection	19	intersection_034.tif	intersection/intersection_034.tif	NWPU45_20/train/intersection/intersection_034.tif
train	intersection	19	intersection_040.tif	intersection/intersection_040.tif	NWPU45_20/train/intersection/intersection_040.tif
train	intersection	19	intersection_041.tif	intersection/intersection_041.tif	NWPU45_20/train/intersection/intersection_041.tif
train	intersection	19	intersection_043.tif	intersection/intersection_043.tif	NWPU45_20/train/intersection/intersection_043.tif
train	intersection	19	intersection_057.tif	intersection/intersection_057.tif	NWPU45_20/train/intersection/intersection_057.tif
train	intersection	19	intersection_059.tif	intersection/intersection_059.tif	NWPU45_20/train/intersection/intersection_059.tif
train	intersection	19	intersection_064.tif	intersection/intersection_064.tif	NWPU45_20/train/intersection/intersection_064.tif
train	intersection	19	intersection_065.tif	intersection/intersection_065.tif	NWPU45_20/train/intersection/intersection_065.tif
train	intersection	19	intersection_070.tif	intersection/intersection_070.tif	NWPU45_20/train/intersection/intersection_070.tif
train	intersection	19	intersection_075.tif	intersection/intersection_075.tif	NWPU45_20/train/intersection/intersection_075.tif
train	intersection	19	intersection_079.tif	intersection/intersection_079.tif	NWPU45_20/train/intersection/intersection_079.tif
train	intersection	19	intersection_087.tif	intersection/intersection_087.tif	NWPU45_20/train/intersection/intersection_087.tif
train	intersection	19	intersection_093.tif	intersection/intersection_093.tif	NWPU45_20/train/intersection/intersection_093.tif
train	intersection	19	intersection_097.tif	intersection/intersection_097.tif	NWPU45_20/train/intersection/intersection_097.tif
train	intersection	19	intersection_101.tif	intersection/intersection_101.tif	NWPU45_20/train/intersection/intersection_101.tif
train	intersection	19	intersection_102.tif	intersection/intersection_102.tif	NWPU45_20/train/intersection/intersection_102.tif
train	intersection	19	intersection_106.tif	intersection/intersection_106.tif	NWPU45_20/train/intersection/intersection_106.tif
train	intersection	19	intersection_107.tif	intersection/intersection_107.tif	NWPU45_20/train/intersection/intersection_107.tif
train	intersection	19	intersection_116.tif	intersection/intersection_116.tif	NWPU45_20/train/intersection/intersection_116.tif
train	intersection	19	intersection_119.tif	intersection/intersection_119.tif	NWPU45_20/train/intersection/intersection_119.tif
train	intersection	19	intersection_133.tif	intersection/intersection_133.tif	NWPU45_20/train/intersection/intersection_133.tif
train	intersection	19	intersection_139.tif	intersection/intersection_139.tif	NWPU45_20/train/intersection/intersection_139.tif
train	intersection	19	intersection_144.tif	intersection/intersection_144.tif	NWPU45_20/train/intersection/intersection_144.tif
train	intersection	19	intersection_150.tif	intersection/intersection_150.tif	NWPU45_20/train/intersection/intersection_150.tif
train	intersection	19	intersection_151.tif	intersection/intersection_151.tif	NWPU45_20/train/intersection/intersection_151.tif
train	intersection	19	intersection_159.tif	intersection/intersection_159.tif	NWPU45_20/train/intersection/intersection_159.tif
train	intersection	19	intersection_173.tif	intersection/intersection_173.tif	NWPU45_20/train/intersection/intersection_173.tif
train	intersection	19	intersection_175.tif	intersection/intersection_175.tif	NWPU45_20/train/intersection/intersection_175.tif
train	intersection	19	intersection_177.tif	intersection/intersection_177.tif	NWPU45_20/train/intersection/intersection_177.tif
train	intersection	19	intersection_178.tif	intersection/intersection_178.tif	NWPU45_20/train/intersection/intersection_178.tif
train	intersection	19	intersection_181.tif	intersection/intersection_181.tif	NWPU45_20/train/intersection/intersection_181.tif
train	intersection	19	intersection_186.tif	intersection/intersection_186.tif	NWPU45_20/train/intersection/intersection_186.tif
train	intersection	19	intersection_191.tif	intersection/intersection_191.tif	NWPU45_20/train/intersection/intersection_191.tif
train	intersection	19	intersection_193.tif	intersection/intersection_193.tif	NWPU45_20/train/intersection/intersection_193.tif
train	intersection	19	intersection_194.tif	intersection/intersection_194.tif	NWPU45_20/train/intersection/intersection_194.tif
train	intersection	19	intersection_199.tif	intersection/intersection_199.tif	NWPU45_20/train/intersection/intersection_199.tif
train	intersection	19	intersection_201.tif	intersection/intersection_201.tif	NWPU45_20/train/intersection/intersection_201.tif
train	intersection	19	intersection_205.tif	intersection/intersection_205.tif	NWPU45_20/train/intersection/intersection_205.tif
train	intersection	19	intersection_208.tif	intersection/intersection_208.tif	NWPU45_20/train/intersection/intersection_208.tif
train	intersection	19	intersection_210.tif	intersection/intersection_210.tif	NWPU45_20/train/intersection/intersection_210.tif
train	intersection	19	intersection_213.tif	intersection/intersection_213.tif	NWPU45_20/train/intersection/intersection_213.tif
train	intersection	19	intersection_228.tif	intersection/intersection_228.tif	NWPU45_20/train/intersection/intersection_228.tif
train	intersection	19	intersection_242.tif	intersection/intersection_242.tif	NWPU45_20/train/intersection/intersection_242.tif
train	intersection	19	intersection_244.tif	intersection/intersection_244.tif	NWPU45_20/train/intersection/intersection_244.tif
train	intersection	19	intersection_256.tif	intersection/intersection_256.tif	NWPU45_20/train/intersection/intersection_256.tif
train	intersection	19	intersection_257.tif	intersection/intersection_257.tif	NWPU45_20/train/intersection/intersection_257.tif
train	intersection	19	intersection_266.tif	intersection/intersection_266.tif	NWPU45_20/train/intersection/intersection_266.tif
train	intersection	19	intersection_267.tif	intersection/intersection_267.tif	NWPU45_20/train/intersection/intersection_267.tif
train	intersection	19	intersection_269.tif	intersection/intersection_269.tif	NWPU45_20/train/intersection/intersection_269.tif
train	intersection	19	intersection_273.tif	intersection/intersection_273.tif	NWPU45_20/train/intersection/intersection_273.tif
train	intersection	19	intersection_281.tif	intersection/intersection_281.tif	NWPU45_20/train/intersection/intersection_281.tif
train	intersection	19	intersection_294.tif	intersection/intersection_294.tif	NWPU45_20/train/intersection/intersection_294.tif
train	intersection	19	intersection_308.tif	intersection/intersection_308.tif	NWPU45_20/train/intersection/intersection_308.tif
train	intersection	19	intersection_309.tif	intersection/intersection_309.tif	NWPU45_20/train/intersection/intersection_309.tif
train	intersection	19	intersection_311.tif	intersection/intersection_311.tif	NWPU45_20/train/intersection/intersection_311.tif
train	intersection	19	intersection_312.tif	intersection/intersection_312.tif	NWPU45_20/train/intersection/intersection_312.tif
train	intersection	19	intersection_313.tif	intersection/intersection_313.tif	NWPU45_20/train/intersection/intersection_313.tif
train	intersection	19	intersection_316.tif	intersection/intersection_316.tif	NWPU45_20/train/intersection/intersection_316.tif
train	intersection	19	intersection_317.tif	intersection/intersection_317.tif	NWPU45_20/train/intersection/intersection_317.tif
train	intersection	19	intersection_322.tif	intersection/intersection_322.tif	NWPU45_20/train/intersection/intersection_322.tif
train	intersection	19	intersection_325.tif	intersection/intersection_325.tif	NWPU45_20/train/intersection/intersection_325.tif
train	intersection	19	intersection_327.tif	intersection/intersection_327.tif	NWPU45_20/train/intersection/intersection_327.tif
train	intersection	19	intersection_329.tif	intersection/intersection_329.tif	NWPU45_20/train/intersection/intersection_329.tif
train	intersection	19	intersection_336.tif	intersection/intersection_336.tif	NWPU45_20/train/intersection/intersection_336.tif
train	intersection	19	intersection_342.tif	intersection/intersection_342.tif	NWPU45_20/train/intersection/intersection_342.tif
train	intersection	19	intersection_348.tif	intersection/intersection_348.tif	NWPU45_20/train/intersection/intersection_348.tif
train	intersection	19	intersection_351.tif	intersection/intersection_351.tif	NWPU45_20/train/intersection/intersection_351.tif
train	intersection	19	intersection_354.tif	intersection/intersection_354.tif	NWPU45_20/train/intersection/intersection_354.tif
train	intersection	19	intersection_360.tif	intersection/intersection_360.tif	NWPU45_20/train/intersection/intersection_360.tif
train	intersection	19	intersection_365.tif	intersection/intersection_365.tif	NWPU45_20/train/intersection/intersection_365.tif
train	intersection	19	intersection_366.tif	intersection/intersection_366.tif	NWPU45_20/train/intersection/intersection_366.tif
train	intersection	19	intersection_367.tif	intersection/intersection_367.tif	NWPU45_20/train/intersection/intersection_367.tif
train	intersection	19	intersection_376.tif	intersection/intersection_376.tif	NWPU45_20/train/intersection/intersection_376.tif
train	intersection	19	intersection_379.tif	intersection/intersection_379.tif	NWPU45_20/train/intersection/intersection_379.tif
train	intersection	19	intersection_381.tif	intersection/intersection_381.tif	NWPU45_20/train/intersection/intersection_381.tif
train	intersection	19	intersection_385.tif	intersection/intersection_385.tif	NWPU45_20/train/intersection/intersection_385.tif
train	intersection	19	intersection_387.tif	intersection/intersection_387.tif	NWPU45_20/train/intersection/intersection_387.tif
train	intersection	19	intersection_396.tif	intersection/intersection_396.tif	NWPU45_20/train/intersection/intersection_396.tif
train	intersection	19	intersection_397.tif	intersection/intersection_397.tif	NWPU45_20/train/intersection/intersection_397.tif
train	intersection	19	intersection_399.tif	intersection/intersection_399.tif	NWPU45_20/train/intersection/intersection_399.tif
train	intersection	19	intersection_415.tif	intersection/intersection_415.tif	NWPU45_20/train/intersection/intersection_415.tif
train	intersection	19	intersection_416.tif	intersection/intersection_416.tif	NWPU45_20/train/intersection/intersection_416.tif
train	intersection	19	intersection_417.tif	intersection/intersection_417.tif	NWPU45_20/train/intersection/intersection_417.tif
train	intersection	19	intersection_418.tif	intersection/intersection_418.tif	NWPU45_20/train/intersection/intersection_418.tif
train	intersection	19	intersection_420.tif	intersection/intersection_420.tif	NWPU45_20/train/intersection/intersection_420.tif
train	intersection	19	intersection_421.tif	intersection/intersection_421.tif	NWPU45_20/train/intersection/intersection_421.tif
train	intersection	19	intersection_427.tif	intersection/intersection_427.tif	NWPU45_20/train/intersection/intersection_427.tif
train	intersection	19	intersection_454.tif	intersection/intersection_454.tif	NWPU45_20/train/intersection/intersection_454.tif
train	intersection	19	intersection_455.tif	intersection/intersection_455.tif	NWPU45_20/train/intersection/intersection_455.tif
train	intersection	19	intersection_459.tif	intersection/intersection_459.tif	NWPU45_20/train/intersection/intersection_459.tif
train	intersection	19	intersection_468.tif	intersection/intersection_468.tif	NWPU45_20/train/intersection/intersection_468.tif
train	intersection	19	intersection_473.tif	intersection/intersection_473.tif	NWPU45_20/train/intersection/intersection_473.tif
train	intersection	19	intersection_476.tif	intersection/intersection_476.tif	NWPU45_20/train/intersection/intersection_476.tif
train	intersection	19	intersection_478.tif	intersection/intersection_478.tif	NWPU45_20/train/intersection/intersection_478.tif
train	intersection	19	intersection_491.tif	intersection/intersection_491.tif	NWPU45_20/train/intersection/intersection_491.tif
train	intersection	19	intersection_497.tif	intersection/intersection_497.tif	NWPU45_20/train/intersection/intersection_497.tif
train	intersection	19	intersection_505.tif	intersection/intersection_505.tif	NWPU45_20/train/intersection/intersection_505.tif
train	intersection	19	intersection_508.tif	intersection/intersection_508.tif	NWPU45_20/train/intersection/intersection_508.tif
train	intersection	19	intersection_509.tif	intersection/intersection_509.tif	NWPU45_20/train/intersection/intersection_509.tif
train	intersection	19	intersection_516.tif	intersection/intersection_516.tif	NWPU45_20/train/intersection/intersection_516.tif
train	intersection	19	intersection_521.tif	intersection/intersection_521.tif	NWPU45_20/train/intersection/intersection_521.tif
train	intersection	19	intersection_523.tif	intersection/intersection_523.tif	NWPU45_20/train/intersection/intersection_523.tif
train	intersection	19	intersection_527.tif	intersection/intersection_527.tif	NWPU45_20/train/intersection/intersection_527.tif
train	intersection	19	intersection_537.tif	intersection/intersection_537.tif	NWPU45_20/train/intersection/intersection_537.tif
train	intersection	19	intersection_539.tif	intersection/intersection_539.tif	NWPU45_20/train/intersection/intersection_539.tif
train	intersection	19	intersection_543.tif	intersection/intersection_543.tif	NWPU45_20/train/intersection/intersection_543.tif
train	intersection	19	intersection_558.tif	intersection/intersection_558.tif	NWPU45_20/train/intersection/intersection_558.tif
train	intersection	19	intersection_560.tif	intersection/intersection_560.tif	NWPU45_20/train/intersection/intersection_560.tif
train	intersection	19	intersection_563.tif	intersection/intersection_563.tif	NWPU45_20/train/intersection/intersection_563.tif
train	intersection	19	intersection_570.tif	intersection/intersection_570.tif	NWPU45_20/train/intersection/intersection_570.tif
train	intersection	19	intersection_572.tif	intersection/intersection_572.tif	NWPU45_20/train/intersection/intersection_572.tif
train	intersection	19	intersection_574.tif	intersection/intersection_574.tif	NWPU45_20/train/intersection/intersection_574.tif
train	intersection	19	intersection_579.tif	intersection/intersection_579.tif	NWPU45_20/train/intersection/intersection_579.tif
train	intersection	19	intersection_582.tif	intersection/intersection_582.tif	NWPU45_20/train/intersection/intersection_582.tif
train	intersection	19	intersection_584.tif	intersection/intersection_584.tif	NWPU45_20/train/intersection/intersection_584.tif
train	intersection	19	intersection_587.tif	intersection/intersection_587.tif	NWPU45_20/train/intersection/intersection_587.tif
train	intersection	19	intersection_588.tif	intersection/intersection_588.tif	NWPU45_20/train/intersection/intersection_588.tif
train	intersection	19	intersection_595.tif	intersection/intersection_595.tif	NWPU45_20/train/intersection/intersection_595.tif
train	intersection	19	intersection_621.tif	intersection/intersection_621.tif	NWPU45_20/train/intersection/intersection_621.tif
train	intersection	19	intersection_630.tif	intersection/intersection_630.tif	NWPU45_20/train/intersection/intersection_630.tif
train	intersection	19	intersection_631.tif	intersection/intersection_631.tif	NWPU45_20/train/intersection/intersection_631.tif
train	intersection	19	intersection_635.tif	intersection/intersection_635.tif	NWPU45_20/train/intersection/intersection_635.tif
train	intersection	19	intersection_640.tif	intersection/intersection_640.tif	NWPU45_20/train/intersection/intersection_640.tif
train	intersection	19	intersection_641.tif	intersection/intersection_641.tif	NWPU45_20/train/intersection/intersection_641.tif
train	intersection	19	intersection_643.tif	intersection/intersection_643.tif	NWPU45_20/train/intersection/intersection_643.tif
train	intersection	19	intersection_660.tif	intersection/intersection_660.tif	NWPU45_20/train/intersection/intersection_660.tif
train	intersection	19	intersection_662.tif	intersection/intersection_662.tif	NWPU45_20/train/intersection/intersection_662.tif
train	intersection	19	intersection_673.tif	intersection/intersection_673.tif	NWPU45_20/train/intersection/intersection_673.tif
train	intersection	19	intersection_674.tif	intersection/intersection_674.tif	NWPU45_20/train/intersection/intersection_674.tif
train	intersection	19	intersection_690.tif	intersection/intersection_690.tif	NWPU45_20/train/intersection/intersection_690.tif
train	intersection	19	intersection_695.tif	intersection/intersection_695.tif	NWPU45_20/train/intersection/intersection_695.tif
train	island	20	island_003.tif	island/island_003.tif	NWPU45_20/train/island/island_003.tif
train	island	20	island_006.tif	island/island_006.tif	NWPU45_20/train/island/island_006.tif
train	island	20	island_009.tif	island/island_009.tif	NWPU45_20/train/island/island_009.tif
train	island	20	island_011.tif	island/island_011.tif	NWPU45_20/train/island/island_011.tif
train	island	20	island_014.tif	island/island_014.tif	NWPU45_20/train/island/island_014.tif
train	island	20	island_015.tif	island/island_015.tif	NWPU45_20/train/island/island_015.tif
train	island	20	island_016.tif	island/island_016.tif	NWPU45_20/train/island/island_016.tif
train	island	20	island_025.tif	island/island_025.tif	NWPU45_20/train/island/island_025.tif
train	island	20	island_029.tif	island/island_029.tif	NWPU45_20/train/island/island_029.tif
train	island	20	island_034.tif	island/island_034.tif	NWPU45_20/train/island/island_034.tif
train	island	20	island_040.tif	island/island_040.tif	NWPU45_20/train/island/island_040.tif
train	island	20	island_041.tif	island/island_041.tif	NWPU45_20/train/island/island_041.tif
train	island	20	island_043.tif	island/island_043.tif	NWPU45_20/train/island/island_043.tif
train	island	20	island_057.tif	island/island_057.tif	NWPU45_20/train/island/island_057.tif
train	island	20	island_059.tif	island/island_059.tif	NWPU45_20/train/island/island_059.tif
train	island	20	island_064.tif	island/island_064.tif	NWPU45_20/train/island/island_064.tif
train	island	20	island_065.tif	island/island_065.tif	NWPU45_20/train/island/island_065.tif
train	island	20	island_070.tif	island/island_070.tif	NWPU45_20/train/island/island_070.tif
train	island	20	island_075.tif	island/island_075.tif	NWPU45_20/train/island/island_075.tif
train	island	20	island_079.tif	island/island_079.tif	NWPU45_20/train/island/island_079.tif
train	island	20	island_087.tif	island/island_087.tif	NWPU45_20/train/island/island_087.tif
train	island	20	island_093.tif	island/island_093.tif	NWPU45_20/train/island/island_093.tif
train	island	20	island_097.tif	island/island_097.tif	NWPU45_20/train/island/island_097.tif
train	island	20	island_101.tif	island/island_101.tif	NWPU45_20/train/island/island_101.tif
train	island	20	island_102.tif	island/island_102.tif	NWPU45_20/train/island/island_102.tif
train	island	20	island_106.tif	island/island_106.tif	NWPU45_20/train/island/island_106.tif
train	island	20	island_107.tif	island/island_107.tif	NWPU45_20/train/island/island_107.tif
train	island	20	island_116.tif	island/island_116.tif	NWPU45_20/train/island/island_116.tif
train	island	20	island_119.tif	island/island_119.tif	NWPU45_20/train/island/island_119.tif
train	island	20	island_133.tif	island/island_133.tif	NWPU45_20/train/island/island_133.tif
train	island	20	island_139.tif	island/island_139.tif	NWPU45_20/train/island/island_139.tif
train	island	20	island_144.tif	island/island_144.tif	NWPU45_20/train/island/island_144.tif
train	island	20	island_150.tif	island/island_150.tif	NWPU45_20/train/island/island_150.tif
train	island	20	island_151.tif	island/island_151.tif	NWPU45_20/train/island/island_151.tif
train	island	20	island_159.tif	island/island_159.tif	NWPU45_20/train/island/island_159.tif
train	island	20	island_173.tif	island/island_173.tif	NWPU45_20/train/island/island_173.tif
train	island	20	island_175.tif	island/island_175.tif	NWPU45_20/train/island/island_175.tif
train	island	20	island_177.tif	island/island_177.tif	NWPU45_20/train/island/island_177.tif
train	island	20	island_178.tif	island/island_178.tif	NWPU45_20/train/island/island_178.tif
train	island	20	island_181.tif	island/island_181.tif	NWPU45_20/train/island/island_181.tif
train	island	20	island_186.tif	island/island_186.tif	NWPU45_20/train/island/island_186.tif
train	island	20	island_191.tif	island/island_191.tif	NWPU45_20/train/island/island_191.tif
train	island	20	island_193.tif	island/island_193.tif	NWPU45_20/train/island/island_193.tif
train	island	20	island_194.tif	island/island_194.tif	NWPU45_20/train/island/island_194.tif
train	island	20	island_199.tif	island/island_199.tif	NWPU45_20/train/island/island_199.tif
train	island	20	island_201.tif	island/island_201.tif	NWPU45_20/train/island/island_201.tif
train	island	20	island_205.tif	island/island_205.tif	NWPU45_20/train/island/island_205.tif
train	island	20	island_208.tif	island/island_208.tif	NWPU45_20/train/island/island_208.tif
train	island	20	island_210.tif	island/island_210.tif	NWPU45_20/train/island/island_210.tif
train	island	20	island_213.tif	island/island_213.tif	NWPU45_20/train/island/island_213.tif
train	island	20	island_228.tif	island/island_228.tif	NWPU45_20/train/island/island_228.tif
train	island	20	island_242.tif	island/island_242.tif	NWPU45_20/train/island/island_242.tif
train	island	20	island_244.tif	island/island_244.tif	NWPU45_20/train/island/island_244.tif
train	island	20	island_256.tif	island/island_256.tif	NWPU45_20/train/island/island_256.tif
train	island	20	island_257.tif	island/island_257.tif	NWPU45_20/train/island/island_257.tif
train	island	20	island_266.tif	island/island_266.tif	NWPU45_20/train/island/island_266.tif
train	island	20	island_267.tif	island/island_267.tif	NWPU45_20/train/island/island_267.tif
train	island	20	island_269.tif	island/island_269.tif	NWPU45_20/train/island/island_269.tif
train	island	20	island_273.tif	island/island_273.tif	NWPU45_20/train/island/island_273.tif
train	island	20	island_281.tif	island/island_281.tif	NWPU45_20/train/island/island_281.tif
train	island	20	island_294.tif	island/island_294.tif	NWPU45_20/train/island/island_294.tif
train	island	20	island_308.tif	island/island_308.tif	NWPU45_20/train/island/island_308.tif
train	island	20	island_309.tif	island/island_309.tif	NWPU45_20/train/island/island_309.tif
train	island	20	island_311.tif	island/island_311.tif	NWPU45_20/train/island/island_311.tif
train	island	20	island_312.tif	island/island_312.tif	NWPU45_20/train/island/island_312.tif
train	island	20	island_313.tif	island/island_313.tif	NWPU45_20/train/island/island_313.tif
train	island	20	island_316.tif	island/island_316.tif	NWPU45_20/train/island/island_316.tif
train	island	20	island_317.tif	island/island_317.tif	NWPU45_20/train/island/island_317.tif
train	island	20	island_322.tif	island/island_322.tif	NWPU45_20/train/island/island_322.tif
train	island	20	island_325.tif	island/island_325.tif	NWPU45_20/train/island/island_325.tif
train	island	20	island_327.tif	island/island_327.tif	NWPU45_20/train/island/island_327.tif
train	island	20	island_329.tif	island/island_329.tif	NWPU45_20/train/island/island_329.tif
train	island	20	island_336.tif	island/island_336.tif	NWPU45_20/train/island/island_336.tif
train	island	20	island_342.tif	island/island_342.tif	NWPU45_20/train/island/island_342.tif
train	island	20	island_348.tif	island/island_348.tif	NWPU45_20/train/island/island_348.tif
train	island	20	island_351.tif	island/island_351.tif	NWPU45_20/train/island/island_351.tif
train	island	20	island_354.tif	island/island_354.tif	NWPU45_20/train/island/island_354.tif
train	island	20	island_360.tif	island/island_360.tif	NWPU45_20/train/island/island_360.tif
train	island	20	island_365.tif	island/island_365.tif	NWPU45_20/train/island/island_365.tif
train	island	20	island_366.tif	island/island_366.tif	NWPU45_20/train/island/island_366.tif
train	island	20	island_367.tif	island/island_367.tif	NWPU45_20/train/island/island_367.tif
train	island	20	island_376.tif	island/island_376.tif	NWPU45_20/train/island/island_376.tif
train	island	20	island_379.tif	island/island_379.tif	NWPU45_20/train/island/island_379.tif
train	island	20	island_381.tif	island/island_381.tif	NWPU45_20/train/island/island_381.tif
train	island	20	island_385.tif	island/island_385.tif	NWPU45_20/train/island/island_385.tif
train	island	20	island_387.tif	island/island_387.tif	NWPU45_20/train/island/island_387.tif
train	island	20	island_396.tif	island/island_396.tif	NWPU45_20/train/island/island_396.tif
train	island	20	island_397.tif	island/island_397.tif	NWPU45_20/train/island/island_397.tif
train	island	20	island_399.tif	island/island_399.tif	NWPU45_20/train/island/island_399.tif
train	island	20	island_415.tif	island/island_415.tif	NWPU45_20/train/island/island_415.tif
train	island	20	island_416.tif	island/island_416.tif	NWPU45_20/train/island/island_416.tif
train	island	20	island_417.tif	island/island_417.tif	NWPU45_20/train/island/island_417.tif
train	island	20	island_418.tif	island/island_418.tif	NWPU45_20/train/island/island_418.tif
train	island	20	island_420.tif	island/island_420.tif	NWPU45_20/train/island/island_420.tif
train	island	20	island_421.tif	island/island_421.tif	NWPU45_20/train/island/island_421.tif
train	island	20	island_427.tif	island/island_427.tif	NWPU45_20/train/island/island_427.tif
train	island	20	island_454.tif	island/island_454.tif	NWPU45_20/train/island/island_454.tif
train	island	20	island_455.tif	island/island_455.tif	NWPU45_20/train/island/island_455.tif
train	island	20	island_459.tif	island/island_459.tif	NWPU45_20/train/island/island_459.tif
train	island	20	island_468.tif	island/island_468.tif	NWPU45_20/train/island/island_468.tif
train	island	20	island_473.tif	island/island_473.tif	NWPU45_20/train/island/island_473.tif
train	island	20	island_476.tif	island/island_476.tif	NWPU45_20/train/island/island_476.tif
train	island	20	island_478.tif	island/island_478.tif	NWPU45_20/train/island/island_478.tif
train	island	20	island_491.tif	island/island_491.tif	NWPU45_20/train/island/island_491.tif
train	island	20	island_497.tif	island/island_497.tif	NWPU45_20/train/island/island_497.tif
train	island	20	island_505.tif	island/island_505.tif	NWPU45_20/train/island/island_505.tif
train	island	20	island_508.tif	island/island_508.tif	NWPU45_20/train/island/island_508.tif
train	island	20	island_509.tif	island/island_509.tif	NWPU45_20/train/island/island_509.tif
train	island	20	island_516.tif	island/island_516.tif	NWPU45_20/train/island/island_516.tif
train	island	20	island_521.tif	island/island_521.tif	NWPU45_20/train/island/island_521.tif
train	island	20	island_523.tif	island/island_523.tif	NWPU45_20/train/island/island_523.tif
train	island	20	island_527.tif	island/island_527.tif	NWPU45_20/train/island/island_527.tif
train	island	20	island_537.tif	island/island_537.tif	NWPU45_20/train/island/island_537.tif
train	island	20	island_539.tif	island/island_539.tif	NWPU45_20/train/island/island_539.tif
train	island	20	island_543.tif	island/island_543.tif	NWPU45_20/train/island/island_543.tif
train	island	20	island_558.tif	island/island_558.tif	NWPU45_20/train/island/island_558.tif
train	island	20	island_560.tif	island/island_560.tif	NWPU45_20/train/island/island_560.tif
train	island	20	island_563.tif	island/island_563.tif	NWPU45_20/train/island/island_563.tif
train	island	20	island_570.tif	island/island_570.tif	NWPU45_20/train/island/island_570.tif
train	island	20	island_572.tif	island/island_572.tif	NWPU45_20/train/island/island_572.tif
train	island	20	island_574.tif	island/island_574.tif	NWPU45_20/train/island/island_574.tif
train	island	20	island_579.tif	island/island_579.tif	NWPU45_20/train/island/island_579.tif
train	island	20	island_582.tif	island/island_582.tif	NWPU45_20/train/island/island_582.tif
train	island	20	island_584.tif	island/island_584.tif	NWPU45_20/train/island/island_584.tif
train	island	20	island_587.tif	island/island_587.tif	NWPU45_20/train/island/island_587.tif
train	island	20	island_588.tif	island/island_588.tif	NWPU45_20/train/island/island_588.tif
train	island	20	island_595.tif	island/island_595.tif	NWPU45_20/train/island/island_595.tif
train	island	20	island_621.tif	island/island_621.tif	NWPU45_20/train/island/island_621.tif
train	island	20	island_630.tif	island/island_630.tif	NWPU45_20/train/island/island_630.tif
train	island	20	island_631.tif	island/island_631.tif	NWPU45_20/train/island/island_631.tif
train	island	20	island_635.tif	island/island_635.tif	NWPU45_20/train/island/island_635.tif
train	island	20	island_640.tif	island/island_640.tif	NWPU45_20/train/island/island_640.tif
train	island	20	island_641.tif	island/island_641.tif	NWPU45_20/train/island/island_641.tif
train	island	20	island_643.tif	island/island_643.tif	NWPU45_20/train/island/island_643.tif
train	island	20	island_660.tif	island/island_660.tif	NWPU45_20/train/island/island_660.tif
train	island	20	island_662.tif	island/island_662.tif	NWPU45_20/train/island/island_662.tif
train	island	20	island_673.tif	island/island_673.tif	NWPU45_20/train/island/island_673.tif
train	island	20	island_674.tif	island/island_674.tif	NWPU45_20/train/island/island_674.tif
train	island	20	island_690.tif	island/island_690.tif	NWPU45_20/train/island/island_690.tif
train	island	20	island_695.tif	island/island_695.tif	NWPU45_20/train/island/island_695.tif
train	lake	21	lake_003.tif	lake/lake_003.tif	NWPU45_20/train/lake/lake_003.tif
train	lake	21	lake_006.tif	lake/lake_006.tif	NWPU45_20/train/lake/lake_006.tif
train	lake	21	lake_009.tif	lake/lake_009.tif	NWPU45_20/train/lake/lake_009.tif
train	lake	21	lake_011.tif	lake/lake_011.tif	NWPU45_20/train/lake/lake_011.tif
train	lake	21	lake_014.tif	lake/lake_014.tif	NWPU45_20/train/lake/lake_014.tif
train	lake	21	lake_015.tif	lake/lake_015.tif	NWPU45_20/train/lake/lake_015.tif
train	lake	21	lake_016.tif	lake/lake_016.tif	NWPU45_20/train/lake/lake_016.tif
train	lake	21	lake_025.tif	lake/lake_025.tif	NWPU45_20/train/lake/lake_025.tif
train	lake	21	lake_029.tif	lake/lake_029.tif	NWPU45_20/train/lake/lake_029.tif
train	lake	21	lake_034.tif	lake/lake_034.tif	NWPU45_20/train/lake/lake_034.tif
train	lake	21	lake_040.tif	lake/lake_040.tif	NWPU45_20/train/lake/lake_040.tif
train	lake	21	lake_041.tif	lake/lake_041.tif	NWPU45_20/train/lake/lake_041.tif
train	lake	21	lake_043.tif	lake/lake_043.tif	NWPU45_20/train/lake/lake_043.tif
train	lake	21	lake_057.tif	lake/lake_057.tif	NWPU45_20/train/lake/lake_057.tif
train	lake	21	lake_059.tif	lake/lake_059.tif	NWPU45_20/train/lake/lake_059.tif
train	lake	21	lake_064.tif	lake/lake_064.tif	NWPU45_20/train/lake/lake_064.tif
train	lake	21	lake_065.tif	lake/lake_065.tif	NWPU45_20/train/lake/lake_065.tif
train	lake	21	lake_070.tif	lake/lake_070.tif	NWPU45_20/train/lake/lake_070.tif
train	lake	21	lake_075.tif	lake/lake_075.tif	NWPU45_20/train/lake/lake_075.tif
train	lake	21	lake_079.tif	lake/lake_079.tif	NWPU45_20/train/lake/lake_079.tif
train	lake	21	lake_087.tif	lake/lake_087.tif	NWPU45_20/train/lake/lake_087.tif
train	lake	21	lake_093.tif	lake/lake_093.tif	NWPU45_20/train/lake/lake_093.tif
train	lake	21	lake_097.tif	lake/lake_097.tif	NWPU45_20/train/lake/lake_097.tif
train	lake	21	lake_101.tif	lake/lake_101.tif	NWPU45_20/train/lake/lake_101.tif
train	lake	21	lake_102.tif	lake/lake_102.tif	NWPU45_20/train/lake/lake_102.tif
train	lake	21	lake_106.tif	lake/lake_106.tif	NWPU45_20/train/lake/lake_106.tif
train	lake	21	lake_107.tif	lake/lake_107.tif	NWPU45_20/train/lake/lake_107.tif
train	lake	21	lake_116.tif	lake/lake_116.tif	NWPU45_20/train/lake/lake_116.tif
train	lake	21	lake_119.tif	lake/lake_119.tif	NWPU45_20/train/lake/lake_119.tif
train	lake	21	lake_133.tif	lake/lake_133.tif	NWPU45_20/train/lake/lake_133.tif
train	lake	21	lake_139.tif	lake/lake_139.tif	NWPU45_20/train/lake/lake_139.tif
train	lake	21	lake_144.tif	lake/lake_144.tif	NWPU45_20/train/lake/lake_144.tif
train	lake	21	lake_150.tif	lake/lake_150.tif	NWPU45_20/train/lake/lake_150.tif
train	lake	21	lake_151.tif	lake/lake_151.tif	NWPU45_20/train/lake/lake_151.tif
train	lake	21	lake_159.tif	lake/lake_159.tif	NWPU45_20/train/lake/lake_159.tif
train	lake	21	lake_173.tif	lake/lake_173.tif	NWPU45_20/train/lake/lake_173.tif
train	lake	21	lake_175.tif	lake/lake_175.tif	NWPU45_20/train/lake/lake_175.tif
train	lake	21	lake_177.tif	lake/lake_177.tif	NWPU45_20/train/lake/lake_177.tif
train	lake	21	lake_178.tif	lake/lake_178.tif	NWPU45_20/train/lake/lake_178.tif
train	lake	21	lake_181.tif	lake/lake_181.tif	NWPU45_20/train/lake/lake_181.tif
train	lake	21	lake_186.tif	lake/lake_186.tif	NWPU45_20/train/lake/lake_186.tif
train	lake	21	lake_191.tif	lake/lake_191.tif	NWPU45_20/train/lake/lake_191.tif
train	lake	21	lake_193.tif	lake/lake_193.tif	NWPU45_20/train/lake/lake_193.tif
train	lake	21	lake_194.tif	lake/lake_194.tif	NWPU45_20/train/lake/lake_194.tif
train	lake	21	lake_199.tif	lake/lake_199.tif	NWPU45_20/train/lake/lake_199.tif
train	lake	21	lake_201.tif	lake/lake_201.tif	NWPU45_20/train/lake/lake_201.tif
train	lake	21	lake_205.tif	lake/lake_205.tif	NWPU45_20/train/lake/lake_205.tif
train	lake	21	lake_208.tif	lake/lake_208.tif	NWPU45_20/train/lake/lake_208.tif
train	lake	21	lake_210.tif	lake/lake_210.tif	NWPU45_20/train/lake/lake_210.tif
train	lake	21	lake_213.tif	lake/lake_213.tif	NWPU45_20/train/lake/lake_213.tif
train	lake	21	lake_228.tif	lake/lake_228.tif	NWPU45_20/train/lake/lake_228.tif
train	lake	21	lake_242.tif	lake/lake_242.tif	NWPU45_20/train/lake/lake_242.tif
train	lake	21	lake_244.tif	lake/lake_244.tif	NWPU45_20/train/lake/lake_244.tif
train	lake	21	lake_256.tif	lake/lake_256.tif	NWPU45_20/train/lake/lake_256.tif
train	lake	21	lake_257.tif	lake/lake_257.tif	NWPU45_20/train/lake/lake_257.tif
train	lake	21	lake_266.tif	lake/lake_266.tif	NWPU45_20/train/lake/lake_266.tif
train	lake	21	lake_267.tif	lake/lake_267.tif	NWPU45_20/train/lake/lake_267.tif
train	lake	21	lake_269.tif	lake/lake_269.tif	NWPU45_20/train/lake/lake_269.tif
train	lake	21	lake_273.tif	lake/lake_273.tif	NWPU45_20/train/lake/lake_273.tif
train	lake	21	lake_281.tif	lake/lake_281.tif	NWPU45_20/train/lake/lake_281.tif
train	lake	21	lake_294.tif	lake/lake_294.tif	NWPU45_20/train/lake/lake_294.tif
train	lake	21	lake_308.tif	lake/lake_308.tif	NWPU45_20/train/lake/lake_308.tif
train	lake	21	lake_309.tif	lake/lake_309.tif	NWPU45_20/train/lake/lake_309.tif
train	lake	21	lake_311.tif	lake/lake_311.tif	NWPU45_20/train/lake/lake_311.tif
train	lake	21	lake_312.tif	lake/lake_312.tif	NWPU45_20/train/lake/lake_312.tif
train	lake	21	lake_313.tif	lake/lake_313.tif	NWPU45_20/train/lake/lake_313.tif
train	lake	21	lake_316.tif	lake/lake_316.tif	NWPU45_20/train/lake/lake_316.tif
train	lake	21	lake_317.tif	lake/lake_317.tif	NWPU45_20/train/lake/lake_317.tif
train	lake	21	lake_322.tif	lake/lake_322.tif	NWPU45_20/train/lake/lake_322.tif
train	lake	21	lake_325.tif	lake/lake_325.tif	NWPU45_20/train/lake/lake_325.tif
train	lake	21	lake_327.tif	lake/lake_327.tif	NWPU45_20/train/lake/lake_327.tif
train	lake	21	lake_329.tif	lake/lake_329.tif	NWPU45_20/train/lake/lake_329.tif
train	lake	21	lake_336.tif	lake/lake_336.tif	NWPU45_20/train/lake/lake_336.tif
train	lake	21	lake_342.tif	lake/lake_342.tif	NWPU45_20/train/lake/lake_342.tif
train	lake	21	lake_348.tif	lake/lake_348.tif	NWPU45_20/train/lake/lake_348.tif
train	lake	21	lake_351.tif	lake/lake_351.tif	NWPU45_20/train/lake/lake_351.tif
train	lake	21	lake_354.tif	lake/lake_354.tif	NWPU45_20/train/lake/lake_354.tif
train	lake	21	lake_360.tif	lake/lake_360.tif	NWPU45_20/train/lake/lake_360.tif
train	lake	21	lake_365.tif	lake/lake_365.tif	NWPU45_20/train/lake/lake_365.tif
train	lake	21	lake_366.tif	lake/lake_366.tif	NWPU45_20/train/lake/lake_366.tif
train	lake	21	lake_367.tif	lake/lake_367.tif	NWPU45_20/train/lake/lake_367.tif
train	lake	21	lake_376.tif	lake/lake_376.tif	NWPU45_20/train/lake/lake_376.tif
train	lake	21	lake_379.tif	lake/lake_379.tif	NWPU45_20/train/lake/lake_379.tif
train	lake	21	lake_381.tif	lake/lake_381.tif	NWPU45_20/train/lake/lake_381.tif
train	lake	21	lake_385.tif	lake/lake_385.tif	NWPU45_20/train/lake/lake_385.tif
train	lake	21	lake_387.tif	lake/lake_387.tif	NWPU45_20/train/lake/lake_387.tif
train	lake	21	lake_396.tif	lake/lake_396.tif	NWPU45_20/train/lake/lake_396.tif
train	lake	21	lake_397.tif	lake/lake_397.tif	NWPU45_20/train/lake/lake_397.tif
train	lake	21	lake_399.tif	lake/lake_399.tif	NWPU45_20/train/lake/lake_399.tif
train	lake	21	lake_415.tif	lake/lake_415.tif	NWPU45_20/train/lake/lake_415.tif
train	lake	21	lake_416.tif	lake/lake_416.tif	NWPU45_20/train/lake/lake_416.tif
train	lake	21	lake_417.tif	lake/lake_417.tif	NWPU45_20/train/lake/lake_417.tif
train	lake	21	lake_418.tif	lake/lake_418.tif	NWPU45_20/train/lake/lake_418.tif
train	lake	21	lake_420.tif	lake/lake_420.tif	NWPU45_20/train/lake/lake_420.tif
train	lake	21	lake_421.tif	lake/lake_421.tif	NWPU45_20/train/lake/lake_421.tif
train	lake	21	lake_427.tif	lake/lake_427.tif	NWPU45_20/train/lake/lake_427.tif
train	lake	21	lake_454.tif	lake/lake_454.tif	NWPU45_20/train/lake/lake_454.tif
train	lake	21	lake_455.tif	lake/lake_455.tif	NWPU45_20/train/lake/lake_455.tif
train	lake	21	lake_459.tif	lake/lake_459.tif	NWPU45_20/train/lake/lake_459.tif
train	lake	21	lake_468.tif	lake/lake_468.tif	NWPU45_20/train/lake/lake_468.tif
train	lake	21	lake_473.tif	lake/lake_473.tif	NWPU45_20/train/lake/lake_473.tif
train	lake	21	lake_476.tif	lake/lake_476.tif	NWPU45_20/train/lake/lake_476.tif
train	lake	21	lake_478.tif	lake/lake_478.tif	NWPU45_20/train/lake/lake_478.tif
train	lake	21	lake_491.tif	lake/lake_491.tif	NWPU45_20/train/lake/lake_491.tif
train	lake	21	lake_497.tif	lake/lake_497.tif	NWPU45_20/train/lake/lake_497.tif
train	lake	21	lake_505.tif	lake/lake_505.tif	NWPU45_20/train/lake/lake_505.tif
train	lake	21	lake_508.tif	lake/lake_508.tif	NWPU45_20/train/lake/lake_508.tif
train	lake	21	lake_509.tif	lake/lake_509.tif	NWPU45_20/train/lake/lake_509.tif
train	lake	21	lake_516.tif	lake/lake_516.tif	NWPU45_20/train/lake/lake_516.tif
train	lake	21	lake_521.tif	lake/lake_521.tif	NWPU45_20/train/lake/lake_521.tif
train	lake	21	lake_523.tif	lake/lake_523.tif	NWPU45_20/train/lake/lake_523.tif
train	lake	21	lake_527.tif	lake/lake_527.tif	NWPU45_20/train/lake/lake_527.tif
train	lake	21	lake_537.tif	lake/lake_537.tif	NWPU45_20/train/lake/lake_537.tif
train	lake	21	lake_539.tif	lake/lake_539.tif	NWPU45_20/train/lake/lake_539.tif
train	lake	21	lake_543.tif	lake/lake_543.tif	NWPU45_20/train/lake/lake_543.tif
train	lake	21	lake_558.tif	lake/lake_558.tif	NWPU45_20/train/lake/lake_558.tif
train	lake	21	lake_560.tif	lake/lake_560.tif	NWPU45_20/train/lake/lake_560.tif
train	lake	21	lake_563.tif	lake/lake_563.tif	NWPU45_20/train/lake/lake_563.tif
train	lake	21	lake_570.tif	lake/lake_570.tif	NWPU45_20/train/lake/lake_570.tif
train	lake	21	lake_572.tif	lake/lake_572.tif	NWPU45_20/train/lake/lake_572.tif
train	lake	21	lake_574.tif	lake/lake_574.tif	NWPU45_20/train/lake/lake_574.tif
train	lake	21	lake_579.tif	lake/lake_579.tif	NWPU45_20/train/lake/lake_579.tif
train	lake	21	lake_582.tif	lake/lake_582.tif	NWPU45_20/train/lake/lake_582.tif
train	lake	21	lake_584.tif	lake/lake_584.tif	NWPU45_20/train/lake/lake_584.tif
train	lake	21	lake_587.tif	lake/lake_587.tif	NWPU45_20/train/lake/lake_587.tif
train	lake	21	lake_588.tif	lake/lake_588.tif	NWPU45_20/train/lake/lake_588.tif
train	lake	21	lake_595.tif	lake/lake_595.tif	NWPU45_20/train/lake/lake_595.tif
train	lake	21	lake_621.tif	lake/lake_621.tif	NWPU45_20/train/lake/lake_621.tif
train	lake	21	lake_630.tif	lake/lake_630.tif	NWPU45_20/train/lake/lake_630.tif
train	lake	21	lake_631.tif	lake/lake_631.tif	NWPU45_20/train/lake/lake_631.tif
train	lake	21	lake_635.tif	lake/lake_635.tif	NWPU45_20/train/lake/lake_635.tif
train	lake	21	lake_640.tif	lake/lake_640.tif	NWPU45_20/train/lake/lake_640.tif
train	lake	21	lake_641.tif	lake/lake_641.tif	NWPU45_20/train/lake/lake_641.tif
train	lake	21	lake_643.tif	lake/lake_643.tif	NWPU45_20/train/lake/lake_643.tif
train	lake	21	lake_660.tif	lake/lake_660.tif	NWPU45_20/train/lake/lake_660.tif
train	lake	21	lake_662.tif	lake/lake_662.tif	NWPU45_20/train/lake/lake_662.tif
train	lake	21	lake_673.tif	lake/lake_673.tif	NWPU45_20/train/lake/lake_673.tif
train	lake	21	lake_674.tif	lake/lake_674.tif	NWPU45_20/train/lake/lake_674.tif
train	lake	21	lake_690.tif	lake/lake_690.tif	NWPU45_20/train/lake/lake_690.tif
train	lake	21	lake_695.tif	lake/lake_695.tif	NWPU45_20/train/lake/lake_695.tif
train	meadow	22	meadow_003.tif	meadow/meadow_003.tif	NWPU45_20/train/meadow/meadow_003.tif
train	meadow	22	meadow_006.tif	meadow/meadow_006.tif	NWPU45_20/train/meadow/meadow_006.tif
train	meadow	22	meadow_009.tif	meadow/meadow_009.tif	NWPU45_20/train/meadow/meadow_009.tif
train	meadow	22	meadow_011.tif	meadow/meadow_011.tif	NWPU45_20/train/meadow/meadow_011.tif
train	meadow	22	meadow_014.tif	meadow/meadow_014.tif	NWPU45_20/train/meadow/meadow_014.tif
train	meadow	22	meadow_015.tif	meadow/meadow_015.tif	NWPU45_20/train/meadow/meadow_015.tif
train	meadow	22	meadow_016.tif	meadow/meadow_016.tif	NWPU45_20/train/meadow/meadow_016.tif
train	meadow	22	meadow_025.tif	meadow/meadow_025.tif	NWPU45_20/train/meadow/meadow_025.tif
train	meadow	22	meadow_029.tif	meadow/meadow_029.tif	NWPU45_20/train/meadow/meadow_029.tif
train	meadow	22	meadow_034.tif	meadow/meadow_034.tif	NWPU45_20/train/meadow/meadow_034.tif
train	meadow	22	meadow_040.tif	meadow/meadow_040.tif	NWPU45_20/train/meadow/meadow_040.tif
train	meadow	22	meadow_041.tif	meadow/meadow_041.tif	NWPU45_20/train/meadow/meadow_041.tif
train	meadow	22	meadow_043.tif	meadow/meadow_043.tif	NWPU45_20/train/meadow/meadow_043.tif
train	meadow	22	meadow_057.tif	meadow/meadow_057.tif	NWPU45_20/train/meadow/meadow_057.tif
train	meadow	22	meadow_059.tif	meadow/meadow_059.tif	NWPU45_20/train/meadow/meadow_059.tif
train	meadow	22	meadow_064.tif	meadow/meadow_064.tif	NWPU45_20/train/meadow/meadow_064.tif
train	meadow	22	meadow_065.tif	meadow/meadow_065.tif	NWPU45_20/train/meadow/meadow_065.tif
train	meadow	22	meadow_070.tif	meadow/meadow_070.tif	NWPU45_20/train/meadow/meadow_070.tif
train	meadow	22	meadow_075.tif	meadow/meadow_075.tif	NWPU45_20/train/meadow/meadow_075.tif
train	meadow	22	meadow_079.tif	meadow/meadow_079.tif	NWPU45_20/train/meadow/meadow_079.tif
train	meadow	22	meadow_087.tif	meadow/meadow_087.tif	NWPU45_20/train/meadow/meadow_087.tif
train	meadow	22	meadow_093.tif	meadow/meadow_093.tif	NWPU45_20/train/meadow/meadow_093.tif
train	meadow	22	meadow_097.tif	meadow/meadow_097.tif	NWPU45_20/train/meadow/meadow_097.tif
train	meadow	22	meadow_101.tif	meadow/meadow_101.tif	NWPU45_20/train/meadow/meadow_101.tif
train	meadow	22	meadow_102.tif	meadow/meadow_102.tif	NWPU45_20/train/meadow/meadow_102.tif
train	meadow	22	meadow_106.tif	meadow/meadow_106.tif	NWPU45_20/train/meadow/meadow_106.tif
train	meadow	22	meadow_107.tif	meadow/meadow_107.tif	NWPU45_20/train/meadow/meadow_107.tif
train	meadow	22	meadow_116.tif	meadow/meadow_116.tif	NWPU45_20/train/meadow/meadow_116.tif
train	meadow	22	meadow_119.tif	meadow/meadow_119.tif	NWPU45_20/train/meadow/meadow_119.tif
train	meadow	22	meadow_133.tif	meadow/meadow_133.tif	NWPU45_20/train/meadow/meadow_133.tif
train	meadow	22	meadow_139.tif	meadow/meadow_139.tif	NWPU45_20/train/meadow/meadow_139.tif
train	meadow	22	meadow_144.tif	meadow/meadow_144.tif	NWPU45_20/train/meadow/meadow_144.tif
train	meadow	22	meadow_150.tif	meadow/meadow_150.tif	NWPU45_20/train/meadow/meadow_150.tif
train	meadow	22	meadow_151.tif	meadow/meadow_151.tif	NWPU45_20/train/meadow/meadow_151.tif
train	meadow	22	meadow_159.tif	meadow/meadow_159.tif	NWPU45_20/train/meadow/meadow_159.tif
train	meadow	22	meadow_173.tif	meadow/meadow_173.tif	NWPU45_20/train/meadow/meadow_173.tif
train	meadow	22	meadow_175.tif	meadow/meadow_175.tif	NWPU45_20/train/meadow/meadow_175.tif
train	meadow	22	meadow_177.tif	meadow/meadow_177.tif	NWPU45_20/train/meadow/meadow_177.tif
train	meadow	22	meadow_178.tif	meadow/meadow_178.tif	NWPU45_20/train/meadow/meadow_178.tif
train	meadow	22	meadow_181.tif	meadow/meadow_181.tif	NWPU45_20/train/meadow/meadow_181.tif
train	meadow	22	meadow_186.tif	meadow/meadow_186.tif	NWPU45_20/train/meadow/meadow_186.tif
train	meadow	22	meadow_191.tif	meadow/meadow_191.tif	NWPU45_20/train/meadow/meadow_191.tif
train	meadow	22	meadow_193.tif	meadow/meadow_193.tif	NWPU45_20/train/meadow/meadow_193.tif
train	meadow	22	meadow_194.tif	meadow/meadow_194.tif	NWPU45_20/train/meadow/meadow_194.tif
train	meadow	22	meadow_199.tif	meadow/meadow_199.tif	NWPU45_20/train/meadow/meadow_199.tif
train	meadow	22	meadow_201.tif	meadow/meadow_201.tif	NWPU45_20/train/meadow/meadow_201.tif
train	meadow	22	meadow_205.tif	meadow/meadow_205.tif	NWPU45_20/train/meadow/meadow_205.tif
train	meadow	22	meadow_208.tif	meadow/meadow_208.tif	NWPU45_20/train/meadow/meadow_208.tif
train	meadow	22	meadow_210.tif	meadow/meadow_210.tif	NWPU45_20/train/meadow/meadow_210.tif
train	meadow	22	meadow_213.tif	meadow/meadow_213.tif	NWPU45_20/train/meadow/meadow_213.tif
train	meadow	22	meadow_228.tif	meadow/meadow_228.tif	NWPU45_20/train/meadow/meadow_228.tif
train	meadow	22	meadow_242.tif	meadow/meadow_242.tif	NWPU45_20/train/meadow/meadow_242.tif
train	meadow	22	meadow_244.tif	meadow/meadow_244.tif	NWPU45_20/train/meadow/meadow_244.tif
train	meadow	22	meadow_256.tif	meadow/meadow_256.tif	NWPU45_20/train/meadow/meadow_256.tif
train	meadow	22	meadow_257.tif	meadow/meadow_257.tif	NWPU45_20/train/meadow/meadow_257.tif
train	meadow	22	meadow_266.tif	meadow/meadow_266.tif	NWPU45_20/train/meadow/meadow_266.tif
train	meadow	22	meadow_267.tif	meadow/meadow_267.tif	NWPU45_20/train/meadow/meadow_267.tif
train	meadow	22	meadow_269.tif	meadow/meadow_269.tif	NWPU45_20/train/meadow/meadow_269.tif
train	meadow	22	meadow_273.tif	meadow/meadow_273.tif	NWPU45_20/train/meadow/meadow_273.tif
train	meadow	22	meadow_281.tif	meadow/meadow_281.tif	NWPU45_20/train/meadow/meadow_281.tif
train	meadow	22	meadow_294.tif	meadow/meadow_294.tif	NWPU45_20/train/meadow/meadow_294.tif
train	meadow	22	meadow_308.tif	meadow/meadow_308.tif	NWPU45_20/train/meadow/meadow_308.tif
train	meadow	22	meadow_309.tif	meadow/meadow_309.tif	NWPU45_20/train/meadow/meadow_309.tif
train	meadow	22	meadow_311.tif	meadow/meadow_311.tif	NWPU45_20/train/meadow/meadow_311.tif
train	meadow	22	meadow_312.tif	meadow/meadow_312.tif	NWPU45_20/train/meadow/meadow_312.tif
train	meadow	22	meadow_313.tif	meadow/meadow_313.tif	NWPU45_20/train/meadow/meadow_313.tif
train	meadow	22	meadow_316.tif	meadow/meadow_316.tif	NWPU45_20/train/meadow/meadow_316.tif
train	meadow	22	meadow_317.tif	meadow/meadow_317.tif	NWPU45_20/train/meadow/meadow_317.tif
train	meadow	22	meadow_322.tif	meadow/meadow_322.tif	NWPU45_20/train/meadow/meadow_322.tif
train	meadow	22	meadow_325.tif	meadow/meadow_325.tif	NWPU45_20/train/meadow/meadow_325.tif
train	meadow	22	meadow_327.tif	meadow/meadow_327.tif	NWPU45_20/train/meadow/meadow_327.tif
train	meadow	22	meadow_329.tif	meadow/meadow_329.tif	NWPU45_20/train/meadow/meadow_329.tif
train	meadow	22	meadow_336.tif	meadow/meadow_336.tif	NWPU45_20/train/meadow/meadow_336.tif
train	meadow	22	meadow_342.tif	meadow/meadow_342.tif	NWPU45_20/train/meadow/meadow_342.tif
train	meadow	22	meadow_348.tif	meadow/meadow_348.tif	NWPU45_20/train/meadow/meadow_348.tif
train	meadow	22	meadow_351.tif	meadow/meadow_351.tif	NWPU45_20/train/meadow/meadow_351.tif
train	meadow	22	meadow_354.tif	meadow/meadow_354.tif	NWPU45_20/train/meadow/meadow_354.tif
train	meadow	22	meadow_360.tif	meadow/meadow_360.tif	NWPU45_20/train/meadow/meadow_360.tif
train	meadow	22	meadow_365.tif	meadow/meadow_365.tif	NWPU45_20/train/meadow/meadow_365.tif
train	meadow	22	meadow_366.tif	meadow/meadow_366.tif	NWPU45_20/train/meadow/meadow_366.tif
train	meadow	22	meadow_367.tif	meadow/meadow_367.tif	NWPU45_20/train/meadow/meadow_367.tif
train	meadow	22	meadow_376.tif	meadow/meadow_376.tif	NWPU45_20/train/meadow/meadow_376.tif
train	meadow	22	meadow_379.tif	meadow/meadow_379.tif	NWPU45_20/train/meadow/meadow_379.tif
train	meadow	22	meadow_381.tif	meadow/meadow_381.tif	NWPU45_20/train/meadow/meadow_381.tif
train	meadow	22	meadow_385.tif	meadow/meadow_385.tif	NWPU45_20/train/meadow/meadow_385.tif
train	meadow	22	meadow_387.tif	meadow/meadow_387.tif	NWPU45_20/train/meadow/meadow_387.tif
train	meadow	22	meadow_396.tif	meadow/meadow_396.tif	NWPU45_20/train/meadow/meadow_396.tif
train	meadow	22	meadow_397.tif	meadow/meadow_397.tif	NWPU45_20/train/meadow/meadow_397.tif
train	meadow	22	meadow_399.tif	meadow/meadow_399.tif	NWPU45_20/train/meadow/meadow_399.tif
train	meadow	22	meadow_415.tif	meadow/meadow_415.tif	NWPU45_20/train/meadow/meadow_415.tif
train	meadow	22	meadow_416.tif	meadow/meadow_416.tif	NWPU45_20/train/meadow/meadow_416.tif
train	meadow	22	meadow_417.tif	meadow/meadow_417.tif	NWPU45_20/train/meadow/meadow_417.tif
train	meadow	22	meadow_418.tif	meadow/meadow_418.tif	NWPU45_20/train/meadow/meadow_418.tif
train	meadow	22	meadow_420.tif	meadow/meadow_420.tif	NWPU45_20/train/meadow/meadow_420.tif
train	meadow	22	meadow_421.tif	meadow/meadow_421.tif	NWPU45_20/train/meadow/meadow_421.tif
train	meadow	22	meadow_427.tif	meadow/meadow_427.tif	NWPU45_20/train/meadow/meadow_427.tif
train	meadow	22	meadow_454.tif	meadow/meadow_454.tif	NWPU45_20/train/meadow/meadow_454.tif
train	meadow	22	meadow_455.tif	meadow/meadow_455.tif	NWPU45_20/train/meadow/meadow_455.tif
train	meadow	22	meadow_459.tif	meadow/meadow_459.tif	NWPU45_20/train/meadow/meadow_459.tif
train	meadow	22	meadow_468.tif	meadow/meadow_468.tif	NWPU45_20/train/meadow/meadow_468.tif
train	meadow	22	meadow_473.tif	meadow/meadow_473.tif	NWPU45_20/train/meadow/meadow_473.tif
train	meadow	22	meadow_476.tif	meadow/meadow_476.tif	NWPU45_20/train/meadow/meadow_476.tif
train	meadow	22	meadow_478.tif	meadow/meadow_478.tif	NWPU45_20/train/meadow/meadow_478.tif
train	meadow	22	meadow_491.tif	meadow/meadow_491.tif	NWPU45_20/train/meadow/meadow_491.tif
train	meadow	22	meadow_497.tif	meadow/meadow_497.tif	NWPU45_20/train/meadow/meadow_497.tif
train	meadow	22	meadow_505.tif	meadow/meadow_505.tif	NWPU45_20/train/meadow/meadow_505.tif
train	meadow	22	meadow_508.tif	meadow/meadow_508.tif	NWPU45_20/train/meadow/meadow_508.tif
train	meadow	22	meadow_509.tif	meadow/meadow_509.tif	NWPU45_20/train/meadow/meadow_509.tif
train	meadow	22	meadow_516.tif	meadow/meadow_516.tif	NWPU45_20/train/meadow/meadow_516.tif
train	meadow	22	meadow_521.tif	meadow/meadow_521.tif	NWPU45_20/train/meadow/meadow_521.tif
train	meadow	22	meadow_523.tif	meadow/meadow_523.tif	NWPU45_20/train/meadow/meadow_523.tif
train	meadow	22	meadow_527.tif	meadow/meadow_527.tif	NWPU45_20/train/meadow/meadow_527.tif
train	meadow	22	meadow_537.tif	meadow/meadow_537.tif	NWPU45_20/train/meadow/meadow_537.tif
train	meadow	22	meadow_539.tif	meadow/meadow_539.tif	NWPU45_20/train/meadow/meadow_539.tif
train	meadow	22	meadow_543.tif	meadow/meadow_543.tif	NWPU45_20/train/meadow/meadow_543.tif
train	meadow	22	meadow_558.tif	meadow/meadow_558.tif	NWPU45_20/train/meadow/meadow_558.tif
train	meadow	22	meadow_560.tif	meadow/meadow_560.tif	NWPU45_20/train/meadow/meadow_560.tif
train	meadow	22	meadow_563.tif	meadow/meadow_563.tif	NWPU45_20/train/meadow/meadow_563.tif
train	meadow	22	meadow_570.tif	meadow/meadow_570.tif	NWPU45_20/train/meadow/meadow_570.tif
train	meadow	22	meadow_572.tif	meadow/meadow_572.tif	NWPU45_20/train/meadow/meadow_572.tif
train	meadow	22	meadow_574.tif	meadow/meadow_574.tif	NWPU45_20/train/meadow/meadow_574.tif
train	meadow	22	meadow_579.tif	meadow/meadow_579.tif	NWPU45_20/train/meadow/meadow_579.tif
train	meadow	22	meadow_582.tif	meadow/meadow_582.tif	NWPU45_20/train/meadow/meadow_582.tif
train	meadow	22	meadow_584.tif	meadow/meadow_584.tif	NWPU45_20/train/meadow/meadow_584.tif
train	meadow	22	meadow_587.tif	meadow/meadow_587.tif	NWPU45_20/train/meadow/meadow_587.tif
train	meadow	22	meadow_588.tif	meadow/meadow_588.tif	NWPU45_20/train/meadow/meadow_588.tif
train	meadow	22	meadow_595.tif	meadow/meadow_595.tif	NWPU45_20/train/meadow/meadow_595.tif
train	meadow	22	meadow_621.tif	meadow/meadow_621.tif	NWPU45_20/train/meadow/meadow_621.tif
train	meadow	22	meadow_630.tif	meadow/meadow_630.tif	NWPU45_20/train/meadow/meadow_630.tif
train	meadow	22	meadow_631.tif	meadow/meadow_631.tif	NWPU45_20/train/meadow/meadow_631.tif
train	meadow	22	meadow_635.tif	meadow/meadow_635.tif	NWPU45_20/train/meadow/meadow_635.tif
train	meadow	22	meadow_640.tif	meadow/meadow_640.tif	NWPU45_20/train/meadow/meadow_640.tif
train	meadow	22	meadow_641.tif	meadow/meadow_641.tif	NWPU45_20/train/meadow/meadow_641.tif
train	meadow	22	meadow_643.tif	meadow/meadow_643.tif	NWPU45_20/train/meadow/meadow_643.tif
train	meadow	22	meadow_660.tif	meadow/meadow_660.tif	NWPU45_20/train/meadow/meadow_660.tif
train	meadow	22	meadow_662.tif	meadow/meadow_662.tif	NWPU45_20/train/meadow/meadow_662.tif
train	meadow	22	meadow_673.tif	meadow/meadow_673.tif	NWPU45_20/train/meadow/meadow_673.tif
train	meadow	22	meadow_674.tif	meadow/meadow_674.tif	NWPU45_20/train/meadow/meadow_674.tif
train	meadow	22	meadow_690.tif	meadow/meadow_690.tif	NWPU45_20/train/meadow/meadow_690.tif
train	meadow	22	meadow_695.tif	meadow/meadow_695.tif	NWPU45_20/train/meadow/meadow_695.tif
train	medium_residential	23	medium_residential_003.tif	medium_residential/medium_residential_003.tif	NWPU45_20/train/medium_residential/medium_residential_003.tif
train	medium_residential	23	medium_residential_006.tif	medium_residential/medium_residential_006.tif	NWPU45_20/train/medium_residential/medium_residential_006.tif
train	medium_residential	23	medium_residential_009.tif	medium_residential/medium_residential_009.tif	NWPU45_20/train/medium_residential/medium_residential_009.tif
train	medium_residential	23	medium_residential_011.tif	medium_residential/medium_residential_011.tif	NWPU45_20/train/medium_residential/medium_residential_011.tif
train	medium_residential	23	medium_residential_014.tif	medium_residential/medium_residential_014.tif	NWPU45_20/train/medium_residential/medium_residential_014.tif
train	medium_residential	23	medium_residential_015.tif	medium_residential/medium_residential_015.tif	NWPU45_20/train/medium_residential/medium_residential_015.tif
train	medium_residential	23	medium_residential_016.tif	medium_residential/medium_residential_016.tif	NWPU45_20/train/medium_residential/medium_residential_016.tif
train	medium_residential	23	medium_residential_025.tif	medium_residential/medium_residential_025.tif	NWPU45_20/train/medium_residential/medium_residential_025.tif
train	medium_residential	23	medium_residential_029.tif	medium_residential/medium_residential_029.tif	NWPU45_20/train/medium_residential/medium_residential_029.tif
train	medium_residential	23	medium_residential_034.tif	medium_residential/medium_residential_034.tif	NWPU45_20/train/medium_residential/medium_residential_034.tif
train	medium_residential	23	medium_residential_040.tif	medium_residential/medium_residential_040.tif	NWPU45_20/train/medium_residential/medium_residential_040.tif
train	medium_residential	23	medium_residential_041.tif	medium_residential/medium_residential_041.tif	NWPU45_20/train/medium_residential/medium_residential_041.tif
train	medium_residential	23	medium_residential_043.tif	medium_residential/medium_residential_043.tif	NWPU45_20/train/medium_residential/medium_residential_043.tif
train	medium_residential	23	medium_residential_057.tif	medium_residential/medium_residential_057.tif	NWPU45_20/train/medium_residential/medium_residential_057.tif
train	medium_residential	23	medium_residential_059.tif	medium_residential/medium_residential_059.tif	NWPU45_20/train/medium_residential/medium_residential_059.tif
train	medium_residential	23	medium_residential_064.tif	medium_residential/medium_residential_064.tif	NWPU45_20/train/medium_residential/medium_residential_064.tif
train	medium_residential	23	medium_residential_065.tif	medium_residential/medium_residential_065.tif	NWPU45_20/train/medium_residential/medium_residential_065.tif
train	medium_residential	23	medium_residential_070.tif	medium_residential/medium_residential_070.tif	NWPU45_20/train/medium_residential/medium_residential_070.tif
train	medium_residential	23	medium_residential_075.tif	medium_residential/medium_residential_075.tif	NWPU45_20/train/medium_residential/medium_residential_075.tif
train	medium_residential	23	medium_residential_079.tif	medium_residential/medium_residential_079.tif	NWPU45_20/train/medium_residential/medium_residential_079.tif
train	medium_residential	23	medium_residential_087.tif	medium_residential/medium_residential_087.tif	NWPU45_20/train/medium_residential/medium_residential_087.tif
train	medium_residential	23	medium_residential_093.tif	medium_residential/medium_residential_093.tif	NWPU45_20/train/medium_residential/medium_residential_093.tif
train	medium_residential	23	medium_residential_097.tif	medium_residential/medium_residential_097.tif	NWPU45_20/train/medium_residential/medium_residential_097.tif
train	medium_residential	23	medium_residential_101.tif	medium_residential/medium_residential_101.tif	NWPU45_20/train/medium_residential/medium_residential_101.tif
train	medium_residential	23	medium_residential_102.tif	medium_residential/medium_residential_102.tif	NWPU45_20/train/medium_residential/medium_residential_102.tif
train	medium_residential	23	medium_residential_106.tif	medium_residential/medium_residential_106.tif	NWPU45_20/train/medium_residential/medium_residential_106.tif
train	medium_residential	23	medium_residential_107.tif	medium_residential/medium_residential_107.tif	NWPU45_20/train/medium_residential/medium_residential_107.tif
train	medium_residential	23	medium_residential_116.tif	medium_residential/medium_residential_116.tif	NWPU45_20/train/medium_residential/medium_residential_116.tif
train	medium_residential	23	medium_residential_119.tif	medium_residential/medium_residential_119.tif	NWPU45_20/train/medium_residential/medium_residential_119.tif
train	medium_residential	23	medium_residential_133.tif	medium_residential/medium_residential_133.tif	NWPU45_20/train/medium_residential/medium_residential_133.tif
train	medium_residential	23	medium_residential_139.tif	medium_residential/medium_residential_139.tif	NWPU45_20/train/medium_residential/medium_residential_139.tif
train	medium_residential	23	medium_residential_144.tif	medium_residential/medium_residential_144.tif	NWPU45_20/train/medium_residential/medium_residential_144.tif
train	medium_residential	23	medium_residential_150.tif	medium_residential/medium_residential_150.tif	NWPU45_20/train/medium_residential/medium_residential_150.tif
train	medium_residential	23	medium_residential_151.tif	medium_residential/medium_residential_151.tif	NWPU45_20/train/medium_residential/medium_residential_151.tif
train	medium_residential	23	medium_residential_159.tif	medium_residential/medium_residential_159.tif	NWPU45_20/train/medium_residential/medium_residential_159.tif
train	medium_residential	23	medium_residential_173.tif	medium_residential/medium_residential_173.tif	NWPU45_20/train/medium_residential/medium_residential_173.tif
train	medium_residential	23	medium_residential_175.tif	medium_residential/medium_residential_175.tif	NWPU45_20/train/medium_residential/medium_residential_175.tif
train	medium_residential	23	medium_residential_177.tif	medium_residential/medium_residential_177.tif	NWPU45_20/train/medium_residential/medium_residential_177.tif
train	medium_residential	23	medium_residential_178.tif	medium_residential/medium_residential_178.tif	NWPU45_20/train/medium_residential/medium_residential_178.tif
train	medium_residential	23	medium_residential_181.tif	medium_residential/medium_residential_181.tif	NWPU45_20/train/medium_residential/medium_residential_181.tif
train	medium_residential	23	medium_residential_186.tif	medium_residential/medium_residential_186.tif	NWPU45_20/train/medium_residential/medium_residential_186.tif
train	medium_residential	23	medium_residential_191.tif	medium_residential/medium_residential_191.tif	NWPU45_20/train/medium_residential/medium_residential_191.tif
train	medium_residential	23	medium_residential_193.tif	medium_residential/medium_residential_193.tif	NWPU45_20/train/medium_residential/medium_residential_193.tif
train	medium_residential	23	medium_residential_194.tif	medium_residential/medium_residential_194.tif	NWPU45_20/train/medium_residential/medium_residential_194.tif
train	medium_residential	23	medium_residential_199.tif	medium_residential/medium_residential_199.tif	NWPU45_20/train/medium_residential/medium_residential_199.tif
train	medium_residential	23	medium_residential_201.tif	medium_residential/medium_residential_201.tif	NWPU45_20/train/medium_residential/medium_residential_201.tif
train	medium_residential	23	medium_residential_205.tif	medium_residential/medium_residential_205.tif	NWPU45_20/train/medium_residential/medium_residential_205.tif
train	medium_residential	23	medium_residential_208.tif	medium_residential/medium_residential_208.tif	NWPU45_20/train/medium_residential/medium_residential_208.tif
train	medium_residential	23	medium_residential_210.tif	medium_residential/medium_residential_210.tif	NWPU45_20/train/medium_residential/medium_residential_210.tif
train	medium_residential	23	medium_residential_213.tif	medium_residential/medium_residential_213.tif	NWPU45_20/train/medium_residential/medium_residential_213.tif
train	medium_residential	23	medium_residential_228.tif	medium_residential/medium_residential_228.tif	NWPU45_20/train/medium_residential/medium_residential_228.tif
train	medium_residential	23	medium_residential_242.tif	medium_residential/medium_residential_242.tif	NWPU45_20/train/medium_residential/medium_residential_242.tif
train	medium_residential	23	medium_residential_244.tif	medium_residential/medium_residential_244.tif	NWPU45_20/train/medium_residential/medium_residential_244.tif
train	medium_residential	23	medium_residential_256.tif	medium_residential/medium_residential_256.tif	NWPU45_20/train/medium_residential/medium_residential_256.tif
train	medium_residential	23	medium_residential_257.tif	medium_residential/medium_residential_257.tif	NWPU45_20/train/medium_residential/medium_residential_257.tif
train	medium_residential	23	medium_residential_266.tif	medium_residential/medium_residential_266.tif	NWPU45_20/train/medium_residential/medium_residential_266.tif
train	medium_residential	23	medium_residential_267.tif	medium_residential/medium_residential_267.tif	NWPU45_20/train/medium_residential/medium_residential_267.tif
train	medium_residential	23	medium_residential_269.tif	medium_residential/medium_residential_269.tif	NWPU45_20/train/medium_residential/medium_residential_269.tif
train	medium_residential	23	medium_residential_273.tif	medium_residential/medium_residential_273.tif	NWPU45_20/train/medium_residential/medium_residential_273.tif
train	medium_residential	23	medium_residential_281.tif	medium_residential/medium_residential_281.tif	NWPU45_20/train/medium_residential/medium_residential_281.tif
train	medium_residential	23	medium_residential_294.tif	medium_residential/medium_residential_294.tif	NWPU45_20/train/medium_residential/medium_residential_294.tif
train	medium_residential	23	medium_residential_308.tif	medium_residential/medium_residential_308.tif	NWPU45_20/train/medium_residential/medium_residential_308.tif
train	medium_residential	23	medium_residential_309.tif	medium_residential/medium_residential_309.tif	NWPU45_20/train/medium_residential/medium_residential_309.tif
train	medium_residential	23	medium_residential_311.tif	medium_residential/medium_residential_311.tif	NWPU45_20/train/medium_residential/medium_residential_311.tif
train	medium_residential	23	medium_residential_312.tif	medium_residential/medium_residential_312.tif	NWPU45_20/train/medium_residential/medium_residential_312.tif
train	medium_residential	23	medium_residential_313.tif	medium_residential/medium_residential_313.tif	NWPU45_20/train/medium_residential/medium_residential_313.tif
train	medium_residential	23	medium_residential_316.tif	medium_residential/medium_residential_316.tif	NWPU45_20/train/medium_residential/medium_residential_316.tif
train	medium_residential	23	medium_residential_317.tif	medium_residential/medium_residential_317.tif	NWPU45_20/train/medium_residential/medium_residential_317.tif
train	medium_residential	23	medium_residential_322.tif	medium_residential/medium_residential_322.tif	NWPU45_20/train/medium_residential/medium_residential_322.tif
train	medium_residential	23	medium_residential_325.tif	medium_residential/medium_residential_325.tif	NWPU45_20/train/medium_residential/medium_residential_325.tif
train	medium_residential	23	medium_residential_327.tif	medium_residential/medium_residential_327.tif	NWPU45_20/train/medium_residential/medium_residential_327.tif
train	medium_residential	23	medium_residential_329.tif	medium_residential/medium_residential_329.tif	NWPU45_20/train/medium_residential/medium_residential_329.tif
train	medium_residential	23	medium_residential_336.tif	medium_residential/medium_residential_336.tif	NWPU45_20/train/medium_residential/medium_residential_336.tif
train	medium_residential	23	medium_residential_342.tif	medium_residential/medium_residential_342.tif	NWPU45_20/train/medium_residential/medium_residential_342.tif
train	medium_residential	23	medium_residential_348.tif	medium_residential/medium_residential_348.tif	NWPU45_20/train/medium_residential/medium_residential_348.tif
train	medium_residential	23	medium_residential_351.tif	medium_residential/medium_residential_351.tif	NWPU45_20/train/medium_residential/medium_residential_351.tif
train	medium_residential	23	medium_residential_354.tif	medium_residential/medium_residential_354.tif	NWPU45_20/train/medium_residential/medium_residential_354.tif
train	medium_residential	23	medium_residential_360.tif	medium_residential/medium_residential_360.tif	NWPU45_20/train/medium_residential/medium_residential_360.tif
train	medium_residential	23	medium_residential_365.tif	medium_residential/medium_residential_365.tif	NWPU45_20/train/medium_residential/medium_residential_365.tif
train	medium_residential	23	medium_residential_366.tif	medium_residential/medium_residential_366.tif	NWPU45_20/train/medium_residential/medium_residential_366.tif
train	medium_residential	23	medium_residential_367.tif	medium_residential/medium_residential_367.tif	NWPU45_20/train/medium_residential/medium_residential_367.tif
train	medium_residential	23	medium_residential_376.tif	medium_residential/medium_residential_376.tif	NWPU45_20/train/medium_residential/medium_residential_376.tif
train	medium_residential	23	medium_residential_379.tif	medium_residential/medium_residential_379.tif	NWPU45_20/train/medium_residential/medium_residential_379.tif
train	medium_residential	23	medium_residential_381.tif	medium_residential/medium_residential_381.tif	NWPU45_20/train/medium_residential/medium_residential_381.tif
train	medium_residential	23	medium_residential_385.tif	medium_residential/medium_residential_385.tif	NWPU45_20/train/medium_residential/medium_residential_385.tif
train	medium_residential	23	medium_residential_387.tif	medium_residential/medium_residential_387.tif	NWPU45_20/train/medium_residential/medium_residential_387.tif
train	medium_residential	23	medium_residential_396.tif	medium_residential/medium_residential_396.tif	NWPU45_20/train/medium_residential/medium_residential_396.tif
train	medium_residential	23	medium_residential_397.tif	medium_residential/medium_residential_397.tif	NWPU45_20/train/medium_residential/medium_residential_397.tif
train	medium_residential	23	medium_residential_399.tif	medium_residential/medium_residential_399.tif	NWPU45_20/train/medium_residential/medium_residential_399.tif
train	medium_residential	23	medium_residential_415.tif	medium_residential/medium_residential_415.tif	NWPU45_20/train/medium_residential/medium_residential_415.tif
train	medium_residential	23	medium_residential_416.tif	medium_residential/medium_residential_416.tif	NWPU45_20/train/medium_residential/medium_residential_416.tif
train	medium_residential	23	medium_residential_417.tif	medium_residential/medium_residential_417.tif	NWPU45_20/train/medium_residential/medium_residential_417.tif
train	medium_residential	23	medium_residential_418.tif	medium_residential/medium_residential_418.tif	NWPU45_20/train/medium_residential/medium_residential_418.tif
train	medium_residential	23	medium_residential_420.tif	medium_residential/medium_residential_420.tif	NWPU45_20/train/medium_residential/medium_residential_420.tif
train	medium_residential	23	medium_residential_421.tif	medium_residential/medium_residential_421.tif	NWPU45_20/train/medium_residential/medium_residential_421.tif
train	medium_residential	23	medium_residential_427.tif	medium_residential/medium_residential_427.tif	NWPU45_20/train/medium_residential/medium_residential_427.tif
train	medium_residential	23	medium_residential_454.tif	medium_residential/medium_residential_454.tif	NWPU45_20/train/medium_residential/medium_residential_454.tif
train	medium_residential	23	medium_residential_455.tif	medium_residential/medium_residential_455.tif	NWPU45_20/train/medium_residential/medium_residential_455.tif
train	medium_residential	23	medium_residential_459.tif	medium_residential/medium_residential_459.tif	NWPU45_20/train/medium_residential/medium_residential_459.tif
train	medium_residential	23	medium_residential_468.tif	medium_residential/medium_residential_468.tif	NWPU45_20/train/medium_residential/medium_residential_468.tif
train	medium_residential	23	medium_residential_473.tif	medium_residential/medium_residential_473.tif	NWPU45_20/train/medium_residential/medium_residential_473.tif
train	medium_residential	23	medium_residential_476.tif	medium_residential/medium_residential_476.tif	NWPU45_20/train/medium_residential/medium_residential_476.tif
train	medium_residential	23	medium_residential_478.tif	medium_residential/medium_residential_478.tif	NWPU45_20/train/medium_residential/medium_residential_478.tif
train	medium_residential	23	medium_residential_491.tif	medium_residential/medium_residential_491.tif	NWPU45_20/train/medium_residential/medium_residential_491.tif
train	medium_residential	23	medium_residential_497.tif	medium_residential/medium_residential_497.tif	NWPU45_20/train/medium_residential/medium_residential_497.tif
train	medium_residential	23	medium_residential_505.tif	medium_residential/medium_residential_505.tif	NWPU45_20/train/medium_residential/medium_residential_505.tif
train	medium_residential	23	medium_residential_508.tif	medium_residential/medium_residential_508.tif	NWPU45_20/train/medium_residential/medium_residential_508.tif
train	medium_residential	23	medium_residential_509.tif	medium_residential/medium_residential_509.tif	NWPU45_20/train/medium_residential/medium_residential_509.tif
train	medium_residential	23	medium_residential_516.tif	medium_residential/medium_residential_516.tif	NWPU45_20/train/medium_residential/medium_residential_516.tif
train	medium_residential	23	medium_residential_521.tif	medium_residential/medium_residential_521.tif	NWPU45_20/train/medium_residential/medium_residential_521.tif
train	medium_residential	23	medium_residential_523.tif	medium_residential/medium_residential_523.tif	NWPU45_20/train/medium_residential/medium_residential_523.tif
train	medium_residential	23	medium_residential_527.tif	medium_residential/medium_residential_527.tif	NWPU45_20/train/medium_residential/medium_residential_527.tif
train	medium_residential	23	medium_residential_537.tif	medium_residential/medium_residential_537.tif	NWPU45_20/train/medium_residential/medium_residential_537.tif
train	medium_residential	23	medium_residential_539.tif	medium_residential/medium_residential_539.tif	NWPU45_20/train/medium_residential/medium_residential_539.tif
train	medium_residential	23	medium_residential_543.tif	medium_residential/medium_residential_543.tif	NWPU45_20/train/medium_residential/medium_residential_543.tif
train	medium_residential	23	medium_residential_558.tif	medium_residential/medium_residential_558.tif	NWPU45_20/train/medium_residential/medium_residential_558.tif
train	medium_residential	23	medium_residential_560.tif	medium_residential/medium_residential_560.tif	NWPU45_20/train/medium_residential/medium_residential_560.tif
train	medium_residential	23	medium_residential_563.tif	medium_residential/medium_residential_563.tif	NWPU45_20/train/medium_residential/medium_residential_563.tif
train	medium_residential	23	medium_residential_570.tif	medium_residential/medium_residential_570.tif	NWPU45_20/train/medium_residential/medium_residential_570.tif
train	medium_residential	23	medium_residential_572.tif	medium_residential/medium_residential_572.tif	NWPU45_20/train/medium_residential/medium_residential_572.tif
train	medium_residential	23	medium_residential_574.tif	medium_residential/medium_residential_574.tif	NWPU45_20/train/medium_residential/medium_residential_574.tif
train	medium_residential	23	medium_residential_579.tif	medium_residential/medium_residential_579.tif	NWPU45_20/train/medium_residential/medium_residential_579.tif
train	medium_residential	23	medium_residential_582.tif	medium_residential/medium_residential_582.tif	NWPU45_20/train/medium_residential/medium_residential_582.tif
train	medium_residential	23	medium_residential_584.tif	medium_residential/medium_residential_584.tif	NWPU45_20/train/medium_residential/medium_residential_584.tif
train	medium_residential	23	medium_residential_587.tif	medium_residential/medium_residential_587.tif	NWPU45_20/train/medium_residential/medium_residential_587.tif
train	medium_residential	23	medium_residential_588.tif	medium_residential/medium_residential_588.tif	NWPU45_20/train/medium_residential/medium_residential_588.tif
train	medium_residential	23	medium_residential_595.tif	medium_residential/medium_residential_595.tif	NWPU45_20/train/medium_residential/medium_residential_595.tif
train	medium_residential	23	medium_residential_621.tif	medium_residential/medium_residential_621.tif	NWPU45_20/train/medium_residential/medium_residential_621.tif
train	medium_residential	23	medium_residential_630.tif	medium_residential/medium_residential_630.tif	NWPU45_20/train/medium_residential/medium_residential_630.tif
train	medium_residential	23	medium_residential_631.tif	medium_residential/medium_residential_631.tif	NWPU45_20/train/medium_residential/medium_residential_631.tif
train	medium_residential	23	medium_residential_635.tif	medium_residential/medium_residential_635.tif	NWPU45_20/train/medium_residential/medium_residential_635.tif
train	medium_residential	23	medium_residential_640.tif	medium_residential/medium_residential_640.tif	NWPU45_20/train/medium_residential/medium_residential_640.tif
train	medium_residential	23	medium_residential_641.tif	medium_residential/medium_residential_641.tif	NWPU45_20/train/medium_residential/medium_residential_641.tif
train	medium_residential	23	medium_residential_643.tif	medium_residential/medium_residential_643.tif	NWPU45_20/train/medium_residential/medium_residential_643.tif
train	medium_residential	23	medium_residential_660.tif	medium_residential/medium_residential_660.tif	NWPU45_20/train/medium_residential/medium_residential_660.tif
train	medium_residential	23	medium_residential_662.tif	medium_residential/medium_residential_662.tif	NWPU45_20/train/medium_residential/medium_residential_662.tif
train	medium_residential	23	medium_residential_673.tif	medium_residential/medium_residential_673.tif	NWPU45_20/train/medium_residential/medium_residential_673.tif
train	medium_residential	23	medium_residential_674.tif	medium_residential/medium_residential_674.tif	NWPU45_20/train/medium_residential/medium_residential_674.tif
train	medium_residential	23	medium_residential_690.tif	medium_residential/medium_residential_690.tif	NWPU45_20/train/medium_residential/medium_residential_690.tif
train	medium_residential	23	medium_residential_695.tif	medium_residential/medium_residential_695.tif	NWPU45_20/train/medium_residential/medium_residential_695.tif
train	mobile_home_park	24	mobile_home_park_003.tif	mobile_home_park/mobile_home_park_003.tif	NWPU45_20/train/mobile_home_park/mobile_home_park_003.tif
train	mobile_home_park	24	mobile_home_park_006.tif	mobile_home_park/mobile_home_park_006.tif	NWPU45_20/train/mobile_home_park/mobile_home_park_006.tif
train	mobile_home_park	24	mobile_home_park_009.tif	mobile_home_park/mobile_home_park_009.tif	NWPU45_20/train/mobile_home_park/mobile_home_park_009.tif
train	mobile_home_park	24	mobile_home_park_011.tif	mobile_home_park/mobile_home_park_011.tif	NWPU45_20/train/mobile_home_park/mobile_home_park_011.tif
train	mobile_home_park	24	mobile_home_park_014.tif	mobile_home_park/mobile_home_park_014.tif	NWPU45_20/train/mobile_home_park/mobile_home_park_014.tif
train	mobile_home_park	24	mobile_home_park_015.tif	mobile_home_park/mobile_home_park_015.tif	NWPU45_20/train/mobile_home_park/mobile_home_park_015.tif
train	mobile_home_park	24	mobile_home_park_016.tif	mobile_home_park/mobile_home_park_016.tif	NWPU45_20/train/mobile_home_park/mobile_home_park_016.tif
train	mobile_home_park	24	mobile_home_park_025.tif	mobile_home_park/mobile_home_park_025.tif	NWPU45_20/train/mobile_home_park/mobile_home_park_025.tif
train	mobile_home_park	24	mobile_home_park_029.tif	mobile_home_park/mobile_home_park_029.tif	NWPU45_20/train/mobile_home_park/mobile_home_park_029.tif
train	mobile_home_park	24	mobile_home_park_034.tif	mobile_home_park/mobile_home_park_034.tif	NWPU45_20/train/mobile_home_park/mobile_home_park_034.tif
train	mobile_home_park	24	mobile_home_park_040.tif	mobile_home_park/mobile_home_park_040.tif	NWPU45_20/train/mobile_home_park/mobile_home_park_040.tif
train	mobile_home_park	24	mobile_home_park_041.tif	mobile_home_park/mobile_home_park_041.tif	NWPU45_20/train/mobile_home_park/mobile_home_park_041.tif
train	mobile_home_park	24	mobile_home_park_043.tif	mobile_home_park/mobile_home_park_043.tif	NWPU45_20/train/mobile_home_park/mobile_home_park_043.tif
train	mobile_home_park	24	mobile_home_park_057.tif	mobile_home_park/mobile_home_park_057.tif	NWPU45_20/train/mobile_home_park/mobile_home_park_057.tif
train	mobile_home_park	24	mobile_home_park_059.tif	mobile_home_park/mobile_home_park_059.tif	NWPU45_20/train/mobile_home_park/mobile_home_park_059.tif
train	mobile_home_park	24	mobile_home_park_064.tif	mobile_home_park/mobile_home_park_064.tif	NWPU45_20/train/mobile_home_park/mobile_home_park_064.tif
train	mobile_home_park	24	mobile_home_park_065.tif	mobile_home_park/mobile_home_park_065.tif	NWPU45_20/train/mobile_home_park/mobile_home_park_065.tif
train	mobile_home_park	24	mobile_home_park_070.tif	mobile_home_park/mobile_home_park_070.tif	NWPU45_20/train/mobile_home_park/mobile_home_park_070.tif
train	mobile_home_park	24	mobile_home_park_075.tif	mobile_home_park/mobile_home_park_075.tif	NWPU45_20/train/mobile_home_park/mobile_home_park_075.tif
train	mobile_home_park	24	mobile_home_park_079.tif	mobile_home_park/mobile_home_park_079.tif	NWPU45_20/train/mobile_home_park/mobile_home_park_079.tif
train	mobile_home_park	24	mobile_home_park_087.tif	mobile_home_park/mobile_home_park_087.tif	NWPU45_20/train/mobile_home_park/mobile_home_park_087.tif
train	mobile_home_park	24	mobile_home_park_093.tif	mobile_home_park/mobile_home_park_093.tif	NWPU45_20/train/mobile_home_park/mobile_home_park_093.tif
train	mobile_home_park	24	mobile_home_park_097.tif	mobile_home_park/mobile_home_park_097.tif	NWPU45_20/train/mobile_home_park/mobile_home_park_097.tif
train	mobile_home_park	24	mobile_home_park_101.tif	mobile_home_park/mobile_home_park_101.tif	NWPU45_20/train/mobile_home_park/mobile_home_park_101.tif
train	mobile_home_park	24	mobile_home_park_102.tif	mobile_home_park/mobile_home_park_102.tif	NWPU45_20/train/mobile_home_park/mobile_home_park_102.tif
train	mobile_home_park	24	mobile_home_park_106.tif	mobile_home_park/mobile_home_park_106.tif	NWPU45_20/train/mobile_home_park/mobile_home_park_106.tif
train	mobile_home_park	24	mobile_home_park_107.tif	mobile_home_park/mobile_home_park_107.tif	NWPU45_20/train/mobile_home_park/mobile_home_park_107.tif
train	mobile_home_park	24	mobile_home_park_116.tif	mobile_home_park/mobile_home_park_116.tif	NWPU45_20/train/mobile_home_park/mobile_home_park_116.tif
train	mobile_home_park	24	mobile_home_park_119.tif	mobile_home_park/mobile_home_park_119.tif	NWPU45_20/train/mobile_home_park/mobile_home_park_119.tif
train	mobile_home_park	24	mobile_home_park_133.tif	mobile_home_park/mobile_home_park_133.tif	NWPU45_20/train/mobile_home_park/mobile_home_park_133.tif
train	mobile_home_park	24	mobile_home_park_139.tif	mobile_home_park/mobile_home_park_139.tif	NWPU45_20/train/mobile_home_park/mobile_home_park_139.tif
train	mobile_home_park	24	mobile_home_park_144.tif	mobile_home_park/mobile_home_park_144.tif	NWPU45_20/train/mobile_home_park/mobile_home_park_144.tif
train	mobile_home_park	24	mobile_home_park_150.tif	mobile_home_park/mobile_home_park_150.tif	NWPU45_20/train/mobile_home_park/mobile_home_park_150.tif
train	mobile_home_park	24	mobile_home_park_151.tif	mobile_home_park/mobile_home_park_151.tif	NWPU45_20/train/mobile_home_park/mobile_home_park_151.tif
train	mobile_home_park	24	mobile_home_park_159.tif	mobile_home_park/mobile_home_park_159.tif	NWPU45_20/train/mobile_home_park/mobile_home_park_159.tif
train	mobile_home_park	24	mobile_home_park_173.tif	mobile_home_park/mobile_home_park_173.tif	NWPU45_20/train/mobile_home_park/mobile_home_park_173.tif
train	mobile_home_park	24	mobile_home_park_175.tif	mobile_home_park/mobile_home_park_175.tif	NWPU45_20/train/mobile_home_park/mobile_home_park_175.tif
train	mobile_home_park	24	mobile_home_park_177.tif	mobile_home_park/mobile_home_park_177.tif	NWPU45_20/train/mobile_home_park/mobile_home_park_177.tif
train	mobile_home_park	24	mobile_home_park_178.tif	mobile_home_park/mobile_home_park_178.tif	NWPU45_20/train/mobile_home_park/mobile_home_park_178.tif
train	mobile_home_park	24	mobile_home_park_181.tif	mobile_home_park/mobile_home_park_181.tif	NWPU45_20/train/mobile_home_park/mobile_home_park_181.tif
train	mobile_home_park	24	mobile_home_park_186.tif	mobile_home_park/mobile_home_park_186.tif	NWPU45_20/train/mobile_home_park/mobile_home_park_186.tif
train	mobile_home_park	24	mobile_home_park_191.tif	mobile_home_park/mobile_home_park_191.tif	NWPU45_20/train/mobile_home_park/mobile_home_park_191.tif
train	mobile_home_park	24	mobile_home_park_193.tif	mobile_home_park/mobile_home_park_193.tif	NWPU45_20/train/mobile_home_park/mobile_home_park_193.tif
train	mobile_home_park	24	mobile_home_park_194.tif	mobile_home_park/mobile_home_park_194.tif	NWPU45_20/train/mobile_home_park/mobile_home_park_194.tif
train	mobile_home_park	24	mobile_home_park_199.tif	mobile_home_park/mobile_home_park_199.tif	NWPU45_20/train/mobile_home_park/mobile_home_park_199.tif
train	mobile_home_park	24	mobile_home_park_201.tif	mobile_home_park/mobile_home_park_201.tif	NWPU45_20/train/mobile_home_park/mobile_home_park_201.tif
train	mobile_home_park	24	mobile_home_park_205.tif	mobile_home_park/mobile_home_park_205.tif	NWPU45_20/train/mobile_home_park/mobile_home_park_205.tif
train	mobile_home_park	24	mobile_home_park_208.tif	mobile_home_park/mobile_home_park_208.tif	NWPU45_20/train/mobile_home_park/mobile_home_park_208.tif
train	mobile_home_park	24	mobile_home_park_210.tif	mobile_home_park/mobile_home_park_210.tif	NWPU45_20/train/mobile_home_park/mobile_home_park_210.tif
train	mobile_home_park	24	mobile_home_park_213.tif	mobile_home_park/mobile_home_park_213.tif	NWPU45_20/train/mobile_home_park/mobile_home_park_213.tif
train	mobile_home_park	24	mobile_home_park_228.tif	mobile_home_park/mobile_home_park_228.tif	NWPU45_20/train/mobile_home_park/mobile_home_park_228.tif
train	mobile_home_park	24	mobile_home_park_242.tif	mobile_home_park/mobile_home_park_242.tif	NWPU45_20/train/mobile_home_park/mobile_home_park_242.tif
train	mobile_home_park	24	mobile_home_park_244.tif	mobile_home_park/mobile_home_park_244.tif	NWPU45_20/train/mobile_home_park/mobile_home_park_244.tif
train	mobile_home_park	24	mobile_home_park_256.tif	mobile_home_park/mobile_home_park_256.tif	NWPU45_20/train/mobile_home_park/mobile_home_park_256.tif
train	mobile_home_park	24	mobile_home_park_257.tif	mobile_home_park/mobile_home_park_257.tif	NWPU45_20/train/mobile_home_park/mobile_home_park_257.tif
train	mobile_home_park	24	mobile_home_park_266.tif	mobile_home_park/mobile_home_park_266.tif	NWPU45_20/train/mobile_home_park/mobile_home_park_266.tif
train	mobile_home_park	24	mobile_home_park_267.tif	mobile_home_park/mobile_home_park_267.tif	NWPU45_20/train/mobile_home_park/mobile_home_park_267.tif
train	mobile_home_park	24	mobile_home_park_269.tif	mobile_home_park/mobile_home_park_269.tif	NWPU45_20/train/mobile_home_park/mobile_home_park_269.tif
train	mobile_home_park	24	mobile_home_park_273.tif	mobile_home_park/mobile_home_park_273.tif	NWPU45_20/train/mobile_home_park/mobile_home_park_273.tif
train	mobile_home_park	24	mobile_home_park_281.tif	mobile_home_park/mobile_home_park_281.tif	NWPU45_20/train/mobile_home_park/mobile_home_park_281.tif
train	mobile_home_park	24	mobile_home_park_294.tif	mobile_home_park/mobile_home_park_294.tif	NWPU45_20/train/mobile_home_park/mobile_home_park_294.tif
train	mobile_home_park	24	mobile_home_park_308.tif	mobile_home_park/mobile_home_park_308.tif	NWPU45_20/train/mobile_home_park/mobile_home_park_308.tif
train	mobile_home_park	24	mobile_home_park_309.tif	mobile_home_park/mobile_home_park_309.tif	NWPU45_20/train/mobile_home_park/mobile_home_park_309.tif
train	mobile_home_park	24	mobile_home_park_311.tif	mobile_home_park/mobile_home_park_311.tif	NWPU45_20/train/mobile_home_park/mobile_home_park_311.tif
train	mobile_home_park	24	mobile_home_park_312.tif	mobile_home_park/mobile_home_park_312.tif	NWPU45_20/train/mobile_home_park/mobile_home_park_312.tif
train	mobile_home_park	24	mobile_home_park_313.tif	mobile_home_park/mobile_home_park_313.tif	NWPU45_20/train/mobile_home_park/mobile_home_park_313.tif
train	mobile_home_park	24	mobile_home_park_316.tif	mobile_home_park/mobile_home_park_316.tif	NWPU45_20/train/mobile_home_park/mobile_home_park_316.tif
train	mobile_home_park	24	mobile_home_park_317.tif	mobile_home_park/mobile_home_park_317.tif	NWPU45_20/train/mobile_home_park/mobile_home_park_317.tif
train	mobile_home_park	24	mobile_home_park_322.tif	mobile_home_park/mobile_home_park_322.tif	NWPU45_20/train/mobile_home_park/mobile_home_park_322.tif
train	mobile_home_park	24	mobile_home_park_325.tif	mobile_home_park/mobile_home_park_325.tif	NWPU45_20/train/mobile_home_park/mobile_home_park_325.tif
train	mobile_home_park	24	mobile_home_park_327.tif	mobile_home_park/mobile_home_park_327.tif	NWPU45_20/train/mobile_home_park/mobile_home_park_327.tif
train	mobile_home_park	24	mobile_home_park_329.tif	mobile_home_park/mobile_home_park_329.tif	NWPU45_20/train/mobile_home_park/mobile_home_park_329.tif
train	mobile_home_park	24	mobile_home_park_336.tif	mobile_home_park/mobile_home_park_336.tif	NWPU45_20/train/mobile_home_park/mobile_home_park_336.tif
train	mobile_home_park	24	mobile_home_park_342.tif	mobile_home_park/mobile_home_park_342.tif	NWPU45_20/train/mobile_home_park/mobile_home_park_342.tif
train	mobile_home_park	24	mobile_home_park_348.tif	mobile_home_park/mobile_home_park_348.tif	NWPU45_20/train/mobile_home_park/mobile_home_park_348.tif
train	mobile_home_park	24	mobile_home_park_351.tif	mobile_home_park/mobile_home_park_351.tif	NWPU45_20/train/mobile_home_park/mobile_home_park_351.tif
train	mobile_home_park	24	mobile_home_park_354.tif	mobile_home_park/mobile_home_park_354.tif	NWPU45_20/train/mobile_home_park/mobile_home_park_354.tif
train	mobile_home_park	24	mobile_home_park_360.tif	mobile_home_park/mobile_home_park_360.tif	NWPU45_20/train/mobile_home_park/mobile_home_park_360.tif
train	mobile_home_park	24	mobile_home_park_365.tif	mobile_home_park/mobile_home_park_365.tif	NWPU45_20/train/mobile_home_park/mobile_home_park_365.tif
train	mobile_home_park	24	mobile_home_park_366.tif	mobile_home_park/mobile_home_park_366.tif	NWPU45_20/train/mobile_home_park/mobile_home_park_366.tif
train	mobile_home_park	24	mobile_home_park_367.tif	mobile_home_park/mobile_home_park_367.tif	NWPU45_20/train/mobile_home_park/mobile_home_park_367.tif
train	mobile_home_park	24	mobile_home_park_376.tif	mobile_home_park/mobile_home_park_376.tif	NWPU45_20/train/mobile_home_park/mobile_home_park_376.tif
train	mobile_home_park	24	mobile_home_park_379.tif	mobile_home_park/mobile_home_park_379.tif	NWPU45_20/train/mobile_home_park/mobile_home_park_379.tif
train	mobile_home_park	24	mobile_home_park_381.tif	mobile_home_park/mobile_home_park_381.tif	NWPU45_20/train/mobile_home_park/mobile_home_park_381.tif
train	mobile_home_park	24	mobile_home_park_385.tif	mobile_home_park/mobile_home_park_385.tif	NWPU45_20/train/mobile_home_park/mobile_home_park_385.tif
train	mobile_home_park	24	mobile_home_park_387.tif	mobile_home_park/mobile_home_park_387.tif	NWPU45_20/train/mobile_home_park/mobile_home_park_387.tif
train	mobile_home_park	24	mobile_home_park_396.tif	mobile_home_park/mobile_home_park_396.tif	NWPU45_20/train/mobile_home_park/mobile_home_park_396.tif
train	mobile_home_park	24	mobile_home_park_397.tif	mobile_home_park/mobile_home_park_397.tif	NWPU45_20/train/mobile_home_park/mobile_home_park_397.tif
train	mobile_home_park	24	mobile_home_park_399.tif	mobile_home_park/mobile_home_park_399.tif	NWPU45_20/train/mobile_home_park/mobile_home_park_399.tif
train	mobile_home_park	24	mobile_home_park_415.tif	mobile_home_park/mobile_home_park_415.tif	NWPU45_20/train/mobile_home_park/mobile_home_park_415.tif
train	mobile_home_park	24	mobile_home_park_416.tif	mobile_home_park/mobile_home_park_416.tif	NWPU45_20/train/mobile_home_park/mobile_home_park_416.tif
train	mobile_home_park	24	mobile_home_park_417.tif	mobile_home_park/mobile_home_park_417.tif	NWPU45_20/train/mobile_home_park/mobile_home_park_417.tif
train	mobile_home_park	24	mobile_home_park_418.tif	mobile_home_park/mobile_home_park_418.tif	NWPU45_20/train/mobile_home_park/mobile_home_park_418.tif
train	mobile_home_park	24	mobile_home_park_420.tif	mobile_home_park/mobile_home_park_420.tif	NWPU45_20/train/mobile_home_park/mobile_home_park_420.tif
train	mobile_home_park	24	mobile_home_park_421.tif	mobile_home_park/mobile_home_park_421.tif	NWPU45_20/train/mobile_home_park/mobile_home_park_421.tif
train	mobile_home_park	24	mobile_home_park_427.tif	mobile_home_park/mobile_home_park_427.tif	NWPU45_20/train/mobile_home_park/mobile_home_park_427.tif
train	mobile_home_park	24	mobile_home_park_454.tif	mobile_home_park/mobile_home_park_454.tif	NWPU45_20/train/mobile_home_park/mobile_home_park_454.tif
train	mobile_home_park	24	mobile_home_park_455.tif	mobile_home_park/mobile_home_park_455.tif	NWPU45_20/train/mobile_home_park/mobile_home_park_455.tif
train	mobile_home_park	24	mobile_home_park_459.tif	mobile_home_park/mobile_home_park_459.tif	NWPU45_20/train/mobile_home_park/mobile_home_park_459.tif
train	mobile_home_park	24	mobile_home_park_468.tif	mobile_home_park/mobile_home_park_468.tif	NWPU45_20/train/mobile_home_park/mobile_home_park_468.tif
train	mobile_home_park	24	mobile_home_park_473.tif	mobile_home_park/mobile_home_park_473.tif	NWPU45_20/train/mobile_home_park/mobile_home_park_473.tif
train	mobile_home_park	24	mobile_home_park_476.tif	mobile_home_park/mobile_home_park_476.tif	NWPU45_20/train/mobile_home_park/mobile_home_park_476.tif
train	mobile_home_park	24	mobile_home_park_478.tif	mobile_home_park/mobile_home_park_478.tif	NWPU45_20/train/mobile_home_park/mobile_home_park_478.tif
train	mobile_home_park	24	mobile_home_park_491.tif	mobile_home_park/mobile_home_park_491.tif	NWPU45_20/train/mobile_home_park/mobile_home_park_491.tif
train	mobile_home_park	24	mobile_home_park_497.tif	mobile_home_park/mobile_home_park_497.tif	NWPU45_20/train/mobile_home_park/mobile_home_park_497.tif
train	mobile_home_park	24	mobile_home_park_505.tif	mobile_home_park/mobile_home_park_505.tif	NWPU45_20/train/mobile_home_park/mobile_home_park_505.tif
train	mobile_home_park	24	mobile_home_park_508.tif	mobile_home_park/mobile_home_park_508.tif	NWPU45_20/train/mobile_home_park/mobile_home_park_508.tif
train	mobile_home_park	24	mobile_home_park_509.tif	mobile_home_park/mobile_home_park_509.tif	NWPU45_20/train/mobile_home_park/mobile_home_park_509.tif
train	mobile_home_park	24	mobile_home_park_516.tif	mobile_home_park/mobile_home_park_516.tif	NWPU45_20/train/mobile_home_park/mobile_home_park_516.tif
train	mobile_home_park	24	mobile_home_park_521.tif	mobile_home_park/mobile_home_park_521.tif	NWPU45_20/train/mobile_home_park/mobile_home_park_521.tif
train	mobile_home_park	24	mobile_home_park_523.tif	mobile_home_park/mobile_home_park_523.tif	NWPU45_20/train/mobile_home_park/mobile_home_park_523.tif
train	mobile_home_park	24	mobile_home_park_527.tif	mobile_home_park/mobile_home_park_527.tif	NWPU45_20/train/mobile_home_park/mobile_home_park_527.tif
train	mobile_home_park	24	mobile_home_park_537.tif	mobile_home_park/mobile_home_park_537.tif	NWPU45_20/train/mobile_home_park/mobile_home_park_537.tif
train	mobile_home_park	24	mobile_home_park_539.tif	mobile_home_park/mobile_home_park_539.tif	NWPU45_20/train/mobile_home_park/mobile_home_park_539.tif
train	mobile_home_park	24	mobile_home_park_543.tif	mobile_home_park/mobile_home_park_543.tif	NWPU45_20/train/mobile_home_park/mobile_home_park_543.tif
train	mobile_home_park	24	mobile_home_park_558.tif	mobile_home_park/mobile_home_park_558.tif	NWPU45_20/train/mobile_home_park/mobile_home_park_558.tif
train	mobile_home_park	24	mobile_home_park_560.tif	mobile_home_park/mobile_home_park_560.tif	NWPU45_20/train/mobile_home_park/mobile_home_park_560.tif
train	mobile_home_park	24	mobile_home_park_563.tif	mobile_home_park/mobile_home_park_563.tif	NWPU45_20/train/mobile_home_park/mobile_home_park_563.tif
train	mobile_home_park	24	mobile_home_park_570.tif	mobile_home_park/mobile_home_park_570.tif	NWPU45_20/train/mobile_home_park/mobile_home_park_570.tif
train	mobile_home_park	24	mobile_home_park_572.tif	mobile_home_park/mobile_home_park_572.tif	NWPU45_20/train/mobile_home_park/mobile_home_park_572.tif
train	mobile_home_park	24	mobile_home_park_574.tif	mobile_home_park/mobile_home_park_574.tif	NWPU45_20/train/mobile_home_park/mobile_home_park_574.tif
train	mobile_home_park	24	mobile_home_park_579.tif	mobile_home_park/mobile_home_park_579.tif	NWPU45_20/train/mobile_home_park/mobile_home_park_579.tif
train	mobile_home_park	24	mobile_home_park_582.tif	mobile_home_park/mobile_home_park_582.tif	NWPU45_20/train/mobile_home_park/mobile_home_park_582.tif
train	mobile_home_park	24	mobile_home_park_584.tif	mobile_home_park/mobile_home_park_584.tif	NWPU45_20/train/mobile_home_park/mobile_home_park_584.tif
train	mobile_home_park	24	mobile_home_park_587.tif	mobile_home_park/mobile_home_park_587.tif	NWPU45_20/train/mobile_home_park/mobile_home_park_587.tif
train	mobile_home_park	24	mobile_home_park_588.tif	mobile_home_park/mobile_home_park_588.tif	NWPU45_20/train/mobile_home_park/mobile_home_park_588.tif
train	mobile_home_park	24	mobile_home_park_595.tif	mobile_home_park/mobile_home_park_595.tif	NWPU45_20/train/mobile_home_park/mobile_home_park_595.tif
train	mobile_home_park	24	mobile_home_park_621.tif	mobile_home_park/mobile_home_park_621.tif	NWPU45_20/train/mobile_home_park/mobile_home_park_621.tif
train	mobile_home_park	24	mobile_home_park_630.tif	mobile_home_park/mobile_home_park_630.tif	NWPU45_20/train/mobile_home_park/mobile_home_park_630.tif
train	mobile_home_park	24	mobile_home_park_631.tif	mobile_home_park/mobile_home_park_631.tif	NWPU45_20/train/mobile_home_park/mobile_home_park_631.tif
train	mobile_home_park	24	mobile_home_park_635.tif	mobile_home_park/mobile_home_park_635.tif	NWPU45_20/train/mobile_home_park/mobile_home_park_635.tif
train	mobile_home_park	24	mobile_home_park_640.tif	mobile_home_park/mobile_home_park_640.tif	NWPU45_20/train/mobile_home_park/mobile_home_park_640.tif
train	mobile_home_park	24	mobile_home_park_641.tif	mobile_home_park/mobile_home_park_641.tif	NWPU45_20/train/mobile_home_park/mobile_home_park_641.tif
train	mobile_home_park	24	mobile_home_park_643.tif	mobile_home_park/mobile_home_park_643.tif	NWPU45_20/train/mobile_home_park/mobile_home_park_643.tif
train	mobile_home_park	24	mobile_home_park_660.tif	mobile_home_park/mobile_home_park_660.tif	NWPU45_20/train/mobile_home_park/mobile_home_park_660.tif
train	mobile_home_park	24	mobile_home_park_662.tif	mobile_home_park/mobile_home_park_662.tif	NWPU45_20/train/mobile_home_park/mobile_home_park_662.tif
train	mobile_home_park	24	mobile_home_park_673.tif	mobile_home_park/mobile_home_park_673.tif	NWPU45_20/train/mobile_home_park/mobile_home_park_673.tif
train	mobile_home_park	24	mobile_home_park_674.tif	mobile_home_park/mobile_home_park_674.tif	NWPU45_20/train/mobile_home_park/mobile_home_park_674.tif
train	mobile_home_park	24	mobile_home_park_690.tif	mobile_home_park/mobile_home_park_690.tif	NWPU45_20/train/mobile_home_park/mobile_home_park_690.tif
train	mobile_home_park	24	mobile_home_park_695.tif	mobile_home_park/mobile_home_park_695.tif	NWPU45_20/train/mobile_home_park/mobile_home_park_695.tif
train	mountain	25	mountain_003.tif	mountain/mountain_003.tif	NWPU45_20/train/mountain/mountain_003.tif
train	mountain	25	mountain_006.tif	mountain/mountain_006.tif	NWPU45_20/train/mountain/mountain_006.tif
train	mountain	25	mountain_009.tif	mountain/mountain_009.tif	NWPU45_20/train/mountain/mountain_009.tif
train	mountain	25	mountain_011.tif	mountain/mountain_011.tif	NWPU45_20/train/mountain/mountain_011.tif
train	mountain	25	mountain_014.tif	mountain/mountain_014.tif	NWPU45_20/train/mountain/mountain_014.tif
train	mountain	25	mountain_015.tif	mountain/mountain_015.tif	NWPU45_20/train/mountain/mountain_015.tif
train	mountain	25	mountain_016.tif	mountain/mountain_016.tif	NWPU45_20/train/mountain/mountain_016.tif
train	mountain	25	mountain_025.tif	mountain/mountain_025.tif	NWPU45_20/train/mountain/mountain_025.tif
train	mountain	25	mountain_029.tif	mountain/mountain_029.tif	NWPU45_20/train/mountain/mountain_029.tif
train	mountain	25	mountain_034.tif	mountain/mountain_034.tif	NWPU45_20/train/mountain/mountain_034.tif
train	mountain	25	mountain_040.tif	mountain/mountain_040.tif	NWPU45_20/train/mountain/mountain_040.tif
train	mountain	25	mountain_041.tif	mountain/mountain_041.tif	NWPU45_20/train/mountain/mountain_041.tif
train	mountain	25	mountain_043.tif	mountain/mountain_043.tif	NWPU45_20/train/mountain/mountain_043.tif
train	mountain	25	mountain_057.tif	mountain/mountain_057.tif	NWPU45_20/train/mountain/mountain_057.tif
train	mountain	25	mountain_059.tif	mountain/mountain_059.tif	NWPU45_20/train/mountain/mountain_059.tif
train	mountain	25	mountain_064.tif	mountain/mountain_064.tif	NWPU45_20/train/mountain/mountain_064.tif
train	mountain	25	mountain_065.tif	mountain/mountain_065.tif	NWPU45_20/train/mountain/mountain_065.tif
train	mountain	25	mountain_070.tif	mountain/mountain_070.tif	NWPU45_20/train/mountain/mountain_070.tif
train	mountain	25	mountain_075.tif	mountain/mountain_075.tif	NWPU45_20/train/mountain/mountain_075.tif
train	mountain	25	mountain_079.tif	mountain/mountain_079.tif	NWPU45_20/train/mountain/mountain_079.tif
train	mountain	25	mountain_087.tif	mountain/mountain_087.tif	NWPU45_20/train/mountain/mountain_087.tif
train	mountain	25	mountain_093.tif	mountain/mountain_093.tif	NWPU45_20/train/mountain/mountain_093.tif
train	mountain	25	mountain_097.tif	mountain/mountain_097.tif	NWPU45_20/train/mountain/mountain_097.tif
train	mountain	25	mountain_101.tif	mountain/mountain_101.tif	NWPU45_20/train/mountain/mountain_101.tif
train	mountain	25	mountain_102.tif	mountain/mountain_102.tif	NWPU45_20/train/mountain/mountain_102.tif
train	mountain	25	mountain_106.tif	mountain/mountain_106.tif	NWPU45_20/train/mountain/mountain_106.tif
train	mountain	25	mountain_107.tif	mountain/mountain_107.tif	NWPU45_20/train/mountain/mountain_107.tif
train	mountain	25	mountain_116.tif	mountain/mountain_116.tif	NWPU45_20/train/mountain/mountain_116.tif
train	mountain	25	mountain_119.tif	mountain/mountain_119.tif	NWPU45_20/train/mountain/mountain_119.tif
train	mountain	25	mountain_133.tif	mountain/mountain_133.tif	NWPU45_20/train/mountain/mountain_133.tif
train	mountain	25	mountain_139.tif	mountain/mountain_139.tif	NWPU45_20/train/mountain/mountain_139.tif
train	mountain	25	mountain_144.tif	mountain/mountain_144.tif	NWPU45_20/train/mountain/mountain_144.tif
train	mountain	25	mountain_150.tif	mountain/mountain_150.tif	NWPU45_20/train/mountain/mountain_150.tif
train	mountain	25	mountain_151.tif	mountain/mountain_151.tif	NWPU45_20/train/mountain/mountain_151.tif
train	mountain	25	mountain_159.tif	mountain/mountain_159.tif	NWPU45_20/train/mountain/mountain_159.tif
train	mountain	25	mountain_173.tif	mountain/mountain_173.tif	NWPU45_20/train/mountain/mountain_173.tif
train	mountain	25	mountain_175.tif	mountain/mountain_175.tif	NWPU45_20/train/mountain/mountain_175.tif
train	mountain	25	mountain_177.tif	mountain/mountain_177.tif	NWPU45_20/train/mountain/mountain_177.tif
train	mountain	25	mountain_178.tif	mountain/mountain_178.tif	NWPU45_20/train/mountain/mountain_178.tif
train	mountain	25	mountain_181.tif	mountain/mountain_181.tif	NWPU45_20/train/mountain/mountain_181.tif
train	mountain	25	mountain_186.tif	mountain/mountain_186.tif	NWPU45_20/train/mountain/mountain_186.tif
train	mountain	25	mountain_191.tif	mountain/mountain_191.tif	NWPU45_20/train/mountain/mountain_191.tif
train	mountain	25	mountain_193.tif	mountain/mountain_193.tif	NWPU45_20/train/mountain/mountain_193.tif
train	mountain	25	mountain_194.tif	mountain/mountain_194.tif	NWPU45_20/train/mountain/mountain_194.tif
train	mountain	25	mountain_199.tif	mountain/mountain_199.tif	NWPU45_20/train/mountain/mountain_199.tif
train	mountain	25	mountain_201.tif	mountain/mountain_201.tif	NWPU45_20/train/mountain/mountain_201.tif
train	mountain	25	mountain_205.tif	mountain/mountain_205.tif	NWPU45_20/train/mountain/mountain_205.tif
train	mountain	25	mountain_208.tif	mountain/mountain_208.tif	NWPU45_20/train/mountain/mountain_208.tif
train	mountain	25	mountain_210.tif	mountain/mountain_210.tif	NWPU45_20/train/mountain/mountain_210.tif
train	mountain	25	mountain_213.tif	mountain/mountain_213.tif	NWPU45_20/train/mountain/mountain_213.tif
train	mountain	25	mountain_228.tif	mountain/mountain_228.tif	NWPU45_20/train/mountain/mountain_228.tif
train	mountain	25	mountain_242.tif	mountain/mountain_242.tif	NWPU45_20/train/mountain/mountain_242.tif
train	mountain	25	mountain_244.tif	mountain/mountain_244.tif	NWPU45_20/train/mountain/mountain_244.tif
train	mountain	25	mountain_256.tif	mountain/mountain_256.tif	NWPU45_20/train/mountain/mountain_256.tif
train	mountain	25	mountain_257.tif	mountain/mountain_257.tif	NWPU45_20/train/mountain/mountain_257.tif
train	mountain	25	mountain_266.tif	mountain/mountain_266.tif	NWPU45_20/train/mountain/mountain_266.tif
train	mountain	25	mountain_267.tif	mountain/mountain_267.tif	NWPU45_20/train/mountain/mountain_267.tif
train	mountain	25	mountain_269.tif	mountain/mountain_269.tif	NWPU45_20/train/mountain/mountain_269.tif
train	mountain	25	mountain_273.tif	mountain/mountain_273.tif	NWPU45_20/train/mountain/mountain_273.tif
train	mountain	25	mountain_281.tif	mountain/mountain_281.tif	NWPU45_20/train/mountain/mountain_281.tif
train	mountain	25	mountain_294.tif	mountain/mountain_294.tif	NWPU45_20/train/mountain/mountain_294.tif
train	mountain	25	mountain_308.tif	mountain/mountain_308.tif	NWPU45_20/train/mountain/mountain_308.tif
train	mountain	25	mountain_309.tif	mountain/mountain_309.tif	NWPU45_20/train/mountain/mountain_309.tif
train	mountain	25	mountain_311.tif	mountain/mountain_311.tif	NWPU45_20/train/mountain/mountain_311.tif
train	mountain	25	mountain_312.tif	mountain/mountain_312.tif	NWPU45_20/train/mountain/mountain_312.tif
train	mountain	25	mountain_313.tif	mountain/mountain_313.tif	NWPU45_20/train/mountain/mountain_313.tif
train	mountain	25	mountain_316.tif	mountain/mountain_316.tif	NWPU45_20/train/mountain/mountain_316.tif
train	mountain	25	mountain_317.tif	mountain/mountain_317.tif	NWPU45_20/train/mountain/mountain_317.tif
train	mountain	25	mountain_322.tif	mountain/mountain_322.tif	NWPU45_20/train/mountain/mountain_322.tif
train	mountain	25	mountain_325.tif	mountain/mountain_325.tif	NWPU45_20/train/mountain/mountain_325.tif
train	mountain	25	mountain_327.tif	mountain/mountain_327.tif	NWPU45_20/train/mountain/mountain_327.tif
train	mountain	25	mountain_329.tif	mountain/mountain_329.tif	NWPU45_20/train/mountain/mountain_329.tif
train	mountain	25	mountain_336.tif	mountain/mountain_336.tif	NWPU45_20/train/mountain/mountain_336.tif
train	mountain	25	mountain_342.tif	mountain/mountain_342.tif	NWPU45_20/train/mountain/mountain_342.tif
train	mountain	25	mountain_348.tif	mountain/mountain_348.tif	NWPU45_20/train/mountain/mountain_348.tif
train	mountain	25	mountain_351.tif	mountain/mountain_351.tif	NWPU45_20/train/mountain/mountain_351.tif
train	mountain	25	mountain_354.tif	mountain/mountain_354.tif	NWPU45_20/train/mountain/mountain_354.tif
train	mountain	25	mountain_360.tif	mountain/mountain_360.tif	NWPU45_20/train/mountain/mountain_360.tif
train	mountain	25	mountain_365.tif	mountain/mountain_365.tif	NWPU45_20/train/mountain/mountain_365.tif
train	mountain	25	mountain_366.tif	mountain/mountain_366.tif	NWPU45_20/train/mountain/mountain_366.tif
train	mountain	25	mountain_367.tif	mountain/mountain_367.tif	NWPU45_20/train/mountain/mountain_367.tif
train	mountain	25	mountain_376.tif	mountain/mountain_376.tif	NWPU45_20/train/mountain/mountain_376.tif
train	mountain	25	mountain_379.tif	mountain/mountain_379.tif	NWPU45_20/train/mountain/mountain_379.tif
train	mountain	25	mountain_381.tif	mountain/mountain_381.tif	NWPU45_20/train/mountain/mountain_381.tif
train	mountain	25	mountain_385.tif	mountain/mountain_385.tif	NWPU45_20/train/mountain/mountain_385.tif
train	mountain	25	mountain_387.tif	mountain/mountain_387.tif	NWPU45_20/train/mountain/mountain_387.tif
train	mountain	25	mountain_396.tif	mountain/mountain_396.tif	NWPU45_20/train/mountain/mountain_396.tif
train	mountain	25	mountain_397.tif	mountain/mountain_397.tif	NWPU45_20/train/mountain/mountain_397.tif
train	mountain	25	mountain_399.tif	mountain/mountain_399.tif	NWPU45_20/train/mountain/mountain_399.tif
train	mountain	25	mountain_415.tif	mountain/mountain_415.tif	NWPU45_20/train/mountain/mountain_415.tif
train	mountain	25	mountain_416.tif	mountain/mountain_416.tif	NWPU45_20/train/mountain/mountain_416.tif
train	mountain	25	mountain_417.tif	mountain/mountain_417.tif	NWPU45_20/train/mountain/mountain_417.tif
train	mountain	25	mountain_418.tif	mountain/mountain_418.tif	NWPU45_20/train/mountain/mountain_418.tif
train	mountain	25	mountain_420.tif	mountain/mountain_420.tif	NWPU45_20/train/mountain/mountain_420.tif
train	mountain	25	mountain_421.tif	mountain/mountain_421.tif	NWPU45_20/train/mountain/mountain_421.tif
train	mountain	25	mountain_427.tif	mountain/mountain_427.tif	NWPU45_20/train/mountain/mountain_427.tif
train	mountain	25	mountain_454.tif	mountain/mountain_454.tif	NWPU45_20/train/mountain/mountain_454.tif
train	mountain	25	mountain_455.tif	mountain/mountain_455.tif	NWPU45_20/train/mountain/mountain_455.tif
train	mountain	25	mountain_459.tif	mountain/mountain_459.tif	NWPU45_20/train/mountain/mountain_459.tif
train	mountain	25	mountain_468.tif	mountain/mountain_468.tif	NWPU45_20/train/mountain/mountain_468.tif
train	mountain	25	mountain_473.tif	mountain/mountain_473.tif	NWPU45_20/train/mountain/mountain_473.tif
train	mountain	25	mountain_476.tif	mountain/mountain_476.tif	NWPU45_20/train/mountain/mountain_476.tif
train	mountain	25	mountain_478.tif	mountain/mountain_478.tif	NWPU45_20/train/mountain/mountain_478.tif
train	mountain	25	mountain_491.tif	mountain/mountain_491.tif	NWPU45_20/train/mountain/mountain_491.tif
train	mountain	25	mountain_497.tif	mountain/mountain_497.tif	NWPU45_20/train/mountain/mountain_497.tif
train	mountain	25	mountain_505.tif	mountain/mountain_505.tif	NWPU45_20/train/mountain/mountain_505.tif
train	mountain	25	mountain_508.tif	mountain/mountain_508.tif	NWPU45_20/train/mountain/mountain_508.tif
train	mountain	25	mountain_509.tif	mountain/mountain_509.tif	NWPU45_20/train/mountain/mountain_509.tif
train	mountain	25	mountain_516.tif	mountain/mountain_516.tif	NWPU45_20/train/mountain/mountain_516.tif
train	mountain	25	mountain_521.tif	mountain/mountain_521.tif	NWPU45_20/train/mountain/mountain_521.tif
train	mountain	25	mountain_523.tif	mountain/mountain_523.tif	NWPU45_20/train/mountain/mountain_523.tif
train	mountain	25	mountain_527.tif	mountain/mountain_527.tif	NWPU45_20/train/mountain/mountain_527.tif
train	mountain	25	mountain_537.tif	mountain/mountain_537.tif	NWPU45_20/train/mountain/mountain_537.tif
train	mountain	25	mountain_539.tif	mountain/mountain_539.tif	NWPU45_20/train/mountain/mountain_539.tif
train	mountain	25	mountain_543.tif	mountain/mountain_543.tif	NWPU45_20/train/mountain/mountain_543.tif
train	mountain	25	mountain_558.tif	mountain/mountain_558.tif	NWPU45_20/train/mountain/mountain_558.tif
train	mountain	25	mountain_560.tif	mountain/mountain_560.tif	NWPU45_20/train/mountain/mountain_560.tif
train	mountain	25	mountain_563.tif	mountain/mountain_563.tif	NWPU45_20/train/mountain/mountain_563.tif
train	mountain	25	mountain_570.tif	mountain/mountain_570.tif	NWPU45_20/train/mountain/mountain_570.tif
train	mountain	25	mountain_572.tif	mountain/mountain_572.tif	NWPU45_20/train/mountain/mountain_572.tif
train	mountain	25	mountain_574.tif	mountain/mountain_574.tif	NWPU45_20/train/mountain/mountain_574.tif
train	mountain	25	mountain_579.tif	mountain/mountain_579.tif	NWPU45_20/train/mountain/mountain_579.tif
train	mountain	25	mountain_582.tif	mountain/mountain_582.tif	NWPU45_20/train/mountain/mountain_582.tif
train	mountain	25	mountain_584.tif	mountain/mountain_584.tif	NWPU45_20/train/mountain/mountain_584.tif
train	mountain	25	mountain_587.tif	mountain/mountain_587.tif	NWPU45_20/train/mountain/mountain_587.tif
train	mountain	25	mountain_588.tif	mountain/mountain_588.tif	NWPU45_20/train/mountain/mountain_588.tif
train	mountain	25	mountain_595.tif	mountain/mountain_595.tif	NWPU45_20/train/mountain/mountain_595.tif
train	mountain	25	mountain_621.tif	mountain/mountain_621.tif	NWPU45_20/train/mountain/mountain_621.tif
train	mountain	25	mountain_630.tif	mountain/mountain_630.tif	NWPU45_20/train/mountain/mountain_630.tif
train	mountain	25	mountain_631.tif	mountain/mountain_631.tif	NWPU45_20/train/mountain/mountain_631.tif
train	mountain	25	mountain_635.tif	mountain/mountain_635.tif	NWPU45_20/train/mountain/mountain_635.tif
train	mountain	25	mountain_640.tif	mountain/mountain_640.tif	NWPU45_20/train/mountain/mountain_640.tif
train	mountain	25	mountain_641.tif	mountain/mountain_641.tif	NWPU45_20/train/mountain/mountain_641.tif
train	mountain	25	mountain_643.tif	mountain/mountain_643.tif	NWPU45_20/train/mountain/mountain_643.tif
train	mountain	25	mountain_660.tif	mountain/mountain_660.tif	NWPU45_20/train/mountain/mountain_660.tif
train	mountain	25	mountain_662.tif	mountain/mountain_662.tif	NWPU45_20/train/mountain/mountain_662.tif
train	mountain	25	mountain_673.tif	mountain/mountain_673.tif	NWPU45_20/train/mountain/mountain_673.tif
train	mountain	25	mountain_674.tif	mountain/mountain_674.tif	NWPU45_20/train/mountain/mountain_674.tif
train	mountain	25	mountain_690.tif	mountain/mountain_690.tif	NWPU45_20/train/mountain/mountain_690.tif
train	mountain	25	mountain_695.tif	mountain/mountain_695.tif	NWPU45_20/train/mountain/mountain_695.tif
train	overpass	26	overpass_003.tif	overpass/overpass_003.tif	NWPU45_20/train/overpass/overpass_003.tif
train	overpass	26	overpass_006.tif	overpass/overpass_006.tif	NWPU45_20/train/overpass/overpass_006.tif
train	overpass	26	overpass_009.tif	overpass/overpass_009.tif	NWPU45_20/train/overpass/overpass_009.tif
train	overpass	26	overpass_011.tif	overpass/overpass_011.tif	NWPU45_20/train/overpass/overpass_011.tif
train	overpass	26	overpass_014.tif	overpass/overpass_014.tif	NWPU45_20/train/overpass/overpass_014.tif
train	overpass	26	overpass_015.tif	overpass/overpass_015.tif	NWPU45_20/train/overpass/overpass_015.tif
train	overpass	26	overpass_016.tif	overpass/overpass_016.tif	NWPU45_20/train/overpass/overpass_016.tif
train	overpass	26	overpass_025.tif	overpass/overpass_025.tif	NWPU45_20/train/overpass/overpass_025.tif
train	overpass	26	overpass_029.tif	overpass/overpass_029.tif	NWPU45_20/train/overpass/overpass_029.tif
train	overpass	26	overpass_034.tif	overpass/overpass_034.tif	NWPU45_20/train/overpass/overpass_034.tif
train	overpass	26	overpass_040.tif	overpass/overpass_040.tif	NWPU45_20/train/overpass/overpass_040.tif
train	overpass	26	overpass_041.tif	overpass/overpass_041.tif	NWPU45_20/train/overpass/overpass_041.tif
train	overpass	26	overpass_043.tif	overpass/overpass_043.tif	NWPU45_20/train/overpass/overpass_043.tif
train	overpass	26	overpass_057.tif	overpass/overpass_057.tif	NWPU45_20/train/overpass/overpass_057.tif
train	overpass	26	overpass_059.tif	overpass/overpass_059.tif	NWPU45_20/train/overpass/overpass_059.tif
train	overpass	26	overpass_064.tif	overpass/overpass_064.tif	NWPU45_20/train/overpass/overpass_064.tif
train	overpass	26	overpass_065.tif	overpass/overpass_065.tif	NWPU45_20/train/overpass/overpass_065.tif
train	overpass	26	overpass_070.tif	overpass/overpass_070.tif	NWPU45_20/train/overpass/overpass_070.tif
train	overpass	26	overpass_075.tif	overpass/overpass_075.tif	NWPU45_20/train/overpass/overpass_075.tif
train	overpass	26	overpass_079.tif	overpass/overpass_079.tif	NWPU45_20/train/overpass/overpass_079.tif
train	overpass	26	overpass_087.tif	overpass/overpass_087.tif	NWPU45_20/train/overpass/overpass_087.tif
train	overpass	26	overpass_093.tif	overpass/overpass_093.tif	NWPU45_20/train/overpass/overpass_093.tif
train	overpass	26	overpass_097.tif	overpass/overpass_097.tif	NWPU45_20/train/overpass/overpass_097.tif
train	overpass	26	overpass_101.tif	overpass/overpass_101.tif	NWPU45_20/train/overpass/overpass_101.tif
train	overpass	26	overpass_102.tif	overpass/overpass_102.tif	NWPU45_20/train/overpass/overpass_102.tif
train	overpass	26	overpass_106.tif	overpass/overpass_106.tif	NWPU45_20/train/overpass/overpass_106.tif
train	overpass	26	overpass_107.tif	overpass/overpass_107.tif	NWPU45_20/train/overpass/overpass_107.tif
train	overpass	26	overpass_116.tif	overpass/overpass_116.tif	NWPU45_20/train/overpass/overpass_116.tif
train	overpass	26	overpass_119.tif	overpass/overpass_119.tif	NWPU45_20/train/overpass/overpass_119.tif
train	overpass	26	overpass_133.tif	overpass/overpass_133.tif	NWPU45_20/train/overpass/overpass_133.tif
train	overpass	26	overpass_139.tif	overpass/overpass_139.tif	NWPU45_20/train/overpass/overpass_139.tif
train	overpass	26	overpass_144.tif	overpass/overpass_144.tif	NWPU45_20/train/overpass/overpass_144.tif
train	overpass	26	overpass_150.tif	overpass/overpass_150.tif	NWPU45_20/train/overpass/overpass_150.tif
train	overpass	26	overpass_151.tif	overpass/overpass_151.tif	NWPU45_20/train/overpass/overpass_151.tif
train	overpass	26	overpass_159.tif	overpass/overpass_159.tif	NWPU45_20/train/overpass/overpass_159.tif
train	overpass	26	overpass_173.tif	overpass/overpass_173.tif	NWPU45_20/train/overpass/overpass_173.tif
train	overpass	26	overpass_175.tif	overpass/overpass_175.tif	NWPU45_20/train/overpass/overpass_175.tif
train	overpass	26	overpass_177.tif	overpass/overpass_177.tif	NWPU45_20/train/overpass/overpass_177.tif
train	overpass	26	overpass_178.tif	overpass/overpass_178.tif	NWPU45_20/train/overpass/overpass_178.tif
train	overpass	26	overpass_181.tif	overpass/overpass_181.tif	NWPU45_20/train/overpass/overpass_181.tif
train	overpass	26	overpass_186.tif	overpass/overpass_186.tif	NWPU45_20/train/overpass/overpass_186.tif
train	overpass	26	overpass_191.tif	overpass/overpass_191.tif	NWPU45_20/train/overpass/overpass_191.tif
train	overpass	26	overpass_193.tif	overpass/overpass_193.tif	NWPU45_20/train/overpass/overpass_193.tif
train	overpass	26	overpass_194.tif	overpass/overpass_194.tif	NWPU45_20/train/overpass/overpass_194.tif
train	overpass	26	overpass_199.tif	overpass/overpass_199.tif	NWPU45_20/train/overpass/overpass_199.tif
train	overpass	26	overpass_201.tif	overpass/overpass_201.tif	NWPU45_20/train/overpass/overpass_201.tif
train	overpass	26	overpass_205.tif	overpass/overpass_205.tif	NWPU45_20/train/overpass/overpass_205.tif
train	overpass	26	overpass_208.tif	overpass/overpass_208.tif	NWPU45_20/train/overpass/overpass_208.tif
train	overpass	26	overpass_210.tif	overpass/overpass_210.tif	NWPU45_20/train/overpass/overpass_210.tif
train	overpass	26	overpass_213.tif	overpass/overpass_213.tif	NWPU45_20/train/overpass/overpass_213.tif
train	overpass	26	overpass_228.tif	overpass/overpass_228.tif	NWPU45_20/train/overpass/overpass_228.tif
train	overpass	26	overpass_242.tif	overpass/overpass_242.tif	NWPU45_20/train/overpass/overpass_242.tif
train	overpass	26	overpass_244.tif	overpass/overpass_244.tif	NWPU45_20/train/overpass/overpass_244.tif
train	overpass	26	overpass_256.tif	overpass/overpass_256.tif	NWPU45_20/train/overpass/overpass_256.tif
train	overpass	26	overpass_257.tif	overpass/overpass_257.tif	NWPU45_20/train/overpass/overpass_257.tif
train	overpass	26	overpass_266.tif	overpass/overpass_266.tif	NWPU45_20/train/overpass/overpass_266.tif
train	overpass	26	overpass_267.tif	overpass/overpass_267.tif	NWPU45_20/train/overpass/overpass_267.tif
train	overpass	26	overpass_269.tif	overpass/overpass_269.tif	NWPU45_20/train/overpass/overpass_269.tif
train	overpass	26	overpass_273.tif	overpass/overpass_273.tif	NWPU45_20/train/overpass/overpass_273.tif
train	overpass	26	overpass_281.tif	overpass/overpass_281.tif	NWPU45_20/train/overpass/overpass_281.tif
train	overpass	26	overpass_294.tif	overpass/overpass_294.tif	NWPU45_20/train/overpass/overpass_294.tif
train	overpass	26	overpass_308.tif	overpass/overpass_308.tif	NWPU45_20/train/overpass/overpass_308.tif
train	overpass	26	overpass_309.tif	overpass/overpass_309.tif	NWPU45_20/train/overpass/overpass_309.tif
train	overpass	26	overpass_311.tif	overpass/overpass_311.tif	NWPU45_20/train/overpass/overpass_311.tif
train	overpass	26	overpass_312.tif	overpass/overpass_312.tif	NWPU45_20/train/overpass/overpass_312.tif
train	overpass	26	overpass_313.tif	overpass/overpass_313.tif	NWPU45_20/train/overpass/overpass_313.tif
train	overpass	26	overpass_316.tif	overpass/overpass_316.tif	NWPU45_20/train/overpass/overpass_316.tif
train	overpass	26	overpass_317.tif	overpass/overpass_317.tif	NWPU45_20/train/overpass/overpass_317.tif
train	overpass	26	overpass_322.tif	overpass/overpass_322.tif	NWPU45_20/train/overpass/overpass_322.tif
train	overpass	26	overpass_325.tif	overpass/overpass_325.tif	NWPU45_20/train/overpass/overpass_325.tif
train	overpass	26	overpass_327.tif	overpass/overpass_327.tif	NWPU45_20/train/overpass/overpass_327.tif
train	overpass	26	overpass_329.tif	overpass/overpass_329.tif	NWPU45_20/train/overpass/overpass_329.tif
train	overpass	26	overpass_336.tif	overpass/overpass_336.tif	NWPU45_20/train/overpass/overpass_336.tif
train	overpass	26	overpass_342.tif	overpass/overpass_342.tif	NWPU45_20/train/overpass/overpass_342.tif
train	overpass	26	overpass_348.tif	overpass/overpass_348.tif	NWPU45_20/train/overpass/overpass_348.tif
train	overpass	26	overpass_351.tif	overpass/overpass_351.tif	NWPU45_20/train/overpass/overpass_351.tif
train	overpass	26	overpass_354.tif	overpass/overpass_354.tif	NWPU45_20/train/overpass/overpass_354.tif
train	overpass	26	overpass_360.tif	overpass/overpass_360.tif	NWPU45_20/train/overpass/overpass_360.tif
train	overpass	26	overpass_365.tif	overpass/overpass_365.tif	NWPU45_20/train/overpass/overpass_365.tif
train	overpass	26	overpass_366.tif	overpass/overpass_366.tif	NWPU45_20/train/overpass/overpass_366.tif
train	overpass	26	overpass_367.tif	overpass/overpass_367.tif	NWPU45_20/train/overpass/overpass_367.tif
train	overpass	26	overpass_376.tif	overpass/overpass_376.tif	NWPU45_20/train/overpass/overpass_376.tif
train	overpass	26	overpass_379.tif	overpass/overpass_379.tif	NWPU45_20/train/overpass/overpass_379.tif
train	overpass	26	overpass_381.tif	overpass/overpass_381.tif	NWPU45_20/train/overpass/overpass_381.tif
train	overpass	26	overpass_385.tif	overpass/overpass_385.tif	NWPU45_20/train/overpass/overpass_385.tif
train	overpass	26	overpass_387.tif	overpass/overpass_387.tif	NWPU45_20/train/overpass/overpass_387.tif
train	overpass	26	overpass_396.tif	overpass/overpass_396.tif	NWPU45_20/train/overpass/overpass_396.tif
train	overpass	26	overpass_397.tif	overpass/overpass_397.tif	NWPU45_20/train/overpass/overpass_397.tif
train	overpass	26	overpass_399.tif	overpass/overpass_399.tif	NWPU45_20/train/overpass/overpass_399.tif
train	overpass	26	overpass_415.tif	overpass/overpass_415.tif	NWPU45_20/train/overpass/overpass_415.tif
train	overpass	26	overpass_416.tif	overpass/overpass_416.tif	NWPU45_20/train/overpass/overpass_416.tif
train	overpass	26	overpass_417.tif	overpass/overpass_417.tif	NWPU45_20/train/overpass/overpass_417.tif
train	overpass	26	overpass_418.tif	overpass/overpass_418.tif	NWPU45_20/train/overpass/overpass_418.tif
train	overpass	26	overpass_420.tif	overpass/overpass_420.tif	NWPU45_20/train/overpass/overpass_420.tif
train	overpass	26	overpass_421.tif	overpass/overpass_421.tif	NWPU45_20/train/overpass/overpass_421.tif
train	overpass	26	overpass_427.tif	overpass/overpass_427.tif	NWPU45_20/train/overpass/overpass_427.tif
train	overpass	26	overpass_454.tif	overpass/overpass_454.tif	NWPU45_20/train/overpass/overpass_454.tif
train	overpass	26	overpass_455.tif	overpass/overpass_455.tif	NWPU45_20/train/overpass/overpass_455.tif
train	overpass	26	overpass_459.tif	overpass/overpass_459.tif	NWPU45_20/train/overpass/overpass_459.tif
train	overpass	26	overpass_468.tif	overpass/overpass_468.tif	NWPU45_20/train/overpass/overpass_468.tif
train	overpass	26	overpass_473.tif	overpass/overpass_473.tif	NWPU45_20/train/overpass/overpass_473.tif
train	overpass	26	overpass_476.tif	overpass/overpass_476.tif	NWPU45_20/train/overpass/overpass_476.tif
train	overpass	26	overpass_478.tif	overpass/overpass_478.tif	NWPU45_20/train/overpass/overpass_478.tif
train	overpass	26	overpass_491.tif	overpass/overpass_491.tif	NWPU45_20/train/overpass/overpass_491.tif
train	overpass	26	overpass_497.tif	overpass/overpass_497.tif	NWPU45_20/train/overpass/overpass_497.tif
train	overpass	26	overpass_505.tif	overpass/overpass_505.tif	NWPU45_20/train/overpass/overpass_505.tif
train	overpass	26	overpass_508.tif	overpass/overpass_508.tif	NWPU45_20/train/overpass/overpass_508.tif
train	overpass	26	overpass_509.tif	overpass/overpass_509.tif	NWPU45_20/train/overpass/overpass_509.tif
train	overpass	26	overpass_516.tif	overpass/overpass_516.tif	NWPU45_20/train/overpass/overpass_516.tif
train	overpass	26	overpass_521.tif	overpass/overpass_521.tif	NWPU45_20/train/overpass/overpass_521.tif
train	overpass	26	overpass_523.tif	overpass/overpass_523.tif	NWPU45_20/train/overpass/overpass_523.tif
train	overpass	26	overpass_527.tif	overpass/overpass_527.tif	NWPU45_20/train/overpass/overpass_527.tif
train	overpass	26	overpass_537.tif	overpass/overpass_537.tif	NWPU45_20/train/overpass/overpass_537.tif
train	overpass	26	overpass_539.tif	overpass/overpass_539.tif	NWPU45_20/train/overpass/overpass_539.tif
train	overpass	26	overpass_543.tif	overpass/overpass_543.tif	NWPU45_20/train/overpass/overpass_543.tif
train	overpass	26	overpass_558.tif	overpass/overpass_558.tif	NWPU45_20/train/overpass/overpass_558.tif
train	overpass	26	overpass_560.tif	overpass/overpass_560.tif	NWPU45_20/train/overpass/overpass_560.tif
train	overpass	26	overpass_563.tif	overpass/overpass_563.tif	NWPU45_20/train/overpass/overpass_563.tif
train	overpass	26	overpass_570.tif	overpass/overpass_570.tif	NWPU45_20/train/overpass/overpass_570.tif
train	overpass	26	overpass_572.tif	overpass/overpass_572.tif	NWPU45_20/train/overpass/overpass_572.tif
train	overpass	26	overpass_574.tif	overpass/overpass_574.tif	NWPU45_20/train/overpass/overpass_574.tif
train	overpass	26	overpass_579.tif	overpass/overpass_579.tif	NWPU45_20/train/overpass/overpass_579.tif
train	overpass	26	overpass_582.tif	overpass/overpass_582.tif	NWPU45_20/train/overpass/overpass_582.tif
train	overpass	26	overpass_584.tif	overpass/overpass_584.tif	NWPU45_20/train/overpass/overpass_584.tif
train	overpass	26	overpass_587.tif	overpass/overpass_587.tif	NWPU45_20/train/overpass/overpass_587.tif
train	overpass	26	overpass_588.tif	overpass/overpass_588.tif	NWPU45_20/train/overpass/overpass_588.tif
train	overpass	26	overpass_595.tif	overpass/overpass_595.tif	NWPU45_20/train/overpass/overpass_595.tif
train	overpass	26	overpass_621.tif	overpass/overpass_621.tif	NWPU45_20/train/overpass/overpass_621.tif
train	overpass	26	overpass_630.tif	overpass/overpass_630.tif	NWPU45_20/train/overpass/overpass_630.tif
train	overpass	26	overpass_631.tif	overpass/overpass_631.tif	NWPU45_20/train/overpass/overpass_631.tif
train	overpass	26	overpass_635.tif	overpass/overpass_635.tif	NWPU45_20/train/overpass/overpass_635.tif
train	overpass	26	overpass_640.tif	overpass/overpass_640.tif	NWPU45_20/train/overpass/overpass_640.tif
train	overpass	26	overpass_641.tif	overpass/overpass_641.tif	NWPU45_20/train/overpass/overpass_641.tif
train	overpass	26	overpass_643.tif	overpass/overpass_643.tif	NWPU45_20/train/overpass/overpass_643.tif
train	overpass	26	overpass_660.tif	overpass/overpass_660.tif	NWPU45_20/train/overpass/overpass_660.tif
train	overpass	26	overpass_662.tif	overpass/overpass_662.tif	NWPU45_20/train/overpass/overpass_662.tif
train	overpass	26	overpass_673.tif	overpass/overpass_673.tif	NWPU45_20/train/overpass/overpass_673.tif
train	overpass	26	overpass_674.tif	overpass/overpass_674.tif	NWPU45_20/train/overpass/overpass_674.tif
train	overpass	26	overpass_690.tif	overpass/overpass_690.tif	NWPU45_20/train/overpass/overpass_690.tif
train	overpass	26	overpass_695.tif	overpass/overpass_695.tif	NWPU45_20/train/overpass/overpass_695.tif
train	palace	27	palace_003.tif	palace/palace_003.tif	NWPU45_20/train/palace/palace_003.tif
train	palace	27	palace_006.tif	palace/palace_006.tif	NWPU45_20/train/palace/palace_006.tif
train	palace	27	palace_009.tif	palace/palace_009.tif	NWPU45_20/train/palace/palace_009.tif
train	palace	27	palace_011.tif	palace/palace_011.tif	NWPU45_20/train/palace/palace_011.tif
train	palace	27	palace_014.tif	palace/palace_014.tif	NWPU45_20/train/palace/palace_014.tif
train	palace	27	palace_015.tif	palace/palace_015.tif	NWPU45_20/train/palace/palace_015.tif
train	palace	27	palace_016.tif	palace/palace_016.tif	NWPU45_20/train/palace/palace_016.tif
train	palace	27	palace_025.tif	palace/palace_025.tif	NWPU45_20/train/palace/palace_025.tif
train	palace	27	palace_029.tif	palace/palace_029.tif	NWPU45_20/train/palace/palace_029.tif
train	palace	27	palace_034.tif	palace/palace_034.tif	NWPU45_20/train/palace/palace_034.tif
train	palace	27	palace_040.tif	palace/palace_040.tif	NWPU45_20/train/palace/palace_040.tif
train	palace	27	palace_041.tif	palace/palace_041.tif	NWPU45_20/train/palace/palace_041.tif
train	palace	27	palace_043.tif	palace/palace_043.tif	NWPU45_20/train/palace/palace_043.tif
train	palace	27	palace_057.tif	palace/palace_057.tif	NWPU45_20/train/palace/palace_057.tif
train	palace	27	palace_059.tif	palace/palace_059.tif	NWPU45_20/train/palace/palace_059.tif
train	palace	27	palace_064.tif	palace/palace_064.tif	NWPU45_20/train/palace/palace_064.tif
train	palace	27	palace_065.tif	palace/palace_065.tif	NWPU45_20/train/palace/palace_065.tif
train	palace	27	palace_070.tif	palace/palace_070.tif	NWPU45_20/train/palace/palace_070.tif
train	palace	27	palace_075.tif	palace/palace_075.tif	NWPU45_20/train/palace/palace_075.tif
train	palace	27	palace_079.tif	palace/palace_079.tif	NWPU45_20/train/palace/palace_079.tif
train	palace	27	palace_087.tif	palace/palace_087.tif	NWPU45_20/train/palace/palace_087.tif
train	palace	27	palace_093.tif	palace/palace_093.tif	NWPU45_20/train/palace/palace_093.tif
train	palace	27	palace_097.tif	palace/palace_097.tif	NWPU45_20/train/palace/palace_097.tif
train	palace	27	palace_101.tif	palace/palace_101.tif	NWPU45_20/train/palace/palace_101.tif
train	palace	27	palace_102.tif	palace/palace_102.tif	NWPU45_20/train/palace/palace_102.tif
train	palace	27	palace_106.tif	palace/palace_106.tif	NWPU45_20/train/palace/palace_106.tif
train	palace	27	palace_107.tif	palace/palace_107.tif	NWPU45_20/train/palace/palace_107.tif
train	palace	27	palace_116.tif	palace/palace_116.tif	NWPU45_20/train/palace/palace_116.tif
train	palace	27	palace_119.tif	palace/palace_119.tif	NWPU45_20/train/palace/palace_119.tif
train	palace	27	palace_133.tif	palace/palace_133.tif	NWPU45_20/train/palace/palace_133.tif
train	palace	27	palace_139.tif	palace/palace_139.tif	NWPU45_20/train/palace/palace_139.tif
train	palace	27	palace_144.tif	palace/palace_144.tif	NWPU45_20/train/palace/palace_144.tif
train	palace	27	palace_150.tif	palace/palace_150.tif	NWPU45_20/train/palace/palace_150.tif
train	palace	27	palace_151.tif	palace/palace_151.tif	NWPU45_20/train/palace/palace_151.tif
train	palace	27	palace_159.tif	palace/palace_159.tif	NWPU45_20/train/palace/palace_159.tif
train	palace	27	palace_173.tif	palace/palace_173.tif	NWPU45_20/train/palace/palace_173.tif
train	palace	27	palace_175.tif	palace/palace_175.tif	NWPU45_20/train/palace/palace_175.tif
train	palace	27	palace_177.tif	palace/palace_177.tif	NWPU45_20/train/palace/palace_177.tif
train	palace	27	palace_178.tif	palace/palace_178.tif	NWPU45_20/train/palace/palace_178.tif
train	palace	27	palace_181.tif	palace/palace_181.tif	NWPU45_20/train/palace/palace_181.tif
train	palace	27	palace_186.tif	palace/palace_186.tif	NWPU45_20/train/palace/palace_186.tif
train	palace	27	palace_191.tif	palace/palace_191.tif	NWPU45_20/train/palace/palace_191.tif
train	palace	27	palace_193.tif	palace/palace_193.tif	NWPU45_20/train/palace/palace_193.tif
train	palace	27	palace_194.tif	palace/palace_194.tif	NWPU45_20/train/palace/palace_194.tif
train	palace	27	palace_199.tif	palace/palace_199.tif	NWPU45_20/train/palace/palace_199.tif
train	palace	27	palace_201.tif	palace/palace_201.tif	NWPU45_20/train/palace/palace_201.tif
train	palace	27	palace_205.tif	palace/palace_205.tif	NWPU45_20/train/palace/palace_205.tif
train	palace	27	palace_208.tif	palace/palace_208.tif	NWPU45_20/train/palace/palace_208.tif
train	palace	27	palace_210.tif	palace/palace_210.tif	NWPU45_20/train/palace/palace_210.tif
train	palace	27	palace_213.tif	palace/palace_213.tif	NWPU45_20/train/palace/palace_213.tif
train	palace	27	palace_228.tif	palace/palace_228.tif	NWPU45_20/train/palace/palace_228.tif
train	palace	27	palace_242.tif	palace/palace_242.tif	NWPU45_20/train/palace/palace_242.tif
train	palace	27	palace_244.tif	palace/palace_244.tif	NWPU45_20/train/palace/palace_244.tif
train	palace	27	palace_256.tif	palace/palace_256.tif	NWPU45_20/train/palace/palace_256.tif
train	palace	27	palace_257.tif	palace/palace_257.tif	NWPU45_20/train/palace/palace_257.tif
train	palace	27	palace_266.tif	palace/palace_266.tif	NWPU45_20/train/palace/palace_266.tif
train	palace	27	palace_267.tif	palace/palace_267.tif	NWPU45_20/train/palace/palace_267.tif
train	palace	27	palace_269.tif	palace/palace_269.tif	NWPU45_20/train/palace/palace_269.tif
train	palace	27	palace_273.tif	palace/palace_273.tif	NWPU45_20/train/palace/palace_273.tif
train	palace	27	palace_281.tif	palace/palace_281.tif	NWPU45_20/train/palace/palace_281.tif
train	palace	27	palace_294.tif	palace/palace_294.tif	NWPU45_20/train/palace/palace_294.tif
train	palace	27	palace_308.tif	palace/palace_308.tif	NWPU45_20/train/palace/palace_308.tif
train	palace	27	palace_309.tif	palace/palace_309.tif	NWPU45_20/train/palace/palace_309.tif
train	palace	27	palace_311.tif	palace/palace_311.tif	NWPU45_20/train/palace/palace_311.tif
train	palace	27	palace_312.tif	palace/palace_312.tif	NWPU45_20/train/palace/palace_312.tif
train	palace	27	palace_313.tif	palace/palace_313.tif	NWPU45_20/train/palace/palace_313.tif
train	palace	27	palace_316.tif	palace/palace_316.tif	NWPU45_20/train/palace/palace_316.tif
train	palace	27	palace_317.tif	palace/palace_317.tif	NWPU45_20/train/palace/palace_317.tif
train	palace	27	palace_322.tif	palace/palace_322.tif	NWPU45_20/train/palace/palace_322.tif
train	palace	27	palace_325.tif	palace/palace_325.tif	NWPU45_20/train/palace/palace_325.tif
train	palace	27	palace_327.tif	palace/palace_327.tif	NWPU45_20/train/palace/palace_327.tif
train	palace	27	palace_329.tif	palace/palace_329.tif	NWPU45_20/train/palace/palace_329.tif
train	palace	27	palace_336.tif	palace/palace_336.tif	NWPU45_20/train/palace/palace_336.tif
train	palace	27	palace_342.tif	palace/palace_342.tif	NWPU45_20/train/palace/palace_342.tif
train	palace	27	palace_348.tif	palace/palace_348.tif	NWPU45_20/train/palace/palace_348.tif
train	palace	27	palace_351.tif	palace/palace_351.tif	NWPU45_20/train/palace/palace_351.tif
train	palace	27	palace_354.tif	palace/palace_354.tif	NWPU45_20/train/palace/palace_354.tif
train	palace	27	palace_360.tif	palace/palace_360.tif	NWPU45_20/train/palace/palace_360.tif
train	palace	27	palace_365.tif	palace/palace_365.tif	NWPU45_20/train/palace/palace_365.tif
train	palace	27	palace_366.tif	palace/palace_366.tif	NWPU45_20/train/palace/palace_366.tif
train	palace	27	palace_367.tif	palace/palace_367.tif	NWPU45_20/train/palace/palace_367.tif
train	palace	27	palace_376.tif	palace/palace_376.tif	NWPU45_20/train/palace/palace_376.tif
train	palace	27	palace_379.tif	palace/palace_379.tif	NWPU45_20/train/palace/palace_379.tif
train	palace	27	palace_381.tif	palace/palace_381.tif	NWPU45_20/train/palace/palace_381.tif
train	palace	27	palace_385.tif	palace/palace_385.tif	NWPU45_20/train/palace/palace_385.tif
train	palace	27	palace_387.tif	palace/palace_387.tif	NWPU45_20/train/palace/palace_387.tif
train	palace	27	palace_396.tif	palace/palace_396.tif	NWPU45_20/train/palace/palace_396.tif
train	palace	27	palace_397.tif	palace/palace_397.tif	NWPU45_20/train/palace/palace_397.tif
train	palace	27	palace_399.tif	palace/palace_399.tif	NWPU45_20/train/palace/palace_399.tif
train	palace	27	palace_415.tif	palace/palace_415.tif	NWPU45_20/train/palace/palace_415.tif
train	palace	27	palace_416.tif	palace/palace_416.tif	NWPU45_20/train/palace/palace_416.tif
train	palace	27	palace_417.tif	palace/palace_417.tif	NWPU45_20/train/palace/palace_417.tif
train	palace	27	palace_418.tif	palace/palace_418.tif	NWPU45_20/train/palace/palace_418.tif
train	palace	27	palace_420.tif	palace/palace_420.tif	NWPU45_20/train/palace/palace_420.tif
train	palace	27	palace_421.tif	palace/palace_421.tif	NWPU45_20/train/palace/palace_421.tif
train	palace	27	palace_427.tif	palace/palace_427.tif	NWPU45_20/train/palace/palace_427.tif
train	palace	27	palace_454.tif	palace/palace_454.tif	NWPU45_20/train/palace/palace_454.tif
train	palace	27	palace_455.tif	palace/palace_455.tif	NWPU45_20/train/palace/palace_455.tif
train	palace	27	palace_459.tif	palace/palace_459.tif	NWPU45_20/train/palace/palace_459.tif
train	palace	27	palace_468.tif	palace/palace_468.tif	NWPU45_20/train/palace/palace_468.tif
train	palace	27	palace_473.tif	palace/palace_473.tif	NWPU45_20/train/palace/palace_473.tif
train	palace	27	palace_476.tif	palace/palace_476.tif	NWPU45_20/train/palace/palace_476.tif
train	palace	27	palace_478.tif	palace/palace_478.tif	NWPU45_20/train/palace/palace_478.tif
train	palace	27	palace_491.tif	palace/palace_491.tif	NWPU45_20/train/palace/palace_491.tif
train	palace	27	palace_497.tif	palace/palace_497.tif	NWPU45_20/train/palace/palace_497.tif
train	palace	27	palace_505.tif	palace/palace_505.tif	NWPU45_20/train/palace/palace_505.tif
train	palace	27	palace_508.tif	palace/palace_508.tif	NWPU45_20/train/palace/palace_508.tif
train	palace	27	palace_509.tif	palace/palace_509.tif	NWPU45_20/train/palace/palace_509.tif
train	palace	27	palace_516.tif	palace/palace_516.tif	NWPU45_20/train/palace/palace_516.tif
train	palace	27	palace_521.tif	palace/palace_521.tif	NWPU45_20/train/palace/palace_521.tif
train	palace	27	palace_523.tif	palace/palace_523.tif	NWPU45_20/train/palace/palace_523.tif
train	palace	27	palace_527.tif	palace/palace_527.tif	NWPU45_20/train/palace/palace_527.tif
train	palace	27	palace_537.tif	palace/palace_537.tif	NWPU45_20/train/palace/palace_537.tif
train	palace	27	palace_539.tif	palace/palace_539.tif	NWPU45_20/train/palace/palace_539.tif
train	palace	27	palace_543.tif	palace/palace_543.tif	NWPU45_20/train/palace/palace_543.tif
train	palace	27	palace_558.tif	palace/palace_558.tif	NWPU45_20/train/palace/palace_558.tif
train	palace	27	palace_560.tif	palace/palace_560.tif	NWPU45_20/train/palace/palace_560.tif
train	palace	27	palace_563.tif	palace/palace_563.tif	NWPU45_20/train/palace/palace_563.tif
train	palace	27	palace_570.tif	palace/palace_570.tif	NWPU45_20/train/palace/palace_570.tif
train	palace	27	palace_572.tif	palace/palace_572.tif	NWPU45_20/train/palace/palace_572.tif
train	palace	27	palace_574.tif	palace/palace_574.tif	NWPU45_20/train/palace/palace_574.tif
train	palace	27	palace_579.tif	palace/palace_579.tif	NWPU45_20/train/palace/palace_579.tif
train	palace	27	palace_582.tif	palace/palace_582.tif	NWPU45_20/train/palace/palace_582.tif
train	palace	27	palace_584.tif	palace/palace_584.tif	NWPU45_20/train/palace/palace_584.tif
train	palace	27	palace_587.tif	palace/palace_587.tif	NWPU45_20/train/palace/palace_587.tif
train	palace	27	palace_588.tif	palace/palace_588.tif	NWPU45_20/train/palace/palace_588.tif
train	palace	27	palace_595.tif	palace/palace_595.tif	NWPU45_20/train/palace/palace_595.tif
train	palace	27	palace_621.tif	palace/palace_621.tif	NWPU45_20/train/palace/palace_621.tif
train	palace	27	palace_630.tif	palace/palace_630.tif	NWPU45_20/train/palace/palace_630.tif
train	palace	27	palace_631.tif	palace/palace_631.tif	NWPU45_20/train/palace/palace_631.tif
train	palace	27	palace_635.tif	palace/palace_635.tif	NWPU45_20/train/palace/palace_635.tif
train	palace	27	palace_640.tif	palace/palace_640.tif	NWPU45_20/train/palace/palace_640.tif
train	palace	27	palace_641.tif	palace/palace_641.tif	NWPU45_20/train/palace/palace_641.tif
train	palace	27	palace_643.tif	palace/palace_643.tif	NWPU45_20/train/palace/palace_643.tif
train	palace	27	palace_660.tif	palace/palace_660.tif	NWPU45_20/train/palace/palace_660.tif
train	palace	27	palace_662.tif	palace/palace_662.tif	NWPU45_20/train/palace/palace_662.tif
train	palace	27	palace_673.tif	palace/palace_673.tif	NWPU45_20/train/palace/palace_673.tif
train	palace	27	palace_674.tif	palace/palace_674.tif	NWPU45_20/train/palace/palace_674.tif
train	palace	27	palace_690.tif	palace/palace_690.tif	NWPU45_20/train/palace/palace_690.tif
train	palace	27	palace_695.tif	palace/palace_695.tif	NWPU45_20/train/palace/palace_695.tif
train	parking_lot	28	parking_lot_003.tif	parking_lot/parking_lot_003.tif	NWPU45_20/train/parking_lot/parking_lot_003.tif
train	parking_lot	28	parking_lot_006.tif	parking_lot/parking_lot_006.tif	NWPU45_20/train/parking_lot/parking_lot_006.tif
train	parking_lot	28	parking_lot_009.tif	parking_lot/parking_lot_009.tif	NWPU45_20/train/parking_lot/parking_lot_009.tif
train	parking_lot	28	parking_lot_011.tif	parking_lot/parking_lot_011.tif	NWPU45_20/train/parking_lot/parking_lot_011.tif
train	parking_lot	28	parking_lot_014.tif	parking_lot/parking_lot_014.tif	NWPU45_20/train/parking_lot/parking_lot_014.tif
train	parking_lot	28	parking_lot_015.tif	parking_lot/parking_lot_015.tif	NWPU45_20/train/parking_lot/parking_lot_015.tif
train	parking_lot	28	parking_lot_016.tif	parking_lot/parking_lot_016.tif	NWPU45_20/train/parking_lot/parking_lot_016.tif
train	parking_lot	28	parking_lot_025.tif	parking_lot/parking_lot_025.tif	NWPU45_20/train/parking_lot/parking_lot_025.tif
train	parking_lot	28	parking_lot_029.tif	parking_lot/parking_lot_029.tif	NWPU45_20/train/parking_lot/parking_lot_029.tif
train	parking_lot	28	parking_lot_034.tif	parking_lot/parking_lot_034.tif	NWPU45_20/train/parking_lot/parking_lot_034.tif
train	parking_lot	28	parking_lot_040.tif	parking_lot/parking_lot_040.tif	NWPU45_20/train/parking_lot/parking_lot_040.tif
train	parking_lot	28	parking_lot_041.tif	parking_lot/parking_lot_041.tif	NWPU45_20/train/parking_lot/parking_lot_041.tif
train	parking_lot	28	parking_lot_043.tif	parking_lot/parking_lot_043.tif	NWPU45_20/train/parking_lot/parking_lot_043.tif
train	parking_lot	28	parking_lot_057.tif	parking_lot/parking_lot_057.tif	NWPU45_20/train/parking_lot/parking_lot_057.tif
train	parking_lot	28	parking_lot_059.tif	parking_lot/parking_lot_059.tif	NWPU45_20/train/parking_lot/parking_lot_059.tif
train	parking_lot	28	parking_lot_064.tif	parking_lot/parking_lot_064.tif	NWPU45_20/train/parking_lot/parking_lot_064.tif
train	parking_lot	28	parking_lot_065.tif	parking_lot/parking_lot_065.tif	NWPU45_20/train/parking_lot/parking_lot_065.tif
train	parking_lot	28	parking_lot_070.tif	parking_lot/parking_lot_070.tif	NWPU45_20/train/parking_lot/parking_lot_070.tif
train	parking_lot	28	parking_lot_075.tif	parking_lot/parking_lot_075.tif	NWPU45_20/train/parking_lot/parking_lot_075.tif
train	parking_lot	28	parking_lot_079.tif	parking_lot/parking_lot_079.tif	NWPU45_20/train/parking_lot/parking_lot_079.tif
train	parking_lot	28	parking_lot_087.tif	parking_lot/parking_lot_087.tif	NWPU45_20/train/parking_lot/parking_lot_087.tif
train	parking_lot	28	parking_lot_093.tif	parking_lot/parking_lot_093.tif	NWPU45_20/train/parking_lot/parking_lot_093.tif
train	parking_lot	28	parking_lot_097.tif	parking_lot/parking_lot_097.tif	NWPU45_20/train/parking_lot/parking_lot_097.tif
train	parking_lot	28	parking_lot_101.tif	parking_lot/parking_lot_101.tif	NWPU45_20/train/parking_lot/parking_lot_101.tif
train	parking_lot	28	parking_lot_102.tif	parking_lot/parking_lot_102.tif	NWPU45_20/train/parking_lot/parking_lot_102.tif
train	parking_lot	28	parking_lot_106.tif	parking_lot/parking_lot_106.tif	NWPU45_20/train/parking_lot/parking_lot_106.tif
train	parking_lot	28	parking_lot_107.tif	parking_lot/parking_lot_107.tif	NWPU45_20/train/parking_lot/parking_lot_107.tif
train	parking_lot	28	parking_lot_116.tif	parking_lot/parking_lot_116.tif	NWPU45_20/train/parking_lot/parking_lot_116.tif
train	parking_lot	28	parking_lot_119.tif	parking_lot/parking_lot_119.tif	NWPU45_20/train/parking_lot/parking_lot_119.tif
train	parking_lot	28	parking_lot_133.tif	parking_lot/parking_lot_133.tif	NWPU45_20/train/parking_lot/parking_lot_133.tif
train	parking_lot	28	parking_lot_139.tif	parking_lot/parking_lot_139.tif	NWPU45_20/train/parking_lot/parking_lot_139.tif
train	parking_lot	28	parking_lot_144.tif	parking_lot/parking_lot_144.tif	NWPU45_20/train/parking_lot/parking_lot_144.tif
train	parking_lot	28	parking_lot_150.tif	parking_lot/parking_lot_150.tif	NWPU45_20/train/parking_lot/parking_lot_150.tif
train	parking_lot	28	parking_lot_151.tif	parking_lot/parking_lot_151.tif	NWPU45_20/train/parking_lot/parking_lot_151.tif
train	parking_lot	28	parking_lot_159.tif	parking_lot/parking_lot_159.tif	NWPU45_20/train/parking_lot/parking_lot_159.tif
train	parking_lot	28	parking_lot_173.tif	parking_lot/parking_lot_173.tif	NWPU45_20/train/parking_lot/parking_lot_173.tif
train	parking_lot	28	parking_lot_175.tif	parking_lot/parking_lot_175.tif	NWPU45_20/train/parking_lot/parking_lot_175.tif
train	parking_lot	28	parking_lot_177.tif	parking_lot/parking_lot_177.tif	NWPU45_20/train/parking_lot/parking_lot_177.tif
train	parking_lot	28	parking_lot_178.tif	parking_lot/parking_lot_178.tif	NWPU45_20/train/parking_lot/parking_lot_178.tif
train	parking_lot	28	parking_lot_181.tif	parking_lot/parking_lot_181.tif	NWPU45_20/train/parking_lot/parking_lot_181.tif
train	parking_lot	28	parking_lot_186.tif	parking_lot/parking_lot_186.tif	NWPU45_20/train/parking_lot/parking_lot_186.tif
train	parking_lot	28	parking_lot_191.tif	parking_lot/parking_lot_191.tif	NWPU45_20/train/parking_lot/parking_lot_191.tif
train	parking_lot	28	parking_lot_193.tif	parking_lot/parking_lot_193.tif	NWPU45_20/train/parking_lot/parking_lot_193.tif
train	parking_lot	28	parking_lot_194.tif	parking_lot/parking_lot_194.tif	NWPU45_20/train/parking_lot/parking_lot_194.tif
train	parking_lot	28	parking_lot_199.tif	parking_lot/parking_lot_199.tif	NWPU45_20/train/parking_lot/parking_lot_199.tif
train	parking_lot	28	parking_lot_201.tif	parking_lot/parking_lot_201.tif	NWPU45_20/train/parking_lot/parking_lot_201.tif
train	parking_lot	28	parking_lot_205.tif	parking_lot/parking_lot_205.tif	NWPU45_20/train/parking_lot/parking_lot_205.tif
train	parking_lot	28	parking_lot_208.tif	parking_lot/parking_lot_208.tif	NWPU45_20/train/parking_lot/parking_lot_208.tif
train	parking_lot	28	parking_lot_210.tif	parking_lot/parking_lot_210.tif	NWPU45_20/train/parking_lot/parking_lot_210.tif
train	parking_lot	28	parking_lot_213.tif	parking_lot/parking_lot_213.tif	NWPU45_20/train/parking_lot/parking_lot_213.tif
train	parking_lot	28	parking_lot_228.tif	parking_lot/parking_lot_228.tif	NWPU45_20/train/parking_lot/parking_lot_228.tif
train	parking_lot	28	parking_lot_242.tif	parking_lot/parking_lot_242.tif	NWPU45_20/train/parking_lot/parking_lot_242.tif
train	parking_lot	28	parking_lot_244.tif	parking_lot/parking_lot_244.tif	NWPU45_20/train/parking_lot/parking_lot_244.tif
train	parking_lot	28	parking_lot_256.tif	parking_lot/parking_lot_256.tif	NWPU45_20/train/parking_lot/parking_lot_256.tif
train	parking_lot	28	parking_lot_257.tif	parking_lot/parking_lot_257.tif	NWPU45_20/train/parking_lot/parking_lot_257.tif
train	parking_lot	28	parking_lot_266.tif	parking_lot/parking_lot_266.tif	NWPU45_20/train/parking_lot/parking_lot_266.tif
train	parking_lot	28	parking_lot_267.tif	parking_lot/parking_lot_267.tif	NWPU45_20/train/parking_lot/parking_lot_267.tif
train	parking_lot	28	parking_lot_269.tif	parking_lot/parking_lot_269.tif	NWPU45_20/train/parking_lot/parking_lot_269.tif
train	parking_lot	28	parking_lot_273.tif	parking_lot/parking_lot_273.tif	NWPU45_20/train/parking_lot/parking_lot_273.tif
train	parking_lot	28	parking_lot_281.tif	parking_lot/parking_lot_281.tif	NWPU45_20/train/parking_lot/parking_lot_281.tif
train	parking_lot	28	parking_lot_294.tif	parking_lot/parking_lot_294.tif	NWPU45_20/train/parking_lot/parking_lot_294.tif
train	parking_lot	28	parking_lot_308.tif	parking_lot/parking_lot_308.tif	NWPU45_20/train/parking_lot/parking_lot_308.tif
train	parking_lot	28	parking_lot_309.tif	parking_lot/parking_lot_309.tif	NWPU45_20/train/parking_lot/parking_lot_309.tif
train	parking_lot	28	parking_lot_311.tif	parking_lot/parking_lot_311.tif	NWPU45_20/train/parking_lot/parking_lot_311.tif
train	parking_lot	28	parking_lot_312.tif	parking_lot/parking_lot_312.tif	NWPU45_20/train/parking_lot/parking_lot_312.tif
train	parking_lot	28	parking_lot_313.tif	parking_lot/parking_lot_313.tif	NWPU45_20/train/parking_lot/parking_lot_313.tif
train	parking_lot	28	parking_lot_316.tif	parking_lot/parking_lot_316.tif	NWPU45_20/train/parking_lot/parking_lot_316.tif
train	parking_lot	28	parking_lot_317.tif	parking_lot/parking_lot_317.tif	NWPU45_20/train/parking_lot/parking_lot_317.tif
train	parking_lot	28	parking_lot_322.tif	parking_lot/parking_lot_322.tif	NWPU45_20/train/parking_lot/parking_lot_322.tif
train	parking_lot	28	parking_lot_325.tif	parking_lot/parking_lot_325.tif	NWPU45_20/train/parking_lot/parking_lot_325.tif
train	parking_lot	28	parking_lot_327.tif	parking_lot/parking_lot_327.tif	NWPU45_20/train/parking_lot/parking_lot_327.tif
train	parking_lot	28	parking_lot_329.tif	parking_lot/parking_lot_329.tif	NWPU45_20/train/parking_lot/parking_lot_329.tif
train	parking_lot	28	parking_lot_336.tif	parking_lot/parking_lot_336.tif	NWPU45_20/train/parking_lot/parking_lot_336.tif
train	parking_lot	28	parking_lot_342.tif	parking_lot/parking_lot_342.tif	NWPU45_20/train/parking_lot/parking_lot_342.tif
train	parking_lot	28	parking_lot_348.tif	parking_lot/parking_lot_348.tif	NWPU45_20/train/parking_lot/parking_lot_348.tif
train	parking_lot	28	parking_lot_351.tif	parking_lot/parking_lot_351.tif	NWPU45_20/train/parking_lot/parking_lot_351.tif
train	parking_lot	28	parking_lot_354.tif	parking_lot/parking_lot_354.tif	NWPU45_20/train/parking_lot/parking_lot_354.tif
train	parking_lot	28	parking_lot_360.tif	parking_lot/parking_lot_360.tif	NWPU45_20/train/parking_lot/parking_lot_360.tif
train	parking_lot	28	parking_lot_365.tif	parking_lot/parking_lot_365.tif	NWPU45_20/train/parking_lot/parking_lot_365.tif
train	parking_lot	28	parking_lot_366.tif	parking_lot/parking_lot_366.tif	NWPU45_20/train/parking_lot/parking_lot_366.tif
train	parking_lot	28	parking_lot_367.tif	parking_lot/parking_lot_367.tif	NWPU45_20/train/parking_lot/parking_lot_367.tif
train	parking_lot	28	parking_lot_376.tif	parking_lot/parking_lot_376.tif	NWPU45_20/train/parking_lot/parking_lot_376.tif
train	parking_lot	28	parking_lot_379.tif	parking_lot/parking_lot_379.tif	NWPU45_20/train/parking_lot/parking_lot_379.tif
train	parking_lot	28	parking_lot_381.tif	parking_lot/parking_lot_381.tif	NWPU45_20/train/parking_lot/parking_lot_381.tif
train	parking_lot	28	parking_lot_385.tif	parking_lot/parking_lot_385.tif	NWPU45_20/train/parking_lot/parking_lot_385.tif
train	parking_lot	28	parking_lot_387.tif	parking_lot/parking_lot_387.tif	NWPU45_20/train/parking_lot/parking_lot_387.tif
train	parking_lot	28	parking_lot_396.tif	parking_lot/parking_lot_396.tif	NWPU45_20/train/parking_lot/parking_lot_396.tif
train	parking_lot	28	parking_lot_397.tif	parking_lot/parking_lot_397.tif	NWPU45_20/train/parking_lot/parking_lot_397.tif
train	parking_lot	28	parking_lot_399.tif	parking_lot/parking_lot_399.tif	NWPU45_20/train/parking_lot/parking_lot_399.tif
train	parking_lot	28	parking_lot_415.tif	parking_lot/parking_lot_415.tif	NWPU45_20/train/parking_lot/parking_lot_415.tif
train	parking_lot	28	parking_lot_416.tif	parking_lot/parking_lot_416.tif	NWPU45_20/train/parking_lot/parking_lot_416.tif
train	parking_lot	28	parking_lot_417.tif	parking_lot/parking_lot_417.tif	NWPU45_20/train/parking_lot/parking_lot_417.tif
train	parking_lot	28	parking_lot_418.tif	parking_lot/parking_lot_418.tif	NWPU45_20/train/parking_lot/parking_lot_418.tif
train	parking_lot	28	parking_lot_420.tif	parking_lot/parking_lot_420.tif	NWPU45_20/train/parking_lot/parking_lot_420.tif
train	parking_lot	28	parking_lot_421.tif	parking_lot/parking_lot_421.tif	NWPU45_20/train/parking_lot/parking_lot_421.tif
train	parking_lot	28	parking_lot_427.tif	parking_lot/parking_lot_427.tif	NWPU45_20/train/parking_lot/parking_lot_427.tif
train	parking_lot	28	parking_lot_454.tif	parking_lot/parking_lot_454.tif	NWPU45_20/train/parking_lot/parking_lot_454.tif
train	parking_lot	28	parking_lot_455.tif	parking_lot/parking_lot_455.tif	NWPU45_20/train/parking_lot/parking_lot_455.tif
train	parking_lot	28	parking_lot_459.tif	parking_lot/parking_lot_459.tif	NWPU45_20/train/parking_lot/parking_lot_459.tif
train	parking_lot	28	parking_lot_468.tif	parking_lot/parking_lot_468.tif	NWPU45_20/train/parking_lot/parking_lot_468.tif
train	parking_lot	28	parking_lot_473.tif	parking_lot/parking_lot_473.tif	NWPU45_20/train/parking_lot/parking_lot_473.tif
train	parking_lot	28	parking_lot_476.tif	parking_lot/parking_lot_476.tif	NWPU45_20/train/parking_lot/parking_lot_476.tif
train	parking_lot	28	parking_lot_478.tif	parking_lot/parking_lot_478.tif	NWPU45_20/train/parking_lot/parking_lot_478.tif
train	parking_lot	28	parking_lot_491.tif	parking_lot/parking_lot_491.tif	NWPU45_20/train/parking_lot/parking_lot_491.tif
train	parking_lot	28	parking_lot_497.tif	parking_lot/parking_lot_497.tif	NWPU45_20/train/parking_lot/parking_lot_497.tif
train	parking_lot	28	parking_lot_505.tif	parking_lot/parking_lot_505.tif	NWPU45_20/train/parking_lot/parking_lot_505.tif
train	parking_lot	28	parking_lot_508.tif	parking_lot/parking_lot_508.tif	NWPU45_20/train/parking_lot/parking_lot_508.tif
train	parking_lot	28	parking_lot_509.tif	parking_lot/parking_lot_509.tif	NWPU45_20/train/parking_lot/parking_lot_509.tif
train	parking_lot	28	parking_lot_516.tif	parking_lot/parking_lot_516.tif	NWPU45_20/train/parking_lot/parking_lot_516.tif
train	parking_lot	28	parking_lot_521.tif	parking_lot/parking_lot_521.tif	NWPU45_20/train/parking_lot/parking_lot_521.tif
train	parking_lot	28	parking_lot_523.tif	parking_lot/parking_lot_523.tif	NWPU45_20/train/parking_lot/parking_lot_523.tif
train	parking_lot	28	parking_lot_527.tif	parking_lot/parking_lot_527.tif	NWPU45_20/train/parking_lot/parking_lot_527.tif
train	parking_lot	28	parking_lot_537.tif	parking_lot/parking_lot_537.tif	NWPU45_20/train/parking_lot/parking_lot_537.tif
train	parking_lot	28	parking_lot_539.tif	parking_lot/parking_lot_539.tif	NWPU45_20/train/parking_lot/parking_lot_539.tif
train	parking_lot	28	parking_lot_543.tif	parking_lot/parking_lot_543.tif	NWPU45_20/train/parking_lot/parking_lot_543.tif
train	parking_lot	28	parking_lot_558.tif	parking_lot/parking_lot_558.tif	NWPU45_20/train/parking_lot/parking_lot_558.tif
train	parking_lot	28	parking_lot_560.tif	parking_lot/parking_lot_560.tif	NWPU45_20/train/parking_lot/parking_lot_560.tif
train	parking_lot	28	parking_lot_563.tif	parking_lot/parking_lot_563.tif	NWPU45_20/train/parking_lot/parking_lot_563.tif
train	parking_lot	28	parking_lot_570.tif	parking_lot/parking_lot_570.tif	NWPU45_20/train/parking_lot/parking_lot_570.tif
train	parking_lot	28	parking_lot_572.tif	parking_lot/parking_lot_572.tif	NWPU45_20/train/parking_lot/parking_lot_572.tif
train	parking_lot	28	parking_lot_574.tif	parking_lot/parking_lot_574.tif	NWPU45_20/train/parking_lot/parking_lot_574.tif
train	parking_lot	28	parking_lot_579.tif	parking_lot/parking_lot_579.tif	NWPU45_20/train/parking_lot/parking_lot_579.tif
train	parking_lot	28	parking_lot_582.tif	parking_lot/parking_lot_582.tif	NWPU45_20/train/parking_lot/parking_lot_582.tif
train	parking_lot	28	parking_lot_584.tif	parking_lot/parking_lot_584.tif	NWPU45_20/train/parking_lot/parking_lot_584.tif
train	parking_lot	28	parking_lot_587.tif	parking_lot/parking_lot_587.tif	NWPU45_20/train/parking_lot/parking_lot_587.tif
train	parking_lot	28	parking_lot_588.tif	parking_lot/parking_lot_588.tif	NWPU45_20/train/parking_lot/parking_lot_588.tif
train	parking_lot	28	parking_lot_595.tif	parking_lot/parking_lot_595.tif	NWPU45_20/train/parking_lot/parking_lot_595.tif
train	parking_lot	28	parking_lot_621.tif	parking_lot/parking_lot_621.tif	NWPU45_20/train/parking_lot/parking_lot_621.tif
train	parking_lot	28	parking_lot_630.tif	parking_lot/parking_lot_630.tif	NWPU45_20/train/parking_lot/parking_lot_630.tif
train	parking_lot	28	parking_lot_631.tif	parking_lot/parking_lot_631.tif	NWPU45_20/train/parking_lot/parking_lot_631.tif
train	parking_lot	28	parking_lot_635.tif	parking_lot/parking_lot_635.tif	NWPU45_20/train/parking_lot/parking_lot_635.tif
train	parking_lot	28	parking_lot_640.tif	parking_lot/parking_lot_640.tif	NWPU45_20/train/parking_lot/parking_lot_640.tif
train	parking_lot	28	parking_lot_641.tif	parking_lot/parking_lot_641.tif	NWPU45_20/train/parking_lot/parking_lot_641.tif
train	parking_lot	28	parking_lot_643.tif	parking_lot/parking_lot_643.tif	NWPU45_20/train/parking_lot/parking_lot_643.tif
train	parking_lot	28	parking_lot_660.tif	parking_lot/parking_lot_660.tif	NWPU45_20/train/parking_lot/parking_lot_660.tif
train	parking_lot	28	parking_lot_662.tif	parking_lot/parking_lot_662.tif	NWPU45_20/train/parking_lot/parking_lot_662.tif
train	parking_lot	28	parking_lot_673.tif	parking_lot/parking_lot_673.tif	NWPU45_20/train/parking_lot/parking_lot_673.tif
train	parking_lot	28	parking_lot_674.tif	parking_lot/parking_lot_674.tif	NWPU45_20/train/parking_lot/parking_lot_674.tif
train	parking_lot	28	parking_lot_690.tif	parking_lot/parking_lot_690.tif	NWPU45_20/train/parking_lot/parking_lot_690.tif
train	parking_lot	28	parking_lot_695.tif	parking_lot/parking_lot_695.tif	NWPU45_20/train/parking_lot/parking_lot_695.tif
train	railway	29	railway_003.tif	railway/railway_003.tif	NWPU45_20/train/railway/railway_003.tif
train	railway	29	railway_006.tif	railway/railway_006.tif	NWPU45_20/train/railway/railway_006.tif
train	railway	29	railway_009.tif	railway/railway_009.tif	NWPU45_20/train/railway/railway_009.tif
train	railway	29	railway_011.tif	railway/railway_011.tif	NWPU45_20/train/railway/railway_011.tif
train	railway	29	railway_014.tif	railway/railway_014.tif	NWPU45_20/train/railway/railway_014.tif
train	railway	29	railway_015.tif	railway/railway_015.tif	NWPU45_20/train/railway/railway_015.tif
train	railway	29	railway_016.tif	railway/railway_016.tif	NWPU45_20/train/railway/railway_016.tif
train	railway	29	railway_025.tif	railway/railway_025.tif	NWPU45_20/train/railway/railway_025.tif
train	railway	29	railway_029.tif	railway/railway_029.tif	NWPU45_20/train/railway/railway_029.tif
train	railway	29	railway_034.tif	railway/railway_034.tif	NWPU45_20/train/railway/railway_034.tif
train	railway	29	railway_040.tif	railway/railway_040.tif	NWPU45_20/train/railway/railway_040.tif
train	railway	29	railway_041.tif	railway/railway_041.tif	NWPU45_20/train/railway/railway_041.tif
train	railway	29	railway_043.tif	railway/railway_043.tif	NWPU45_20/train/railway/railway_043.tif
train	railway	29	railway_057.tif	railway/railway_057.tif	NWPU45_20/train/railway/railway_057.tif
train	railway	29	railway_059.tif	railway/railway_059.tif	NWPU45_20/train/railway/railway_059.tif
train	railway	29	railway_064.tif	railway/railway_064.tif	NWPU45_20/train/railway/railway_064.tif
train	railway	29	railway_065.tif	railway/railway_065.tif	NWPU45_20/train/railway/railway_065.tif
train	railway	29	railway_070.tif	railway/railway_070.tif	NWPU45_20/train/railway/railway_070.tif
train	railway	29	railway_075.tif	railway/railway_075.tif	NWPU45_20/train/railway/railway_075.tif
train	railway	29	railway_079.tif	railway/railway_079.tif	NWPU45_20/train/railway/railway_079.tif
train	railway	29	railway_087.tif	railway/railway_087.tif	NWPU45_20/train/railway/railway_087.tif
train	railway	29	railway_093.tif	railway/railway_093.tif	NWPU45_20/train/railway/railway_093.tif
train	railway	29	railway_097.tif	railway/railway_097.tif	NWPU45_20/train/railway/railway_097.tif
train	railway	29	railway_101.tif	railway/railway_101.tif	NWPU45_20/train/railway/railway_101.tif
train	railway	29	railway_102.tif	railway/railway_102.tif	NWPU45_20/train/railway/railway_102.tif
train	railway	29	railway_106.tif	railway/railway_106.tif	NWPU45_20/train/railway/railway_106.tif
train	railway	29	railway_107.tif	railway/railway_107.tif	NWPU45_20/train/railway/railway_107.tif
train	railway	29	railway_116.tif	railway/railway_116.tif	NWPU45_20/train/railway/railway_116.tif
train	railway	29	railway_119.tif	railway/railway_119.tif	NWPU45_20/train/railway/railway_119.tif
train	railway	29	railway_133.tif	railway/railway_133.tif	NWPU45_20/train/railway/railway_133.tif
train	railway	29	railway_139.tif	railway/railway_139.tif	NWPU45_20/train/railway/railway_139.tif
train	railway	29	railway_144.tif	railway/railway_144.tif	NWPU45_20/train/railway/railway_144.tif
train	railway	29	railway_150.tif	railway/railway_150.tif	NWPU45_20/train/railway/railway_150.tif
train	railway	29	railway_151.tif	railway/railway_151.tif	NWPU45_20/train/railway/railway_151.tif
train	railway	29	railway_159.tif	railway/railway_159.tif	NWPU45_20/train/railway/railway_159.tif
train	railway	29	railway_173.tif	railway/railway_173.tif	NWPU45_20/train/railway/railway_173.tif
train	railway	29	railway_175.tif	railway/railway_175.tif	NWPU45_20/train/railway/railway_175.tif
train	railway	29	railway_177.tif	railway/railway_177.tif	NWPU45_20/train/railway/railway_177.tif
train	railway	29	railway_178.tif	railway/railway_178.tif	NWPU45_20/train/railway/railway_178.tif
train	railway	29	railway_181.tif	railway/railway_181.tif	NWPU45_20/train/railway/railway_181.tif
train	railway	29	railway_186.tif	railway/railway_186.tif	NWPU45_20/train/railway/railway_186.tif
train	railway	29	railway_191.tif	railway/railway_191.tif	NWPU45_20/train/railway/railway_191.tif
train	railway	29	railway_193.tif	railway/railway_193.tif	NWPU45_20/train/railway/railway_193.tif
train	railway	29	railway_194.tif	railway/railway_194.tif	NWPU45_20/train/railway/railway_194.tif
train	railway	29	railway_199.tif	railway/railway_199.tif	NWPU45_20/train/railway/railway_199.tif
train	railway	29	railway_201.tif	railway/railway_201.tif	NWPU45_20/train/railway/railway_201.tif
train	railway	29	railway_205.tif	railway/railway_205.tif	NWPU45_20/train/railway/railway_205.tif
train	railway	29	railway_208.tif	railway/railway_208.tif	NWPU45_20/train/railway/railway_208.tif
train	railway	29	railway_210.tif	railway/railway_210.tif	NWPU45_20/train/railway/railway_210.tif
train	railway	29	railway_213.tif	railway/railway_213.tif	NWPU45_20/train/railway/railway_213.tif
train	railway	29	railway_228.tif	railway/railway_228.tif	NWPU45_20/train/railway/railway_228.tif
train	railway	29	railway_242.tif	railway/railway_242.tif	NWPU45_20/train/railway/railway_242.tif
train	railway	29	railway_244.tif	railway/railway_244.tif	NWPU45_20/train/railway/railway_244.tif
train	railway	29	railway_256.tif	railway/railway_256.tif	NWPU45_20/train/railway/railway_256.tif
train	railway	29	railway_257.tif	railway/railway_257.tif	NWPU45_20/train/railway/railway_257.tif
train	railway	29	railway_266.tif	railway/railway_266.tif	NWPU45_20/train/railway/railway_266.tif
train	railway	29	railway_267.tif	railway/railway_267.tif	NWPU45_20/train/railway/railway_267.tif
train	railway	29	railway_269.tif	railway/railway_269.tif	NWPU45_20/train/railway/railway_269.tif
train	railway	29	railway_273.tif	railway/railway_273.tif	NWPU45_20/train/railway/railway_273.tif
train	railway	29	railway_281.tif	railway/railway_281.tif	NWPU45_20/train/railway/railway_281.tif
train	railway	29	railway_294.tif	railway/railway_294.tif	NWPU45_20/train/railway/railway_294.tif
train	railway	29	railway_308.tif	railway/railway_308.tif	NWPU45_20/train/railway/railway_308.tif
train	railway	29	railway_309.tif	railway/railway_309.tif	NWPU45_20/train/railway/railway_309.tif
train	railway	29	railway_311.tif	railway/railway_311.tif	NWPU45_20/train/railway/railway_311.tif
train	railway	29	railway_312.tif	railway/railway_312.tif	NWPU45_20/train/railway/railway_312.tif
train	railway	29	railway_313.tif	railway/railway_313.tif	NWPU45_20/train/railway/railway_313.tif
train	railway	29	railway_316.tif	railway/railway_316.tif	NWPU45_20/train/railway/railway_316.tif
train	railway	29	railway_317.tif	railway/railway_317.tif	NWPU45_20/train/railway/railway_317.tif
train	railway	29	railway_322.tif	railway/railway_322.tif	NWPU45_20/train/railway/railway_322.tif
train	railway	29	railway_325.tif	railway/railway_325.tif	NWPU45_20/train/railway/railway_325.tif
train	railway	29	railway_327.tif	railway/railway_327.tif	NWPU45_20/train/railway/railway_327.tif
train	railway	29	railway_329.tif	railway/railway_329.tif	NWPU45_20/train/railway/railway_329.tif
train	railway	29	railway_336.tif	railway/railway_336.tif	NWPU45_20/train/railway/railway_336.tif
train	railway	29	railway_342.tif	railway/railway_342.tif	NWPU45_20/train/railway/railway_342.tif
train	railway	29	railway_348.tif	railway/railway_348.tif	NWPU45_20/train/railway/railway_348.tif
train	railway	29	railway_351.tif	railway/railway_351.tif	NWPU45_20/train/railway/railway_351.tif
train	railway	29	railway_354.tif	railway/railway_354.tif	NWPU45_20/train/railway/railway_354.tif
train	railway	29	railway_360.tif	railway/railway_360.tif	NWPU45_20/train/railway/railway_360.tif
train	railway	29	railway_365.tif	railway/railway_365.tif	NWPU45_20/train/railway/railway_365.tif
train	railway	29	railway_366.tif	railway/railway_366.tif	NWPU45_20/train/railway/railway_366.tif
train	railway	29	railway_367.tif	railway/railway_367.tif	NWPU45_20/train/railway/railway_367.tif
train	railway	29	railway_376.tif	railway/railway_376.tif	NWPU45_20/train/railway/railway_376.tif
train	railway	29	railway_379.tif	railway/railway_379.tif	NWPU45_20/train/railway/railway_379.tif
train	railway	29	railway_381.tif	railway/railway_381.tif	NWPU45_20/train/railway/railway_381.tif
train	railway	29	railway_385.tif	railway/railway_385.tif	NWPU45_20/train/railway/railway_385.tif
train	railway	29	railway_387.tif	railway/railway_387.tif	NWPU45_20/train/railway/railway_387.tif
train	railway	29	railway_396.tif	railway/railway_396.tif	NWPU45_20/train/railway/railway_396.tif
train	railway	29	railway_397.tif	railway/railway_397.tif	NWPU45_20/train/railway/railway_397.tif
train	railway	29	railway_399.tif	railway/railway_399.tif	NWPU45_20/train/railway/railway_399.tif
train	railway	29	railway_415.tif	railway/railway_415.tif	NWPU45_20/train/railway/railway_415.tif
train	railway	29	railway_416.tif	railway/railway_416.tif	NWPU45_20/train/railway/railway_416.tif
train	railway	29	railway_417.tif	railway/railway_417.tif	NWPU45_20/train/railway/railway_417.tif
train	railway	29	railway_418.tif	railway/railway_418.tif	NWPU45_20/train/railway/railway_418.tif
train	railway	29	railway_420.tif	railway/railway_420.tif	NWPU45_20/train/railway/railway_420.tif
train	railway	29	railway_421.tif	railway/railway_421.tif	NWPU45_20/train/railway/railway_421.tif
train	railway	29	railway_427.tif	railway/railway_427.tif	NWPU45_20/train/railway/railway_427.tif
train	railway	29	railway_454.tif	railway/railway_454.tif	NWPU45_20/train/railway/railway_454.tif
train	railway	29	railway_455.tif	railway/railway_455.tif	NWPU45_20/train/railway/railway_455.tif
train	railway	29	railway_459.tif	railway/railway_459.tif	NWPU45_20/train/railway/railway_459.tif
train	railway	29	railway_468.tif	railway/railway_468.tif	NWPU45_20/train/railway/railway_468.tif
train	railway	29	railway_473.tif	railway/railway_473.tif	NWPU45_20/train/railway/railway_473.tif
train	railway	29	railway_476.tif	railway/railway_476.tif	NWPU45_20/train/railway/railway_476.tif
train	railway	29	railway_478.tif	railway/railway_478.tif	NWPU45_20/train/railway/railway_478.tif
train	railway	29	railway_491.tif	railway/railway_491.tif	NWPU45_20/train/railway/railway_491.tif
train	railway	29	railway_497.tif	railway/railway_497.tif	NWPU45_20/train/railway/railway_497.tif
train	railway	29	railway_505.tif	railway/railway_505.tif	NWPU45_20/train/railway/railway_505.tif
train	railway	29	railway_508.tif	railway/railway_508.tif	NWPU45_20/train/railway/railway_508.tif
train	railway	29	railway_509.tif	railway/railway_509.tif	NWPU45_20/train/railway/railway_509.tif
train	railway	29	railway_516.tif	railway/railway_516.tif	NWPU45_20/train/railway/railway_516.tif
train	railway	29	railway_521.tif	railway/railway_521.tif	NWPU45_20/train/railway/railway_521.tif
train	railway	29	railway_523.tif	railway/railway_523.tif	NWPU45_20/train/railway/railway_523.tif
train	railway	29	railway_527.tif	railway/railway_527.tif	NWPU45_20/train/railway/railway_527.tif
train	railway	29	railway_537.tif	railway/railway_537.tif	NWPU45_20/train/railway/railway_537.tif
train	railway	29	railway_539.tif	railway/railway_539.tif	NWPU45_20/train/railway/railway_539.tif
train	railway	29	railway_543.tif	railway/railway_543.tif	NWPU45_20/train/railway/railway_543.tif
train	railway	29	railway_558.tif	railway/railway_558.tif	NWPU45_20/train/railway/railway_558.tif
train	railway	29	railway_560.tif	railway/railway_560.tif	NWPU45_20/train/railway/railway_560.tif
train	railway	29	railway_563.tif	railway/railway_563.tif	NWPU45_20/train/railway/railway_563.tif
train	railway	29	railway_570.tif	railway/railway_570.tif	NWPU45_20/train/railway/railway_570.tif
train	railway	29	railway_572.tif	railway/railway_572.tif	NWPU45_20/train/railway/railway_572.tif
train	railway	29	railway_574.tif	railway/railway_574.tif	NWPU45_20/train/railway/railway_574.tif
train	railway	29	railway_579.tif	railway/railway_579.tif	NWPU45_20/train/railway/railway_579.tif
train	railway	29	railway_582.tif	railway/railway_582.tif	NWPU45_20/train/railway/railway_582.tif
train	railway	29	railway_584.tif	railway/railway_584.tif	NWPU45_20/train/railway/railway_584.tif
train	railway	29	railway_587.tif	railway/railway_587.tif	NWPU45_20/train/railway/railway_587.tif
train	railway	29	railway_588.tif	railway/railway_588.tif	NWPU45_20/train/railway/railway_588.tif
train	railway	29	railway_595.tif	railway/railway_595.tif	NWPU45_20/train/railway/railway_595.tif
train	railway	29	railway_621.tif	railway/railway_621.tif	NWPU45_20/train/railway/railway_621.tif
train	railway	29	railway_630.tif	railway/railway_630.tif	NWPU45_20/train/railway/railway_630.tif
train	railway	29	railway_631.tif	railway/railway_631.tif	NWPU45_20/train/railway/railway_631.tif
train	railway	29	railway_635.tif	railway/railway_635.tif	NWPU45_20/train/railway/railway_635.tif
train	railway	29	railway_640.tif	railway/railway_640.tif	NWPU45_20/train/railway/railway_640.tif
train	railway	29	railway_641.tif	railway/railway_641.tif	NWPU45_20/train/railway/railway_641.tif
train	railway	29	railway_643.tif	railway/railway_643.tif	NWPU45_20/train/railway/railway_643.tif
train	railway	29	railway_660.tif	railway/railway_660.tif	NWPU45_20/train/railway/railway_660.tif
train	railway	29	railway_662.tif	railway/railway_662.tif	NWPU45_20/train/railway/railway_662.tif
train	railway	29	railway_673.tif	railway/railway_673.tif	NWPU45_20/train/railway/railway_673.tif
train	railway	29	railway_674.tif	railway/railway_674.tif	NWPU45_20/train/railway/railway_674.tif
train	railway	29	railway_690.tif	railway/railway_690.tif	NWPU45_20/train/railway/railway_690.tif
train	railway	29	railway_695.tif	railway/railway_695.tif	NWPU45_20/train/railway/railway_695.tif
train	railway_station	30	railway_station_003.tif	railway_station/railway_station_003.tif	NWPU45_20/train/railway_station/railway_station_003.tif
train	railway_station	30	railway_station_006.tif	railway_station/railway_station_006.tif	NWPU45_20/train/railway_station/railway_station_006.tif
train	railway_station	30	railway_station_009.tif	railway_station/railway_station_009.tif	NWPU45_20/train/railway_station/railway_station_009.tif
train	railway_station	30	railway_station_011.tif	railway_station/railway_station_011.tif	NWPU45_20/train/railway_station/railway_station_011.tif
train	railway_station	30	railway_station_014.tif	railway_station/railway_station_014.tif	NWPU45_20/train/railway_station/railway_station_014.tif
train	railway_station	30	railway_station_015.tif	railway_station/railway_station_015.tif	NWPU45_20/train/railway_station/railway_station_015.tif
train	railway_station	30	railway_station_016.tif	railway_station/railway_station_016.tif	NWPU45_20/train/railway_station/railway_station_016.tif
train	railway_station	30	railway_station_025.tif	railway_station/railway_station_025.tif	NWPU45_20/train/railway_station/railway_station_025.tif
train	railway_station	30	railway_station_029.tif	railway_station/railway_station_029.tif	NWPU45_20/train/railway_station/railway_station_029.tif
train	railway_station	30	railway_station_034.tif	railway_station/railway_station_034.tif	NWPU45_20/train/railway_station/railway_station_034.tif
train	railway_station	30	railway_station_040.tif	railway_station/railway_station_040.tif	NWPU45_20/train/railway_station/railway_station_040.tif
train	railway_station	30	railway_station_041.tif	railway_station/railway_station_041.tif	NWPU45_20/train/railway_station/railway_station_041.tif
train	railway_station	30	railway_station_043.tif	railway_station/railway_station_043.tif	NWPU45_20/train/railway_station/railway_station_043.tif
train	railway_station	30	railway_station_057.tif	railway_station/railway_station_057.tif	NWPU45_20/train/railway_station/railway_station_057.tif
train	railway_station	30	railway_station_059.tif	railway_station/railway_station_059.tif	NWPU45_20/train/railway_station/railway_station_059.tif
train	railway_station	30	railway_station_064.tif	railway_station/railway_station_064.tif	NWPU45_20/train/railway_station/railway_station_064.tif
train	railway_station	30	railway_station_065.tif	railway_station/railway_station_065.tif	NWPU45_20/train/railway_station/railway_station_065.tif
train	railway_station	30	railway_station_070.tif	railway_station/railway_station_070.tif	NWPU45_20/train/railway_station/railway_station_070.tif
train	railway_station	30	railway_station_075.tif	railway_station/railway_station_075.tif	NWPU45_20/train/railway_station/railway_station_075.tif
train	railway_station	30	railway_station_079.tif	railway_station/railway_station_079.tif	NWPU45_20/train/railway_station/railway_station_079.tif
train	railway_station	30	railway_station_087.tif	railway_station/railway_station_087.tif	NWPU45_20/train/railway_station/railway_station_087.tif
train	railway_station	30	railway_station_093.tif	railway_station/railway_station_093.tif	NWPU45_20/train/railway_station/railway_station_093.tif
train	railway_station	30	railway_station_097.tif	railway_station/railway_station_097.tif	NWPU45_20/train/railway_station/railway_station_097.tif
train	railway_station	30	railway_station_101.tif	railway_station/railway_station_101.tif	NWPU45_20/train/railway_station/railway_station_101.tif
train	railway_station	30	railway_station_102.tif	railway_station/railway_station_102.tif	NWPU45_20/train/railway_station/railway_station_102.tif
train	railway_station	30	railway_station_106.tif	railway_station/railway_station_106.tif	NWPU45_20/train/railway_station/railway_station_106.tif
train	railway_station	30	railway_station_107.tif	railway_station/railway_station_107.tif	NWPU45_20/train/railway_station/railway_station_107.tif
train	railway_station	30	railway_station_116.tif	railway_station/railway_station_116.tif	NWPU45_20/train/railway_station/railway_station_116.tif
train	railway_station	30	railway_station_119.tif	railway_station/railway_station_119.tif	NWPU45_20/train/railway_station/railway_station_119.tif
train	railway_station	30	railway_station_133.tif	railway_station/railway_station_133.tif	NWPU45_20/train/railway_station/railway_station_133.tif
train	railway_station	30	railway_station_139.tif	railway_station/railway_station_139.tif	NWPU45_20/train/railway_station/railway_station_139.tif
train	railway_station	30	railway_station_144.tif	railway_station/railway_station_144.tif	NWPU45_20/train/railway_station/railway_station_144.tif
train	railway_station	30	railway_station_150.tif	railway_station/railway_station_150.tif	NWPU45_20/train/railway_station/railway_station_150.tif
train	railway_station	30	railway_station_151.tif	railway_station/railway_station_151.tif	NWPU45_20/train/railway_station/railway_station_151.tif
train	railway_station	30	railway_station_159.tif	railway_station/railway_station_159.tif	NWPU45_20/train/railway_station/railway_station_159.tif
train	railway_station	30	railway_station_173.tif	railway_station/railway_station_173.tif	NWPU45_20/train/railway_station/railway_station_173.tif
train	railway_station	30	railway_station_175.tif	railway_station/railway_station_175.tif	NWPU45_20/train/railway_station/railway_station_175.tif
train	railway_station	30	railway_station_177.tif	railway_station/railway_station_177.tif	NWPU45_20/train/railway_station/railway_station_177.tif
train	railway_station	30	railway_station_178.tif	railway_station/railway_station_178.tif	NWPU45_20/train/railway_station/railway_station_178.tif
train	railway_station	30	railway_station_181.tif	railway_station/railway_station_181.tif	NWPU45_20/train/railway_station/railway_station_181.tif
train	railway_station	30	railway_station_186.tif	railway_station/railway_station_186.tif	NWPU45_20/train/railway_station/railway_station_186.tif
train	railway_station	30	railway_station_191.tif	railway_station/railway_station_191.tif	NWPU45_20/train/railway_station/railway_station_191.tif
train	railway_station	30	railway_station_193.tif	railway_station/railway_station_193.tif	NWPU45_20/train/railway_station/railway_station_193.tif
train	railway_station	30	railway_station_194.tif	railway_station/railway_station_194.tif	NWPU45_20/train/railway_station/railway_station_194.tif
train	railway_station	30	railway_station_199.tif	railway_station/railway_station_199.tif	NWPU45_20/train/railway_station/railway_station_199.tif
train	railway_station	30	railway_station_201.tif	railway_station/railway_station_201.tif	NWPU45_20/train/railway_station/railway_station_201.tif
train	railway_station	30	railway_station_205.tif	railway_station/railway_station_205.tif	NWPU45_20/train/railway_station/railway_station_205.tif
train	railway_station	30	railway_station_208.tif	railway_station/railway_station_208.tif	NWPU45_20/train/railway_station/railway_station_208.tif
train	railway_station	30	railway_station_210.tif	railway_station/railway_station_210.tif	NWPU45_20/train/railway_station/railway_station_210.tif
train	railway_station	30	railway_station_213.tif	railway_station/railway_station_213.tif	NWPU45_20/train/railway_station/railway_station_213.tif
train	railway_station	30	railway_station_228.tif	railway_station/railway_station_228.tif	NWPU45_20/train/railway_station/railway_station_228.tif
train	railway_station	30	railway_station_242.tif	railway_station/railway_station_242.tif	NWPU45_20/train/railway_station/railway_station_242.tif
train	railway_station	30	railway_station_244.tif	railway_station/railway_station_244.tif	NWPU45_20/train/railway_station/railway_station_244.tif
train	railway_station	30	railway_station_256.tif	railway_station/railway_station_256.tif	NWPU45_20/train/railway_station/railway_station_256.tif
train	railway_station	30	railway_station_257.tif	railway_station/railway_station_257.tif	NWPU45_20/train/railway_station/railway_station_257.tif
train	railway_station	30	railway_station_266.tif	railway_station/railway_station_266.tif	NWPU45_20/train/railway_station/railway_station_266.tif
train	railway_station	30	railway_station_267.tif	railway_station/railway_station_267.tif	NWPU45_20/train/railway_station/railway_station_267.tif
train	railway_station	30	railway_station_269.tif	railway_station/railway_station_269.tif	NWPU45_20/train/railway_station/railway_station_269.tif
train	railway_station	30	railway_station_273.tif	railway_station/railway_station_273.tif	NWPU45_20/train/railway_station/railway_station_273.tif
train	railway_station	30	railway_station_281.tif	railway_station/railway_station_281.tif	NWPU45_20/train/railway_station/railway_station_281.tif
train	railway_station	30	railway_station_294.tif	railway_station/railway_station_294.tif	NWPU45_20/train/railway_station/railway_station_294.tif
train	railway_station	30	railway_station_308.tif	railway_station/railway_station_308.tif	NWPU45_20/train/railway_station/railway_station_308.tif
train	railway_station	30	railway_station_309.tif	railway_station/railway_station_309.tif	NWPU45_20/train/railway_station/railway_station_309.tif
train	railway_station	30	railway_station_311.tif	railway_station/railway_station_311.tif	NWPU45_20/train/railway_station/railway_station_311.tif
train	railway_station	30	railway_station_312.tif	railway_station/railway_station_312.tif	NWPU45_20/train/railway_station/railway_station_312.tif
train	railway_station	30	railway_station_313.tif	railway_station/railway_station_313.tif	NWPU45_20/train/railway_station/railway_station_313.tif
train	railway_station	30	railway_station_316.tif	railway_station/railway_station_316.tif	NWPU45_20/train/railway_station/railway_station_316.tif
train	railway_station	30	railway_station_317.tif	railway_station/railway_station_317.tif	NWPU45_20/train/railway_station/railway_station_317.tif
train	railway_station	30	railway_station_322.tif	railway_station/railway_station_322.tif	NWPU45_20/train/railway_station/railway_station_322.tif
train	railway_station	30	railway_station_325.tif	railway_station/railway_station_325.tif	NWPU45_20/train/railway_station/railway_station_325.tif
train	railway_station	30	railway_station_327.tif	railway_station/railway_station_327.tif	NWPU45_20/train/railway_station/railway_station_327.tif
train	railway_station	30	railway_station_329.tif	railway_station/railway_station_329.tif	NWPU45_20/train/railway_station/railway_station_329.tif
train	railway_station	30	railway_station_336.tif	railway_station/railway_station_336.tif	NWPU45_20/train/railway_station/railway_station_336.tif
train	railway_station	30	railway_station_342.tif	railway_station/railway_station_342.tif	NWPU45_20/train/railway_station/railway_station_342.tif
train	railway_station	30	railway_station_348.tif	railway_station/railway_station_348.tif	NWPU45_20/train/railway_station/railway_station_348.tif
train	railway_station	30	railway_station_351.tif	railway_station/railway_station_351.tif	NWPU45_20/train/railway_station/railway_station_351.tif
train	railway_station	30	railway_station_354.tif	railway_station/railway_station_354.tif	NWPU45_20/train/railway_station/railway_station_354.tif
train	railway_station	30	railway_station_360.tif	railway_station/railway_station_360.tif	NWPU45_20/train/railway_station/railway_station_360.tif
train	railway_station	30	railway_station_365.tif	railway_station/railway_station_365.tif	NWPU45_20/train/railway_station/railway_station_365.tif
train	railway_station	30	railway_station_366.tif	railway_station/railway_station_366.tif	NWPU45_20/train/railway_station/railway_station_366.tif
train	railway_station	30	railway_station_367.tif	railway_station/railway_station_367.tif	NWPU45_20/train/railway_station/railway_station_367.tif
train	railway_station	30	railway_station_376.tif	railway_station/railway_station_376.tif	NWPU45_20/train/railway_station/railway_station_376.tif
train	railway_station	30	railway_station_379.tif	railway_station/railway_station_379.tif	NWPU45_20/train/railway_station/railway_station_379.tif
train	railway_station	30	railway_station_381.tif	railway_station/railway_station_381.tif	NWPU45_20/train/railway_station/railway_station_381.tif
train	railway_station	30	railway_station_385.tif	railway_station/railway_station_385.tif	NWPU45_20/train/railway_station/railway_station_385.tif
train	railway_station	30	railway_station_387.tif	railway_station/railway_station_387.tif	NWPU45_20/train/railway_station/railway_station_387.tif
train	railway_station	30	railway_station_396.tif	railway_station/railway_station_396.tif	NWPU45_20/train/railway_station/railway_station_396.tif
train	railway_station	30	railway_station_397.tif	railway_station/railway_station_397.tif	NWPU45_20/train/railway_station/railway_station_397.tif
train	railway_station	30	railway_station_399.tif	railway_station/railway_station_399.tif	NWPU45_20/train/railway_station/railway_station_399.tif
train	railway_station	30	railway_station_415.tif	railway_station/railway_station_415.tif	NWPU45_20/train/railway_station/railway_station_415.tif
train	railway_station	30	railway_station_416.tif	railway_station/railway_station_416.tif	NWPU45_20/train/railway_station/railway_station_416.tif
train	railway_station	30	railway_station_417.tif	railway_station/railway_station_417.tif	NWPU45_20/train/railway_station/railway_station_417.tif
train	railway_station	30	railway_station_418.tif	railway_station/railway_station_418.tif	NWPU45_20/train/railway_station/railway_station_418.tif
train	railway_station	30	railway_station_420.tif	railway_station/railway_station_420.tif	NWPU45_20/train/railway_station/railway_station_420.tif
train	railway_station	30	railway_station_421.tif	railway_station/railway_station_421.tif	NWPU45_20/train/railway_station/railway_station_421.tif
train	railway_station	30	railway_station_427.tif	railway_station/railway_station_427.tif	NWPU45_20/train/railway_station/railway_station_427.tif
train	railway_station	30	railway_station_454.tif	railway_station/railway_station_454.tif	NWPU45_20/train/railway_station/railway_station_454.tif
train	railway_station	30	railway_station_455.tif	railway_station/railway_station_455.tif	NWPU45_20/train/railway_station/railway_station_455.tif
train	railway_station	30	railway_station_459.tif	railway_station/railway_station_459.tif	NWPU45_20/train/railway_station/railway_station_459.tif
train	railway_station	30	railway_station_468.tif	railway_station/railway_station_468.tif	NWPU45_20/train/railway_station/railway_station_468.tif
train	railway_station	30	railway_station_473.tif	railway_station/railway_station_473.tif	NWPU45_20/train/railway_station/railway_station_473.tif
train	railway_station	30	railway_station_476.tif	railway_station/railway_station_476.tif	NWPU45_20/train/railway_station/railway_station_476.tif
train	railway_station	30	railway_station_478.tif	railway_station/railway_station_478.tif	NWPU45_20/train/railway_station/railway_station_478.tif
train	railway_station	30	railway_station_491.tif	railway_station/railway_station_491.tif	NWPU45_20/train/railway_station/railway_station_491.tif
train	railway_station	30	railway_station_497.tif	railway_station/railway_station_497.tif	NWPU45_20/train/railway_station/railway_station_497.tif
train	railway_station	30	railway_station_505.tif	railway_station/railway_station_505.tif	NWPU45_20/train/railway_station/railway_station_505.tif
train	railway_station	30	railway_station_508.tif	railway_station/railway_station_508.tif	NWPU45_20/train/railway_station/railway_station_508.tif
train	railway_station	30	railway_station_509.tif	railway_station/railway_station_509.tif	NWPU45_20/train/railway_station/railway_station_509.tif
train	railway_station	30	railway_station_516.tif	railway_station/railway_station_516.tif	NWPU45_20/train/railway_station/railway_station_516.tif
train	railway_station	30	railway_station_521.tif	railway_station/railway_station_521.tif	NWPU45_20/train/railway_station/railway_station_521.tif
train	railway_station	30	railway_station_523.tif	railway_station/railway_station_523.tif	NWPU45_20/train/railway_station/railway_station_523.tif
train	railway_station	30	railway_station_527.tif	railway_station/railway_station_527.tif	NWPU45_20/train/railway_station/railway_station_527.tif
train	railway_station	30	railway_station_537.tif	railway_station/railway_station_537.tif	NWPU45_20/train/railway_station/railway_station_537.tif
train	railway_station	30	railway_station_539.tif	railway_station/railway_station_539.tif	NWPU45_20/train/railway_station/railway_station_539.tif
train	railway_station	30	railway_station_543.tif	railway_station/railway_station_543.tif	NWPU45_20/train/railway_station/railway_station_543.tif
train	railway_station	30	railway_station_558.tif	railway_station/railway_station_558.tif	NWPU45_20/train/railway_station/railway_station_558.tif
train	railway_station	30	railway_station_560.tif	railway_station/railway_station_560.tif	NWPU45_20/train/railway_station/railway_station_560.tif
train	railway_station	30	railway_station_563.tif	railway_station/railway_station_563.tif	NWPU45_20/train/railway_station/railway_station_563.tif
train	railway_station	30	railway_station_570.tif	railway_station/railway_station_570.tif	NWPU45_20/train/railway_station/railway_station_570.tif
train	railway_station	30	railway_station_572.tif	railway_station/railway_station_572.tif	NWPU45_20/train/railway_station/railway_station_572.tif
train	railway_station	30	railway_station_574.tif	railway_station/railway_station_574.tif	NWPU45_20/train/railway_station/railway_station_574.tif
train	railway_station	30	railway_station_579.tif	railway_station/railway_station_579.tif	NWPU45_20/train/railway_station/railway_station_579.tif
train	railway_station	30	railway_station_582.tif	railway_station/railway_station_582.tif	NWPU45_20/train/railway_station/railway_station_582.tif
train	railway_station	30	railway_station_584.tif	railway_station/railway_station_584.tif	NWPU45_20/train/railway_station/railway_station_584.tif
train	railway_station	30	railway_station_587.tif	railway_station/railway_station_587.tif	NWPU45_20/train/railway_station/railway_station_587.tif
train	railway_station	30	railway_station_588.tif	railway_station/railway_station_588.tif	NWPU45_20/train/railway_station/railway_station_588.tif
train	railway_station	30	railway_station_595.tif	railway_station/railway_station_595.tif	NWPU45_20/train/railway_station/railway_station_595.tif
train	railway_station	30	railway_station_621.tif	railway_station/railway_station_621.tif	NWPU45_20/train/railway_station/railway_station_621.tif
train	railway_station	30	railway_station_630.tif	railway_station/railway_station_630.tif	NWPU45_20/train/railway_station/railway_station_630.tif
train	railway_station	30	railway_station_631.tif	railway_station/railway_station_631.tif	NWPU45_20/train/railway_station/railway_station_631.tif
train	railway_station	30	railway_station_635.tif	railway_station/railway_station_635.tif	NWPU45_20/train/railway_station/railway_station_635.tif
train	railway_station	30	railway_station_640.tif	railway_station/railway_station_640.tif	NWPU45_20/train/railway_station/railway_station_640.tif
train	railway_station	30	railway_station_641.tif	railway_station/railway_station_641.tif	NWPU45_20/train/railway_station/railway_station_641.tif
train	railway_station	30	railway_station_643.tif	railway_station/railway_station_643.tif	NWPU45_20/train/railway_station/railway_station_643.tif
train	railway_station	30	railway_station_660.tif	railway_station/railway_station_660.tif	NWPU45_20/train/railway_station/railway_station_660.tif
train	railway_station	30	railway_station_662.tif	railway_station/railway_station_662.tif	NWPU45_20/train/railway_station/railway_station_662.tif
train	railway_station	30	railway_station_673.tif	railway_station/railway_station_673.tif	NWPU45_20/train/railway_station/railway_station_673.tif
train	railway_station	30	railway_station_674.tif	railway_station/railway_station_674.tif	NWPU45_20/train/railway_station/railway_station_674.tif
train	railway_station	30	railway_station_690.tif	railway_station/railway_station_690.tif	NWPU45_20/train/railway_station/railway_station_690.tif
train	railway_station	30	railway_station_695.tif	railway_station/railway_station_695.tif	NWPU45_20/train/railway_station/railway_station_695.tif
train	rectangular_farmland	31	rectangular_farmland_003.tif	rectangular_farmland/rectangular_farmland_003.tif	NWPU45_20/train/rectangular_farmland/rectangular_farmland_003.tif
train	rectangular_farmland	31	rectangular_farmland_006.tif	rectangular_farmland/rectangular_farmland_006.tif	NWPU45_20/train/rectangular_farmland/rectangular_farmland_006.tif
train	rectangular_farmland	31	rectangular_farmland_009.tif	rectangular_farmland/rectangular_farmland_009.tif	NWPU45_20/train/rectangular_farmland/rectangular_farmland_009.tif
train	rectangular_farmland	31	rectangular_farmland_011.tif	rectangular_farmland/rectangular_farmland_011.tif	NWPU45_20/train/rectangular_farmland/rectangular_farmland_011.tif
train	rectangular_farmland	31	rectangular_farmland_014.tif	rectangular_farmland/rectangular_farmland_014.tif	NWPU45_20/train/rectangular_farmland/rectangular_farmland_014.tif
train	rectangular_farmland	31	rectangular_farmland_015.tif	rectangular_farmland/rectangular_farmland_015.tif	NWPU45_20/train/rectangular_farmland/rectangular_farmland_015.tif
train	rectangular_farmland	31	rectangular_farmland_016.tif	rectangular_farmland/rectangular_farmland_016.tif	NWPU45_20/train/rectangular_farmland/rectangular_farmland_016.tif
train	rectangular_farmland	31	rectangular_farmland_025.tif	rectangular_farmland/rectangular_farmland_025.tif	NWPU45_20/train/rectangular_farmland/rectangular_farmland_025.tif
train	rectangular_farmland	31	rectangular_farmland_029.tif	rectangular_farmland/rectangular_farmland_029.tif	NWPU45_20/train/rectangular_farmland/rectangular_farmland_029.tif
train	rectangular_farmland	31	rectangular_farmland_034.tif	rectangular_farmland/rectangular_farmland_034.tif	NWPU45_20/train/rectangular_farmland/rectangular_farmland_034.tif
train	rectangular_farmland	31	rectangular_farmland_040.tif	rectangular_farmland/rectangular_farmland_040.tif	NWPU45_20/train/rectangular_farmland/rectangular_farmland_040.tif
train	rectangular_farmland	31	rectangular_farmland_041.tif	rectangular_farmland/rectangular_farmland_041.tif	NWPU45_20/train/rectangular_farmland/rectangular_farmland_041.tif
train	rectangular_farmland	31	rectangular_farmland_043.tif	rectangular_farmland/rectangular_farmland_043.tif	NWPU45_20/train/rectangular_farmland/rectangular_farmland_043.tif
train	rectangular_farmland	31	rectangular_farmland_057.tif	rectangular_farmland/rectangular_farmland_057.tif	NWPU45_20/train/rectangular_farmland/rectangular_farmland_057.tif
train	rectangular_farmland	31	rectangular_farmland_059.tif	rectangular_farmland/rectangular_farmland_059.tif	NWPU45_20/train/rectangular_farmland/rectangular_farmland_059.tif
train	rectangular_farmland	31	rectangular_farmland_064.tif	rectangular_farmland/rectangular_farmland_064.tif	NWPU45_20/train/rectangular_farmland/rectangular_farmland_064.tif
train	rectangular_farmland	31	rectangular_farmland_065.tif	rectangular_farmland/rectangular_farmland_065.tif	NWPU45_20/train/rectangular_farmland/rectangular_farmland_065.tif
train	rectangular_farmland	31	rectangular_farmland_070.tif	rectangular_farmland/rectangular_farmland_070.tif	NWPU45_20/train/rectangular_farmland/rectangular_farmland_070.tif
train	rectangular_farmland	31	rectangular_farmland_075.tif	rectangular_farmland/rectangular_farmland_075.tif	NWPU45_20/train/rectangular_farmland/rectangular_farmland_075.tif
train	rectangular_farmland	31	rectangular_farmland_079.tif	rectangular_farmland/rectangular_farmland_079.tif	NWPU45_20/train/rectangular_farmland/rectangular_farmland_079.tif
train	rectangular_farmland	31	rectangular_farmland_087.tif	rectangular_farmland/rectangular_farmland_087.tif	NWPU45_20/train/rectangular_farmland/rectangular_farmland_087.tif
train	rectangular_farmland	31	rectangular_farmland_093.tif	rectangular_farmland/rectangular_farmland_093.tif	NWPU45_20/train/rectangular_farmland/rectangular_farmland_093.tif
train	rectangular_farmland	31	rectangular_farmland_097.tif	rectangular_farmland/rectangular_farmland_097.tif	NWPU45_20/train/rectangular_farmland/rectangular_farmland_097.tif
train	rectangular_farmland	31	rectangular_farmland_101.tif	rectangular_farmland/rectangular_farmland_101.tif	NWPU45_20/train/rectangular_farmland/rectangular_farmland_101.tif
train	rectangular_farmland	31	rectangular_farmland_102.tif	rectangular_farmland/rectangular_farmland_102.tif	NWPU45_20/train/rectangular_farmland/rectangular_farmland_102.tif
train	rectangular_farmland	31	rectangular_farmland_106.tif	rectangular_farmland/rectangular_farmland_106.tif	NWPU45_20/train/rectangular_farmland/rectangular_farmland_106.tif
train	rectangular_farmland	31	rectangular_farmland_107.tif	rectangular_farmland/rectangular_farmland_107.tif	NWPU45_20/train/rectangular_farmland/rectangular_farmland_107.tif
train	rectangular_farmland	31	rectangular_farmland_116.tif	rectangular_farmland/rectangular_farmland_116.tif	NWPU45_20/train/rectangular_farmland/rectangular_farmland_116.tif
train	rectangular_farmland	31	rectangular_farmland_119.tif	rectangular_farmland/rectangular_farmland_119.tif	NWPU45_20/train/rectangular_farmland/rectangular_farmland_119.tif
train	rectangular_farmland	31	rectangular_farmland_133.tif	rectangular_farmland/rectangular_farmland_133.tif	NWPU45_20/train/rectangular_farmland/rectangular_farmland_133.tif
train	rectangular_farmland	31	rectangular_farmland_139.tif	rectangular_farmland/rectangular_farmland_139.tif	NWPU45_20/train/rectangular_farmland/rectangular_farmland_139.tif
train	rectangular_farmland	31	rectangular_farmland_144.tif	rectangular_farmland/rectangular_farmland_144.tif	NWPU45_20/train/rectangular_farmland/rectangular_farmland_144.tif
train	rectangular_farmland	31	rectangular_farmland_150.tif	rectangular_farmland/rectangular_farmland_150.tif	NWPU45_20/train/rectangular_farmland/rectangular_farmland_150.tif
train	rectangular_farmland	31	rectangular_farmland_151.tif	rectangular_farmland/rectangular_farmland_151.tif	NWPU45_20/train/rectangular_farmland/rectangular_farmland_151.tif
train	rectangular_farmland	31	rectangular_farmland_159.tif	rectangular_farmland/rectangular_farmland_159.tif	NWPU45_20/train/rectangular_farmland/rectangular_farmland_159.tif
train	rectangular_farmland	31	rectangular_farmland_173.tif	rectangular_farmland/rectangular_farmland_173.tif	NWPU45_20/train/rectangular_farmland/rectangular_farmland_173.tif
train	rectangular_farmland	31	rectangular_farmland_175.tif	rectangular_farmland/rectangular_farmland_175.tif	NWPU45_20/train/rectangular_farmland/rectangular_farmland_175.tif
train	rectangular_farmland	31	rectangular_farmland_177.tif	rectangular_farmland/rectangular_farmland_177.tif	NWPU45_20/train/rectangular_farmland/rectangular_farmland_177.tif
train	rectangular_farmland	31	rectangular_farmland_178.tif	rectangular_farmland/rectangular_farmland_178.tif	NWPU45_20/train/rectangular_farmland/rectangular_farmland_178.tif
train	rectangular_farmland	31	rectangular_farmland_181.tif	rectangular_farmland/rectangular_farmland_181.tif	NWPU45_20/train/rectangular_farmland/rectangular_farmland_181.tif
train	rectangular_farmland	31	rectangular_farmland_186.tif	rectangular_farmland/rectangular_farmland_186.tif	NWPU45_20/train/rectangular_farmland/rectangular_farmland_186.tif
train	rectangular_farmland	31	rectangular_farmland_191.tif	rectangular_farmland/rectangular_farmland_191.tif	NWPU45_20/train/rectangular_farmland/rectangular_farmland_191.tif
train	rectangular_farmland	31	rectangular_farmland_193.tif	rectangular_farmland/rectangular_farmland_193.tif	NWPU45_20/train/rectangular_farmland/rectangular_farmland_193.tif
train	rectangular_farmland	31	rectangular_farmland_194.tif	rectangular_farmland/rectangular_farmland_194.tif	NWPU45_20/train/rectangular_farmland/rectangular_farmland_194.tif
train	rectangular_farmland	31	rectangular_farmland_199.tif	rectangular_farmland/rectangular_farmland_199.tif	NWPU45_20/train/rectangular_farmland/rectangular_farmland_199.tif
train	rectangular_farmland	31	rectangular_farmland_201.tif	rectangular_farmland/rectangular_farmland_201.tif	NWPU45_20/train/rectangular_farmland/rectangular_farmland_201.tif
train	rectangular_farmland	31	rectangular_farmland_205.tif	rectangular_farmland/rectangular_farmland_205.tif	NWPU45_20/train/rectangular_farmland/rectangular_farmland_205.tif
train	rectangular_farmland	31	rectangular_farmland_208.tif	rectangular_farmland/rectangular_farmland_208.tif	NWPU45_20/train/rectangular_farmland/rectangular_farmland_208.tif
train	rectangular_farmland	31	rectangular_farmland_210.tif	rectangular_farmland/rectangular_farmland_210.tif	NWPU45_20/train/rectangular_farmland/rectangular_farmland_210.tif
train	rectangular_farmland	31	rectangular_farmland_213.tif	rectangular_farmland/rectangular_farmland_213.tif	NWPU45_20/train/rectangular_farmland/rectangular_farmland_213.tif
train	rectangular_farmland	31	rectangular_farmland_228.tif	rectangular_farmland/rectangular_farmland_228.tif	NWPU45_20/train/rectangular_farmland/rectangular_farmland_228.tif
train	rectangular_farmland	31	rectangular_farmland_242.tif	rectangular_farmland/rectangular_farmland_242.tif	NWPU45_20/train/rectangular_farmland/rectangular_farmland_242.tif
train	rectangular_farmland	31	rectangular_farmland_244.tif	rectangular_farmland/rectangular_farmland_244.tif	NWPU45_20/train/rectangular_farmland/rectangular_farmland_244.tif
train	rectangular_farmland	31	rectangular_farmland_256.tif	rectangular_farmland/rectangular_farmland_256.tif	NWPU45_20/train/rectangular_farmland/rectangular_farmland_256.tif
train	rectangular_farmland	31	rectangular_farmland_257.tif	rectangular_farmland/rectangular_farmland_257.tif	NWPU45_20/train/rectangular_farmland/rectangular_farmland_257.tif
train	rectangular_farmland	31	rectangular_farmland_266.tif	rectangular_farmland/rectangular_farmland_266.tif	NWPU45_20/train/rectangular_farmland/rectangular_farmland_266.tif
train	rectangular_farmland	31	rectangular_farmland_267.tif	rectangular_farmland/rectangular_farmland_267.tif	NWPU45_20/train/rectangular_farmland/rectangular_farmland_267.tif
train	rectangular_farmland	31	rectangular_farmland_269.tif	rectangular_farmland/rectangular_farmland_269.tif	NWPU45_20/train/rectangular_farmland/rectangular_farmland_269.tif
train	rectangular_farmland	31	rectangular_farmland_273.tif	rectangular_farmland/rectangular_farmland_273.tif	NWPU45_20/train/rectangular_farmland/rectangular_farmland_273.tif
train	rectangular_farmland	31	rectangular_farmland_281.tif	rectangular_farmland/rectangular_farmland_281.tif	NWPU45_20/train/rectangular_farmland/rectangular_farmland_281.tif
train	rectangular_farmland	31	rectangular_farmland_294.tif	rectangular_farmland/rectangular_farmland_294.tif	NWPU45_20/train/rectangular_farmland/rectangular_farmland_294.tif
train	rectangular_farmland	31	rectangular_farmland_308.tif	rectangular_farmland/rectangular_farmland_308.tif	NWPU45_20/train/rectangular_farmland/rectangular_farmland_308.tif
train	rectangular_farmland	31	rectangular_farmland_309.tif	rectangular_farmland/rectangular_farmland_309.tif	NWPU45_20/train/rectangular_farmland/rectangular_farmland_309.tif
train	rectangular_farmland	31	rectangular_farmland_311.tif	rectangular_farmland/rectangular_farmland_311.tif	NWPU45_20/train/rectangular_farmland/rectangular_farmland_311.tif
train	rectangular_farmland	31	rectangular_farmland_312.tif	rectangular_farmland/rectangular_farmland_312.tif	NWPU45_20/train/rectangular_farmland/rectangular_farmland_312.tif
train	rectangular_farmland	31	rectangular_farmland_313.tif	rectangular_farmland/rectangular_farmland_313.tif	NWPU45_20/train/rectangular_farmland/rectangular_farmland_313.tif
train	rectangular_farmland	31	rectangular_farmland_316.tif	rectangular_farmland/rectangular_farmland_316.tif	NWPU45_20/train/rectangular_farmland/rectangular_farmland_316.tif
train	rectangular_farmland	31	rectangular_farmland_317.tif	rectangular_farmland/rectangular_farmland_317.tif	NWPU45_20/train/rectangular_farmland/rectangular_farmland_317.tif
train	rectangular_farmland	31	rectangular_farmland_322.tif	rectangular_farmland/rectangular_farmland_322.tif	NWPU45_20/train/rectangular_farmland/rectangular_farmland_322.tif
train	rectangular_farmland	31	rectangular_farmland_325.tif	rectangular_farmland/rectangular_farmland_325.tif	NWPU45_20/train/rectangular_farmland/rectangular_farmland_325.tif
train	rectangular_farmland	31	rectangular_farmland_327.tif	rectangular_farmland/rectangular_farmland_327.tif	NWPU45_20/train/rectangular_farmland/rectangular_farmland_327.tif
train	rectangular_farmland	31	rectangular_farmland_329.tif	rectangular_farmland/rectangular_farmland_329.tif	NWPU45_20/train/rectangular_farmland/rectangular_farmland_329.tif
train	rectangular_farmland	31	rectangular_farmland_336.tif	rectangular_farmland/rectangular_farmland_336.tif	NWPU45_20/train/rectangular_farmland/rectangular_farmland_336.tif
train	rectangular_farmland	31	rectangular_farmland_342.tif	rectangular_farmland/rectangular_farmland_342.tif	NWPU45_20/train/rectangular_farmland/rectangular_farmland_342.tif
train	rectangular_farmland	31	rectangular_farmland_348.tif	rectangular_farmland/rectangular_farmland_348.tif	NWPU45_20/train/rectangular_farmland/rectangular_farmland_348.tif
train	rectangular_farmland	31	rectangular_farmland_351.tif	rectangular_farmland/rectangular_farmland_351.tif	NWPU45_20/train/rectangular_farmland/rectangular_farmland_351.tif
train	rectangular_farmland	31	rectangular_farmland_354.tif	rectangular_farmland/rectangular_farmland_354.tif	NWPU45_20/train/rectangular_farmland/rectangular_farmland_354.tif
train	rectangular_farmland	31	rectangular_farmland_360.tif	rectangular_farmland/rectangular_farmland_360.tif	NWPU45_20/train/rectangular_farmland/rectangular_farmland_360.tif
train	rectangular_farmland	31	rectangular_farmland_365.tif	rectangular_farmland/rectangular_farmland_365.tif	NWPU45_20/train/rectangular_farmland/rectangular_farmland_365.tif
train	rectangular_farmland	31	rectangular_farmland_366.tif	rectangular_farmland/rectangular_farmland_366.tif	NWPU45_20/train/rectangular_farmland/rectangular_farmland_366.tif
train	rectangular_farmland	31	rectangular_farmland_367.tif	rectangular_farmland/rectangular_farmland_367.tif	NWPU45_20/train/rectangular_farmland/rectangular_farmland_367.tif
train	rectangular_farmland	31	rectangular_farmland_376.tif	rectangular_farmland/rectangular_farmland_376.tif	NWPU45_20/train/rectangular_farmland/rectangular_farmland_376.tif
train	rectangular_farmland	31	rectangular_farmland_379.tif	rectangular_farmland/rectangular_farmland_379.tif	NWPU45_20/train/rectangular_farmland/rectangular_farmland_379.tif
train	rectangular_farmland	31	rectangular_farmland_381.tif	rectangular_farmland/rectangular_farmland_381.tif	NWPU45_20/train/rectangular_farmland/rectangular_farmland_381.tif
train	rectangular_farmland	31	rectangular_farmland_385.tif	rectangular_farmland/rectangular_farmland_385.tif	NWPU45_20/train/rectangular_farmland/rectangular_farmland_385.tif
train	rectangular_farmland	31	rectangular_farmland_387.tif	rectangular_farmland/rectangular_farmland_387.tif	NWPU45_20/train/rectangular_farmland/rectangular_farmland_387.tif
train	rectangular_farmland	31	rectangular_farmland_396.tif	rectangular_farmland/rectangular_farmland_396.tif	NWPU45_20/train/rectangular_farmland/rectangular_farmland_396.tif
train	rectangular_farmland	31	rectangular_farmland_397.tif	rectangular_farmland/rectangular_farmland_397.tif	NWPU45_20/train/rectangular_farmland/rectangular_farmland_397.tif
train	rectangular_farmland	31	rectangular_farmland_399.tif	rectangular_farmland/rectangular_farmland_399.tif	NWPU45_20/train/rectangular_farmland/rectangular_farmland_399.tif
train	rectangular_farmland	31	rectangular_farmland_415.tif	rectangular_farmland/rectangular_farmland_415.tif	NWPU45_20/train/rectangular_farmland/rectangular_farmland_415.tif
train	rectangular_farmland	31	rectangular_farmland_416.tif	rectangular_farmland/rectangular_farmland_416.tif	NWPU45_20/train/rectangular_farmland/rectangular_farmland_416.tif
train	rectangular_farmland	31	rectangular_farmland_417.tif	rectangular_farmland/rectangular_farmland_417.tif	NWPU45_20/train/rectangular_farmland/rectangular_farmland_417.tif
train	rectangular_farmland	31	rectangular_farmland_418.tif	rectangular_farmland/rectangular_farmland_418.tif	NWPU45_20/train/rectangular_farmland/rectangular_farmland_418.tif
train	rectangular_farmland	31	rectangular_farmland_420.tif	rectangular_farmland/rectangular_farmland_420.tif	NWPU45_20/train/rectangular_farmland/rectangular_farmland_420.tif
train	rectangular_farmland	31	rectangular_farmland_421.tif	rectangular_farmland/rectangular_farmland_421.tif	NWPU45_20/train/rectangular_farmland/rectangular_farmland_421.tif
train	rectangular_farmland	31	rectangular_farmland_427.tif	rectangular_farmland/rectangular_farmland_427.tif	NWPU45_20/train/rectangular_farmland/rectangular_farmland_427.tif
train	rectangular_farmland	31	rectangular_farmland_454.tif	rectangular_farmland/rectangular_farmland_454.tif	NWPU45_20/train/rectangular_farmland/rectangular_farmland_454.tif
train	rectangular_farmland	31	rectangular_farmland_455.tif	rectangular_farmland/rectangular_farmland_455.tif	NWPU45_20/train/rectangular_farmland/rectangular_farmland_455.tif
train	rectangular_farmland	31	rectangular_farmland_459.tif	rectangular_farmland/rectangular_farmland_459.tif	NWPU45_20/train/rectangular_farmland/rectangular_farmland_459.tif
train	rectangular_farmland	31	rectangular_farmland_468.tif	rectangular_farmland/rectangular_farmland_468.tif	NWPU45_20/train/rectangular_farmland/rectangular_farmland_468.tif
train	rectangular_farmland	31	rectangular_farmland_473.tif	rectangular_farmland/rectangular_farmland_473.tif	NWPU45_20/train/rectangular_farmland/rectangular_farmland_473.tif
train	rectangular_farmland	31	rectangular_farmland_476.tif	rectangular_farmland/rectangular_farmland_476.tif	NWPU45_20/train/rectangular_farmland/rectangular_farmland_476.tif
train	rectangular_farmland	31	rectangular_farmland_478.tif	rectangular_farmland/rectangular_farmland_478.tif	NWPU45_20/train/rectangular_farmland/rectangular_farmland_478.tif
train	rectangular_farmland	31	rectangular_farmland_491.tif	rectangular_farmland/rectangular_farmland_491.tif	NWPU45_20/train/rectangular_farmland/rectangular_farmland_491.tif
train	rectangular_farmland	31	rectangular_farmland_497.tif	rectangular_farmland/rectangular_farmland_497.tif	NWPU45_20/train/rectangular_farmland/rectangular_farmland_497.tif
train	rectangular_farmland	31	rectangular_farmland_505.tif	rectangular_farmland/rectangular_farmland_505.tif	NWPU45_20/train/rectangular_farmland/rectangular_farmland_505.tif
train	rectangular_farmland	31	rectangular_farmland_508.tif	rectangular_farmland/rectangular_farmland_508.tif	NWPU45_20/train/rectangular_farmland/rectangular_farmland_508.tif
train	rectangular_farmland	31	rectangular_farmland_509.tif	rectangular_farmland/rectangular_farmland_509.tif	NWPU45_20/train/rectangular_farmland/rectangular_farmland_509.tif
train	rectangular_farmland	31	rectangular_farmland_516.tif	rectangular_farmland/rectangular_farmland_516.tif	NWPU45_20/train/rectangular_farmland/rectangular_farmland_516.tif
train	rectangular_farmland	31	rectangular_farmland_521.tif	rectangular_farmland/rectangular_farmland_521.tif	NWPU45_20/train/rectangular_farmland/rectangular_farmland_521.tif
train	rectangular_farmland	31	rectangular_farmland_523.tif	rectangular_farmland/rectangular_farmland_523.tif	NWPU45_20/train/rectangular_farmland/rectangular_farmland_523.tif
train	rectangular_farmland	31	rectangular_farmland_527.tif	rectangular_farmland/rectangular_farmland_527.tif	NWPU45_20/train/rectangular_farmland/rectangular_farmland_527.tif
train	rectangular_farmland	31	rectangular_farmland_537.tif	rectangular_farmland/rectangular_farmland_537.tif	NWPU45_20/train/rectangular_farmland/rectangular_farmland_537.tif
train	rectangular_farmland	31	rectangular_farmland_539.tif	rectangular_farmland/rectangular_farmland_539.tif	NWPU45_20/train/rectangular_farmland/rectangular_farmland_539.tif
train	rectangular_farmland	31	rectangular_farmland_543.tif	rectangular_farmland/rectangular_farmland_543.tif	NWPU45_20/train/rectangular_farmland/rectangular_farmland_543.tif
train	rectangular_farmland	31	rectangular_farmland_558.tif	rectangular_farmland/rectangular_farmland_558.tif	NWPU45_20/train/rectangular_farmland/rectangular_farmland_558.tif
train	rectangular_farmland	31	rectangular_farmland_560.tif	rectangular_farmland/rectangular_farmland_560.tif	NWPU45_20/train/rectangular_farmland/rectangular_farmland_560.tif
train	rectangular_farmland	31	rectangular_farmland_563.tif	rectangular_farmland/rectangular_farmland_563.tif	NWPU45_20/train/rectangular_farmland/rectangular_farmland_563.tif
train	rectangular_farmland	31	rectangular_farmland_570.tif	rectangular_farmland/rectangular_farmland_570.tif	NWPU45_20/train/rectangular_farmland/rectangular_farmland_570.tif
train	rectangular_farmland	31	rectangular_farmland_572.tif	rectangular_farmland/rectangular_farmland_572.tif	NWPU45_20/train/rectangular_farmland/rectangular_farmland_572.tif
train	rectangular_farmland	31	rectangular_farmland_574.tif	rectangular_farmland/rectangular_farmland_574.tif	NWPU45_20/train/rectangular_farmland/rectangular_farmland_574.tif
train	rectangular_farmland	31	rectangular_farmland_579.tif	rectangular_farmland/rectangular_farmland_579.tif	NWPU45_20/train/rectangular_farmland/rectangular_farmland_579.tif
train	rectangular_farmland	31	rectangular_farmland_582.tif	rectangular_farmland/rectangular_farmland_582.tif	NWPU45_20/train/rectangular_farmland/rectangular_farmland_582.tif
train	rectangular_farmland	31	rectangular_farmland_584.tif	rectangular_farmland/rectangular_farmland_584.tif	NWPU45_20/train/rectangular_farmland/rectangular_farmland_584.tif
train	rectangular_farmland	31	rectangular_farmland_587.tif	rectangular_farmland/rectangular_farmland_587.tif	NWPU45_20/train/rectangular_farmland/rectangular_farmland_587.tif
train	rectangular_farmland	31	rectangular_farmland_588.tif	rectangular_farmland/rectangular_farmland_588.tif	NWPU45_20/train/rectangular_farmland/rectangular_farmland_588.tif
train	rectangular_farmland	31	rectangular_farmland_595.tif	rectangular_farmland/rectangular_farmland_595.tif	NWPU45_20/train/rectangular_farmland/rectangular_farmland_595.tif
train	rectangular_farmland	31	rectangular_farmland_621.tif	rectangular_farmland/rectangular_farmland_621.tif	NWPU45_20/train/rectangular_farmland/rectangular_farmland_621.tif
train	rectangular_farmland	31	rectangular_farmland_630.tif	rectangular_farmland/rectangular_farmland_630.tif	NWPU45_20/train/rectangular_farmland/rectangular_farmland_630.tif
train	rectangular_farmland	31	rectangular_farmland_631.tif	rectangular_farmland/rectangular_farmland_631.tif	NWPU45_20/train/rectangular_farmland/rectangular_farmland_631.tif
train	rectangular_farmland	31	rectangular_farmland_635.tif	rectangular_farmland/rectangular_farmland_635.tif	NWPU45_20/train/rectangular_farmland/rectangular_farmland_635.tif
train	rectangular_farmland	31	rectangular_farmland_640.tif	rectangular_farmland/rectangular_farmland_640.tif	NWPU45_20/train/rectangular_farmland/rectangular_farmland_640.tif
train	rectangular_farmland	31	rectangular_farmland_641.tif	rectangular_farmland/rectangular_farmland_641.tif	NWPU45_20/train/rectangular_farmland/rectangular_farmland_641.tif
train	rectangular_farmland	31	rectangular_farmland_643.tif	rectangular_farmland/rectangular_farmland_643.tif	NWPU45_20/train/rectangular_farmland/rectangular_farmland_643.tif
train	rectangular_farmland	31	rectangular_farmland_660.tif	rectangular_farmland/rectangular_farmland_660.tif	NWPU45_20/train/rectangular_farmland/rectangular_farmland_660.tif
train	rectangular_farmland	31	rectangular_farmland_662.tif	rectangular_farmland/rectangular_farmland_662.tif	NWPU45_20/train/rectangular_farmland/rectangular_farmland_662.tif
train	rectangular_farmland	31	rectangular_farmland_673.tif	rectangular_farmland/rectangular_farmland_673.tif	NWPU45_20/train/rectangular_farmland/rectangular_farmland_673.tif
train	rectangular_farmland	31	rectangular_farmland_674.tif	rectangular_farmland/rectangular_farmland_674.tif	NWPU45_20/train/rectangular_farmland/rectangular_farmland_674.tif
train	rectangular_farmland	31	rectangular_farmland_690.tif	rectangular_farmland/rectangular_farmland_690.tif	NWPU45_20/train/rectangular_farmland/rectangular_farmland_690.tif
train	rectangular_farmland	31	rectangular_farmland_695.tif	rectangular_farmland/rectangular_farmland_695.tif	NWPU45_20/train/rectangular_farmland/rectangular_farmland_695.tif
train	river	32	river_003.tif	river/river_003.tif	NWPU45_20/train/river/river_003.tif
train	river	32	river_006.tif	river/river_006.tif	NWPU45_20/train/river/river_006.tif
train	river	32	river_009.tif	river/river_009.tif	NWPU45_20/train/river/river_009.tif
train	river	32	river_011.tif	river/river_011.tif	NWPU45_20/train/river/river_011.tif
train	river	32	river_014.tif	river/river_014.tif	NWPU45_20/train/river/river_014.tif
train	river	32	river_015.tif	river/river_015.tif	NWPU45_20/train/river/river_015.tif
train	river	32	river_016.tif	river/river_016.tif	NWPU45_20/train/river/river_016.tif
train	river	32	river_025.tif	river/river_025.tif	NWPU45_20/train/river/river_025.tif
train	river	32	river_029.tif	river/river_029.tif	NWPU45_20/train/river/river_029.tif
train	river	32	river_034.tif	river/river_034.tif	NWPU45_20/train/river/river_034.tif
train	river	32	river_040.tif	river/river_040.tif	NWPU45_20/train/river/river_040.tif
train	river	32	river_041.tif	river/river_041.tif	NWPU45_20/train/river/river_041.tif
train	river	32	river_043.tif	river/river_043.tif	NWPU45_20/train/river/river_043.tif
train	river	32	river_057.tif	river/river_057.tif	NWPU45_20/train/river/river_057.tif
train	river	32	river_059.tif	river/river_059.tif	NWPU45_20/train/river/river_059.tif
train	river	32	river_064.tif	river/river_064.tif	NWPU45_20/train/river/river_064.tif
train	river	32	river_065.tif	river/river_065.tif	NWPU45_20/train/river/river_065.tif
train	river	32	river_070.tif	river/river_070.tif	NWPU45_20/train/river/river_070.tif
train	river	32	river_075.tif	river/river_075.tif	NWPU45_20/train/river/river_075.tif
train	river	32	river_079.tif	river/river_079.tif	NWPU45_20/train/river/river_079.tif
train	river	32	river_087.tif	river/river_087.tif	NWPU45_20/train/river/river_087.tif
train	river	32	river_093.tif	river/river_093.tif	NWPU45_20/train/river/river_093.tif
train	river	32	river_097.tif	river/river_097.tif	NWPU45_20/train/river/river_097.tif
train	river	32	river_101.tif	river/river_101.tif	NWPU45_20/train/river/river_101.tif
train	river	32	river_102.tif	river/river_102.tif	NWPU45_20/train/river/river_102.tif
train	river	32	river_106.tif	river/river_106.tif	NWPU45_20/train/river/river_106.tif
train	river	32	river_107.tif	river/river_107.tif	NWPU45_20/train/river/river_107.tif
train	river	32	river_116.tif	river/river_116.tif	NWPU45_20/train/river/river_116.tif
train	river	32	river_119.tif	river/river_119.tif	NWPU45_20/train/river/river_119.tif
train	river	32	river_133.tif	river/river_133.tif	NWPU45_20/train/river/river_133.tif
train	river	32	river_139.tif	river/river_139.tif	NWPU45_20/train/river/river_139.tif
train	river	32	river_144.tif	river/river_144.tif	NWPU45_20/train/river/river_144.tif
train	river	32	river_150.tif	river/river_150.tif	NWPU45_20/train/river/river_150.tif
train	river	32	river_151.tif	river/river_151.tif	NWPU45_20/train/river/river_151.tif
train	river	32	river_159.tif	river/river_159.tif	NWPU45_20/train/river/river_159.tif
train	river	32	river_173.tif	river/river_173.tif	NWPU45_20/train/river/river_173.tif
train	river	32	river_175.tif	river/river_175.tif	NWPU45_20/train/river/river_175.tif
train	river	32	river_177.tif	river/river_177.tif	NWPU45_20/train/river/river_177.tif
train	river	32	river_178.tif	river/river_178.tif	NWPU45_20/train/river/river_178.tif
train	river	32	river_181.tif	river/river_181.tif	NWPU45_20/train/river/river_181.tif
train	river	32	river_186.tif	river/river_186.tif	NWPU45_20/train/river/river_186.tif
train	river	32	river_191.tif	river/river_191.tif	NWPU45_20/train/river/river_191.tif
train	river	32	river_193.tif	river/river_193.tif	NWPU45_20/train/river/river_193.tif
train	river	32	river_194.tif	river/river_194.tif	NWPU45_20/train/river/river_194.tif
train	river	32	river_199.tif	river/river_199.tif	NWPU45_20/train/river/river_199.tif
train	river	32	river_201.tif	river/river_201.tif	NWPU45_20/train/river/river_201.tif
train	river	32	river_205.tif	river/river_205.tif	NWPU45_20/train/river/river_205.tif
train	river	32	river_208.tif	river/river_208.tif	NWPU45_20/train/river/river_208.tif
train	river	32	river_210.tif	river/river_210.tif	NWPU45_20/train/river/river_210.tif
train	river	32	river_213.tif	river/river_213.tif	NWPU45_20/train/river/river_213.tif
train	river	32	river_228.tif	river/river_228.tif	NWPU45_20/train/river/river_228.tif
train	river	32	river_242.tif	river/river_242.tif	NWPU45_20/train/river/river_242.tif
train	river	32	river_244.tif	river/river_244.tif	NWPU45_20/train/river/river_244.tif
train	river	32	river_256.tif	river/river_256.tif	NWPU45_20/train/river/river_256.tif
train	river	32	river_257.tif	river/river_257.tif	NWPU45_20/train/river/river_257.tif
train	river	32	river_266.tif	river/river_266.tif	NWPU45_20/train/river/river_266.tif
train	river	32	river_267.tif	river/river_267.tif	NWPU45_20/train/river/river_267.tif
train	river	32	river_269.tif	river/river_269.tif	NWPU45_20/train/river/river_269.tif
train	river	32	river_273.tif	river/river_273.tif	NWPU45_20/train/river/river_273.tif
train	river	32	river_281.tif	river/river_281.tif	NWPU45_20/train/river/river_281.tif
train	river	32	river_294.tif	river/river_294.tif	NWPU45_20/train/river/river_294.tif
train	river	32	river_308.tif	river/river_308.tif	NWPU45_20/train/river/river_308.tif
train	river	32	river_309.tif	river/river_309.tif	NWPU45_20/train/river/river_309.tif
train	river	32	river_311.tif	river/river_311.tif	NWPU45_20/train/river/river_311.tif
train	river	32	river_312.tif	river/river_312.tif	NWPU45_20/train/river/river_312.tif
train	river	32	river_313.tif	river/river_313.tif	NWPU45_20/train/river/river_313.tif
train	river	32	river_316.tif	river/river_316.tif	NWPU45_20/train/river/river_316.tif
train	river	32	river_317.tif	river/river_317.tif	NWPU45_20/train/river/river_317.tif
train	river	32	river_322.tif	river/river_322.tif	NWPU45_20/train/river/river_322.tif
train	river	32	river_325.tif	river/river_325.tif	NWPU45_20/train/river/river_325.tif
train	river	32	river_327.tif	river/river_327.tif	NWPU45_20/train/river/river_327.tif
train	river	32	river_329.tif	river/river_329.tif	NWPU45_20/train/river/river_329.tif
train	river	32	river_336.tif	river/river_336.tif	NWPU45_20/train/river/river_336.tif
train	river	32	river_342.tif	river/river_342.tif	NWPU45_20/train/river/river_342.tif
train	river	32	river_348.tif	river/river_348.tif	NWPU45_20/train/river/river_348.tif
train	river	32	river_351.tif	river/river_351.tif	NWPU45_20/train/river/river_351.tif
train	river	32	river_354.tif	river/river_354.tif	NWPU45_20/train/river/river_354.tif
train	river	32	river_360.tif	river/river_360.tif	NWPU45_20/train/river/river_360.tif
train	river	32	river_365.tif	river/river_365.tif	NWPU45_20/train/river/river_365.tif
train	river	32	river_366.tif	river/river_366.tif	NWPU45_20/train/river/river_366.tif
train	river	32	river_367.tif	river/river_367.tif	NWPU45_20/train/river/river_367.tif
train	river	32	river_376.tif	river/river_376.tif	NWPU45_20/train/river/river_376.tif
train	river	32	river_379.tif	river/river_379.tif	NWPU45_20/train/river/river_379.tif
train	river	32	river_381.tif	river/river_381.tif	NWPU45_20/train/river/river_381.tif
train	river	32	river_385.tif	river/river_385.tif	NWPU45_20/train/river/river_385.tif
train	river	32	river_387.tif	river/river_387.tif	NWPU45_20/train/river/river_387.tif
train	river	32	river_396.tif	river/river_396.tif	NWPU45_20/train/river/river_396.tif
train	river	32	river_397.tif	river/river_397.tif	NWPU45_20/train/river/river_397.tif
train	river	32	river_399.tif	river/river_399.tif	NWPU45_20/train/river/river_399.tif
train	river	32	river_415.tif	river/river_415.tif	NWPU45_20/train/river/river_415.tif
train	river	32	river_416.tif	river/river_416.tif	NWPU45_20/train/river/river_416.tif
train	river	32	river_417.tif	river/river_417.tif	NWPU45_20/train/river/river_417.tif
train	river	32	river_418.tif	river/river_418.tif	NWPU45_20/train/river/river_418.tif
train	river	32	river_420.tif	river/river_420.tif	NWPU45_20/train/river/river_420.tif
train	river	32	river_421.tif	river/river_421.tif	NWPU45_20/train/river/river_421.tif
train	river	32	river_427.tif	river/river_427.tif	NWPU45_20/train/river/river_427.tif
train	river	32	river_454.tif	river/river_454.tif	NWPU45_20/train/river/river_454.tif
train	river	32	river_455.tif	river/river_455.tif	NWPU45_20/train/river/river_455.tif
train	river	32	river_459.tif	river/river_459.tif	NWPU45_20/train/river/river_459.tif
train	river	32	river_468.tif	river/river_468.tif	NWPU45_20/train/river/river_468.tif
train	river	32	river_473.tif	river/river_473.tif	NWPU45_20/train/river/river_473.tif
train	river	32	river_476.tif	river/river_476.tif	NWPU45_20/train/river/river_476.tif
train	river	32	river_478.tif	river/river_478.tif	NWPU45_20/train/river/river_478.tif
train	river	32	river_491.tif	river/river_491.tif	NWPU45_20/train/river/river_491.tif
train	river	32	river_497.tif	river/river_497.tif	NWPU45_20/train/river/river_497.tif
train	river	32	river_505.tif	river/river_505.tif	NWPU45_20/train/river/river_505.tif
train	river	32	river_508.tif	river/river_508.tif	NWPU45_20/train/river/river_508.tif
train	river	32	river_509.tif	river/river_509.tif	NWPU45_20/train/river/river_509.tif
train	river	32	river_516.tif	river/river_516.tif	NWPU45_20/train/river/river_516.tif
train	river	32	river_521.tif	river/river_521.tif	NWPU45_20/train/river/river_521.tif
train	river	32	river_523.tif	river/river_523.tif	NWPU45_20/train/river/river_523.tif
train	river	32	river_527.tif	river/river_527.tif	NWPU45_20/train/river/river_527.tif
train	river	32	river_537.tif	river/river_537.tif	NWPU45_20/train/river/river_537.tif
train	river	32	river_539.tif	river/river_539.tif	NWPU45_20/train/river/river_539.tif
train	river	32	river_543.tif	river/river_543.tif	NWPU45_20/train/river/river_543.tif
train	river	32	river_558.tif	river/river_558.tif	NWPU45_20/train/river/river_558.tif
train	river	32	river_560.tif	river/river_560.tif	NWPU45_20/train/river/river_560.tif
train	river	32	river_563.tif	river/river_563.tif	NWPU45_20/train/river/river_563.tif
train	river	32	river_570.tif	river/river_570.tif	NWPU45_20/train/river/river_570.tif
train	river	32	river_572.tif	river/river_572.tif	NWPU45_20/train/river/river_572.tif
train	river	32	river_574.tif	river/river_574.tif	NWPU45_20/train/river/river_574.tif
train	river	32	river_579.tif	river/river_579.tif	NWPU45_20/train/river/river_579.tif
train	river	32	river_582.tif	river/river_582.tif	NWPU45_20/train/river/river_582.tif
train	river	32	river_584.tif	river/river_584.tif	NWPU45_20/train/river/river_584.tif
train	river	32	river_587.tif	river/river_587.tif	NWPU45_20/train/river/river_587.tif
train	river	32	river_588.tif	river/river_588.tif	NWPU45_20/train/river/river_588.tif
train	river	32	river_595.tif	river/river_595.tif	NWPU45_20/train/river/river_595.tif
train	river	32	river_621.tif	river/river_621.tif	NWPU45_20/train/river/river_621.tif
train	river	32	river_630.tif	river/river_630.tif	NWPU45_20/train/river/river_630.tif
train	river	32	river_631.tif	river/river_631.tif	NWPU45_20/train/river/river_631.tif
train	river	32	river_635.tif	river/river_635.tif	NWPU45_20/train/river/river_635.tif
train	river	32	river_640.tif	river/river_640.tif	NWPU45_20/train/river/river_640.tif
train	river	32	river_641.tif	river/river_641.tif	NWPU45_20/train/river/river_641.tif
train	river	32	river_643.tif	river/river_643.tif	NWPU45_20/train/river/river_643.tif
train	river	32	river_660.tif	river/river_660.tif	NWPU45_20/train/river/river_660.tif
train	river	32	river_662.tif	river/river_662.tif	NWPU45_20/train/river/river_662.tif
train	river	32	river_673.tif	river/river_673.tif	NWPU45_20/train/river/river_673.tif
train	river	32	river_674.tif	river/river_674.tif	NWPU45_20/train/river/river_674.tif
train	river	32	river_690.tif	river/river_690.tif	NWPU45_20/train/river/river_690.tif
train	river	32	river_695.tif	river/river_695.tif	NWPU45_20/train/river/river_695.tif
train	roundabout	33	roundabout_003.tif	roundabout/roundabout_003.tif	NWPU45_20/train/roundabout/roundabout_003.tif
train	roundabout	33	roundabout_006.tif	roundabout/roundabout_006.tif	NWPU45_20/train/roundabout/roundabout_006.tif
train	roundabout	33	roundabout_009.tif	roundabout/roundabout_009.tif	NWPU45_20/train/roundabout/roundabout_009.tif
train	roundabout	33	roundabout_011.tif	roundabout/roundabout_011.tif	NWPU45_20/train/roundabout/roundabout_011.tif
train	roundabout	33	roundabout_014.tif	roundabout/roundabout_014.tif	NWPU45_20/train/roundabout/roundabout_014.tif
train	roundabout	33	roundabout_015.tif	roundabout/roundabout_015.tif	NWPU45_20/train/roundabout/roundabout_015.tif
train	roundabout	33	roundabout_016.tif	roundabout/roundabout_016.tif	NWPU45_20/train/roundabout/roundabout_016.tif
train	roundabout	33	roundabout_025.tif	roundabout/roundabout_025.tif	NWPU45_20/train/roundabout/roundabout_025.tif
train	roundabout	33	roundabout_029.tif	roundabout/roundabout_029.tif	NWPU45_20/train/roundabout/roundabout_029.tif
train	roundabout	33	roundabout_034.tif	roundabout/roundabout_034.tif	NWPU45_20/train/roundabout/roundabout_034.tif
train	roundabout	33	roundabout_040.tif	roundabout/roundabout_040.tif	NWPU45_20/train/roundabout/roundabout_040.tif
train	roundabout	33	roundabout_041.tif	roundabout/roundabout_041.tif	NWPU45_20/train/roundabout/roundabout_041.tif
train	roundabout	33	roundabout_043.tif	roundabout/roundabout_043.tif	NWPU45_20/train/roundabout/roundabout_043.tif
train	roundabout	33	roundabout_057.tif	roundabout/roundabout_057.tif	NWPU45_20/train/roundabout/roundabout_057.tif
train	roundabout	33	roundabout_059.tif	roundabout/roundabout_059.tif	NWPU45_20/train/roundabout/roundabout_059.tif
train	roundabout	33	roundabout_064.tif	roundabout/roundabout_064.tif	NWPU45_20/train/roundabout/roundabout_064.tif
train	roundabout	33	roundabout_065.tif	roundabout/roundabout_065.tif	NWPU45_20/train/roundabout/roundabout_065.tif
train	roundabout	33	roundabout_070.tif	roundabout/roundabout_070.tif	NWPU45_20/train/roundabout/roundabout_070.tif
train	roundabout	33	roundabout_075.tif	roundabout/roundabout_075.tif	NWPU45_20/train/roundabout/roundabout_075.tif
train	roundabout	33	roundabout_079.tif	roundabout/roundabout_079.tif	NWPU45_20/train/roundabout/roundabout_079.tif
train	roundabout	33	roundabout_087.tif	roundabout/roundabout_087.tif	NWPU45_20/train/roundabout/roundabout_087.tif
train	roundabout	33	roundabout_093.tif	roundabout/roundabout_093.tif	NWPU45_20/train/roundabout/roundabout_093.tif
train	roundabout	33	roundabout_097.tif	roundabout/roundabout_097.tif	NWPU45_20/train/roundabout/roundabout_097.tif
train	roundabout	33	roundabout_101.tif	roundabout/roundabout_101.tif	NWPU45_20/train/roundabout/roundabout_101.tif
train	roundabout	33	roundabout_102.tif	roundabout/roundabout_102.tif	NWPU45_20/train/roundabout/roundabout_102.tif
train	roundabout	33	roundabout_106.tif	roundabout/roundabout_106.tif	NWPU45_20/train/roundabout/roundabout_106.tif
train	roundabout	33	roundabout_107.tif	roundabout/roundabout_107.tif	NWPU45_20/train/roundabout/roundabout_107.tif
train	roundabout	33	roundabout_116.tif	roundabout/roundabout_116.tif	NWPU45_20/train/roundabout/roundabout_116.tif
train	roundabout	33	roundabout_119.tif	roundabout/roundabout_119.tif	NWPU45_20/train/roundabout/roundabout_119.tif
train	roundabout	33	roundabout_133.tif	roundabout/roundabout_133.tif	NWPU45_20/train/roundabout/roundabout_133.tif
train	roundabout	33	roundabout_139.tif	roundabout/roundabout_139.tif	NWPU45_20/train/roundabout/roundabout_139.tif
train	roundabout	33	roundabout_144.tif	roundabout/roundabout_144.tif	NWPU45_20/train/roundabout/roundabout_144.tif
train	roundabout	33	roundabout_150.tif	roundabout/roundabout_150.tif	NWPU45_20/train/roundabout/roundabout_150.tif
train	roundabout	33	roundabout_151.tif	roundabout/roundabout_151.tif	NWPU45_20/train/roundabout/roundabout_151.tif
train	roundabout	33	roundabout_159.tif	roundabout/roundabout_159.tif	NWPU45_20/train/roundabout/roundabout_159.tif
train	roundabout	33	roundabout_173.tif	roundabout/roundabout_173.tif	NWPU45_20/train/roundabout/roundabout_173.tif
train	roundabout	33	roundabout_175.tif	roundabout/roundabout_175.tif	NWPU45_20/train/roundabout/roundabout_175.tif
train	roundabout	33	roundabout_177.tif	roundabout/roundabout_177.tif	NWPU45_20/train/roundabout/roundabout_177.tif
train	roundabout	33	roundabout_178.tif	roundabout/roundabout_178.tif	NWPU45_20/train/roundabout/roundabout_178.tif
train	roundabout	33	roundabout_181.tif	roundabout/roundabout_181.tif	NWPU45_20/train/roundabout/roundabout_181.tif
train	roundabout	33	roundabout_186.tif	roundabout/roundabout_186.tif	NWPU45_20/train/roundabout/roundabout_186.tif
train	roundabout	33	roundabout_191.tif	roundabout/roundabout_191.tif	NWPU45_20/train/roundabout/roundabout_191.tif
train	roundabout	33	roundabout_193.tif	roundabout/roundabout_193.tif	NWPU45_20/train/roundabout/roundabout_193.tif
train	roundabout	33	roundabout_194.tif	roundabout/roundabout_194.tif	NWPU45_20/train/roundabout/roundabout_194.tif
train	roundabout	33	roundabout_199.tif	roundabout/roundabout_199.tif	NWPU45_20/train/roundabout/roundabout_199.tif
train	roundabout	33	roundabout_201.tif	roundabout/roundabout_201.tif	NWPU45_20/train/roundabout/roundabout_201.tif
train	roundabout	33	roundabout_205.tif	roundabout/roundabout_205.tif	NWPU45_20/train/roundabout/roundabout_205.tif
train	roundabout	33	roundabout_208.tif	roundabout/roundabout_208.tif	NWPU45_20/train/roundabout/roundabout_208.tif
train	roundabout	33	roundabout_210.tif	roundabout/roundabout_210.tif	NWPU45_20/train/roundabout/roundabout_210.tif
train	roundabout	33	roundabout_213.tif	roundabout/roundabout_213.tif	NWPU45_20/train/roundabout/roundabout_213.tif
train	roundabout	33	roundabout_228.tif	roundabout/roundabout_228.tif	NWPU45_20/train/roundabout/roundabout_228.tif
train	roundabout	33	roundabout_242.tif	roundabout/roundabout_242.tif	NWPU45_20/train/roundabout/roundabout_242.tif
train	roundabout	33	roundabout_244.tif	roundabout/roundabout_244.tif	NWPU45_20/train/roundabout/roundabout_244.tif
train	roundabout	33	roundabout_256.tif	roundabout/roundabout_256.tif	NWPU45_20/train/roundabout/roundabout_256.tif
train	roundabout	33	roundabout_257.tif	roundabout/roundabout_257.tif	NWPU45_20/train/roundabout/roundabout_257.tif
train	roundabout	33	roundabout_266.tif	roundabout/roundabout_266.tif	NWPU45_20/train/roundabout/roundabout_266.tif
train	roundabout	33	roundabout_267.tif	roundabout/roundabout_267.tif	NWPU45_20/train/roundabout/roundabout_267.tif
train	roundabout	33	roundabout_269.tif	roundabout/roundabout_269.tif	NWPU45_20/train/roundabout/roundabout_269.tif
train	roundabout	33	roundabout_273.tif	roundabout/roundabout_273.tif	NWPU45_20/train/roundabout/roundabout_273.tif
train	roundabout	33	roundabout_281.tif	roundabout/roundabout_281.tif	NWPU45_20/train/roundabout/roundabout_281.tif
train	roundabout	33	roundabout_294.tif	roundabout/roundabout_294.tif	NWPU45_20/train/roundabout/roundabout_294.tif
train	roundabout	33	roundabout_308.tif	roundabout/roundabout_308.tif	NWPU45_20/train/roundabout/roundabout_308.tif
train	roundabout	33	roundabout_309.tif	roundabout/roundabout_309.tif	NWPU45_20/train/roundabout/roundabout_309.tif
train	roundabout	33	roundabout_311.tif	roundabout/roundabout_311.tif	NWPU45_20/train/roundabout/roundabout_311.tif
train	roundabout	33	roundabout_312.tif	roundabout/roundabout_312.tif	NWPU45_20/train/roundabout/roundabout_312.tif
train	roundabout	33	roundabout_313.tif	roundabout/roundabout_313.tif	NWPU45_20/train/roundabout/roundabout_313.tif
train	roundabout	33	roundabout_316.tif	roundabout/roundabout_316.tif	NWPU45_20/train/roundabout/roundabout_316.tif
train	roundabout	33	roundabout_317.tif	roundabout/roundabout_317.tif	NWPU45_20/train/roundabout/roundabout_317.tif
train	roundabout	33	roundabout_322.tif	roundabout/roundabout_322.tif	NWPU45_20/train/roundabout/roundabout_322.tif
train	roundabout	33	roundabout_325.tif	roundabout/roundabout_325.tif	NWPU45_20/train/roundabout/roundabout_325.tif
train	roundabout	33	roundabout_327.tif	roundabout/roundabout_327.tif	NWPU45_20/train/roundabout/roundabout_327.tif
train	roundabout	33	roundabout_329.tif	roundabout/roundabout_329.tif	NWPU45_20/train/roundabout/roundabout_329.tif
train	roundabout	33	roundabout_336.tif	roundabout/roundabout_336.tif	NWPU45_20/train/roundabout/roundabout_336.tif
train	roundabout	33	roundabout_342.tif	roundabout/roundabout_342.tif	NWPU45_20/train/roundabout/roundabout_342.tif
train	roundabout	33	roundabout_348.tif	roundabout/roundabout_348.tif	NWPU45_20/train/roundabout/roundabout_348.tif
train	roundabout	33	roundabout_351.tif	roundabout/roundabout_351.tif	NWPU45_20/train/roundabout/roundabout_351.tif
train	roundabout	33	roundabout_354.tif	roundabout/roundabout_354.tif	NWPU45_20/train/roundabout/roundabout_354.tif
train	roundabout	33	roundabout_360.tif	roundabout/roundabout_360.tif	NWPU45_20/train/roundabout/roundabout_360.tif
train	roundabout	33	roundabout_365.tif	roundabout/roundabout_365.tif	NWPU45_20/train/roundabout/roundabout_365.tif
train	roundabout	33	roundabout_366.tif	roundabout/roundabout_366.tif	NWPU45_20/train/roundabout/roundabout_366.tif
train	roundabout	33	roundabout_367.tif	roundabout/roundabout_367.tif	NWPU45_20/train/roundabout/roundabout_367.tif
train	roundabout	33	roundabout_376.tif	roundabout/roundabout_376.tif	NWPU45_20/train/roundabout/roundabout_376.tif
train	roundabout	33	roundabout_379.tif	roundabout/roundabout_379.tif	NWPU45_20/train/roundabout/roundabout_379.tif
train	roundabout	33	roundabout_381.tif	roundabout/roundabout_381.tif	NWPU45_20/train/roundabout/roundabout_381.tif
train	roundabout	33	roundabout_385.tif	roundabout/roundabout_385.tif	NWPU45_20/train/roundabout/roundabout_385.tif
train	roundabout	33	roundabout_387.tif	roundabout/roundabout_387.tif	NWPU45_20/train/roundabout/roundabout_387.tif
train	roundabout	33	roundabout_396.tif	roundabout/roundabout_396.tif	NWPU45_20/train/roundabout/roundabout_396.tif
train	roundabout	33	roundabout_397.tif	roundabout/roundabout_397.tif	NWPU45_20/train/roundabout/roundabout_397.tif
train	roundabout	33	roundabout_399.tif	roundabout/roundabout_399.tif	NWPU45_20/train/roundabout/roundabout_399.tif
train	roundabout	33	roundabout_415.tif	roundabout/roundabout_415.tif	NWPU45_20/train/roundabout/roundabout_415.tif
train	roundabout	33	roundabout_416.tif	roundabout/roundabout_416.tif	NWPU45_20/train/roundabout/roundabout_416.tif
train	roundabout	33	roundabout_417.tif	roundabout/roundabout_417.tif	NWPU45_20/train/roundabout/roundabout_417.tif
train	roundabout	33	roundabout_418.tif	roundabout/roundabout_418.tif	NWPU45_20/train/roundabout/roundabout_418.tif
train	roundabout	33	roundabout_420.tif	roundabout/roundabout_420.tif	NWPU45_20/train/roundabout/roundabout_420.tif
train	roundabout	33	roundabout_421.tif	roundabout/roundabout_421.tif	NWPU45_20/train/roundabout/roundabout_421.tif
train	roundabout	33	roundabout_427.tif	roundabout/roundabout_427.tif	NWPU45_20/train/roundabout/roundabout_427.tif
train	roundabout	33	roundabout_454.tif	roundabout/roundabout_454.tif	NWPU45_20/train/roundabout/roundabout_454.tif
train	roundabout	33	roundabout_455.tif	roundabout/roundabout_455.tif	NWPU45_20/train/roundabout/roundabout_455.tif
train	roundabout	33	roundabout_459.tif	roundabout/roundabout_459.tif	NWPU45_20/train/roundabout/roundabout_459.tif
train	roundabout	33	roundabout_468.tif	roundabout/roundabout_468.tif	NWPU45_20/train/roundabout/roundabout_468.tif
train	roundabout	33	roundabout_473.tif	roundabout/roundabout_473.tif	NWPU45_20/train/roundabout/roundabout_473.tif
train	roundabout	33	roundabout_476.tif	roundabout/roundabout_476.tif	NWPU45_20/train/roundabout/roundabout_476.tif
train	roundabout	33	roundabout_478.tif	roundabout/roundabout_478.tif	NWPU45_20/train/roundabout/roundabout_478.tif
train	roundabout	33	roundabout_491.tif	roundabout/roundabout_491.tif	NWPU45_20/train/roundabout/roundabout_491.tif
train	roundabout	33	roundabout_497.tif	roundabout/roundabout_497.tif	NWPU45_20/train/roundabout/roundabout_497.tif
train	roundabout	33	roundabout_505.tif	roundabout/roundabout_505.tif	NWPU45_20/train/roundabout/roundabout_505.tif
train	roundabout	33	roundabout_508.tif	roundabout/roundabout_508.tif	NWPU45_20/train/roundabout/roundabout_508.tif
train	roundabout	33	roundabout_509.tif	roundabout/roundabout_509.tif	NWPU45_20/train/roundabout/roundabout_509.tif
train	roundabout	33	roundabout_516.tif	roundabout/roundabout_516.tif	NWPU45_20/train/roundabout/roundabout_516.tif
train	roundabout	33	roundabout_521.tif	roundabout/roundabout_521.tif	NWPU45_20/train/roundabout/roundabout_521.tif
train	roundabout	33	roundabout_523.tif	roundabout/roundabout_523.tif	NWPU45_20/train/roundabout/roundabout_523.tif
train	roundabout	33	roundabout_527.tif	roundabout/roundabout_527.tif	NWPU45_20/train/roundabout/roundabout_527.tif
train	roundabout	33	roundabout_537.tif	roundabout/roundabout_537.tif	NWPU45_20/train/roundabout/roundabout_537.tif
train	roundabout	33	roundabout_539.tif	roundabout/roundabout_539.tif	NWPU45_20/train/roundabout/roundabout_539.tif
train	roundabout	33	roundabout_543.tif	roundabout/roundabout_543.tif	NWPU45_20/train/roundabout/roundabout_543.tif
train	roundabout	33	roundabout_558.tif	roundabout/roundabout_558.tif	NWPU45_20/train/roundabout/roundabout_558.tif
train	roundabout	33	roundabout_560.tif	roundabout/roundabout_560.tif	NWPU45_20/train/roundabout/roundabout_560.tif
train	roundabout	33	roundabout_563.tif	roundabout/roundabout_563.tif	NWPU45_20/train/roundabout/roundabout_563.tif
train	roundabout	33	roundabout_570.tif	roundabout/roundabout_570.tif	NWPU45_20/train/roundabout/roundabout_570.tif
train	roundabout	33	roundabout_572.tif	roundabout/roundabout_572.tif	NWPU45_20/train/roundabout/roundabout_572.tif
train	roundabout	33	roundabout_574.tif	roundabout/roundabout_574.tif	NWPU45_20/train/roundabout/roundabout_574.tif
train	roundabout	33	roundabout_579.tif	roundabout/roundabout_579.tif	NWPU45_20/train/roundabout/roundabout_579.tif
train	roundabout	33	roundabout_582.tif	roundabout/roundabout_582.tif	NWPU45_20/train/roundabout/roundabout_582.tif
train	roundabout	33	roundabout_584.tif	roundabout/roundabout_584.tif	NWPU45_20/train/roundabout/roundabout_584.tif
train	roundabout	33	roundabout_587.tif	roundabout/roundabout_587.tif	NWPU45_20/train/roundabout/roundabout_587.tif
train	roundabout	33	roundabout_588.tif	roundabout/roundabout_588.tif	NWPU45_20/train/roundabout/roundabout_588.tif
train	roundabout	33	roundabout_595.tif	roundabout/roundabout_595.tif	NWPU45_20/train/roundabout/roundabout_595.tif
train	roundabout	33	roundabout_621.tif	roundabout/roundabout_621.tif	NWPU45_20/train/roundabout/roundabout_621.tif
train	roundabout	33	roundabout_630.tif	roundabout/roundabout_630.tif	NWPU45_20/train/roundabout/roundabout_630.tif
train	roundabout	33	roundabout_631.tif	roundabout/roundabout_631.tif	NWPU45_20/train/roundabout/roundabout_631.tif
train	roundabout	33	roundabout_635.tif	roundabout/roundabout_635.tif	NWPU45_20/train/roundabout/roundabout_635.tif
train	roundabout	33	roundabout_640.tif	roundabout/roundabout_640.tif	NWPU45_20/train/roundabout/roundabout_640.tif
train	roundabout	33	roundabout_641.tif	roundabout/roundabout_641.tif	NWPU45_20/train/roundabout/roundabout_641.tif
train	roundabout	33	roundabout_643.tif	roundabout/roundabout_643.tif	NWPU45_20/train/roundabout/roundabout_643.tif
train	roundabout	33	roundabout_660.tif	roundabout/roundabout_660.tif	NWPU45_20/train/roundabout/roundabout_660.tif
train	roundabout	33	roundabout_662.tif	roundabout/roundabout_662.tif	NWPU45_20/train/roundabout/roundabout_662.tif
train	roundabout	33	roundabout_673.tif	roundabout/roundabout_673.tif	NWPU45_20/train/roundabout/roundabout_673.tif
train	roundabout	33	roundabout_674.tif	roundabout/roundabout_674.tif	NWPU45_20/train/roundabout/roundabout_674.tif
train	roundabout	33	roundabout_690.tif	roundabout/roundabout_690.tif	NWPU45_20/train/roundabout/roundabout_690.tif
train	roundabout	33	roundabout_695.tif	roundabout/roundabout_695.tif	NWPU45_20/train/roundabout/roundabout_695.tif
train	runway	34	runway_003.tif	runway/runway_003.tif	NWPU45_20/train/runway/runway_003.tif
train	runway	34	runway_006.tif	runway/runway_006.tif	NWPU45_20/train/runway/runway_006.tif
train	runway	34	runway_009.tif	runway/runway_009.tif	NWPU45_20/train/runway/runway_009.tif
train	runway	34	runway_011.tif	runway/runway_011.tif	NWPU45_20/train/runway/runway_011.tif
train	runway	34	runway_014.tif	runway/runway_014.tif	NWPU45_20/train/runway/runway_014.tif
train	runway	34	runway_015.tif	runway/runway_015.tif	NWPU45_20/train/runway/runway_015.tif
train	runway	34	runway_016.tif	runway/runway_016.tif	NWPU45_20/train/runway/runway_016.tif
train	runway	34	runway_025.tif	runway/runway_025.tif	NWPU45_20/train/runway/runway_025.tif
train	runway	34	runway_029.tif	runway/runway_029.tif	NWPU45_20/train/runway/runway_029.tif
train	runway	34	runway_034.tif	runway/runway_034.tif	NWPU45_20/train/runway/runway_034.tif
train	runway	34	runway_040.tif	runway/runway_040.tif	NWPU45_20/train/runway/runway_040.tif
train	runway	34	runway_041.tif	runway/runway_041.tif	NWPU45_20/train/runway/runway_041.tif
train	runway	34	runway_043.tif	runway/runway_043.tif	NWPU45_20/train/runway/runway_043.tif
train	runway	34	runway_057.tif	runway/runway_057.tif	NWPU45_20/train/runway/runway_057.tif
train	runway	34	runway_059.tif	runway/runway_059.tif	NWPU45_20/train/runway/runway_059.tif
train	runway	34	runway_064.tif	runway/runway_064.tif	NWPU45_20/train/runway/runway_064.tif
train	runway	34	runway_065.tif	runway/runway_065.tif	NWPU45_20/train/runway/runway_065.tif
train	runway	34	runway_070.tif	runway/runway_070.tif	NWPU45_20/train/runway/runway_070.tif
train	runway	34	runway_075.tif	runway/runway_075.tif	NWPU45_20/train/runway/runway_075.tif
train	runway	34	runway_079.tif	runway/runway_079.tif	NWPU45_20/train/runway/runway_079.tif
train	runway	34	runway_087.tif	runway/runway_087.tif	NWPU45_20/train/runway/runway_087.tif
train	runway	34	runway_093.tif	runway/runway_093.tif	NWPU45_20/train/runway/runway_093.tif
train	runway	34	runway_097.tif	runway/runway_097.tif	NWPU45_20/train/runway/runway_097.tif
train	runway	34	runway_101.tif	runway/runway_101.tif	NWPU45_20/train/runway/runway_101.tif
train	runway	34	runway_102.tif	runway/runway_102.tif	NWPU45_20/train/runway/runway_102.tif
train	runway	34	runway_106.tif	runway/runway_106.tif	NWPU45_20/train/runway/runway_106.tif
train	runway	34	runway_107.tif	runway/runway_107.tif	NWPU45_20/train/runway/runway_107.tif
train	runway	34	runway_116.tif	runway/runway_116.tif	NWPU45_20/train/runway/runway_116.tif
train	runway	34	runway_119.tif	runway/runway_119.tif	NWPU45_20/train/runway/runway_119.tif
train	runway	34	runway_133.tif	runway/runway_133.tif	NWPU45_20/train/runway/runway_133.tif
train	runway	34	runway_139.tif	runway/runway_139.tif	NWPU45_20/train/runway/runway_139.tif
train	runway	34	runway_144.tif	runway/runway_144.tif	NWPU45_20/train/runway/runway_144.tif
train	runway	34	runway_150.tif	runway/runway_150.tif	NWPU45_20/train/runway/runway_150.tif
train	runway	34	runway_151.tif	runway/runway_151.tif	NWPU45_20/train/runway/runway_151.tif
train	runway	34	runway_159.tif	runway/runway_159.tif	NWPU45_20/train/runway/runway_159.tif
train	runway	34	runway_173.tif	runway/runway_173.tif	NWPU45_20/train/runway/runway_173.tif
train	runway	34	runway_175.tif	runway/runway_175.tif	NWPU45_20/train/runway/runway_175.tif
train	runway	34	runway_177.tif	runway/runway_177.tif	NWPU45_20/train/runway/runway_177.tif
train	runway	34	runway_178.tif	runway/runway_178.tif	NWPU45_20/train/runway/runway_178.tif
train	runway	34	runway_181.tif	runway/runway_181.tif	NWPU45_20/train/runway/runway_181.tif
train	runway	34	runway_186.tif	runway/runway_186.tif	NWPU45_20/train/runway/runway_186.tif
train	runway	34	runway_191.tif	runway/runway_191.tif	NWPU45_20/train/runway/runway_191.tif
train	runway	34	runway_193.tif	runway/runway_193.tif	NWPU45_20/train/runway/runway_193.tif
train	runway	34	runway_194.tif	runway/runway_194.tif	NWPU45_20/train/runway/runway_194.tif
train	runway	34	runway_199.tif	runway/runway_199.tif	NWPU45_20/train/runway/runway_199.tif
train	runway	34	runway_201.tif	runway/runway_201.tif	NWPU45_20/train/runway/runway_201.tif
train	runway	34	runway_205.tif	runway/runway_205.tif	NWPU45_20/train/runway/runway_205.tif
train	runway	34	runway_208.tif	runway/runway_208.tif	NWPU45_20/train/runway/runway_208.tif
train	runway	34	runway_210.tif	runway/runway_210.tif	NWPU45_20/train/runway/runway_210.tif
train	runway	34	runway_213.tif	runway/runway_213.tif	NWPU45_20/train/runway/runway_213.tif
train	runway	34	runway_228.tif	runway/runway_228.tif	NWPU45_20/train/runway/runway_228.tif
train	runway	34	runway_242.tif	runway/runway_242.tif	NWPU45_20/train/runway/runway_242.tif
train	runway	34	runway_244.tif	runway/runway_244.tif	NWPU45_20/train/runway/runway_244.tif
train	runway	34	runway_256.tif	runway/runway_256.tif	NWPU45_20/train/runway/runway_256.tif
train	runway	34	runway_257.tif	runway/runway_257.tif	NWPU45_20/train/runway/runway_257.tif
train	runway	34	runway_266.tif	runway/runway_266.tif	NWPU45_20/train/runway/runway_266.tif
train	runway	34	runway_267.tif	runway/runway_267.tif	NWPU45_20/train/runway/runway_267.tif
train	runway	34	runway_269.tif	runway/runway_269.tif	NWPU45_20/train/runway/runway_269.tif
train	runway	34	runway_273.tif	runway/runway_273.tif	NWPU45_20/train/runway/runway_273.tif
train	runway	34	runway_281.tif	runway/runway_281.tif	NWPU45_20/train/runway/runway_281.tif
train	runway	34	runway_294.tif	runway/runway_294.tif	NWPU45_20/train/runway/runway_294.tif
train	runway	34	runway_308.tif	runway/runway_308.tif	NWPU45_20/train/runway/runway_308.tif
train	runway	34	runway_309.tif	runway/runway_309.tif	NWPU45_20/train/runway/runway_309.tif
train	runway	34	runway_311.tif	runway/runway_311.tif	NWPU45_20/train/runway/runway_311.tif
train	runway	34	runway_312.tif	runway/runway_312.tif	NWPU45_20/train/runway/runway_312.tif
train	runway	34	runway_313.tif	runway/runway_313.tif	NWPU45_20/train/runway/runway_313.tif
train	runway	34	runway_316.tif	runway/runway_316.tif	NWPU45_20/train/runway/runway_316.tif
train	runway	34	runway_317.tif	runway/runway_317.tif	NWPU45_20/train/runway/runway_317.tif
train	runway	34	runway_322.tif	runway/runway_322.tif	NWPU45_20/train/runway/runway_322.tif
train	runway	34	runway_325.tif	runway/runway_325.tif	NWPU45_20/train/runway/runway_325.tif
train	runway	34	runway_327.tif	runway/runway_327.tif	NWPU45_20/train/runway/runway_327.tif
train	runway	34	runway_329.tif	runway/runway_329.tif	NWPU45_20/train/runway/runway_329.tif
train	runway	34	runway_336.tif	runway/runway_336.tif	NWPU45_20/train/runway/runway_336.tif
train	runway	34	runway_342.tif	runway/runway_342.tif	NWPU45_20/train/runway/runway_342.tif
train	runway	34	runway_348.tif	runway/runway_348.tif	NWPU45_20/train/runway/runway_348.tif
train	runway	34	runway_351.tif	runway/runway_351.tif	NWPU45_20/train/runway/runway_351.tif
train	runway	34	runway_354.tif	runway/runway_354.tif	NWPU45_20/train/runway/runway_354.tif
train	runway	34	runway_360.tif	runway/runway_360.tif	NWPU45_20/train/runway/runway_360.tif
train	runway	34	runway_365.tif	runway/runway_365.tif	NWPU45_20/train/runway/runway_365.tif
train	runway	34	runway_366.tif	runway/runway_366.tif	NWPU45_20/train/runway/runway_366.tif
train	runway	34	runway_367.tif	runway/runway_367.tif	NWPU45_20/train/runway/runway_367.tif
train	runway	34	runway_376.tif	runway/runway_376.tif	NWPU45_20/train/runway/runway_376.tif
train	runway	34	runway_379.tif	runway/runway_379.tif	NWPU45_20/train/runway/runway_379.tif
train	runway	34	runway_381.tif	runway/runway_381.tif	NWPU45_20/train/runway/runway_381.tif
train	runway	34	runway_385.tif	runway/runway_385.tif	NWPU45_20/train/runway/runway_385.tif
train	runway	34	runway_387.tif	runway/runway_387.tif	NWPU45_20/train/runway/runway_387.tif
train	runway	34	runway_396.tif	runway/runway_396.tif	NWPU45_20/train/runway/runway_396.tif
train	runway	34	runway_397.tif	runway/runway_397.tif	NWPU45_20/train/runway/runway_397.tif
train	runway	34	runway_399.tif	runway/runway_399.tif	NWPU45_20/train/runway/runway_399.tif
train	runway	34	runway_415.tif	runway/runway_415.tif	NWPU45_20/train/runway/runway_415.tif
train	runway	34	runway_416.tif	runway/runway_416.tif	NWPU45_20/train/runway/runway_416.tif
train	runway	34	runway_417.tif	runway/runway_417.tif	NWPU45_20/train/runway/runway_417.tif
train	runway	34	runway_418.tif	runway/runway_418.tif	NWPU45_20/train/runway/runway_418.tif
train	runway	34	runway_420.tif	runway/runway_420.tif	NWPU45_20/train/runway/runway_420.tif
train	runway	34	runway_421.tif	runway/runway_421.tif	NWPU45_20/train/runway/runway_421.tif
train	runway	34	runway_427.tif	runway/runway_427.tif	NWPU45_20/train/runway/runway_427.tif
train	runway	34	runway_454.tif	runway/runway_454.tif	NWPU45_20/train/runway/runway_454.tif
train	runway	34	runway_455.tif	runway/runway_455.tif	NWPU45_20/train/runway/runway_455.tif
train	runway	34	runway_459.tif	runway/runway_459.tif	NWPU45_20/train/runway/runway_459.tif
train	runway	34	runway_468.tif	runway/runway_468.tif	NWPU45_20/train/runway/runway_468.tif
train	runway	34	runway_473.tif	runway/runway_473.tif	NWPU45_20/train/runway/runway_473.tif
train	runway	34	runway_476.tif	runway/runway_476.tif	NWPU45_20/train/runway/runway_476.tif
train	runway	34	runway_478.tif	runway/runway_478.tif	NWPU45_20/train/runway/runway_478.tif
train	runway	34	runway_491.tif	runway/runway_491.tif	NWPU45_20/train/runway/runway_491.tif
train	runway	34	runway_497.tif	runway/runway_497.tif	NWPU45_20/train/runway/runway_497.tif
train	runway	34	runway_505.tif	runway/runway_505.tif	NWPU45_20/train/runway/runway_505.tif
train	runway	34	runway_508.tif	runway/runway_508.tif	NWPU45_20/train/runway/runway_508.tif
train	runway	34	runway_509.tif	runway/runway_509.tif	NWPU45_20/train/runway/runway_509.tif
train	runway	34	runway_516.tif	runway/runway_516.tif	NWPU45_20/train/runway/runway_516.tif
train	runway	34	runway_521.tif	runway/runway_521.tif	NWPU45_20/train/runway/runway_521.tif
train	runway	34	runway_523.tif	runway/runway_523.tif	NWPU45_20/train/runway/runway_523.tif
train	runway	34	runway_527.tif	runway/runway_527.tif	NWPU45_20/train/runway/runway_527.tif
train	runway	34	runway_537.tif	runway/runway_537.tif	NWPU45_20/train/runway/runway_537.tif
train	runway	34	runway_539.tif	runway/runway_539.tif	NWPU45_20/train/runway/runway_539.tif
train	runway	34	runway_543.tif	runway/runway_543.tif	NWPU45_20/train/runway/runway_543.tif
train	runway	34	runway_558.tif	runway/runway_558.tif	NWPU45_20/train/runway/runway_558.tif
train	runway	34	runway_560.tif	runway/runway_560.tif	NWPU45_20/train/runway/runway_560.tif
train	runway	34	runway_563.tif	runway/runway_563.tif	NWPU45_20/train/runway/runway_563.tif
train	runway	34	runway_570.tif	runway/runway_570.tif	NWPU45_20/train/runway/runway_570.tif
train	runway	34	runway_572.tif	runway/runway_572.tif	NWPU45_20/train/runway/runway_572.tif
train	runway	34	runway_574.tif	runway/runway_574.tif	NWPU45_20/train/runway/runway_574.tif
train	runway	34	runway_579.tif	runway/runway_579.tif	NWPU45_20/train/runway/runway_579.tif
train	runway	34	runway_582.tif	runway/runway_582.tif	NWPU45_20/train/runway/runway_582.tif
train	runway	34	runway_584.tif	runway/runway_584.tif	NWPU45_20/train/runway/runway_584.tif
train	runway	34	runway_587.tif	runway/runway_587.tif	NWPU45_20/train/runway/runway_587.tif
train	runway	34	runway_588.tif	runway/runway_588.tif	NWPU45_20/train/runway/runway_588.tif
train	runway	34	runway_595.tif	runway/runway_595.tif	NWPU45_20/train/runway/runway_595.tif
train	runway	34	runway_621.tif	runway/runway_621.tif	NWPU45_20/train/runway/runway_621.tif
train	runway	34	runway_630.tif	runway/runway_630.tif	NWPU45_20/train/runway/runway_630.tif
train	runway	34	runway_631.tif	runway/runway_631.tif	NWPU45_20/train/runway/runway_631.tif
train	runway	34	runway_635.tif	runway/runway_635.tif	NWPU45_20/train/runway/runway_635.tif
train	runway	34	runway_640.tif	runway/runway_640.tif	NWPU45_20/train/runway/runway_640.tif
train	runway	34	runway_641.tif	runway/runway_641.tif	NWPU45_20/train/runway/runway_641.tif
train	runway	34	runway_643.tif	runway/runway_643.tif	NWPU45_20/train/runway/runway_643.tif
train	runway	34	runway_660.tif	runway/runway_660.tif	NWPU45_20/train/runway/runway_660.tif
train	runway	34	runway_662.tif	runway/runway_662.tif	NWPU45_20/train/runway/runway_662.tif
train	runway	34	runway_673.tif	runway/runway_673.tif	NWPU45_20/train/runway/runway_673.tif
train	runway	34	runway_674.tif	runway/runway_674.tif	NWPU45_20/train/runway/runway_674.tif
train	runway	34	runway_690.tif	runway/runway_690.tif	NWPU45_20/train/runway/runway_690.tif
train	runway	34	runway_695.tif	runway/runway_695.tif	NWPU45_20/train/runway/runway_695.tif
train	sea_ice	35	sea_ice_003.tif	sea_ice/sea_ice_003.tif	NWPU45_20/train/sea_ice/sea_ice_003.tif
train	sea_ice	35	sea_ice_006.tif	sea_ice/sea_ice_006.tif	NWPU45_20/train/sea_ice/sea_ice_006.tif
train	sea_ice	35	sea_ice_009.tif	sea_ice/sea_ice_009.tif	NWPU45_20/train/sea_ice/sea_ice_009.tif
train	sea_ice	35	sea_ice_011.tif	sea_ice/sea_ice_011.tif	NWPU45_20/train/sea_ice/sea_ice_011.tif
train	sea_ice	35	sea_ice_014.tif	sea_ice/sea_ice_014.tif	NWPU45_20/train/sea_ice/sea_ice_014.tif
train	sea_ice	35	sea_ice_015.tif	sea_ice/sea_ice_015.tif	NWPU45_20/train/sea_ice/sea_ice_015.tif
train	sea_ice	35	sea_ice_016.tif	sea_ice/sea_ice_016.tif	NWPU45_20/train/sea_ice/sea_ice_016.tif
train	sea_ice	35	sea_ice_025.tif	sea_ice/sea_ice_025.tif	NWPU45_20/train/sea_ice/sea_ice_025.tif
train	sea_ice	35	sea_ice_029.tif	sea_ice/sea_ice_029.tif	NWPU45_20/train/sea_ice/sea_ice_029.tif
train	sea_ice	35	sea_ice_034.tif	sea_ice/sea_ice_034.tif	NWPU45_20/train/sea_ice/sea_ice_034.tif
train	sea_ice	35	sea_ice_040.tif	sea_ice/sea_ice_040.tif	NWPU45_20/train/sea_ice/sea_ice_040.tif
train	sea_ice	35	sea_ice_041.tif	sea_ice/sea_ice_041.tif	NWPU45_20/train/sea_ice/sea_ice_041.tif
train	sea_ice	35	sea_ice_043.tif	sea_ice/sea_ice_043.tif	NWPU45_20/train/sea_ice/sea_ice_043.tif
train	sea_ice	35	sea_ice_057.tif	sea_ice/sea_ice_057.tif	NWPU45_20/train/sea_ice/sea_ice_057.tif
train	sea_ice	35	sea_ice_059.tif	sea_ice/sea_ice_059.tif	NWPU45_20/train/sea_ice/sea_ice_059.tif
train	sea_ice	35	sea_ice_064.tif	sea_ice/sea_ice_064.tif	NWPU45_20/train/sea_ice/sea_ice_064.tif
train	sea_ice	35	sea_ice_065.tif	sea_ice/sea_ice_065.tif	NWPU45_20/train/sea_ice/sea_ice_065.tif
train	sea_ice	35	sea_ice_070.tif	sea_ice/sea_ice_070.tif	NWPU45_20/train/sea_ice/sea_ice_070.tif
train	sea_ice	35	sea_ice_075.tif	sea_ice/sea_ice_075.tif	NWPU45_20/train/sea_ice/sea_ice_075.tif
train	sea_ice	35	sea_ice_079.tif	sea_ice/sea_ice_079.tif	NWPU45_20/train/sea_ice/sea_ice_079.tif
train	sea_ice	35	sea_ice_087.tif	sea_ice/sea_ice_087.tif	NWPU45_20/train/sea_ice/sea_ice_087.tif
train	sea_ice	35	sea_ice_093.tif	sea_ice/sea_ice_093.tif	NWPU45_20/train/sea_ice/sea_ice_093.tif
train	sea_ice	35	sea_ice_097.tif	sea_ice/sea_ice_097.tif	NWPU45_20/train/sea_ice/sea_ice_097.tif
train	sea_ice	35	sea_ice_101.tif	sea_ice/sea_ice_101.tif	NWPU45_20/train/sea_ice/sea_ice_101.tif
train	sea_ice	35	sea_ice_102.tif	sea_ice/sea_ice_102.tif	NWPU45_20/train/sea_ice/sea_ice_102.tif
train	sea_ice	35	sea_ice_106.tif	sea_ice/sea_ice_106.tif	NWPU45_20/train/sea_ice/sea_ice_106.tif
train	sea_ice	35	sea_ice_107.tif	sea_ice/sea_ice_107.tif	NWPU45_20/train/sea_ice/sea_ice_107.tif
train	sea_ice	35	sea_ice_116.tif	sea_ice/sea_ice_116.tif	NWPU45_20/train/sea_ice/sea_ice_116.tif
train	sea_ice	35	sea_ice_119.tif	sea_ice/sea_ice_119.tif	NWPU45_20/train/sea_ice/sea_ice_119.tif
train	sea_ice	35	sea_ice_133.tif	sea_ice/sea_ice_133.tif	NWPU45_20/train/sea_ice/sea_ice_133.tif
train	sea_ice	35	sea_ice_139.tif	sea_ice/sea_ice_139.tif	NWPU45_20/train/sea_ice/sea_ice_139.tif
train	sea_ice	35	sea_ice_144.tif	sea_ice/sea_ice_144.tif	NWPU45_20/train/sea_ice/sea_ice_144.tif
train	sea_ice	35	sea_ice_150.tif	sea_ice/sea_ice_150.tif	NWPU45_20/train/sea_ice/sea_ice_150.tif
train	sea_ice	35	sea_ice_151.tif	sea_ice/sea_ice_151.tif	NWPU45_20/train/sea_ice/sea_ice_151.tif
train	sea_ice	35	sea_ice_159.tif	sea_ice/sea_ice_159.tif	NWPU45_20/train/sea_ice/sea_ice_159.tif
train	sea_ice	35	sea_ice_173.tif	sea_ice/sea_ice_173.tif	NWPU45_20/train/sea_ice/sea_ice_173.tif
train	sea_ice	35	sea_ice_175.tif	sea_ice/sea_ice_175.tif	NWPU45_20/train/sea_ice/sea_ice_175.tif
train	sea_ice	35	sea_ice_177.tif	sea_ice/sea_ice_177.tif	NWPU45_20/train/sea_ice/sea_ice_177.tif
train	sea_ice	35	sea_ice_178.tif	sea_ice/sea_ice_178.tif	NWPU45_20/train/sea_ice/sea_ice_178.tif
train	sea_ice	35	sea_ice_181.tif	sea_ice/sea_ice_181.tif	NWPU45_20/train/sea_ice/sea_ice_181.tif
train	sea_ice	35	sea_ice_186.tif	sea_ice/sea_ice_186.tif	NWPU45_20/train/sea_ice/sea_ice_186.tif
train	sea_ice	35	sea_ice_191.tif	sea_ice/sea_ice_191.tif	NWPU45_20/train/sea_ice/sea_ice_191.tif
train	sea_ice	35	sea_ice_193.tif	sea_ice/sea_ice_193.tif	NWPU45_20/train/sea_ice/sea_ice_193.tif
train	sea_ice	35	sea_ice_194.tif	sea_ice/sea_ice_194.tif	NWPU45_20/train/sea_ice/sea_ice_194.tif
train	sea_ice	35	sea_ice_199.tif	sea_ice/sea_ice_199.tif	NWPU45_20/train/sea_ice/sea_ice_199.tif
train	sea_ice	35	sea_ice_201.tif	sea_ice/sea_ice_201.tif	NWPU45_20/train/sea_ice/sea_ice_201.tif
train	sea_ice	35	sea_ice_205.tif	sea_ice/sea_ice_205.tif	NWPU45_20/train/sea_ice/sea_ice_205.tif
train	sea_ice	35	sea_ice_208.tif	sea_ice/sea_ice_208.tif	NWPU45_20/train/sea_ice/sea_ice_208.tif
train	sea_ice	35	sea_ice_210.tif	sea_ice/sea_ice_210.tif	NWPU45_20/train/sea_ice/sea_ice_210.tif
train	sea_ice	35	sea_ice_213.tif	sea_ice/sea_ice_213.tif	NWPU45_20/train/sea_ice/sea_ice_213.tif
train	sea_ice	35	sea_ice_228.tif	sea_ice/sea_ice_228.tif	NWPU45_20/train/sea_ice/sea_ice_228.tif
train	sea_ice	35	sea_ice_242.tif	sea_ice/sea_ice_242.tif	NWPU45_20/train/sea_ice/sea_ice_242.tif
train	sea_ice	35	sea_ice_244.tif	sea_ice/sea_ice_244.tif	NWPU45_20/train/sea_ice/sea_ice_244.tif
train	sea_ice	35	sea_ice_256.tif	sea_ice/sea_ice_256.tif	NWPU45_20/train/sea_ice/sea_ice_256.tif
train	sea_ice	35	sea_ice_257.tif	sea_ice/sea_ice_257.tif	NWPU45_20/train/sea_ice/sea_ice_257.tif
train	sea_ice	35	sea_ice_266.tif	sea_ice/sea_ice_266.tif	NWPU45_20/train/sea_ice/sea_ice_266.tif
train	sea_ice	35	sea_ice_267.tif	sea_ice/sea_ice_267.tif	NWPU45_20/train/sea_ice/sea_ice_267.tif
train	sea_ice	35	sea_ice_269.tif	sea_ice/sea_ice_269.tif	NWPU45_20/train/sea_ice/sea_ice_269.tif
train	sea_ice	35	sea_ice_273.tif	sea_ice/sea_ice_273.tif	NWPU45_20/train/sea_ice/sea_ice_273.tif
train	sea_ice	35	sea_ice_281.tif	sea_ice/sea_ice_281.tif	NWPU45_20/train/sea_ice/sea_ice_281.tif
train	sea_ice	35	sea_ice_294.tif	sea_ice/sea_ice_294.tif	NWPU45_20/train/sea_ice/sea_ice_294.tif
train	sea_ice	35	sea_ice_308.tif	sea_ice/sea_ice_308.tif	NWPU45_20/train/sea_ice/sea_ice_308.tif
train	sea_ice	35	sea_ice_309.tif	sea_ice/sea_ice_309.tif	NWPU45_20/train/sea_ice/sea_ice_309.tif
train	sea_ice	35	sea_ice_311.tif	sea_ice/sea_ice_311.tif	NWPU45_20/train/sea_ice/sea_ice_311.tif
train	sea_ice	35	sea_ice_312.tif	sea_ice/sea_ice_312.tif	NWPU45_20/train/sea_ice/sea_ice_312.tif
train	sea_ice	35	sea_ice_313.tif	sea_ice/sea_ice_313.tif	NWPU45_20/train/sea_ice/sea_ice_313.tif
train	sea_ice	35	sea_ice_316.tif	sea_ice/sea_ice_316.tif	NWPU45_20/train/sea_ice/sea_ice_316.tif
train	sea_ice	35	sea_ice_317.tif	sea_ice/sea_ice_317.tif	NWPU45_20/train/sea_ice/sea_ice_317.tif
train	sea_ice	35	sea_ice_322.tif	sea_ice/sea_ice_322.tif	NWPU45_20/train/sea_ice/sea_ice_322.tif
train	sea_ice	35	sea_ice_325.tif	sea_ice/sea_ice_325.tif	NWPU45_20/train/sea_ice/sea_ice_325.tif
train	sea_ice	35	sea_ice_327.tif	sea_ice/sea_ice_327.tif	NWPU45_20/train/sea_ice/sea_ice_327.tif
train	sea_ice	35	sea_ice_329.tif	sea_ice/sea_ice_329.tif	NWPU45_20/train/sea_ice/sea_ice_329.tif
train	sea_ice	35	sea_ice_336.tif	sea_ice/sea_ice_336.tif	NWPU45_20/train/sea_ice/sea_ice_336.tif
train	sea_ice	35	sea_ice_342.tif	sea_ice/sea_ice_342.tif	NWPU45_20/train/sea_ice/sea_ice_342.tif
train	sea_ice	35	sea_ice_348.tif	sea_ice/sea_ice_348.tif	NWPU45_20/train/sea_ice/sea_ice_348.tif
train	sea_ice	35	sea_ice_351.tif	sea_ice/sea_ice_351.tif	NWPU45_20/train/sea_ice/sea_ice_351.tif
train	sea_ice	35	sea_ice_354.tif	sea_ice/sea_ice_354.tif	NWPU45_20/train/sea_ice/sea_ice_354.tif
train	sea_ice	35	sea_ice_360.tif	sea_ice/sea_ice_360.tif	NWPU45_20/train/sea_ice/sea_ice_360.tif
train	sea_ice	35	sea_ice_365.tif	sea_ice/sea_ice_365.tif	NWPU45_20/train/sea_ice/sea_ice_365.tif
train	sea_ice	35	sea_ice_366.tif	sea_ice/sea_ice_366.tif	NWPU45_20/train/sea_ice/sea_ice_366.tif
train	sea_ice	35	sea_ice_367.tif	sea_ice/sea_ice_367.tif	NWPU45_20/train/sea_ice/sea_ice_367.tif
train	sea_ice	35	sea_ice_376.tif	sea_ice/sea_ice_376.tif	NWPU45_20/train/sea_ice/sea_ice_376.tif
train	sea_ice	35	sea_ice_379.tif	sea_ice/sea_ice_379.tif	NWPU45_20/train/sea_ice/sea_ice_379.tif
train	sea_ice	35	sea_ice_381.tif	sea_ice/sea_ice_381.tif	NWPU45_20/train/sea_ice/sea_ice_381.tif
train	sea_ice	35	sea_ice_385.tif	sea_ice/sea_ice_385.tif	NWPU45_20/train/sea_ice/sea_ice_385.tif
train	sea_ice	35	sea_ice_387.tif	sea_ice/sea_ice_387.tif	NWPU45_20/train/sea_ice/sea_ice_387.tif
train	sea_ice	35	sea_ice_396.tif	sea_ice/sea_ice_396.tif	NWPU45_20/train/sea_ice/sea_ice_396.tif
train	sea_ice	35	sea_ice_397.tif	sea_ice/sea_ice_397.tif	NWPU45_20/train/sea_ice/sea_ice_397.tif
train	sea_ice	35	sea_ice_399.tif	sea_ice/sea_ice_399.tif	NWPU45_20/train/sea_ice/sea_ice_399.tif
train	sea_ice	35	sea_ice_415.tif	sea_ice/sea_ice_415.tif	NWPU45_20/train/sea_ice/sea_ice_415.tif
train	sea_ice	35	sea_ice_416.tif	sea_ice/sea_ice_416.tif	NWPU45_20/train/sea_ice/sea_ice_416.tif
train	sea_ice	35	sea_ice_417.tif	sea_ice/sea_ice_417.tif	NWPU45_20/train/sea_ice/sea_ice_417.tif
train	sea_ice	35	sea_ice_418.tif	sea_ice/sea_ice_418.tif	NWPU45_20/train/sea_ice/sea_ice_418.tif
train	sea_ice	35	sea_ice_420.tif	sea_ice/sea_ice_420.tif	NWPU45_20/train/sea_ice/sea_ice_420.tif
train	sea_ice	35	sea_ice_421.tif	sea_ice/sea_ice_421.tif	NWPU45_20/train/sea_ice/sea_ice_421.tif
train	sea_ice	35	sea_ice_427.tif	sea_ice/sea_ice_427.tif	NWPU45_20/train/sea_ice/sea_ice_427.tif
train	sea_ice	35	sea_ice_454.tif	sea_ice/sea_ice_454.tif	NWPU45_20/train/sea_ice/sea_ice_454.tif
train	sea_ice	35	sea_ice_455.tif	sea_ice/sea_ice_455.tif	NWPU45_20/train/sea_ice/sea_ice_455.tif
train	sea_ice	35	sea_ice_459.tif	sea_ice/sea_ice_459.tif	NWPU45_20/train/sea_ice/sea_ice_459.tif
train	sea_ice	35	sea_ice_468.tif	sea_ice/sea_ice_468.tif	NWPU45_20/train/sea_ice/sea_ice_468.tif
train	sea_ice	35	sea_ice_473.tif	sea_ice/sea_ice_473.tif	NWPU45_20/train/sea_ice/sea_ice_473.tif
train	sea_ice	35	sea_ice_476.tif	sea_ice/sea_ice_476.tif	NWPU45_20/train/sea_ice/sea_ice_476.tif
train	sea_ice	35	sea_ice_478.tif	sea_ice/sea_ice_478.tif	NWPU45_20/train/sea_ice/sea_ice_478.tif
train	sea_ice	35	sea_ice_491.tif	sea_ice/sea_ice_491.tif	NWPU45_20/train/sea_ice/sea_ice_491.tif
train	sea_ice	35	sea_ice_497.tif	sea_ice/sea_ice_497.tif	NWPU45_20/train/sea_ice/sea_ice_497.tif
train	sea_ice	35	sea_ice_505.tif	sea_ice/sea_ice_505.tif	NWPU45_20/train/sea_ice/sea_ice_505.tif
train	sea_ice	35	sea_ice_508.tif	sea_ice/sea_ice_508.tif	NWPU45_20/train/sea_ice/sea_ice_508.tif
train	sea_ice	35	sea_ice_509.tif	sea_ice/sea_ice_509.tif	NWPU45_20/train/sea_ice/sea_ice_509.tif
train	sea_ice	35	sea_ice_516.tif	sea_ice/sea_ice_516.tif	NWPU45_20/train/sea_ice/sea_ice_516.tif
train	sea_ice	35	sea_ice_521.tif	sea_ice/sea_ice_521.tif	NWPU45_20/train/sea_ice/sea_ice_521.tif
train	sea_ice	35	sea_ice_523.tif	sea_ice/sea_ice_523.tif	NWPU45_20/train/sea_ice/sea_ice_523.tif
train	sea_ice	35	sea_ice_527.tif	sea_ice/sea_ice_527.tif	NWPU45_20/train/sea_ice/sea_ice_527.tif
train	sea_ice	35	sea_ice_537.tif	sea_ice/sea_ice_537.tif	NWPU45_20/train/sea_ice/sea_ice_537.tif
train	sea_ice	35	sea_ice_539.tif	sea_ice/sea_ice_539.tif	NWPU45_20/train/sea_ice/sea_ice_539.tif
train	sea_ice	35	sea_ice_543.tif	sea_ice/sea_ice_543.tif	NWPU45_20/train/sea_ice/sea_ice_543.tif
train	sea_ice	35	sea_ice_558.tif	sea_ice/sea_ice_558.tif	NWPU45_20/train/sea_ice/sea_ice_558.tif
train	sea_ice	35	sea_ice_560.tif	sea_ice/sea_ice_560.tif	NWPU45_20/train/sea_ice/sea_ice_560.tif
train	sea_ice	35	sea_ice_563.tif	sea_ice/sea_ice_563.tif	NWPU45_20/train/sea_ice/sea_ice_563.tif
train	sea_ice	35	sea_ice_570.tif	sea_ice/sea_ice_570.tif	NWPU45_20/train/sea_ice/sea_ice_570.tif
train	sea_ice	35	sea_ice_572.tif	sea_ice/sea_ice_572.tif	NWPU45_20/train/sea_ice/sea_ice_572.tif
train	sea_ice	35	sea_ice_574.tif	sea_ice/sea_ice_574.tif	NWPU45_20/train/sea_ice/sea_ice_574.tif
train	sea_ice	35	sea_ice_579.tif	sea_ice/sea_ice_579.tif	NWPU45_20/train/sea_ice/sea_ice_579.tif
train	sea_ice	35	sea_ice_582.tif	sea_ice/sea_ice_582.tif	NWPU45_20/train/sea_ice/sea_ice_582.tif
train	sea_ice	35	sea_ice_584.tif	sea_ice/sea_ice_584.tif	NWPU45_20/train/sea_ice/sea_ice_584.tif
train	sea_ice	35	sea_ice_587.tif	sea_ice/sea_ice_587.tif	NWPU45_20/train/sea_ice/sea_ice_587.tif
train	sea_ice	35	sea_ice_588.tif	sea_ice/sea_ice_588.tif	NWPU45_20/train/sea_ice/sea_ice_588.tif
train	sea_ice	35	sea_ice_595.tif	sea_ice/sea_ice_595.tif	NWPU45_20/train/sea_ice/sea_ice_595.tif
train	sea_ice	35	sea_ice_621.tif	sea_ice/sea_ice_621.tif	NWPU45_20/train/sea_ice/sea_ice_621.tif
train	sea_ice	35	sea_ice_630.tif	sea_ice/sea_ice_630.tif	NWPU45_20/train/sea_ice/sea_ice_630.tif
train	sea_ice	35	sea_ice_631.tif	sea_ice/sea_ice_631.tif	NWPU45_20/train/sea_ice/sea_ice_631.tif
train	sea_ice	35	sea_ice_635.tif	sea_ice/sea_ice_635.tif	NWPU45_20/train/sea_ice/sea_ice_635.tif
train	sea_ice	35	sea_ice_640.tif	sea_ice/sea_ice_640.tif	NWPU45_20/train/sea_ice/sea_ice_640.tif
train	sea_ice	35	sea_ice_641.tif	sea_ice/sea_ice_641.tif	NWPU45_20/train/sea_ice/sea_ice_641.tif
train	sea_ice	35	sea_ice_643.tif	sea_ice/sea_ice_643.tif	NWPU45_20/train/sea_ice/sea_ice_643.tif
train	sea_ice	35	sea_ice_660.tif	sea_ice/sea_ice_660.tif	NWPU45_20/train/sea_ice/sea_ice_660.tif
train	sea_ice	35	sea_ice_662.tif	sea_ice/sea_ice_662.tif	NWPU45_20/train/sea_ice/sea_ice_662.tif
train	sea_ice	35	sea_ice_673.tif	sea_ice/sea_ice_673.tif	NWPU45_20/train/sea_ice/sea_ice_673.tif
train	sea_ice	35	sea_ice_674.tif	sea_ice/sea_ice_674.tif	NWPU45_20/train/sea_ice/sea_ice_674.tif
train	sea_ice	35	sea_ice_690.tif	sea_ice/sea_ice_690.tif	NWPU45_20/train/sea_ice/sea_ice_690.tif
train	sea_ice	35	sea_ice_695.tif	sea_ice/sea_ice_695.tif	NWPU45_20/train/sea_ice/sea_ice_695.tif
train	ship	36	ship_003.tif	ship/ship_003.tif	NWPU45_20/train/ship/ship_003.tif
train	ship	36	ship_006.tif	ship/ship_006.tif	NWPU45_20/train/ship/ship_006.tif
train	ship	36	ship_009.tif	ship/ship_009.tif	NWPU45_20/train/ship/ship_009.tif
train	ship	36	ship_011.tif	ship/ship_011.tif	NWPU45_20/train/ship/ship_011.tif
train	ship	36	ship_014.tif	ship/ship_014.tif	NWPU45_20/train/ship/ship_014.tif
train	ship	36	ship_015.tif	ship/ship_015.tif	NWPU45_20/train/ship/ship_015.tif
train	ship	36	ship_016.tif	ship/ship_016.tif	NWPU45_20/train/ship/ship_016.tif
train	ship	36	ship_025.tif	ship/ship_025.tif	NWPU45_20/train/ship/ship_025.tif
train	ship	36	ship_029.tif	ship/ship_029.tif	NWPU45_20/train/ship/ship_029.tif
train	ship	36	ship_034.tif	ship/ship_034.tif	NWPU45_20/train/ship/ship_034.tif
train	ship	36	ship_040.tif	ship/ship_040.tif	NWPU45_20/train/ship/ship_040.tif
train	ship	36	ship_041.tif	ship/ship_041.tif	NWPU45_20/train/ship/ship_041.tif
train	ship	36	ship_043.tif	ship/ship_043.tif	NWPU45_20/train/ship/ship_043.tif
train	ship	36	ship_057.tif	ship/ship_057.tif	NWPU45_20/train/ship/ship_057.tif
train	ship	36	ship_059.tif	ship/ship_059.tif	NWPU45_20/train/ship/ship_059.tif
train	ship	36	ship_064.tif	ship/ship_064.tif	NWPU45_20/train/ship/ship_064.tif
train	ship	36	ship_065.tif	ship/ship_065.tif	NWPU45_20/train/ship/ship_065.tif
train	ship	36	ship_070.tif	ship/ship_070.tif	NWPU45_20/train/ship/ship_070.tif
train	ship	36	ship_075.tif	ship/ship_075.tif	NWPU45_20/train/ship/ship_075.tif
train	ship	36	ship_079.tif	ship/ship_079.tif	NWPU45_20/train/ship/ship_079.tif
train	ship	36	ship_087.tif	ship/ship_087.tif	NWPU45_20/train/ship/ship_087.tif
train	ship	36	ship_093.tif	ship/ship_093.tif	NWPU45_20/train/ship/ship_093.tif
train	ship	36	ship_097.tif	ship/ship_097.tif	NWPU45_20/train/ship/ship_097.tif
train	ship	36	ship_101.tif	ship/ship_101.tif	NWPU45_20/train/ship/ship_101.tif
train	ship	36	ship_102.tif	ship/ship_102.tif	NWPU45_20/train/ship/ship_102.tif
train	ship	36	ship_106.tif	ship/ship_106.tif	NWPU45_20/train/ship/ship_106.tif
train	ship	36	ship_107.tif	ship/ship_107.tif	NWPU45_20/train/ship/ship_107.tif
train	ship	36	ship_116.tif	ship/ship_116.tif	NWPU45_20/train/ship/ship_116.tif
train	ship	36	ship_119.tif	ship/ship_119.tif	NWPU45_20/train/ship/ship_119.tif
train	ship	36	ship_133.tif	ship/ship_133.tif	NWPU45_20/train/ship/ship_133.tif
train	ship	36	ship_139.tif	ship/ship_139.tif	NWPU45_20/train/ship/ship_139.tif
train	ship	36	ship_144.tif	ship/ship_144.tif	NWPU45_20/train/ship/ship_144.tif
train	ship	36	ship_150.tif	ship/ship_150.tif	NWPU45_20/train/ship/ship_150.tif
train	ship	36	ship_151.tif	ship/ship_151.tif	NWPU45_20/train/ship/ship_151.tif
train	ship	36	ship_159.tif	ship/ship_159.tif	NWPU45_20/train/ship/ship_159.tif
train	ship	36	ship_173.tif	ship/ship_173.tif	NWPU45_20/train/ship/ship_173.tif
train	ship	36	ship_175.tif	ship/ship_175.tif	NWPU45_20/train/ship/ship_175.tif
train	ship	36	ship_177.tif	ship/ship_177.tif	NWPU45_20/train/ship/ship_177.tif
train	ship	36	ship_178.tif	ship/ship_178.tif	NWPU45_20/train/ship/ship_178.tif
train	ship	36	ship_181.tif	ship/ship_181.tif	NWPU45_20/train/ship/ship_181.tif
train	ship	36	ship_186.tif	ship/ship_186.tif	NWPU45_20/train/ship/ship_186.tif
train	ship	36	ship_191.tif	ship/ship_191.tif	NWPU45_20/train/ship/ship_191.tif
train	ship	36	ship_193.tif	ship/ship_193.tif	NWPU45_20/train/ship/ship_193.tif
train	ship	36	ship_194.tif	ship/ship_194.tif	NWPU45_20/train/ship/ship_194.tif
train	ship	36	ship_199.tif	ship/ship_199.tif	NWPU45_20/train/ship/ship_199.tif
train	ship	36	ship_201.tif	ship/ship_201.tif	NWPU45_20/train/ship/ship_201.tif
train	ship	36	ship_205.tif	ship/ship_205.tif	NWPU45_20/train/ship/ship_205.tif
train	ship	36	ship_208.tif	ship/ship_208.tif	NWPU45_20/train/ship/ship_208.tif
train	ship	36	ship_210.tif	ship/ship_210.tif	NWPU45_20/train/ship/ship_210.tif
train	ship	36	ship_213.tif	ship/ship_213.tif	NWPU45_20/train/ship/ship_213.tif
train	ship	36	ship_228.tif	ship/ship_228.tif	NWPU45_20/train/ship/ship_228.tif
train	ship	36	ship_242.tif	ship/ship_242.tif	NWPU45_20/train/ship/ship_242.tif
train	ship	36	ship_244.tif	ship/ship_244.tif	NWPU45_20/train/ship/ship_244.tif
train	ship	36	ship_256.tif	ship/ship_256.tif	NWPU45_20/train/ship/ship_256.tif
train	ship	36	ship_257.tif	ship/ship_257.tif	NWPU45_20/train/ship/ship_257.tif
train	ship	36	ship_266.tif	ship/ship_266.tif	NWPU45_20/train/ship/ship_266.tif
train	ship	36	ship_267.tif	ship/ship_267.tif	NWPU45_20/train/ship/ship_267.tif
train	ship	36	ship_269.tif	ship/ship_269.tif	NWPU45_20/train/ship/ship_269.tif
train	ship	36	ship_273.tif	ship/ship_273.tif	NWPU45_20/train/ship/ship_273.tif
train	ship	36	ship_281.tif	ship/ship_281.tif	NWPU45_20/train/ship/ship_281.tif
train	ship	36	ship_294.tif	ship/ship_294.tif	NWPU45_20/train/ship/ship_294.tif
train	ship	36	ship_308.tif	ship/ship_308.tif	NWPU45_20/train/ship/ship_308.tif
train	ship	36	ship_309.tif	ship/ship_309.tif	NWPU45_20/train/ship/ship_309.tif
train	ship	36	ship_311.tif	ship/ship_311.tif	NWPU45_20/train/ship/ship_311.tif
train	ship	36	ship_312.tif	ship/ship_312.tif	NWPU45_20/train/ship/ship_312.tif
train	ship	36	ship_313.tif	ship/ship_313.tif	NWPU45_20/train/ship/ship_313.tif
train	ship	36	ship_316.tif	ship/ship_316.tif	NWPU45_20/train/ship/ship_316.tif
train	ship	36	ship_317.tif	ship/ship_317.tif	NWPU45_20/train/ship/ship_317.tif
train	ship	36	ship_322.tif	ship/ship_322.tif	NWPU45_20/train/ship/ship_322.tif
train	ship	36	ship_325.tif	ship/ship_325.tif	NWPU45_20/train/ship/ship_325.tif
train	ship	36	ship_327.tif	ship/ship_327.tif	NWPU45_20/train/ship/ship_327.tif
train	ship	36	ship_329.tif	ship/ship_329.tif	NWPU45_20/train/ship/ship_329.tif
train	ship	36	ship_336.tif	ship/ship_336.tif	NWPU45_20/train/ship/ship_336.tif
train	ship	36	ship_342.tif	ship/ship_342.tif	NWPU45_20/train/ship/ship_342.tif
train	ship	36	ship_348.tif	ship/ship_348.tif	NWPU45_20/train/ship/ship_348.tif
train	ship	36	ship_351.tif	ship/ship_351.tif	NWPU45_20/train/ship/ship_351.tif
train	ship	36	ship_354.tif	ship/ship_354.tif	NWPU45_20/train/ship/ship_354.tif
train	ship	36	ship_360.tif	ship/ship_360.tif	NWPU45_20/train/ship/ship_360.tif
train	ship	36	ship_365.tif	ship/ship_365.tif	NWPU45_20/train/ship/ship_365.tif
train	ship	36	ship_366.tif	ship/ship_366.tif	NWPU45_20/train/ship/ship_366.tif
train	ship	36	ship_367.tif	ship/ship_367.tif	NWPU45_20/train/ship/ship_367.tif
train	ship	36	ship_376.tif	ship/ship_376.tif	NWPU45_20/train/ship/ship_376.tif
train	ship	36	ship_379.tif	ship/ship_379.tif	NWPU45_20/train/ship/ship_379.tif
train	ship	36	ship_381.tif	ship/ship_381.tif	NWPU45_20/train/ship/ship_381.tif
train	ship	36	ship_385.tif	ship/ship_385.tif	NWPU45_20/train/ship/ship_385.tif
train	ship	36	ship_387.tif	ship/ship_387.tif	NWPU45_20/train/ship/ship_387.tif
train	ship	36	ship_396.tif	ship/ship_396.tif	NWPU45_20/train/ship/ship_396.tif
train	ship	36	ship_397.tif	ship/ship_397.tif	NWPU45_20/train/ship/ship_397.tif
train	ship	36	ship_399.tif	ship/ship_399.tif	NWPU45_20/train/ship/ship_399.tif
train	ship	36	ship_415.tif	ship/ship_415.tif	NWPU45_20/train/ship/ship_415.tif
train	ship	36	ship_416.tif	ship/ship_416.tif	NWPU45_20/train/ship/ship_416.tif
train	ship	36	ship_417.tif	ship/ship_417.tif	NWPU45_20/train/ship/ship_417.tif
train	ship	36	ship_418.tif	ship/ship_418.tif	NWPU45_20/train/ship/ship_418.tif
train	ship	36	ship_420.tif	ship/ship_420.tif	NWPU45_20/train/ship/ship_420.tif
train	ship	36	ship_421.tif	ship/ship_421.tif	NWPU45_20/train/ship/ship_421.tif
train	ship	36	ship_427.tif	ship/ship_427.tif	NWPU45_20/train/ship/ship_427.tif
train	ship	36	ship_454.tif	ship/ship_454.tif	NWPU45_20/train/ship/ship_454.tif
train	ship	36	ship_455.tif	ship/ship_455.tif	NWPU45_20/train/ship/ship_455.tif
train	ship	36	ship_459.tif	ship/ship_459.tif	NWPU45_20/train/ship/ship_459.tif
train	ship	36	ship_468.tif	ship/ship_468.tif	NWPU45_20/train/ship/ship_468.tif
train	ship	36	ship_473.tif	ship/ship_473.tif	NWPU45_20/train/ship/ship_473.tif
train	ship	36	ship_476.tif	ship/ship_476.tif	NWPU45_20/train/ship/ship_476.tif
train	ship	36	ship_478.tif	ship/ship_478.tif	NWPU45_20/train/ship/ship_478.tif
train	ship	36	ship_491.tif	ship/ship_491.tif	NWPU45_20/train/ship/ship_491.tif
train	ship	36	ship_497.tif	ship/ship_497.tif	NWPU45_20/train/ship/ship_497.tif
train	ship	36	ship_505.tif	ship/ship_505.tif	NWPU45_20/train/ship/ship_505.tif
train	ship	36	ship_508.tif	ship/ship_508.tif	NWPU45_20/train/ship/ship_508.tif
train	ship	36	ship_509.tif	ship/ship_509.tif	NWPU45_20/train/ship/ship_509.tif
train	ship	36	ship_516.tif	ship/ship_516.tif	NWPU45_20/train/ship/ship_516.tif
train	ship	36	ship_521.tif	ship/ship_521.tif	NWPU45_20/train/ship/ship_521.tif
train	ship	36	ship_523.tif	ship/ship_523.tif	NWPU45_20/train/ship/ship_523.tif
train	ship	36	ship_527.tif	ship/ship_527.tif	NWPU45_20/train/ship/ship_527.tif
train	ship	36	ship_537.tif	ship/ship_537.tif	NWPU45_20/train/ship/ship_537.tif
train	ship	36	ship_539.tif	ship/ship_539.tif	NWPU45_20/train/ship/ship_539.tif
train	ship	36	ship_543.tif	ship/ship_543.tif	NWPU45_20/train/ship/ship_543.tif
train	ship	36	ship_558.tif	ship/ship_558.tif	NWPU45_20/train/ship/ship_558.tif
train	ship	36	ship_560.tif	ship/ship_560.tif	NWPU45_20/train/ship/ship_560.tif
train	ship	36	ship_563.tif	ship/ship_563.tif	NWPU45_20/train/ship/ship_563.tif
train	ship	36	ship_570.tif	ship/ship_570.tif	NWPU45_20/train/ship/ship_570.tif
train	ship	36	ship_572.tif	ship/ship_572.tif	NWPU45_20/train/ship/ship_572.tif
train	ship	36	ship_574.tif	ship/ship_574.tif	NWPU45_20/train/ship/ship_574.tif
train	ship	36	ship_579.tif	ship/ship_579.tif	NWPU45_20/train/ship/ship_579.tif
train	ship	36	ship_582.tif	ship/ship_582.tif	NWPU45_20/train/ship/ship_582.tif
train	ship	36	ship_584.tif	ship/ship_584.tif	NWPU45_20/train/ship/ship_584.tif
train	ship	36	ship_587.tif	ship/ship_587.tif	NWPU45_20/train/ship/ship_587.tif
train	ship	36	ship_588.tif	ship/ship_588.tif	NWPU45_20/train/ship/ship_588.tif
train	ship	36	ship_595.tif	ship/ship_595.tif	NWPU45_20/train/ship/ship_595.tif
train	ship	36	ship_621.tif	ship/ship_621.tif	NWPU45_20/train/ship/ship_621.tif
train	ship	36	ship_630.tif	ship/ship_630.tif	NWPU45_20/train/ship/ship_630.tif
train	ship	36	ship_631.tif	ship/ship_631.tif	NWPU45_20/train/ship/ship_631.tif
train	ship	36	ship_635.tif	ship/ship_635.tif	NWPU45_20/train/ship/ship_635.tif
train	ship	36	ship_640.tif	ship/ship_640.tif	NWPU45_20/train/ship/ship_640.tif
train	ship	36	ship_641.tif	ship/ship_641.tif	NWPU45_20/train/ship/ship_641.tif
train	ship	36	ship_643.tif	ship/ship_643.tif	NWPU45_20/train/ship/ship_643.tif
train	ship	36	ship_660.tif	ship/ship_660.tif	NWPU45_20/train/ship/ship_660.tif
train	ship	36	ship_662.tif	ship/ship_662.tif	NWPU45_20/train/ship/ship_662.tif
train	ship	36	ship_673.tif	ship/ship_673.tif	NWPU45_20/train/ship/ship_673.tif
train	ship	36	ship_674.tif	ship/ship_674.tif	NWPU45_20/train/ship/ship_674.tif
train	ship	36	ship_690.tif	ship/ship_690.tif	NWPU45_20/train/ship/ship_690.tif
train	ship	36	ship_695.tif	ship/ship_695.tif	NWPU45_20/train/ship/ship_695.tif
train	snowberg	37	snowberg_003.tif	snowberg/snowberg_003.tif	NWPU45_20/train/snowberg/snowberg_003.tif
train	snowberg	37	snowberg_006.tif	snowberg/snowberg_006.tif	NWPU45_20/train/snowberg/snowberg_006.tif
train	snowberg	37	snowberg_009.tif	snowberg/snowberg_009.tif	NWPU45_20/train/snowberg/snowberg_009.tif
train	snowberg	37	snowberg_011.tif	snowberg/snowberg_011.tif	NWPU45_20/train/snowberg/snowberg_011.tif
train	snowberg	37	snowberg_014.tif	snowberg/snowberg_014.tif	NWPU45_20/train/snowberg/snowberg_014.tif
train	snowberg	37	snowberg_015.tif	snowberg/snowberg_015.tif	NWPU45_20/train/snowberg/snowberg_015.tif
train	snowberg	37	snowberg_016.tif	snowberg/snowberg_016.tif	NWPU45_20/train/snowberg/snowberg_016.tif
train	snowberg	37	snowberg_025.tif	snowberg/snowberg_025.tif	NWPU45_20/train/snowberg/snowberg_025.tif
train	snowberg	37	snowberg_029.tif	snowberg/snowberg_029.tif	NWPU45_20/train/snowberg/snowberg_029.tif
train	snowberg	37	snowberg_034.tif	snowberg/snowberg_034.tif	NWPU45_20/train/snowberg/snowberg_034.tif
train	snowberg	37	snowberg_040.tif	snowberg/snowberg_040.tif	NWPU45_20/train/snowberg/snowberg_040.tif
train	snowberg	37	snowberg_041.tif	snowberg/snowberg_041.tif	NWPU45_20/train/snowberg/snowberg_041.tif
train	snowberg	37	snowberg_043.tif	snowberg/snowberg_043.tif	NWPU45_20/train/snowberg/snowberg_043.tif
train	snowberg	37	snowberg_057.tif	snowberg/snowberg_057.tif	NWPU45_20/train/snowberg/snowberg_057.tif
train	snowberg	37	snowberg_059.tif	snowberg/snowberg_059.tif	NWPU45_20/train/snowberg/snowberg_059.tif
train	snowberg	37	snowberg_064.tif	snowberg/snowberg_064.tif	NWPU45_20/train/snowberg/snowberg_064.tif
train	snowberg	37	snowberg_065.tif	snowberg/snowberg_065.tif	NWPU45_20/train/snowberg/snowberg_065.tif
train	snowberg	37	snowberg_070.tif	snowberg/snowberg_070.tif	NWPU45_20/train/snowberg/snowberg_070.tif
train	snowberg	37	snowberg_075.tif	snowberg/snowberg_075.tif	NWPU45_20/train/snowberg/snowberg_075.tif
train	snowberg	37	snowberg_079.tif	snowberg/snowberg_079.tif	NWPU45_20/train/snowberg/snowberg_079.tif
train	snowberg	37	snowberg_087.tif	snowberg/snowberg_087.tif	NWPU45_20/train/snowberg/snowberg_087.tif
train	snowberg	37	snowberg_093.tif	snowberg/snowberg_093.tif	NWPU45_20/train/snowberg/snowberg_093.tif
train	snowberg	37	snowberg_097.tif	snowberg/snowberg_097.tif	NWPU45_20/train/snowberg/snowberg_097.tif
train	snowberg	37	snowberg_101.tif	snowberg/snowberg_101.tif	NWPU45_20/train/snowberg/snowberg_101.tif
train	snowberg	37	snowberg_102.tif	snowberg/snowberg_102.tif	NWPU45_20/train/snowberg/snowberg_102.tif
train	snowberg	37	snowberg_106.tif	snowberg/snowberg_106.tif	NWPU45_20/train/snowberg/snowberg_106.tif
train	snowberg	37	snowberg_107.tif	snowberg/snowberg_107.tif	NWPU45_20/train/snowberg/snowberg_107.tif
train	snowberg	37	snowberg_116.tif	snowberg/snowberg_116.tif	NWPU45_20/train/snowberg/snowberg_116.tif
train	snowberg	37	snowberg_119.tif	snowberg/snowberg_119.tif	NWPU45_20/train/snowberg/snowberg_119.tif
train	snowberg	37	snowberg_133.tif	snowberg/snowberg_133.tif	NWPU45_20/train/snowberg/snowberg_133.tif
train	snowberg	37	snowberg_139.tif	snowberg/snowberg_139.tif	NWPU45_20/train/snowberg/snowberg_139.tif
train	snowberg	37	snowberg_144.tif	snowberg/snowberg_144.tif	NWPU45_20/train/snowberg/snowberg_144.tif
train	snowberg	37	snowberg_150.tif	snowberg/snowberg_150.tif	NWPU45_20/train/snowberg/snowberg_150.tif
train	snowberg	37	snowberg_151.tif	snowberg/snowberg_151.tif	NWPU45_20/train/snowberg/snowberg_151.tif
train	snowberg	37	snowberg_159.tif	snowberg/snowberg_159.tif	NWPU45_20/train/snowberg/snowberg_159.tif
train	snowberg	37	snowberg_173.tif	snowberg/snowberg_173.tif	NWPU45_20/train/snowberg/snowberg_173.tif
train	snowberg	37	snowberg_175.tif	snowberg/snowberg_175.tif	NWPU45_20/train/snowberg/snowberg_175.tif
train	snowberg	37	snowberg_177.tif	snowberg/snowberg_177.tif	NWPU45_20/train/snowberg/snowberg_177.tif
train	snowberg	37	snowberg_178.tif	snowberg/snowberg_178.tif	NWPU45_20/train/snowberg/snowberg_178.tif
train	snowberg	37	snowberg_181.tif	snowberg/snowberg_181.tif	NWPU45_20/train/snowberg/snowberg_181.tif
train	snowberg	37	snowberg_186.tif	snowberg/snowberg_186.tif	NWPU45_20/train/snowberg/snowberg_186.tif
train	snowberg	37	snowberg_191.tif	snowberg/snowberg_191.tif	NWPU45_20/train/snowberg/snowberg_191.tif
train	snowberg	37	snowberg_193.tif	snowberg/snowberg_193.tif	NWPU45_20/train/snowberg/snowberg_193.tif
train	snowberg	37	snowberg_194.tif	snowberg/snowberg_194.tif	NWPU45_20/train/snowberg/snowberg_194.tif
train	snowberg	37	snowberg_199.tif	snowberg/snowberg_199.tif	NWPU45_20/train/snowberg/snowberg_199.tif
train	snowberg	37	snowberg_201.tif	snowberg/snowberg_201.tif	NWPU45_20/train/snowberg/snowberg_201.tif
train	snowberg	37	snowberg_205.tif	snowberg/snowberg_205.tif	NWPU45_20/train/snowberg/snowberg_205.tif
train	snowberg	37	snowberg_208.tif	snowberg/snowberg_208.tif	NWPU45_20/train/snowberg/snowberg_208.tif
train	snowberg	37	snowberg_210.tif	snowberg/snowberg_210.tif	NWPU45_20/train/snowberg/snowberg_210.tif
train	snowberg	37	snowberg_213.tif	snowberg/snowberg_213.tif	NWPU45_20/train/snowberg/snowberg_213.tif
train	snowberg	37	snowberg_228.tif	snowberg/snowberg_228.tif	NWPU45_20/train/snowberg/snowberg_228.tif
train	snowberg	37	snowberg_242.tif	snowberg/snowberg_242.tif	NWPU45_20/train/snowberg/snowberg_242.tif
train	snowberg	37	snowberg_244.tif	snowberg/snowberg_244.tif	NWPU45_20/train/snowberg/snowberg_244.tif
train	snowberg	37	snowberg_256.tif	snowberg/snowberg_256.tif	NWPU45_20/train/snowberg/snowberg_256.tif
train	snowberg	37	snowberg_257.tif	snowberg/snowberg_257.tif	NWPU45_20/train/snowberg/snowberg_257.tif
train	snowberg	37	snowberg_266.tif	snowberg/snowberg_266.tif	NWPU45_20/train/snowberg/snowberg_266.tif
train	snowberg	37	snowberg_267.tif	snowberg/snowberg_267.tif	NWPU45_20/train/snowberg/snowberg_267.tif
train	snowberg	37	snowberg_269.tif	snowberg/snowberg_269.tif	NWPU45_20/train/snowberg/snowberg_269.tif
train	snowberg	37	snowberg_273.tif	snowberg/snowberg_273.tif	NWPU45_20/train/snowberg/snowberg_273.tif
train	snowberg	37	snowberg_281.tif	snowberg/snowberg_281.tif	NWPU45_20/train/snowberg/snowberg_281.tif
train	snowberg	37	snowberg_294.tif	snowberg/snowberg_294.tif	NWPU45_20/train/snowberg/snowberg_294.tif
train	snowberg	37	snowberg_308.tif	snowberg/snowberg_308.tif	NWPU45_20/train/snowberg/snowberg_308.tif
train	snowberg	37	snowberg_309.tif	snowberg/snowberg_309.tif	NWPU45_20/train/snowberg/snowberg_309.tif
train	snowberg	37	snowberg_311.tif	snowberg/snowberg_311.tif	NWPU45_20/train/snowberg/snowberg_311.tif
train	snowberg	37	snowberg_312.tif	snowberg/snowberg_312.tif	NWPU45_20/train/snowberg/snowberg_312.tif
train	snowberg	37	snowberg_313.tif	snowberg/snowberg_313.tif	NWPU45_20/train/snowberg/snowberg_313.tif
train	snowberg	37	snowberg_316.tif	snowberg/snowberg_316.tif	NWPU45_20/train/snowberg/snowberg_316.tif
train	snowberg	37	snowberg_317.tif	snowberg/snowberg_317.tif	NWPU45_20/train/snowberg/snowberg_317.tif
train	snowberg	37	snowberg_322.tif	snowberg/snowberg_322.tif	NWPU45_20/train/snowberg/snowberg_322.tif
train	snowberg	37	snowberg_325.tif	snowberg/snowberg_325.tif	NWPU45_20/train/snowberg/snowberg_325.tif
train	snowberg	37	snowberg_327.tif	snowberg/snowberg_327.tif	NWPU45_20/train/snowberg/snowberg_327.tif
train	snowberg	37	snowberg_329.tif	snowberg/snowberg_329.tif	NWPU45_20/train/snowberg/snowberg_329.tif
train	snowberg	37	snowberg_336.tif	snowberg/snowberg_336.tif	NWPU45_20/train/snowberg/snowberg_336.tif
train	snowberg	37	snowberg_342.tif	snowberg/snowberg_342.tif	NWPU45_20/train/snowberg/snowberg_342.tif
train	snowberg	37	snowberg_348.tif	snowberg/snowberg_348.tif	NWPU45_20/train/snowberg/snowberg_348.tif
train	snowberg	37	snowberg_351.tif	snowberg/snowberg_351.tif	NWPU45_20/train/snowberg/snowberg_351.tif
train	snowberg	37	snowberg_354.tif	snowberg/snowberg_354.tif	NWPU45_20/train/snowberg/snowberg_354.tif
train	snowberg	37	snowberg_360.tif	snowberg/snowberg_360.tif	NWPU45_20/train/snowberg/snowberg_360.tif
train	snowberg	37	snowberg_365.tif	snowberg/snowberg_365.tif	NWPU45_20/train/snowberg/snowberg_365.tif
train	snowberg	37	snowberg_366.tif	snowberg/snowberg_366.tif	NWPU45_20/train/snowberg/snowberg_366.tif
train	snowberg	37	snowberg_367.tif	snowberg/snowberg_367.tif	NWPU45_20/train/snowberg/snowberg_367.tif
train	snowberg	37	snowberg_376.tif	snowberg/snowberg_376.tif	NWPU45_20/train/snowberg/snowberg_376.tif
train	snowberg	37	snowberg_379.tif	snowberg/snowberg_379.tif	NWPU45_20/train/snowberg/snowberg_379.tif
train	snowberg	37	snowberg_381.tif	snowberg/snowberg_381.tif	NWPU45_20/train/snowberg/snowberg_381.tif
train	snowberg	37	snowberg_385.tif	snowberg/snowberg_385.tif	NWPU45_20/train/snowberg/snowberg_385.tif
train	snowberg	37	snowberg_387.tif	snowberg/snowberg_387.tif	NWPU45_20/train/snowberg/snowberg_387.tif
train	snowberg	37	snowberg_396.tif	snowberg/snowberg_396.tif	NWPU45_20/train/snowberg/snowberg_396.tif
train	snowberg	37	snowberg_397.tif	snowberg/snowberg_397.tif	NWPU45_20/train/snowberg/snowberg_397.tif
train	snowberg	37	snowberg_399.tif	snowberg/snowberg_399.tif	NWPU45_20/train/snowberg/snowberg_399.tif
train	snowberg	37	snowberg_415.tif	snowberg/snowberg_415.tif	NWPU45_20/train/snowberg/snowberg_415.tif
train	snowberg	37	snowberg_416.tif	snowberg/snowberg_416.tif	NWPU45_20/train/snowberg/snowberg_416.tif
train	snowberg	37	snowberg_417.tif	snowberg/snowberg_417.tif	NWPU45_20/train/snowberg/snowberg_417.tif
train	snowberg	37	snowberg_418.tif	snowberg/snowberg_418.tif	NWPU45_20/train/snowberg/snowberg_418.tif
train	snowberg	37	snowberg_420.tif	snowberg/snowberg_420.tif	NWPU45_20/train/snowberg/snowberg_420.tif
train	snowberg	37	snowberg_421.tif	snowberg/snowberg_421.tif	NWPU45_20/train/snowberg/snowberg_421.tif
train	snowberg	37	snowberg_427.tif	snowberg/snowberg_427.tif	NWPU45_20/train/snowberg/snowberg_427.tif
train	snowberg	37	snowberg_454.tif	snowberg/snowberg_454.tif	NWPU45_20/train/snowberg/snowberg_454.tif
train	snowberg	37	snowberg_455.tif	snowberg/snowberg_455.tif	NWPU45_20/train/snowberg/snowberg_455.tif
train	snowberg	37	snowberg_459.tif	snowberg/snowberg_459.tif	NWPU45_20/train/snowberg/snowberg_459.tif
train	snowberg	37	snowberg_468.tif	snowberg/snowberg_468.tif	NWPU45_20/train/snowberg/snowberg_468.tif
train	snowberg	37	snowberg_473.tif	snowberg/snowberg_473.tif	NWPU45_20/train/snowberg/snowberg_473.tif
train	snowberg	37	snowberg_476.tif	snowberg/snowberg_476.tif	NWPU45_20/train/snowberg/snowberg_476.tif
train	snowberg	37	snowberg_478.tif	snowberg/snowberg_478.tif	NWPU45_20/train/snowberg/snowberg_478.tif
train	snowberg	37	snowberg_491.tif	snowberg/snowberg_491.tif	NWPU45_20/train/snowberg/snowberg_491.tif
train	snowberg	37	snowberg_497.tif	snowberg/snowberg_497.tif	NWPU45_20/train/snowberg/snowberg_497.tif
train	snowberg	37	snowberg_505.tif	snowberg/snowberg_505.tif	NWPU45_20/train/snowberg/snowberg_505.tif
train	snowberg	37	snowberg_508.tif	snowberg/snowberg_508.tif	NWPU45_20/train/snowberg/snowberg_508.tif
train	snowberg	37	snowberg_509.tif	snowberg/snowberg_509.tif	NWPU45_20/train/snowberg/snowberg_509.tif
train	snowberg	37	snowberg_516.tif	snowberg/snowberg_516.tif	NWPU45_20/train/snowberg/snowberg_516.tif
train	snowberg	37	snowberg_521.tif	snowberg/snowberg_521.tif	NWPU45_20/train/snowberg/snowberg_521.tif
train	snowberg	37	snowberg_523.tif	snowberg/snowberg_523.tif	NWPU45_20/train/snowberg/snowberg_523.tif
train	snowberg	37	snowberg_527.tif	snowberg/snowberg_527.tif	NWPU45_20/train/snowberg/snowberg_527.tif
train	snowberg	37	snowberg_537.tif	snowberg/snowberg_537.tif	NWPU45_20/train/snowberg/snowberg_537.tif
train	snowberg	37	snowberg_539.tif	snowberg/snowberg_539.tif	NWPU45_20/train/snowberg/snowberg_539.tif
train	snowberg	37	snowberg_543.tif	snowberg/snowberg_543.tif	NWPU45_20/train/snowberg/snowberg_543.tif
train	snowberg	37	snowberg_558.tif	snowberg/snowberg_558.tif	NWPU45_20/train/snowberg/snowberg_558.tif
train	snowberg	37	snowberg_560.tif	snowberg/snowberg_560.tif	NWPU45_20/train/snowberg/snowberg_560.tif
train	snowberg	37	snowberg_563.tif	snowberg/snowberg_563.tif	NWPU45_20/train/snowberg/snowberg_563.tif
train	snowberg	37	snowberg_570.tif	snowberg/snowberg_570.tif	NWPU45_20/train/snowberg/snowberg_570.tif
train	snowberg	37	snowberg_572.tif	snowberg/snowberg_572.tif	NWPU45_20/train/snowberg/snowberg_572.tif
train	snowberg	37	snowberg_574.tif	snowberg/snowberg_574.tif	NWPU45_20/train/snowberg/snowberg_574.tif
train	snowberg	37	snowberg_579.tif	snowberg/snowberg_579.tif	NWPU45_20/train/snowberg/snowberg_579.tif
train	snowberg	37	snowberg_582.tif	snowberg/snowberg_582.tif	NWPU45_20/train/snowberg/snowberg_582.tif
train	snowberg	37	snowberg_584.tif	snowberg/snowberg_584.tif	NWPU45_20/train/snowberg/snowberg_584.tif
train	snowberg	37	snowberg_587.tif	snowberg/snowberg_587.tif	NWPU45_20/train/snowberg/snowberg_587.tif
train	snowberg	37	snowberg_588.tif	snowberg/snowberg_588.tif	NWPU45_20/train/snowberg/snowberg_588.tif
train	snowberg	37	snowberg_595.tif	snowberg/snowberg_595.tif	NWPU45_20/train/snowberg/snowberg_595.tif
train	snowberg	37	snowberg_621.tif	snowberg/snowberg_621.tif	NWPU45_20/train/snowberg/snowberg_621.tif
train	snowberg	37	snowberg_630.tif	snowberg/snowberg_630.tif	NWPU45_20/train/snowberg/snowberg_630.tif
train	snowberg	37	snowberg_631.tif	snowberg/snowberg_631.tif	NWPU45_20/train/snowberg/snowberg_631.tif
train	snowberg	37	snowberg_635.tif	snowberg/snowberg_635.tif	NWPU45_20/train/snowberg/snowberg_635.tif
train	snowberg	37	snowberg_640.tif	snowberg/snowberg_640.tif	NWPU45_20/train/snowberg/snowberg_640.tif
train	snowberg	37	snowberg_641.tif	snowberg/snowberg_641.tif	NWPU45_20/train/snowberg/snowberg_641.tif
train	snowberg	37	snowberg_643.tif	snowberg/snowberg_643.tif	NWPU45_20/train/snowberg/snowberg_643.tif
train	snowberg	37	snowberg_660.tif	snowberg/snowberg_660.tif	NWPU45_20/train/snowberg/snowberg_660.tif
train	snowberg	37	snowberg_662.tif	snowberg/snowberg_662.tif	NWPU45_20/train/snowberg/snowberg_662.tif
train	snowberg	37	snowberg_673.tif	snowberg/snowberg_673.tif	NWPU45_20/train/snowberg/snowberg_673.tif
train	snowberg	37	snowberg_674.tif	snowberg/snowberg_674.tif	NWPU45_20/train/snowberg/snowberg_674.tif
train	snowberg	37	snowberg_690.tif	snowberg/snowberg_690.tif	NWPU45_20/train/snowberg/snowberg_690.tif
train	snowberg	37	snowberg_695.tif	snowberg/snowberg_695.tif	NWPU45_20/train/snowberg/snowberg_695.tif
train	sparse_residential	38	sparse_residential_003.tif	sparse_residential/sparse_residential_003.tif	NWPU45_20/train/sparse_residential/sparse_residential_003.tif
train	sparse_residential	38	sparse_residential_006.tif	sparse_residential/sparse_residential_006.tif	NWPU45_20/train/sparse_residential/sparse_residential_006.tif
train	sparse_residential	38	sparse_residential_009.tif	sparse_residential/sparse_residential_009.tif	NWPU45_20/train/sparse_residential/sparse_residential_009.tif
train	sparse_residential	38	sparse_residential_011.tif	sparse_residential/sparse_residential_011.tif	NWPU45_20/train/sparse_residential/sparse_residential_011.tif
train	sparse_residential	38	sparse_residential_014.tif	sparse_residential/sparse_residential_014.tif	NWPU45_20/train/sparse_residential/sparse_residential_014.tif
train	sparse_residential	38	sparse_residential_015.tif	sparse_residential/sparse_residential_015.tif	NWPU45_20/train/sparse_residential/sparse_residential_015.tif
train	sparse_residential	38	sparse_residential_016.tif	sparse_residential/sparse_residential_016.tif	NWPU45_20/train/sparse_residential/sparse_residential_016.tif
train	sparse_residential	38	sparse_residential_025.tif	sparse_residential/sparse_residential_025.tif	NWPU45_20/train/sparse_residential/sparse_residential_025.tif
train	sparse_residential	38	sparse_residential_029.tif	sparse_residential/sparse_residential_029.tif	NWPU45_20/train/sparse_residential/sparse_residential_029.tif
train	sparse_residential	38	sparse_residential_034.tif	sparse_residential/sparse_residential_034.tif	NWPU45_20/train/sparse_residential/sparse_residential_034.tif
train	sparse_residential	38	sparse_residential_040.tif	sparse_residential/sparse_residential_040.tif	NWPU45_20/train/sparse_residential/sparse_residential_040.tif
train	sparse_residential	38	sparse_residential_041.tif	sparse_residential/sparse_residential_041.tif	NWPU45_20/train/sparse_residential/sparse_residential_041.tif
train	sparse_residential	38	sparse_residential_043.tif	sparse_residential/sparse_residential_043.tif	NWPU45_20/train/sparse_residential/sparse_residential_043.tif
train	sparse_residential	38	sparse_residential_057.tif	sparse_residential/sparse_residential_057.tif	NWPU45_20/train/sparse_residential/sparse_residential_057.tif
train	sparse_residential	38	sparse_residential_059.tif	sparse_residential/sparse_residential_059.tif	NWPU45_20/train/sparse_residential/sparse_residential_059.tif
train	sparse_residential	38	sparse_residential_064.tif	sparse_residential/sparse_residential_064.tif	NWPU45_20/train/sparse_residential/sparse_residential_064.tif
train	sparse_residential	38	sparse_residential_065.tif	sparse_residential/sparse_residential_065.tif	NWPU45_20/train/sparse_residential/sparse_residential_065.tif
train	sparse_residential	38	sparse_residential_070.tif	sparse_residential/sparse_residential_070.tif	NWPU45_20/train/sparse_residential/sparse_residential_070.tif
train	sparse_residential	38	sparse_residential_075.tif	sparse_residential/sparse_residential_075.tif	NWPU45_20/train/sparse_residential/sparse_residential_075.tif
train	sparse_residential	38	sparse_residential_079.tif	sparse_residential/sparse_residential_079.tif	NWPU45_20/train/sparse_residential/sparse_residential_079.tif
train	sparse_residential	38	sparse_residential_087.tif	sparse_residential/sparse_residential_087.tif	NWPU45_20/train/sparse_residential/sparse_residential_087.tif
train	sparse_residential	38	sparse_residential_093.tif	sparse_residential/sparse_residential_093.tif	NWPU45_20/train/sparse_residential/sparse_residential_093.tif
train	sparse_residential	38	sparse_residential_097.tif	sparse_residential/sparse_residential_097.tif	NWPU45_20/train/sparse_residential/sparse_residential_097.tif
train	sparse_residential	38	sparse_residential_101.tif	sparse_residential/sparse_residential_101.tif	NWPU45_20/train/sparse_residential/sparse_residential_101.tif
train	sparse_residential	38	sparse_residential_102.tif	sparse_residential/sparse_residential_102.tif	NWPU45_20/train/sparse_residential/sparse_residential_102.tif
train	sparse_residential	38	sparse_residential_106.tif	sparse_residential/sparse_residential_106.tif	NWPU45_20/train/sparse_residential/sparse_residential_106.tif
train	sparse_residential	38	sparse_residential_107.tif	sparse_residential/sparse_residential_107.tif	NWPU45_20/train/sparse_residential/sparse_residential_107.tif
train	sparse_residential	38	sparse_residential_116.tif	sparse_residential/sparse_residential_116.tif	NWPU45_20/train/sparse_residential/sparse_residential_116.tif
train	sparse_residential	38	sparse_residential_119.tif	sparse_residential/sparse_residential_119.tif	NWPU45_20/train/sparse_residential/sparse_residential_119.tif
train	sparse_residential	38	sparse_residential_133.tif	sparse_residential/sparse_residential_133.tif	NWPU45_20/train/sparse_residential/sparse_residential_133.tif
train	sparse_residential	38	sparse_residential_139.tif	sparse_residential/sparse_residential_139.tif	NWPU45_20/train/sparse_residential/sparse_residential_139.tif
train	sparse_residential	38	sparse_residential_144.tif	sparse_residential/sparse_residential_144.tif	NWPU45_20/train/sparse_residential/sparse_residential_144.tif
train	sparse_residential	38	sparse_residential_150.tif	sparse_residential/sparse_residential_150.tif	NWPU45_20/train/sparse_residential/sparse_residential_150.tif
train	sparse_residential	38	sparse_residential_151.tif	sparse_residential/sparse_residential_151.tif	NWPU45_20/train/sparse_residential/sparse_residential_151.tif
train	sparse_residential	38	sparse_residential_159.tif	sparse_residential/sparse_residential_159.tif	NWPU45_20/train/sparse_residential/sparse_residential_159.tif
train	sparse_residential	38	sparse_residential_173.tif	sparse_residential/sparse_residential_173.tif	NWPU45_20/train/sparse_residential/sparse_residential_173.tif
train	sparse_residential	38	sparse_residential_175.tif	sparse_residential/sparse_residential_175.tif	NWPU45_20/train/sparse_residential/sparse_residential_175.tif
train	sparse_residential	38	sparse_residential_177.tif	sparse_residential/sparse_residential_177.tif	NWPU45_20/train/sparse_residential/sparse_residential_177.tif
train	sparse_residential	38	sparse_residential_178.tif	sparse_residential/sparse_residential_178.tif	NWPU45_20/train/sparse_residential/sparse_residential_178.tif
train	sparse_residential	38	sparse_residential_181.tif	sparse_residential/sparse_residential_181.tif	NWPU45_20/train/sparse_residential/sparse_residential_181.tif
train	sparse_residential	38	sparse_residential_186.tif	sparse_residential/sparse_residential_186.tif	NWPU45_20/train/sparse_residential/sparse_residential_186.tif
train	sparse_residential	38	sparse_residential_191.tif	sparse_residential/sparse_residential_191.tif	NWPU45_20/train/sparse_residential/sparse_residential_191.tif
train	sparse_residential	38	sparse_residential_193.tif	sparse_residential/sparse_residential_193.tif	NWPU45_20/train/sparse_residential/sparse_residential_193.tif
train	sparse_residential	38	sparse_residential_194.tif	sparse_residential/sparse_residential_194.tif	NWPU45_20/train/sparse_residential/sparse_residential_194.tif
train	sparse_residential	38	sparse_residential_199.tif	sparse_residential/sparse_residential_199.tif	NWPU45_20/train/sparse_residential/sparse_residential_199.tif
train	sparse_residential	38	sparse_residential_201.tif	sparse_residential/sparse_residential_201.tif	NWPU45_20/train/sparse_residential/sparse_residential_201.tif
train	sparse_residential	38	sparse_residential_205.tif	sparse_residential/sparse_residential_205.tif	NWPU45_20/train/sparse_residential/sparse_residential_205.tif
train	sparse_residential	38	sparse_residential_208.tif	sparse_residential/sparse_residential_208.tif	NWPU45_20/train/sparse_residential/sparse_residential_208.tif
train	sparse_residential	38	sparse_residential_210.tif	sparse_residential/sparse_residential_210.tif	NWPU45_20/train/sparse_residential/sparse_residential_210.tif
train	sparse_residential	38	sparse_residential_213.tif	sparse_residential/sparse_residential_213.tif	NWPU45_20/train/sparse_residential/sparse_residential_213.tif
train	sparse_residential	38	sparse_residential_228.tif	sparse_residential/sparse_residential_228.tif	NWPU45_20/train/sparse_residential/sparse_residential_228.tif
train	sparse_residential	38	sparse_residential_242.tif	sparse_residential/sparse_residential_242.tif	NWPU45_20/train/sparse_residential/sparse_residential_242.tif
train	sparse_residential	38	sparse_residential_244.tif	sparse_residential/sparse_residential_244.tif	NWPU45_20/train/sparse_residential/sparse_residential_244.tif
train	sparse_residential	38	sparse_residential_256.tif	sparse_residential/sparse_residential_256.tif	NWPU45_20/train/sparse_residential/sparse_residential_256.tif
train	sparse_residential	38	sparse_residential_257.tif	sparse_residential/sparse_residential_257.tif	NWPU45_20/train/sparse_residential/sparse_residential_257.tif
train	sparse_residential	38	sparse_residential_266.tif	sparse_residential/sparse_residential_266.tif	NWPU45_20/train/sparse_residential/sparse_residential_266.tif
train	sparse_residential	38	sparse_residential_267.tif	sparse_residential/sparse_residential_267.tif	NWPU45_20/train/sparse_residential/sparse_residential_267.tif
train	sparse_residential	38	sparse_residential_269.tif	sparse_residential/sparse_residential_269.tif	NWPU45_20/train/sparse_residential/sparse_residential_269.tif
train	sparse_residential	38	sparse_residential_273.tif	sparse_residential/sparse_residential_273.tif	NWPU45_20/train/sparse_residential/sparse_residential_273.tif
train	sparse_residential	38	sparse_residential_281.tif	sparse_residential/sparse_residential_281.tif	NWPU45_20/train/sparse_residential/sparse_residential_281.tif
train	sparse_residential	38	sparse_residential_294.tif	sparse_residential/sparse_residential_294.tif	NWPU45_20/train/sparse_residential/sparse_residential_294.tif
train	sparse_residential	38	sparse_residential_308.tif	sparse_residential/sparse_residential_308.tif	NWPU45_20/train/sparse_residential/sparse_residential_308.tif
train	sparse_residential	38	sparse_residential_309.tif	sparse_residential/sparse_residential_309.tif	NWPU45_20/train/sparse_residential/sparse_residential_309.tif
train	sparse_residential	38	sparse_residential_311.tif	sparse_residential/sparse_residential_311.tif	NWPU45_20/train/sparse_residential/sparse_residential_311.tif
train	sparse_residential	38	sparse_residential_312.tif	sparse_residential/sparse_residential_312.tif	NWPU45_20/train/sparse_residential/sparse_residential_312.tif
train	sparse_residential	38	sparse_residential_313.tif	sparse_residential/sparse_residential_313.tif	NWPU45_20/train/sparse_residential/sparse_residential_313.tif
train	sparse_residential	38	sparse_residential_316.tif	sparse_residential/sparse_residential_316.tif	NWPU45_20/train/sparse_residential/sparse_residential_316.tif
train	sparse_residential	38	sparse_residential_317.tif	sparse_residential/sparse_residential_317.tif	NWPU45_20/train/sparse_residential/sparse_residential_317.tif
train	sparse_residential	38	sparse_residential_322.tif	sparse_residential/sparse_residential_322.tif	NWPU45_20/train/sparse_residential/sparse_residential_322.tif
train	sparse_residential	38	sparse_residential_325.tif	sparse_residential/sparse_residential_325.tif	NWPU45_20/train/sparse_residential/sparse_residential_325.tif
train	sparse_residential	38	sparse_residential_327.tif	sparse_residential/sparse_residential_327.tif	NWPU45_20/train/sparse_residential/sparse_residential_327.tif
train	sparse_residential	38	sparse_residential_329.tif	sparse_residential/sparse_residential_329.tif	NWPU45_20/train/sparse_residential/sparse_residential_329.tif
train	sparse_residential	38	sparse_residential_336.tif	sparse_residential/sparse_residential_336.tif	NWPU45_20/train/sparse_residential/sparse_residential_336.tif
train	sparse_residential	38	sparse_residential_342.tif	sparse_residential/sparse_residential_342.tif	NWPU45_20/train/sparse_residential/sparse_residential_342.tif
train	sparse_residential	38	sparse_residential_348.tif	sparse_residential/sparse_residential_348.tif	NWPU45_20/train/sparse_residential/sparse_residential_348.tif
train	sparse_residential	38	sparse_residential_351.tif	sparse_residential/sparse_residential_351.tif	NWPU45_20/train/sparse_residential/sparse_residential_351.tif
train	sparse_residential	38	sparse_residential_354.tif	sparse_residential/sparse_residential_354.tif	NWPU45_20/train/sparse_residential/sparse_residential_354.tif
train	sparse_residential	38	sparse_residential_360.tif	sparse_residential/sparse_residential_360.tif	NWPU45_20/train/sparse_residential/sparse_residential_360.tif
train	sparse_residential	38	sparse_residential_365.tif	sparse_residential/sparse_residential_365.tif	NWPU45_20/train/sparse_residential/sparse_residential_365.tif
train	sparse_residential	38	sparse_residential_366.tif	sparse_residential/sparse_residential_366.tif	NWPU45_20/train/sparse_residential/sparse_residential_366.tif
train	sparse_residential	38	sparse_residential_367.tif	sparse_residential/sparse_residential_367.tif	NWPU45_20/train/sparse_residential/sparse_residential_367.tif
train	sparse_residential	38	sparse_residential_376.tif	sparse_residential/sparse_residential_376.tif	NWPU45_20/train/sparse_residential/sparse_residential_376.tif
train	sparse_residential	38	sparse_residential_379.tif	sparse_residential/sparse_residential_379.tif	NWPU45_20/train/sparse_residential/sparse_residential_379.tif
train	sparse_residential	38	sparse_residential_381.tif	sparse_residential/sparse_residential_381.tif	NWPU45_20/train/sparse_residential/sparse_residential_381.tif
train	sparse_residential	38	sparse_residential_385.tif	sparse_residential/sparse_residential_385.tif	NWPU45_20/train/sparse_residential/sparse_residential_385.tif
train	sparse_residential	38	sparse_residential_387.tif	sparse_residential/sparse_residential_387.tif	NWPU45_20/train/sparse_residential/sparse_residential_387.tif
train	sparse_residential	38	sparse_residential_396.tif	sparse_residential/sparse_residential_396.tif	NWPU45_20/train/sparse_residential/sparse_residential_396.tif
train	sparse_residential	38	sparse_residential_397.tif	sparse_residential/sparse_residential_397.tif	NWPU45_20/train/sparse_residential/sparse_residential_397.tif
train	sparse_residential	38	sparse_residential_399.tif	sparse_residential/sparse_residential_399.tif	NWPU45_20/train/sparse_residential/sparse_residential_399.tif
train	sparse_residential	38	sparse_residential_415.tif	sparse_residential/sparse_residential_415.tif	NWPU45_20/train/sparse_residential/sparse_residential_415.tif
train	sparse_residential	38	sparse_residential_416.tif	sparse_residential/sparse_residential_416.tif	NWPU45_20/train/sparse_residential/sparse_residential_416.tif
train	sparse_residential	38	sparse_residential_417.tif	sparse_residential/sparse_residential_417.tif	NWPU45_20/train/sparse_residential/sparse_residential_417.tif
train	sparse_residential	38	sparse_residential_418.tif	sparse_residential/sparse_residential_418.tif	NWPU45_20/train/sparse_residential/sparse_residential_418.tif
train	sparse_residential	38	sparse_residential_420.tif	sparse_residential/sparse_residential_420.tif	NWPU45_20/train/sparse_residential/sparse_residential_420.tif
train	sparse_residential	38	sparse_residential_421.tif	sparse_residential/sparse_residential_421.tif	NWPU45_20/train/sparse_residential/sparse_residential_421.tif
train	sparse_residential	38	sparse_residential_427.tif	sparse_residential/sparse_residential_427.tif	NWPU45_20/train/sparse_residential/sparse_residential_427.tif
train	sparse_residential	38	sparse_residential_454.tif	sparse_residential/sparse_residential_454.tif	NWPU45_20/train/sparse_residential/sparse_residential_454.tif
train	sparse_residential	38	sparse_residential_455.tif	sparse_residential/sparse_residential_455.tif	NWPU45_20/train/sparse_residential/sparse_residential_455.tif
train	sparse_residential	38	sparse_residential_459.tif	sparse_residential/sparse_residential_459.tif	NWPU45_20/train/sparse_residential/sparse_residential_459.tif
train	sparse_residential	38	sparse_residential_468.tif	sparse_residential/sparse_residential_468.tif	NWPU45_20/train/sparse_residential/sparse_residential_468.tif
train	sparse_residential	38	sparse_residential_473.tif	sparse_residential/sparse_residential_473.tif	NWPU45_20/train/sparse_residential/sparse_residential_473.tif
train	sparse_residential	38	sparse_residential_476.tif	sparse_residential/sparse_residential_476.tif	NWPU45_20/train/sparse_residential/sparse_residential_476.tif
train	sparse_residential	38	sparse_residential_478.tif	sparse_residential/sparse_residential_478.tif	NWPU45_20/train/sparse_residential/sparse_residential_478.tif
train	sparse_residential	38	sparse_residential_491.tif	sparse_residential/sparse_residential_491.tif	NWPU45_20/train/sparse_residential/sparse_residential_491.tif
train	sparse_residential	38	sparse_residential_497.tif	sparse_residential/sparse_residential_497.tif	NWPU45_20/train/sparse_residential/sparse_residential_497.tif
train	sparse_residential	38	sparse_residential_505.tif	sparse_residential/sparse_residential_505.tif	NWPU45_20/train/sparse_residential/sparse_residential_505.tif
train	sparse_residential	38	sparse_residential_508.tif	sparse_residential/sparse_residential_508.tif	NWPU45_20/train/sparse_residential/sparse_residential_508.tif
train	sparse_residential	38	sparse_residential_509.tif	sparse_residential/sparse_residential_509.tif	NWPU45_20/train/sparse_residential/sparse_residential_509.tif
train	sparse_residential	38	sparse_residential_516.tif	sparse_residential/sparse_residential_516.tif	NWPU45_20/train/sparse_residential/sparse_residential_516.tif
train	sparse_residential	38	sparse_residential_521.tif	sparse_residential/sparse_residential_521.tif	NWPU45_20/train/sparse_residential/sparse_residential_521.tif
train	sparse_residential	38	sparse_residential_523.tif	sparse_residential/sparse_residential_523.tif	NWPU45_20/train/sparse_residential/sparse_residential_523.tif
train	sparse_residential	38	sparse_residential_527.tif	sparse_residential/sparse_residential_527.tif	NWPU45_20/train/sparse_residential/sparse_residential_527.tif
train	sparse_residential	38	sparse_residential_537.tif	sparse_residential/sparse_residential_537.tif	NWPU45_20/train/sparse_residential/sparse_residential_537.tif
train	sparse_residential	38	sparse_residential_539.tif	sparse_residential/sparse_residential_539.tif	NWPU45_20/train/sparse_residential/sparse_residential_539.tif
train	sparse_residential	38	sparse_residential_543.tif	sparse_residential/sparse_residential_543.tif	NWPU45_20/train/sparse_residential/sparse_residential_543.tif
train	sparse_residential	38	sparse_residential_558.tif	sparse_residential/sparse_residential_558.tif	NWPU45_20/train/sparse_residential/sparse_residential_558.tif
train	sparse_residential	38	sparse_residential_560.tif	sparse_residential/sparse_residential_560.tif	NWPU45_20/train/sparse_residential/sparse_residential_560.tif
train	sparse_residential	38	sparse_residential_563.tif	sparse_residential/sparse_residential_563.tif	NWPU45_20/train/sparse_residential/sparse_residential_563.tif
train	sparse_residential	38	sparse_residential_570.tif	sparse_residential/sparse_residential_570.tif	NWPU45_20/train/sparse_residential/sparse_residential_570.tif
train	sparse_residential	38	sparse_residential_572.tif	sparse_residential/sparse_residential_572.tif	NWPU45_20/train/sparse_residential/sparse_residential_572.tif
train	sparse_residential	38	sparse_residential_574.tif	sparse_residential/sparse_residential_574.tif	NWPU45_20/train/sparse_residential/sparse_residential_574.tif
train	sparse_residential	38	sparse_residential_579.tif	sparse_residential/sparse_residential_579.tif	NWPU45_20/train/sparse_residential/sparse_residential_579.tif
train	sparse_residential	38	sparse_residential_582.tif	sparse_residential/sparse_residential_582.tif	NWPU45_20/train/sparse_residential/sparse_residential_582.tif
train	sparse_residential	38	sparse_residential_584.tif	sparse_residential/sparse_residential_584.tif	NWPU45_20/train/sparse_residential/sparse_residential_584.tif
train	sparse_residential	38	sparse_residential_587.tif	sparse_residential/sparse_residential_587.tif	NWPU45_20/train/sparse_residential/sparse_residential_587.tif
train	sparse_residential	38	sparse_residential_588.tif	sparse_residential/sparse_residential_588.tif	NWPU45_20/train/sparse_residential/sparse_residential_588.tif
train	sparse_residential	38	sparse_residential_595.tif	sparse_residential/sparse_residential_595.tif	NWPU45_20/train/sparse_residential/sparse_residential_595.tif
train	sparse_residential	38	sparse_residential_621.tif	sparse_residential/sparse_residential_621.tif	NWPU45_20/train/sparse_residential/sparse_residential_621.tif
train	sparse_residential	38	sparse_residential_630.tif	sparse_residential/sparse_residential_630.tif	NWPU45_20/train/sparse_residential/sparse_residential_630.tif
train	sparse_residential	38	sparse_residential_631.tif	sparse_residential/sparse_residential_631.tif	NWPU45_20/train/sparse_residential/sparse_residential_631.tif
train	sparse_residential	38	sparse_residential_635.tif	sparse_residential/sparse_residential_635.tif	NWPU45_20/train/sparse_residential/sparse_residential_635.tif
train	sparse_residential	38	sparse_residential_640.tif	sparse_residential/sparse_residential_640.tif	NWPU45_20/train/sparse_residential/sparse_residential_640.tif
train	sparse_residential	38	sparse_residential_641.tif	sparse_residential/sparse_residential_641.tif	NWPU45_20/train/sparse_residential/sparse_residential_641.tif
train	sparse_residential	38	sparse_residential_643.tif	sparse_residential/sparse_residential_643.tif	NWPU45_20/train/sparse_residential/sparse_residential_643.tif
train	sparse_residential	38	sparse_residential_660.tif	sparse_residential/sparse_residential_660.tif	NWPU45_20/train/sparse_residential/sparse_residential_660.tif
train	sparse_residential	38	sparse_residential_662.tif	sparse_residential/sparse_residential_662.tif	NWPU45_20/train/sparse_residential/sparse_residential_662.tif
train	sparse_residential	38	sparse_residential_673.tif	sparse_residential/sparse_residential_673.tif	NWPU45_20/train/sparse_residential/sparse_residential_673.tif
train	sparse_residential	38	sparse_residential_674.tif	sparse_residential/sparse_residential_674.tif	NWPU45_20/train/sparse_residential/sparse_residential_674.tif
train	sparse_residential	38	sparse_residential_690.tif	sparse_residential/sparse_residential_690.tif	NWPU45_20/train/sparse_residential/sparse_residential_690.tif
train	sparse_residential	38	sparse_residential_695.tif	sparse_residential/sparse_residential_695.tif	NWPU45_20/train/sparse_residential/sparse_residential_695.tif
train	stadium	39	stadium_003.tif	stadium/stadium_003.tif	NWPU45_20/train/stadium/stadium_003.tif
train	stadium	39	stadium_006.tif	stadium/stadium_006.tif	NWPU45_20/train/stadium/stadium_006.tif
train	stadium	39	stadium_009.tif	stadium/stadium_009.tif	NWPU45_20/train/stadium/stadium_009.tif
train	stadium	39	stadium_011.tif	stadium/stadium_011.tif	NWPU45_20/train/stadium/stadium_011.tif
train	stadium	39	stadium_014.tif	stadium/stadium_014.tif	NWPU45_20/train/stadium/stadium_014.tif
train	stadium	39	stadium_015.tif	stadium/stadium_015.tif	NWPU45_20/train/stadium/stadium_015.tif
train	stadium	39	stadium_016.tif	stadium/stadium_016.tif	NWPU45_20/train/stadium/stadium_016.tif
train	stadium	39	stadium_025.tif	stadium/stadium_025.tif	NWPU45_20/train/stadium/stadium_025.tif
train	stadium	39	stadium_029.tif	stadium/stadium_029.tif	NWPU45_20/train/stadium/stadium_029.tif
train	stadium	39	stadium_034.tif	stadium/stadium_034.tif	NWPU45_20/train/stadium/stadium_034.tif
train	stadium	39	stadium_040.tif	stadium/stadium_040.tif	NWPU45_20/train/stadium/stadium_040.tif
train	stadium	39	stadium_041.tif	stadium/stadium_041.tif	NWPU45_20/train/stadium/stadium_041.tif
train	stadium	39	stadium_043.tif	stadium/stadium_043.tif	NWPU45_20/train/stadium/stadium_043.tif
train	stadium	39	stadium_057.tif	stadium/stadium_057.tif	NWPU45_20/train/stadium/stadium_057.tif
train	stadium	39	stadium_059.tif	stadium/stadium_059.tif	NWPU45_20/train/stadium/stadium_059.tif
train	stadium	39	stadium_064.tif	stadium/stadium_064.tif	NWPU45_20/train/stadium/stadium_064.tif
train	stadium	39	stadium_065.tif	stadium/stadium_065.tif	NWPU45_20/train/stadium/stadium_065.tif
train	stadium	39	stadium_070.tif	stadium/stadium_070.tif	NWPU45_20/train/stadium/stadium_070.tif
train	stadium	39	stadium_075.tif	stadium/stadium_075.tif	NWPU45_20/train/stadium/stadium_075.tif
train	stadium	39	stadium_079.tif	stadium/stadium_079.tif	NWPU45_20/train/stadium/stadium_079.tif
train	stadium	39	stadium_087.tif	stadium/stadium_087.tif	NWPU45_20/train/stadium/stadium_087.tif
train	stadium	39	stadium_093.tif	stadium/stadium_093.tif	NWPU45_20/train/stadium/stadium_093.tif
train	stadium	39	stadium_097.tif	stadium/stadium_097.tif	NWPU45_20/train/stadium/stadium_097.tif
train	stadium	39	stadium_101.tif	stadium/stadium_101.tif	NWPU45_20/train/stadium/stadium_101.tif
train	stadium	39	stadium_102.tif	stadium/stadium_102.tif	NWPU45_20/train/stadium/stadium_102.tif
train	stadium	39	stadium_106.tif	stadium/stadium_106.tif	NWPU45_20/train/stadium/stadium_106.tif
train	stadium	39	stadium_107.tif	stadium/stadium_107.tif	NWPU45_20/train/stadium/stadium_107.tif
train	stadium	39	stadium_116.tif	stadium/stadium_116.tif	NWPU45_20/train/stadium/stadium_116.tif
train	stadium	39	stadium_119.tif	stadium/stadium_119.tif	NWPU45_20/train/stadium/stadium_119.tif
train	stadium	39	stadium_133.tif	stadium/stadium_133.tif	NWPU45_20/train/stadium/stadium_133.tif
train	stadium	39	stadium_139.tif	stadium/stadium_139.tif	NWPU45_20/train/stadium/stadium_139.tif
train	stadium	39	stadium_144.tif	stadium/stadium_144.tif	NWPU45_20/train/stadium/stadium_144.tif
train	stadium	39	stadium_150.tif	stadium/stadium_150.tif	NWPU45_20/train/stadium/stadium_150.tif
train	stadium	39	stadium_151.tif	stadium/stadium_151.tif	NWPU45_20/train/stadium/stadium_151.tif
train	stadium	39	stadium_159.tif	stadium/stadium_159.tif	NWPU45_20/train/stadium/stadium_159.tif
train	stadium	39	stadium_173.tif	stadium/stadium_173.tif	NWPU45_20/train/stadium/stadium_173.tif
train	stadium	39	stadium_175.tif	stadium/stadium_175.tif	NWPU45_20/train/stadium/stadium_175.tif
train	stadium	39	stadium_177.tif	stadium/stadium_177.tif	NWPU45_20/train/stadium/stadium_177.tif
train	stadium	39	stadium_178.tif	stadium/stadium_178.tif	NWPU45_20/train/stadium/stadium_178.tif
train	stadium	39	stadium_181.tif	stadium/stadium_181.tif	NWPU45_20/train/stadium/stadium_181.tif
train	stadium	39	stadium_186.tif	stadium/stadium_186.tif	NWPU45_20/train/stadium/stadium_186.tif
train	stadium	39	stadium_191.tif	stadium/stadium_191.tif	NWPU45_20/train/stadium/stadium_191.tif
train	stadium	39	stadium_193.tif	stadium/stadium_193.tif	NWPU45_20/train/stadium/stadium_193.tif
train	stadium	39	stadium_194.tif	stadium/stadium_194.tif	NWPU45_20/train/stadium/stadium_194.tif
train	stadium	39	stadium_199.tif	stadium/stadium_199.tif	NWPU45_20/train/stadium/stadium_199.tif
train	stadium	39	stadium_201.tif	stadium/stadium_201.tif	NWPU45_20/train/stadium/stadium_201.tif
train	stadium	39	stadium_205.tif	stadium/stadium_205.tif	NWPU45_20/train/stadium/stadium_205.tif
train	stadium	39	stadium_208.tif	stadium/stadium_208.tif	NWPU45_20/train/stadium/stadium_208.tif
train	stadium	39	stadium_210.tif	stadium/stadium_210.tif	NWPU45_20/train/stadium/stadium_210.tif
train	stadium	39	stadium_213.tif	stadium/stadium_213.tif	NWPU45_20/train/stadium/stadium_213.tif
train	stadium	39	stadium_228.tif	stadium/stadium_228.tif	NWPU45_20/train/stadium/stadium_228.tif
train	stadium	39	stadium_242.tif	stadium/stadium_242.tif	NWPU45_20/train/stadium/stadium_242.tif
train	stadium	39	stadium_244.tif	stadium/stadium_244.tif	NWPU45_20/train/stadium/stadium_244.tif
train	stadium	39	stadium_256.tif	stadium/stadium_256.tif	NWPU45_20/train/stadium/stadium_256.tif
train	stadium	39	stadium_257.tif	stadium/stadium_257.tif	NWPU45_20/train/stadium/stadium_257.tif
train	stadium	39	stadium_266.tif	stadium/stadium_266.tif	NWPU45_20/train/stadium/stadium_266.tif
train	stadium	39	stadium_267.tif	stadium/stadium_267.tif	NWPU45_20/train/stadium/stadium_267.tif
train	stadium	39	stadium_269.tif	stadium/stadium_269.tif	NWPU45_20/train/stadium/stadium_269.tif
train	stadium	39	stadium_273.tif	stadium/stadium_273.tif	NWPU45_20/train/stadium/stadium_273.tif
train	stadium	39	stadium_281.tif	stadium/stadium_281.tif	NWPU45_20/train/stadium/stadium_281.tif
train	stadium	39	stadium_294.tif	stadium/stadium_294.tif	NWPU45_20/train/stadium/stadium_294.tif
train	stadium	39	stadium_308.tif	stadium/stadium_308.tif	NWPU45_20/train/stadium/stadium_308.tif
train	stadium	39	stadium_309.tif	stadium/stadium_309.tif	NWPU45_20/train/stadium/stadium_309.tif
train	stadium	39	stadium_311.tif	stadium/stadium_311.tif	NWPU45_20/train/stadium/stadium_311.tif
train	stadium	39	stadium_312.tif	stadium/stadium_312.tif	NWPU45_20/train/stadium/stadium_312.tif
train	stadium	39	stadium_313.tif	stadium/stadium_313.tif	NWPU45_20/train/stadium/stadium_313.tif
train	stadium	39	stadium_316.tif	stadium/stadium_316.tif	NWPU45_20/train/stadium/stadium_316.tif
train	stadium	39	stadium_317.tif	stadium/stadium_317.tif	NWPU45_20/train/stadium/stadium_317.tif
train	stadium	39	stadium_322.tif	stadium/stadium_322.tif	NWPU45_20/train/stadium/stadium_322.tif
train	stadium	39	stadium_325.tif	stadium/stadium_325.tif	NWPU45_20/train/stadium/stadium_325.tif
train	stadium	39	stadium_327.tif	stadium/stadium_327.tif	NWPU45_20/train/stadium/stadium_327.tif
train	stadium	39	stadium_329.tif	stadium/stadium_329.tif	NWPU45_20/train/stadium/stadium_329.tif
train	stadium	39	stadium_336.tif	stadium/stadium_336.tif	NWPU45_20/train/stadium/stadium_336.tif
train	stadium	39	stadium_342.tif	stadium/stadium_342.tif	NWPU45_20/train/stadium/stadium_342.tif
train	stadium	39	stadium_348.tif	stadium/stadium_348.tif	NWPU45_20/train/stadium/stadium_348.tif
train	stadium	39	stadium_351.tif	stadium/stadium_351.tif	NWPU45_20/train/stadium/stadium_351.tif
train	stadium	39	stadium_354.tif	stadium/stadium_354.tif	NWPU45_20/train/stadium/stadium_354.tif
train	stadium	39	stadium_360.tif	stadium/stadium_360.tif	NWPU45_20/train/stadium/stadium_360.tif
train	stadium	39	stadium_365.tif	stadium/stadium_365.tif	NWPU45_20/train/stadium/stadium_365.tif
train	stadium	39	stadium_366.tif	stadium/stadium_366.tif	NWPU45_20/train/stadium/stadium_366.tif
train	stadium	39	stadium_367.tif	stadium/stadium_367.tif	NWPU45_20/train/stadium/stadium_367.tif
train	stadium	39	stadium_376.tif	stadium/stadium_376.tif	NWPU45_20/train/stadium/stadium_376.tif
train	stadium	39	stadium_379.tif	stadium/stadium_379.tif	NWPU45_20/train/stadium/stadium_379.tif
train	stadium	39	stadium_381.tif	stadium/stadium_381.tif	NWPU45_20/train/stadium/stadium_381.tif
train	stadium	39	stadium_385.tif	stadium/stadium_385.tif	NWPU45_20/train/stadium/stadium_385.tif
train	stadium	39	stadium_387.tif	stadium/stadium_387.tif	NWPU45_20/train/stadium/stadium_387.tif
train	stadium	39	stadium_396.tif	stadium/stadium_396.tif	NWPU45_20/train/stadium/stadium_396.tif
train	stadium	39	stadium_397.tif	stadium/stadium_397.tif	NWPU45_20/train/stadium/stadium_397.tif
train	stadium	39	stadium_399.tif	stadium/stadium_399.tif	NWPU45_20/train/stadium/stadium_399.tif
train	stadium	39	stadium_415.tif	stadium/stadium_415.tif	NWPU45_20/train/stadium/stadium_415.tif
train	stadium	39	stadium_416.tif	stadium/stadium_416.tif	NWPU45_20/train/stadium/stadium_416.tif
train	stadium	39	stadium_417.tif	stadium/stadium_417.tif	NWPU45_20/train/stadium/stadium_417.tif
train	stadium	39	stadium_418.tif	stadium/stadium_418.tif	NWPU45_20/train/stadium/stadium_418.tif
train	stadium	39	stadium_420.tif	stadium/stadium_420.tif	NWPU45_20/train/stadium/stadium_420.tif
train	stadium	39	stadium_421.tif	stadium/stadium_421.tif	NWPU45_20/train/stadium/stadium_421.tif
train	stadium	39	stadium_427.tif	stadium/stadium_427.tif	NWPU45_20/train/stadium/stadium_427.tif
train	stadium	39	stadium_454.tif	stadium/stadium_454.tif	NWPU45_20/train/stadium/stadium_454.tif
train	stadium	39	stadium_455.tif	stadium/stadium_455.tif	NWPU45_20/train/stadium/stadium_455.tif
train	stadium	39	stadium_459.tif	stadium/stadium_459.tif	NWPU45_20/train/stadium/stadium_459.tif
train	stadium	39	stadium_468.tif	stadium/stadium_468.tif	NWPU45_20/train/stadium/stadium_468.tif
train	stadium	39	stadium_473.tif	stadium/stadium_473.tif	NWPU45_20/train/stadium/stadium_473.tif
train	stadium	39	stadium_476.tif	stadium/stadium_476.tif	NWPU45_20/train/stadium/stadium_476.tif
train	stadium	39	stadium_478.tif	stadium/stadium_478.tif	NWPU45_20/train/stadium/stadium_478.tif
train	stadium	39	stadium_491.tif	stadium/stadium_491.tif	NWPU45_20/train/stadium/stadium_491.tif
train	stadium	39	stadium_497.tif	stadium/stadium_497.tif	NWPU45_20/train/stadium/stadium_497.tif
train	stadium	39	stadium_505.tif	stadium/stadium_505.tif	NWPU45_20/train/stadium/stadium_505.tif
train	stadium	39	stadium_508.tif	stadium/stadium_508.tif	NWPU45_20/train/stadium/stadium_508.tif
train	stadium	39	stadium_509.tif	stadium/stadium_509.tif	NWPU45_20/train/stadium/stadium_509.tif
train	stadium	39	stadium_516.tif	stadium/stadium_516.tif	NWPU45_20/train/stadium/stadium_516.tif
train	stadium	39	stadium_521.tif	stadium/stadium_521.tif	NWPU45_20/train/stadium/stadium_521.tif
train	stadium	39	stadium_523.tif	stadium/stadium_523.tif	NWPU45_20/train/stadium/stadium_523.tif
train	stadium	39	stadium_527.tif	stadium/stadium_527.tif	NWPU45_20/train/stadium/stadium_527.tif
train	stadium	39	stadium_537.tif	stadium/stadium_537.tif	NWPU45_20/train/stadium/stadium_537.tif
train	stadium	39	stadium_539.tif	stadium/stadium_539.tif	NWPU45_20/train/stadium/stadium_539.tif
train	stadium	39	stadium_543.tif	stadium/stadium_543.tif	NWPU45_20/train/stadium/stadium_543.tif
train	stadium	39	stadium_558.tif	stadium/stadium_558.tif	NWPU45_20/train/stadium/stadium_558.tif
train	stadium	39	stadium_560.tif	stadium/stadium_560.tif	NWPU45_20/train/stadium/stadium_560.tif
train	stadium	39	stadium_563.tif	stadium/stadium_563.tif	NWPU45_20/train/stadium/stadium_563.tif
train	stadium	39	stadium_570.tif	stadium/stadium_570.tif	NWPU45_20/train/stadium/stadium_570.tif
train	stadium	39	stadium_572.tif	stadium/stadium_572.tif	NWPU45_20/train/stadium/stadium_572.tif
train	stadium	39	stadium_574.tif	stadium/stadium_574.tif	NWPU45_20/train/stadium/stadium_574.tif
train	stadium	39	stadium_579.tif	stadium/stadium_579.tif	NWPU45_20/train/stadium/stadium_579.tif
train	stadium	39	stadium_582.tif	stadium/stadium_582.tif	NWPU45_20/train/stadium/stadium_582.tif
train	stadium	39	stadium_584.tif	stadium/stadium_584.tif	NWPU45_20/train/stadium/stadium_584.tif
train	stadium	39	stadium_587.tif	stadium/stadium_587.tif	NWPU45_20/train/stadium/stadium_587.tif
train	stadium	39	stadium_588.tif	stadium/stadium_588.tif	NWPU45_20/train/stadium/stadium_588.tif
train	stadium	39	stadium_595.tif	stadium/stadium_595.tif	NWPU45_20/train/stadium/stadium_595.tif
train	stadium	39	stadium_621.tif	stadium/stadium_621.tif	NWPU45_20/train/stadium/stadium_621.tif
train	stadium	39	stadium_630.tif	stadium/stadium_630.tif	NWPU45_20/train/stadium/stadium_630.tif
train	stadium	39	stadium_631.tif	stadium/stadium_631.tif	NWPU45_20/train/stadium/stadium_631.tif
train	stadium	39	stadium_635.tif	stadium/stadium_635.tif	NWPU45_20/train/stadium/stadium_635.tif
train	stadium	39	stadium_640.tif	stadium/stadium_640.tif	NWPU45_20/train/stadium/stadium_640.tif
train	stadium	39	stadium_641.tif	stadium/stadium_641.tif	NWPU45_20/train/stadium/stadium_641.tif
train	stadium	39	stadium_643.tif	stadium/stadium_643.tif	NWPU45_20/train/stadium/stadium_643.tif
train	stadium	39	stadium_660.tif	stadium/stadium_660.tif	NWPU45_20/train/stadium/stadium_660.tif
train	stadium	39	stadium_662.tif	stadium/stadium_662.tif	NWPU45_20/train/stadium/stadium_662.tif
train	stadium	39	stadium_673.tif	stadium/stadium_673.tif	NWPU45_20/train/stadium/stadium_673.tif
train	stadium	39	stadium_674.tif	stadium/stadium_674.tif	NWPU45_20/train/stadium/stadium_674.tif
train	stadium	39	stadium_690.tif	stadium/stadium_690.tif	NWPU45_20/train/stadium/stadium_690.tif
train	stadium	39	stadium_695.tif	stadium/stadium_695.tif	NWPU45_20/train/stadium/stadium_695.tif
train	storage_tank	40	storage_tank_003.tif	storage_tank/storage_tank_003.tif	NWPU45_20/train/storage_tank/storage_tank_003.tif
train	storage_tank	40	storage_tank_006.tif	storage_tank/storage_tank_006.tif	NWPU45_20/train/storage_tank/storage_tank_006.tif
train	storage_tank	40	storage_tank_009.tif	storage_tank/storage_tank_009.tif	NWPU45_20/train/storage_tank/storage_tank_009.tif
train	storage_tank	40	storage_tank_011.tif	storage_tank/storage_tank_011.tif	NWPU45_20/train/storage_tank/storage_tank_011.tif
train	storage_tank	40	storage_tank_014.tif	storage_tank/storage_tank_014.tif	NWPU45_20/train/storage_tank/storage_tank_014.tif
train	storage_tank	40	storage_tank_015.tif	storage_tank/storage_tank_015.tif	NWPU45_20/train/storage_tank/storage_tank_015.tif
train	storage_tank	40	storage_tank_016.tif	storage_tank/storage_tank_016.tif	NWPU45_20/train/storage_tank/storage_tank_016.tif
train	storage_tank	40	storage_tank_025.tif	storage_tank/storage_tank_025.tif	NWPU45_20/train/storage_tank/storage_tank_025.tif
train	storage_tank	40	storage_tank_029.tif	storage_tank/storage_tank_029.tif	NWPU45_20/train/storage_tank/storage_tank_029.tif
train	storage_tank	40	storage_tank_034.tif	storage_tank/storage_tank_034.tif	NWPU45_20/train/storage_tank/storage_tank_034.tif
train	storage_tank	40	storage_tank_040.tif	storage_tank/storage_tank_040.tif	NWPU45_20/train/storage_tank/storage_tank_040.tif
train	storage_tank	40	storage_tank_041.tif	storage_tank/storage_tank_041.tif	NWPU45_20/train/storage_tank/storage_tank_041.tif
train	storage_tank	40	storage_tank_043.tif	storage_tank/storage_tank_043.tif	NWPU45_20/train/storage_tank/storage_tank_043.tif
train	storage_tank	40	storage_tank_057.tif	storage_tank/storage_tank_057.tif	NWPU45_20/train/storage_tank/storage_tank_057.tif
train	storage_tank	40	storage_tank_059.tif	storage_tank/storage_tank_059.tif	NWPU45_20/train/storage_tank/storage_tank_059.tif
train	storage_tank	40	storage_tank_064.tif	storage_tank/storage_tank_064.tif	NWPU45_20/train/storage_tank/storage_tank_064.tif
train	storage_tank	40	storage_tank_065.tif	storage_tank/storage_tank_065.tif	NWPU45_20/train/storage_tank/storage_tank_065.tif
train	storage_tank	40	storage_tank_070.tif	storage_tank/storage_tank_070.tif	NWPU45_20/train/storage_tank/storage_tank_070.tif
train	storage_tank	40	storage_tank_075.tif	storage_tank/storage_tank_075.tif	NWPU45_20/train/storage_tank/storage_tank_075.tif
train	storage_tank	40	storage_tank_079.tif	storage_tank/storage_tank_079.tif	NWPU45_20/train/storage_tank/storage_tank_079.tif
train	storage_tank	40	storage_tank_087.tif	storage_tank/storage_tank_087.tif	NWPU45_20/train/storage_tank/storage_tank_087.tif
train	storage_tank	40	storage_tank_093.tif	storage_tank/storage_tank_093.tif	NWPU45_20/train/storage_tank/storage_tank_093.tif
train	storage_tank	40	storage_tank_097.tif	storage_tank/storage_tank_097.tif	NWPU45_20/train/storage_tank/storage_tank_097.tif
train	storage_tank	40	storage_tank_101.tif	storage_tank/storage_tank_101.tif	NWPU45_20/train/storage_tank/storage_tank_101.tif
train	storage_tank	40	storage_tank_102.tif	storage_tank/storage_tank_102.tif	NWPU45_20/train/storage_tank/storage_tank_102.tif
train	storage_tank	40	storage_tank_106.tif	storage_tank/storage_tank_106.tif	NWPU45_20/train/storage_tank/storage_tank_106.tif
train	storage_tank	40	storage_tank_107.tif	storage_tank/storage_tank_107.tif	NWPU45_20/train/storage_tank/storage_tank_107.tif
train	storage_tank	40	storage_tank_116.tif	storage_tank/storage_tank_116.tif	NWPU45_20/train/storage_tank/storage_tank_116.tif
train	storage_tank	40	storage_tank_119.tif	storage_tank/storage_tank_119.tif	NWPU45_20/train/storage_tank/storage_tank_119.tif
train	storage_tank	40	storage_tank_133.tif	storage_tank/storage_tank_133.tif	NWPU45_20/train/storage_tank/storage_tank_133.tif
train	storage_tank	40	storage_tank_139.tif	storage_tank/storage_tank_139.tif	NWPU45_20/train/storage_tank/storage_tank_139.tif
train	storage_tank	40	storage_tank_144.tif	storage_tank/storage_tank_144.tif	NWPU45_20/train/storage_tank/storage_tank_144.tif
train	storage_tank	40	storage_tank_150.tif	storage_tank/storage_tank_150.tif	NWPU45_20/train/storage_tank/storage_tank_150.tif
train	storage_tank	40	storage_tank_151.tif	storage_tank/storage_tank_151.tif	NWPU45_20/train/storage_tank/storage_tank_151.tif
train	storage_tank	40	storage_tank_159.tif	storage_tank/storage_tank_159.tif	NWPU45_20/train/storage_tank/storage_tank_159.tif
train	storage_tank	40	storage_tank_173.tif	storage_tank/storage_tank_173.tif	NWPU45_20/train/storage_tank/storage_tank_173.tif
train	storage_tank	40	storage_tank_175.tif	storage_tank/storage_tank_175.tif	NWPU45_20/train/storage_tank/storage_tank_175.tif
train	storage_tank	40	storage_tank_177.tif	storage_tank/storage_tank_177.tif	NWPU45_20/train/storage_tank/storage_tank_177.tif
train	storage_tank	40	storage_tank_178.tif	storage_tank/storage_tank_178.tif	NWPU45_20/train/storage_tank/storage_tank_178.tif
train	storage_tank	40	storage_tank_181.tif	storage_tank/storage_tank_181.tif	NWPU45_20/train/storage_tank/storage_tank_181.tif
train	storage_tank	40	storage_tank_186.tif	storage_tank/storage_tank_186.tif	NWPU45_20/train/storage_tank/storage_tank_186.tif
train	storage_tank	40	storage_tank_191.tif	storage_tank/storage_tank_191.tif	NWPU45_20/train/storage_tank/storage_tank_191.tif
train	storage_tank	40	storage_tank_193.tif	storage_tank/storage_tank_193.tif	NWPU45_20/train/storage_tank/storage_tank_193.tif
train	storage_tank	40	storage_tank_194.tif	storage_tank/storage_tank_194.tif	NWPU45_20/train/storage_tank/storage_tank_194.tif
train	storage_tank	40	storage_tank_199.tif	storage_tank/storage_tank_199.tif	NWPU45_20/train/storage_tank/storage_tank_199.tif
train	storage_tank	40	storage_tank_201.tif	storage_tank/storage_tank_201.tif	NWPU45_20/train/storage_tank/storage_tank_201.tif
train	storage_tank	40	storage_tank_205.tif	storage_tank/storage_tank_205.tif	NWPU45_20/train/storage_tank/storage_tank_205.tif
train	storage_tank	40	storage_tank_208.tif	storage_tank/storage_tank_208.tif	NWPU45_20/train/storage_tank/storage_tank_208.tif
train	storage_tank	40	storage_tank_210.tif	storage_tank/storage_tank_210.tif	NWPU45_20/train/storage_tank/storage_tank_210.tif
train	storage_tank	40	storage_tank_213.tif	storage_tank/storage_tank_213.tif	NWPU45_20/train/storage_tank/storage_tank_213.tif
train	storage_tank	40	storage_tank_228.tif	storage_tank/storage_tank_228.tif	NWPU45_20/train/storage_tank/storage_tank_228.tif
train	storage_tank	40	storage_tank_242.tif	storage_tank/storage_tank_242.tif	NWPU45_20/train/storage_tank/storage_tank_242.tif
train	storage_tank	40	storage_tank_244.tif	storage_tank/storage_tank_244.tif	NWPU45_20/train/storage_tank/storage_tank_244.tif
train	storage_tank	40	storage_tank_256.tif	storage_tank/storage_tank_256.tif	NWPU45_20/train/storage_tank/storage_tank_256.tif
train	storage_tank	40	storage_tank_257.tif	storage_tank/storage_tank_257.tif	NWPU45_20/train/storage_tank/storage_tank_257.tif
train	storage_tank	40	storage_tank_266.tif	storage_tank/storage_tank_266.tif	NWPU45_20/train/storage_tank/storage_tank_266.tif
train	storage_tank	40	storage_tank_267.tif	storage_tank/storage_tank_267.tif	NWPU45_20/train/storage_tank/storage_tank_267.tif
train	storage_tank	40	storage_tank_269.tif	storage_tank/storage_tank_269.tif	NWPU45_20/train/storage_tank/storage_tank_269.tif
train	storage_tank	40	storage_tank_273.tif	storage_tank/storage_tank_273.tif	NWPU45_20/train/storage_tank/storage_tank_273.tif
train	storage_tank	40	storage_tank_281.tif	storage_tank/storage_tank_281.tif	NWPU45_20/train/storage_tank/storage_tank_281.tif
train	storage_tank	40	storage_tank_294.tif	storage_tank/storage_tank_294.tif	NWPU45_20/train/storage_tank/storage_tank_294.tif
train	storage_tank	40	storage_tank_308.tif	storage_tank/storage_tank_308.tif	NWPU45_20/train/storage_tank/storage_tank_308.tif
train	storage_tank	40	storage_tank_309.tif	storage_tank/storage_tank_309.tif	NWPU45_20/train/storage_tank/storage_tank_309.tif
train	storage_tank	40	storage_tank_311.tif	storage_tank/storage_tank_311.tif	NWPU45_20/train/storage_tank/storage_tank_311.tif
train	storage_tank	40	storage_tank_312.tif	storage_tank/storage_tank_312.tif	NWPU45_20/train/storage_tank/storage_tank_312.tif
train	storage_tank	40	storage_tank_313.tif	storage_tank/storage_tank_313.tif	NWPU45_20/train/storage_tank/storage_tank_313.tif
train	storage_tank	40	storage_tank_316.tif	storage_tank/storage_tank_316.tif	NWPU45_20/train/storage_tank/storage_tank_316.tif
train	storage_tank	40	storage_tank_317.tif	storage_tank/storage_tank_317.tif	NWPU45_20/train/storage_tank/storage_tank_317.tif
train	storage_tank	40	storage_tank_322.tif	storage_tank/storage_tank_322.tif	NWPU45_20/train/storage_tank/storage_tank_322.tif
train	storage_tank	40	storage_tank_325.tif	storage_tank/storage_tank_325.tif	NWPU45_20/train/storage_tank/storage_tank_325.tif
train	storage_tank	40	storage_tank_327.tif	storage_tank/storage_tank_327.tif	NWPU45_20/train/storage_tank/storage_tank_327.tif
train	storage_tank	40	storage_tank_329.tif	storage_tank/storage_tank_329.tif	NWPU45_20/train/storage_tank/storage_tank_329.tif
train	storage_tank	40	storage_tank_336.tif	storage_tank/storage_tank_336.tif	NWPU45_20/train/storage_tank/storage_tank_336.tif
train	storage_tank	40	storage_tank_342.tif	storage_tank/storage_tank_342.tif	NWPU45_20/train/storage_tank/storage_tank_342.tif
train	storage_tank	40	storage_tank_348.tif	storage_tank/storage_tank_348.tif	NWPU45_20/train/storage_tank/storage_tank_348.tif
train	storage_tank	40	storage_tank_351.tif	storage_tank/storage_tank_351.tif	NWPU45_20/train/storage_tank/storage_tank_351.tif
train	storage_tank	40	storage_tank_354.tif	storage_tank/storage_tank_354.tif	NWPU45_20/train/storage_tank/storage_tank_354.tif
train	storage_tank	40	storage_tank_360.tif	storage_tank/storage_tank_360.tif	NWPU45_20/train/storage_tank/storage_tank_360.tif
train	storage_tank	40	storage_tank_365.tif	storage_tank/storage_tank_365.tif	NWPU45_20/train/storage_tank/storage_tank_365.tif
train	storage_tank	40	storage_tank_366.tif	storage_tank/storage_tank_366.tif	NWPU45_20/train/storage_tank/storage_tank_366.tif
train	storage_tank	40	storage_tank_367.tif	storage_tank/storage_tank_367.tif	NWPU45_20/train/storage_tank/storage_tank_367.tif
train	storage_tank	40	storage_tank_376.tif	storage_tank/storage_tank_376.tif	NWPU45_20/train/storage_tank/storage_tank_376.tif
train	storage_tank	40	storage_tank_379.tif	storage_tank/storage_tank_379.tif	NWPU45_20/train/storage_tank/storage_tank_379.tif
train	storage_tank	40	storage_tank_381.tif	storage_tank/storage_tank_381.tif	NWPU45_20/train/storage_tank/storage_tank_381.tif
train	storage_tank	40	storage_tank_385.tif	storage_tank/storage_tank_385.tif	NWPU45_20/train/storage_tank/storage_tank_385.tif
train	storage_tank	40	storage_tank_387.tif	storage_tank/storage_tank_387.tif	NWPU45_20/train/storage_tank/storage_tank_387.tif
train	storage_tank	40	storage_tank_396.tif	storage_tank/storage_tank_396.tif	NWPU45_20/train/storage_tank/storage_tank_396.tif
train	storage_tank	40	storage_tank_397.tif	storage_tank/storage_tank_397.tif	NWPU45_20/train/storage_tank/storage_tank_397.tif
train	storage_tank	40	storage_tank_399.tif	storage_tank/storage_tank_399.tif	NWPU45_20/train/storage_tank/storage_tank_399.tif
train	storage_tank	40	storage_tank_415.tif	storage_tank/storage_tank_415.tif	NWPU45_20/train/storage_tank/storage_tank_415.tif
train	storage_tank	40	storage_tank_416.tif	storage_tank/storage_tank_416.tif	NWPU45_20/train/storage_tank/storage_tank_416.tif
train	storage_tank	40	storage_tank_417.tif	storage_tank/storage_tank_417.tif	NWPU45_20/train/storage_tank/storage_tank_417.tif
train	storage_tank	40	storage_tank_418.tif	storage_tank/storage_tank_418.tif	NWPU45_20/train/storage_tank/storage_tank_418.tif
train	storage_tank	40	storage_tank_420.tif	storage_tank/storage_tank_420.tif	NWPU45_20/train/storage_tank/storage_tank_420.tif
train	storage_tank	40	storage_tank_421.tif	storage_tank/storage_tank_421.tif	NWPU45_20/train/storage_tank/storage_tank_421.tif
train	storage_tank	40	storage_tank_427.tif	storage_tank/storage_tank_427.tif	NWPU45_20/train/storage_tank/storage_tank_427.tif
train	storage_tank	40	storage_tank_454.tif	storage_tank/storage_tank_454.tif	NWPU45_20/train/storage_tank/storage_tank_454.tif
train	storage_tank	40	storage_tank_455.tif	storage_tank/storage_tank_455.tif	NWPU45_20/train/storage_tank/storage_tank_455.tif
train	storage_tank	40	storage_tank_459.tif	storage_tank/storage_tank_459.tif	NWPU45_20/train/storage_tank/storage_tank_459.tif
train	storage_tank	40	storage_tank_468.tif	storage_tank/storage_tank_468.tif	NWPU45_20/train/storage_tank/storage_tank_468.tif
train	storage_tank	40	storage_tank_473.tif	storage_tank/storage_tank_473.tif	NWPU45_20/train/storage_tank/storage_tank_473.tif
train	storage_tank	40	storage_tank_476.tif	storage_tank/storage_tank_476.tif	NWPU45_20/train/storage_tank/storage_tank_476.tif
train	storage_tank	40	storage_tank_478.tif	storage_tank/storage_tank_478.tif	NWPU45_20/train/storage_tank/storage_tank_478.tif
train	storage_tank	40	storage_tank_491.tif	storage_tank/storage_tank_491.tif	NWPU45_20/train/storage_tank/storage_tank_491.tif
train	storage_tank	40	storage_tank_497.tif	storage_tank/storage_tank_497.tif	NWPU45_20/train/storage_tank/storage_tank_497.tif
train	storage_tank	40	storage_tank_505.tif	storage_tank/storage_tank_505.tif	NWPU45_20/train/storage_tank/storage_tank_505.tif
train	storage_tank	40	storage_tank_508.tif	storage_tank/storage_tank_508.tif	NWPU45_20/train/storage_tank/storage_tank_508.tif
train	storage_tank	40	storage_tank_509.tif	storage_tank/storage_tank_509.tif	NWPU45_20/train/storage_tank/storage_tank_509.tif
train	storage_tank	40	storage_tank_516.tif	storage_tank/storage_tank_516.tif	NWPU45_20/train/storage_tank/storage_tank_516.tif
train	storage_tank	40	storage_tank_521.tif	storage_tank/storage_tank_521.tif	NWPU45_20/train/storage_tank/storage_tank_521.tif
train	storage_tank	40	storage_tank_523.tif	storage_tank/storage_tank_523.tif	NWPU45_20/train/storage_tank/storage_tank_523.tif
train	storage_tank	40	storage_tank_527.tif	storage_tank/storage_tank_527.tif	NWPU45_20/train/storage_tank/storage_tank_527.tif
train	storage_tank	40	storage_tank_537.tif	storage_tank/storage_tank_537.tif	NWPU45_20/train/storage_tank/storage_tank_537.tif
train	storage_tank	40	storage_tank_539.tif	storage_tank/storage_tank_539.tif	NWPU45_20/train/storage_tank/storage_tank_539.tif
train	storage_tank	40	storage_tank_543.tif	storage_tank/storage_tank_543.tif	NWPU45_20/train/storage_tank/storage_tank_543.tif
train	storage_tank	40	storage_tank_558.tif	storage_tank/storage_tank_558.tif	NWPU45_20/train/storage_tank/storage_tank_558.tif
train	storage_tank	40	storage_tank_560.tif	storage_tank/storage_tank_560.tif	NWPU45_20/train/storage_tank/storage_tank_560.tif
train	storage_tank	40	storage_tank_563.tif	storage_tank/storage_tank_563.tif	NWPU45_20/train/storage_tank/storage_tank_563.tif
train	storage_tank	40	storage_tank_570.tif	storage_tank/storage_tank_570.tif	NWPU45_20/train/storage_tank/storage_tank_570.tif
train	storage_tank	40	storage_tank_572.tif	storage_tank/storage_tank_572.tif	NWPU45_20/train/storage_tank/storage_tank_572.tif
train	storage_tank	40	storage_tank_574.tif	storage_tank/storage_tank_574.tif	NWPU45_20/train/storage_tank/storage_tank_574.tif
train	storage_tank	40	storage_tank_579.tif	storage_tank/storage_tank_579.tif	NWPU45_20/train/storage_tank/storage_tank_579.tif
train	storage_tank	40	storage_tank_582.tif	storage_tank/storage_tank_582.tif	NWPU45_20/train/storage_tank/storage_tank_582.tif
train	storage_tank	40	storage_tank_584.tif	storage_tank/storage_tank_584.tif	NWPU45_20/train/storage_tank/storage_tank_584.tif
train	storage_tank	40	storage_tank_587.tif	storage_tank/storage_tank_587.tif	NWPU45_20/train/storage_tank/storage_tank_587.tif
train	storage_tank	40	storage_tank_588.tif	storage_tank/storage_tank_588.tif	NWPU45_20/train/storage_tank/storage_tank_588.tif
train	storage_tank	40	storage_tank_595.tif	storage_tank/storage_tank_595.tif	NWPU45_20/train/storage_tank/storage_tank_595.tif
train	storage_tank	40	storage_tank_621.tif	storage_tank/storage_tank_621.tif	NWPU45_20/train/storage_tank/storage_tank_621.tif
train	storage_tank	40	storage_tank_630.tif	storage_tank/storage_tank_630.tif	NWPU45_20/train/storage_tank/storage_tank_630.tif
train	storage_tank	40	storage_tank_631.tif	storage_tank/storage_tank_631.tif	NWPU45_20/train/storage_tank/storage_tank_631.tif
train	storage_tank	40	storage_tank_635.tif	storage_tank/storage_tank_635.tif	NWPU45_20/train/storage_tank/storage_tank_635.tif
train	storage_tank	40	storage_tank_640.tif	storage_tank/storage_tank_640.tif	NWPU45_20/train/storage_tank/storage_tank_640.tif
train	storage_tank	40	storage_tank_641.tif	storage_tank/storage_tank_641.tif	NWPU45_20/train/storage_tank/storage_tank_641.tif
train	storage_tank	40	storage_tank_643.tif	storage_tank/storage_tank_643.tif	NWPU45_20/train/storage_tank/storage_tank_643.tif
train	storage_tank	40	storage_tank_660.tif	storage_tank/storage_tank_660.tif	NWPU45_20/train/storage_tank/storage_tank_660.tif
train	storage_tank	40	storage_tank_662.tif	storage_tank/storage_tank_662.tif	NWPU45_20/train/storage_tank/storage_tank_662.tif
train	storage_tank	40	storage_tank_673.tif	storage_tank/storage_tank_673.tif	NWPU45_20/train/storage_tank/storage_tank_673.tif
train	storage_tank	40	storage_tank_674.tif	storage_tank/storage_tank_674.tif	NWPU45_20/train/storage_tank/storage_tank_674.tif
train	storage_tank	40	storage_tank_690.tif	storage_tank/storage_tank_690.tif	NWPU45_20/train/storage_tank/storage_tank_690.tif
train	storage_tank	40	storage_tank_695.tif	storage_tank/storage_tank_695.tif	NWPU45_20/train/storage_tank/storage_tank_695.tif
train	tennis_court	41	tennis_court_003.tif	tennis_court/tennis_court_003.tif	NWPU45_20/train/tennis_court/tennis_court_003.tif
train	tennis_court	41	tennis_court_006.tif	tennis_court/tennis_court_006.tif	NWPU45_20/train/tennis_court/tennis_court_006.tif
train	tennis_court	41	tennis_court_009.tif	tennis_court/tennis_court_009.tif	NWPU45_20/train/tennis_court/tennis_court_009.tif
train	tennis_court	41	tennis_court_011.tif	tennis_court/tennis_court_011.tif	NWPU45_20/train/tennis_court/tennis_court_011.tif
train	tennis_court	41	tennis_court_014.tif	tennis_court/tennis_court_014.tif	NWPU45_20/train/tennis_court/tennis_court_014.tif
train	tennis_court	41	tennis_court_015.tif	tennis_court/tennis_court_015.tif	NWPU45_20/train/tennis_court/tennis_court_015.tif
train	tennis_court	41	tennis_court_016.tif	tennis_court/tennis_court_016.tif	NWPU45_20/train/tennis_court/tennis_court_016.tif
train	tennis_court	41	tennis_court_025.tif	tennis_court/tennis_court_025.tif	NWPU45_20/train/tennis_court/tennis_court_025.tif
train	tennis_court	41	tennis_court_029.tif	tennis_court/tennis_court_029.tif	NWPU45_20/train/tennis_court/tennis_court_029.tif
train	tennis_court	41	tennis_court_034.tif	tennis_court/tennis_court_034.tif	NWPU45_20/train/tennis_court/tennis_court_034.tif
train	tennis_court	41	tennis_court_040.tif	tennis_court/tennis_court_040.tif	NWPU45_20/train/tennis_court/tennis_court_040.tif
train	tennis_court	41	tennis_court_041.tif	tennis_court/tennis_court_041.tif	NWPU45_20/train/tennis_court/tennis_court_041.tif
train	tennis_court	41	tennis_court_043.tif	tennis_court/tennis_court_043.tif	NWPU45_20/train/tennis_court/tennis_court_043.tif
train	tennis_court	41	tennis_court_057.tif	tennis_court/tennis_court_057.tif	NWPU45_20/train/tennis_court/tennis_court_057.tif
train	tennis_court	41	tennis_court_059.tif	tennis_court/tennis_court_059.tif	NWPU45_20/train/tennis_court/tennis_court_059.tif
train	tennis_court	41	tennis_court_064.tif	tennis_court/tennis_court_064.tif	NWPU45_20/train/tennis_court/tennis_court_064.tif
train	tennis_court	41	tennis_court_065.tif	tennis_court/tennis_court_065.tif	NWPU45_20/train/tennis_court/tennis_court_065.tif
train	tennis_court	41	tennis_court_070.tif	tennis_court/tennis_court_070.tif	NWPU45_20/train/tennis_court/tennis_court_070.tif
train	tennis_court	41	tennis_court_075.tif	tennis_court/tennis_court_075.tif	NWPU45_20/train/tennis_court/tennis_court_075.tif
train	tennis_court	41	tennis_court_079.tif	tennis_court/tennis_court_079.tif	NWPU45_20/train/tennis_court/tennis_court_079.tif
train	tennis_court	41	tennis_court_087.tif	tennis_court/tennis_court_087.tif	NWPU45_20/train/tennis_court/tennis_court_087.tif
train	tennis_court	41	tennis_court_093.tif	tennis_court/tennis_court_093.tif	NWPU45_20/train/tennis_court/tennis_court_093.tif
train	tennis_court	41	tennis_court_097.tif	tennis_court/tennis_court_097.tif	NWPU45_20/train/tennis_court/tennis_court_097.tif
train	tennis_court	41	tennis_court_101.tif	tennis_court/tennis_court_101.tif	NWPU45_20/train/tennis_court/tennis_court_101.tif
train	tennis_court	41	tennis_court_102.tif	tennis_court/tennis_court_102.tif	NWPU45_20/train/tennis_court/tennis_court_102.tif
train	tennis_court	41	tennis_court_106.tif	tennis_court/tennis_court_106.tif	NWPU45_20/train/tennis_court/tennis_court_106.tif
train	tennis_court	41	tennis_court_107.tif	tennis_court/tennis_court_107.tif	NWPU45_20/train/tennis_court/tennis_court_107.tif
train	tennis_court	41	tennis_court_116.tif	tennis_court/tennis_court_116.tif	NWPU45_20/train/tennis_court/tennis_court_116.tif
train	tennis_court	41	tennis_court_119.tif	tennis_court/tennis_court_119.tif	NWPU45_20/train/tennis_court/tennis_court_119.tif
train	tennis_court	41	tennis_court_133.tif	tennis_court/tennis_court_133.tif	NWPU45_20/train/tennis_court/tennis_court_133.tif
train	tennis_court	41	tennis_court_139.tif	tennis_court/tennis_court_139.tif	NWPU45_20/train/tennis_court/tennis_court_139.tif
train	tennis_court	41	tennis_court_144.tif	tennis_court/tennis_court_144.tif	NWPU45_20/train/tennis_court/tennis_court_144.tif
train	tennis_court	41	tennis_court_150.tif	tennis_court/tennis_court_150.tif	NWPU45_20/train/tennis_court/tennis_court_150.tif
train	tennis_court	41	tennis_court_151.tif	tennis_court/tennis_court_151.tif	NWPU45_20/train/tennis_court/tennis_court_151.tif
train	tennis_court	41	tennis_court_159.tif	tennis_court/tennis_court_159.tif	NWPU45_20/train/tennis_court/tennis_court_159.tif
train	tennis_court	41	tennis_court_173.tif	tennis_court/tennis_court_173.tif	NWPU45_20/train/tennis_court/tennis_court_173.tif
train	tennis_court	41	tennis_court_175.tif	tennis_court/tennis_court_175.tif	NWPU45_20/train/tennis_court/tennis_court_175.tif
train	tennis_court	41	tennis_court_177.tif	tennis_court/tennis_court_177.tif	NWPU45_20/train/tennis_court/tennis_court_177.tif
train	tennis_court	41	tennis_court_178.tif	tennis_court/tennis_court_178.tif	NWPU45_20/train/tennis_court/tennis_court_178.tif
train	tennis_court	41	tennis_court_181.tif	tennis_court/tennis_court_181.tif	NWPU45_20/train/tennis_court/tennis_court_181.tif
train	tennis_court	41	tennis_court_186.tif	tennis_court/tennis_court_186.tif	NWPU45_20/train/tennis_court/tennis_court_186.tif
train	tennis_court	41	tennis_court_191.tif	tennis_court/tennis_court_191.tif	NWPU45_20/train/tennis_court/tennis_court_191.tif
train	tennis_court	41	tennis_court_193.tif	tennis_court/tennis_court_193.tif	NWPU45_20/train/tennis_court/tennis_court_193.tif
train	tennis_court	41	tennis_court_194.tif	tennis_court/tennis_court_194.tif	NWPU45_20/train/tennis_court/tennis_court_194.tif
train	tennis_court	41	tennis_court_199.tif	tennis_court/tennis_court_199.tif	NWPU45_20/train/tennis_court/tennis_court_199.tif
train	tennis_court	41	tennis_court_201.tif	tennis_court/tennis_court_201.tif	NWPU45_20/train/tennis_court/tennis_court_201.tif
train	tennis_court	41	tennis_court_205.tif	tennis_court/tennis_court_205.tif	NWPU45_20/train/tennis_court/tennis_court_205.tif
train	tennis_court	41	tennis_court_208.tif	tennis_court/tennis_court_208.tif	NWPU45_20/train/tennis_court/tennis_court_208.tif
train	tennis_court	41	tennis_court_210.tif	tennis_court/tennis_court_210.tif	NWPU45_20/train/tennis_court/tennis_court_210.tif
train	tennis_court	41	tennis_court_213.tif	tennis_court/tennis_court_213.tif	NWPU45_20/train/tennis_court/tennis_court_213.tif
train	tennis_court	41	tennis_court_228.tif	tennis_court/tennis_court_228.tif	NWPU45_20/train/tennis_court/tennis_court_228.tif
train	tennis_court	41	tennis_court_242.tif	tennis_court/tennis_court_242.tif	NWPU45_20/train/tennis_court/tennis_court_242.tif
train	tennis_court	41	tennis_court_244.tif	tennis_court/tennis_court_244.tif	NWPU45_20/train/tennis_court/tennis_court_244.tif
train	tennis_court	41	tennis_court_256.tif	tennis_court/tennis_court_256.tif	NWPU45_20/train/tennis_court/tennis_court_256.tif
train	tennis_court	41	tennis_court_257.tif	tennis_court/tennis_court_257.tif	NWPU45_20/train/tennis_court/tennis_court_257.tif
train	tennis_court	41	tennis_court_266.tif	tennis_court/tennis_court_266.tif	NWPU45_20/train/tennis_court/tennis_court_266.tif
train	tennis_court	41	tennis_court_267.tif	tennis_court/tennis_court_267.tif	NWPU45_20/train/tennis_court/tennis_court_267.tif
train	tennis_court	41	tennis_court_269.tif	tennis_court/tennis_court_269.tif	NWPU45_20/train/tennis_court/tennis_court_269.tif
train	tennis_court	41	tennis_court_273.tif	tennis_court/tennis_court_273.tif	NWPU45_20/train/tennis_court/tennis_court_273.tif
train	tennis_court	41	tennis_court_281.tif	tennis_court/tennis_court_281.tif	NWPU45_20/train/tennis_court/tennis_court_281.tif
train	tennis_court	41	tennis_court_294.tif	tennis_court/tennis_court_294.tif	NWPU45_20/train/tennis_court/tennis_court_294.tif
train	tennis_court	41	tennis_court_308.tif	tennis_court/tennis_court_308.tif	NWPU45_20/train/tennis_court/tennis_court_308.tif
train	tennis_court	41	tennis_court_309.tif	tennis_court/tennis_court_309.tif	NWPU45_20/train/tennis_court/tennis_court_309.tif
train	tennis_court	41	tennis_court_311.tif	tennis_court/tennis_court_311.tif	NWPU45_20/train/tennis_court/tennis_court_311.tif
train	tennis_court	41	tennis_court_312.tif	tennis_court/tennis_court_312.tif	NWPU45_20/train/tennis_court/tennis_court_312.tif
train	tennis_court	41	tennis_court_313.tif	tennis_court/tennis_court_313.tif	NWPU45_20/train/tennis_court/tennis_court_313.tif
train	tennis_court	41	tennis_court_316.tif	tennis_court/tennis_court_316.tif	NWPU45_20/train/tennis_court/tennis_court_316.tif
train	tennis_court	41	tennis_court_317.tif	tennis_court/tennis_court_317.tif	NWPU45_20/train/tennis_court/tennis_court_317.tif
train	tennis_court	41	tennis_court_322.tif	tennis_court/tennis_court_322.tif	NWPU45_20/train/tennis_court/tennis_court_322.tif
train	tennis_court	41	tennis_court_325.tif	tennis_court/tennis_court_325.tif	NWPU45_20/train/tennis_court/tennis_court_325.tif
train	tennis_court	41	tennis_court_327.tif	tennis_court/tennis_court_327.tif	NWPU45_20/train/tennis_court/tennis_court_327.tif
train	tennis_court	41	tennis_court_329.tif	tennis_court/tennis_court_329.tif	NWPU45_20/train/tennis_court/tennis_court_329.tif
train	tennis_court	41	tennis_court_336.tif	tennis_court/tennis_court_336.tif	NWPU45_20/train/tennis_court/tennis_court_336.tif
train	tennis_court	41	tennis_court_342.tif	tennis_court/tennis_court_342.tif	NWPU45_20/train/tennis_court/tennis_court_342.tif
train	tennis_court	41	tennis_court_348.tif	tennis_court/tennis_court_348.tif	NWPU45_20/train/tennis_court/tennis_court_348.tif
train	tennis_court	41	tennis_court_351.tif	tennis_court/tennis_court_351.tif	NWPU45_20/train/tennis_court/tennis_court_351.tif
train	tennis_court	41	tennis_court_354.tif	tennis_court/tennis_court_354.tif	NWPU45_20/train/tennis_court/tennis_court_354.tif
train	tennis_court	41	tennis_court_360.tif	tennis_court/tennis_court_360.tif	NWPU45_20/train/tennis_court/tennis_court_360.tif
train	tennis_court	41	tennis_court_365.tif	tennis_court/tennis_court_365.tif	NWPU45_20/train/tennis_court/tennis_court_365.tif
train	tennis_court	41	tennis_court_366.tif	tennis_court/tennis_court_366.tif	NWPU45_20/train/tennis_court/tennis_court_366.tif
train	tennis_court	41	tennis_court_367.tif	tennis_court/tennis_court_367.tif	NWPU45_20/train/tennis_court/tennis_court_367.tif
train	tennis_court	41	tennis_court_376.tif	tennis_court/tennis_court_376.tif	NWPU45_20/train/tennis_court/tennis_court_376.tif
train	tennis_court	41	tennis_court_379.tif	tennis_court/tennis_court_379.tif	NWPU45_20/train/tennis_court/tennis_court_379.tif
train	tennis_court	41	tennis_court_381.tif	tennis_court/tennis_court_381.tif	NWPU45_20/train/tennis_court/tennis_court_381.tif
train	tennis_court	41	tennis_court_385.tif	tennis_court/tennis_court_385.tif	NWPU45_20/train/tennis_court/tennis_court_385.tif
train	tennis_court	41	tennis_court_387.tif	tennis_court/tennis_court_387.tif	NWPU45_20/train/tennis_court/tennis_court_387.tif
train	tennis_court	41	tennis_court_396.tif	tennis_court/tennis_court_396.tif	NWPU45_20/train/tennis_court/tennis_court_396.tif
train	tennis_court	41	tennis_court_397.tif	tennis_court/tennis_court_397.tif	NWPU45_20/train/tennis_court/tennis_court_397.tif
train	tennis_court	41	tennis_court_399.tif	tennis_court/tennis_court_399.tif	NWPU45_20/train/tennis_court/tennis_court_399.tif
train	tennis_court	41	tennis_court_415.tif	tennis_court/tennis_court_415.tif	NWPU45_20/train/tennis_court/tennis_court_415.tif
train	tennis_court	41	tennis_court_416.tif	tennis_court/tennis_court_416.tif	NWPU45_20/train/tennis_court/tennis_court_416.tif
train	tennis_court	41	tennis_court_417.tif	tennis_court/tennis_court_417.tif	NWPU45_20/train/tennis_court/tennis_court_417.tif
train	tennis_court	41	tennis_court_418.tif	tennis_court/tennis_court_418.tif	NWPU45_20/train/tennis_court/tennis_court_418.tif
train	tennis_court	41	tennis_court_420.tif	tennis_court/tennis_court_420.tif	NWPU45_20/train/tennis_court/tennis_court_420.tif
train	tennis_court	41	tennis_court_421.tif	tennis_court/tennis_court_421.tif	NWPU45_20/train/tennis_court/tennis_court_421.tif
train	tennis_court	41	tennis_court_427.tif	tennis_court/tennis_court_427.tif	NWPU45_20/train/tennis_court/tennis_court_427.tif
train	tennis_court	41	tennis_court_454.tif	tennis_court/tennis_court_454.tif	NWPU45_20/train/tennis_court/tennis_court_454.tif
train	tennis_court	41	tennis_court_455.tif	tennis_court/tennis_court_455.tif	NWPU45_20/train/tennis_court/tennis_court_455.tif
train	tennis_court	41	tennis_court_459.tif	tennis_court/tennis_court_459.tif	NWPU45_20/train/tennis_court/tennis_court_459.tif
train	tennis_court	41	tennis_court_468.tif	tennis_court/tennis_court_468.tif	NWPU45_20/train/tennis_court/tennis_court_468.tif
train	tennis_court	41	tennis_court_473.tif	tennis_court/tennis_court_473.tif	NWPU45_20/train/tennis_court/tennis_court_473.tif
train	tennis_court	41	tennis_court_476.tif	tennis_court/tennis_court_476.tif	NWPU45_20/train/tennis_court/tennis_court_476.tif
train	tennis_court	41	tennis_court_478.tif	tennis_court/tennis_court_478.tif	NWPU45_20/train/tennis_court/tennis_court_478.tif
train	tennis_court	41	tennis_court_491.tif	tennis_court/tennis_court_491.tif	NWPU45_20/train/tennis_court/tennis_court_491.tif
train	tennis_court	41	tennis_court_497.tif	tennis_court/tennis_court_497.tif	NWPU45_20/train/tennis_court/tennis_court_497.tif
train	tennis_court	41	tennis_court_505.tif	tennis_court/tennis_court_505.tif	NWPU45_20/train/tennis_court/tennis_court_505.tif
train	tennis_court	41	tennis_court_508.tif	tennis_court/tennis_court_508.tif	NWPU45_20/train/tennis_court/tennis_court_508.tif
train	tennis_court	41	tennis_court_509.tif	tennis_court/tennis_court_509.tif	NWPU45_20/train/tennis_court/tennis_court_509.tif
train	tennis_court	41	tennis_court_516.tif	tennis_court/tennis_court_516.tif	NWPU45_20/train/tennis_court/tennis_court_516.tif
train	tennis_court	41	tennis_court_521.tif	tennis_court/tennis_court_521.tif	NWPU45_20/train/tennis_court/tennis_court_521.tif
train	tennis_court	41	tennis_court_523.tif	tennis_court/tennis_court_523.tif	NWPU45_20/train/tennis_court/tennis_court_523.tif
train	tennis_court	41	tennis_court_527.tif	tennis_court/tennis_court_527.tif	NWPU45_20/train/tennis_court/tennis_court_527.tif
train	tennis_court	41	tennis_court_537.tif	tennis_court/tennis_court_537.tif	NWPU45_20/train/tennis_court/tennis_court_537.tif
train	tennis_court	41	tennis_court_539.tif	tennis_court/tennis_court_539.tif	NWPU45_20/train/tennis_court/tennis_court_539.tif
train	tennis_court	41	tennis_court_543.tif	tennis_court/tennis_court_543.tif	NWPU45_20/train/tennis_court/tennis_court_543.tif
train	tennis_court	41	tennis_court_558.tif	tennis_court/tennis_court_558.tif	NWPU45_20/train/tennis_court/tennis_court_558.tif
train	tennis_court	41	tennis_court_560.tif	tennis_court/tennis_court_560.tif	NWPU45_20/train/tennis_court/tennis_court_560.tif
train	tennis_court	41	tennis_court_563.tif	tennis_court/tennis_court_563.tif	NWPU45_20/train/tennis_court/tennis_court_563.tif
train	tennis_court	41	tennis_court_570.tif	tennis_court/tennis_court_570.tif	NWPU45_20/train/tennis_court/tennis_court_570.tif
train	tennis_court	41	tennis_court_572.tif	tennis_court/tennis_court_572.tif	NWPU45_20/train/tennis_court/tennis_court_572.tif
train	tennis_court	41	tennis_court_574.tif	tennis_court/tennis_court_574.tif	NWPU45_20/train/tennis_court/tennis_court_574.tif
train	tennis_court	41	tennis_court_579.tif	tennis_court/tennis_court_579.tif	NWPU45_20/train/tennis_court/tennis_court_579.tif
train	tennis_court	41	tennis_court_582.tif	tennis_court/tennis_court_582.tif	NWPU45_20/train/tennis_court/tennis_court_582.tif
train	tennis_court	41	tennis_court_584.tif	tennis_court/tennis_court_584.tif	NWPU45_20/train/tennis_court/tennis_court_584.tif
train	tennis_court	41	tennis_court_587.tif	tennis_court/tennis_court_587.tif	NWPU45_20/train/tennis_court/tennis_court_587.tif
train	tennis_court	41	tennis_court_588.tif	tennis_court/tennis_court_588.tif	NWPU45_20/train/tennis_court/tennis_court_588.tif
train	tennis_court	41	tennis_court_595.tif	tennis_court/tennis_court_595.tif	NWPU45_20/train/tennis_court/tennis_court_595.tif
train	tennis_court	41	tennis_court_621.tif	tennis_court/tennis_court_621.tif	NWPU45_20/train/tennis_court/tennis_court_621.tif
train	tennis_court	41	tennis_court_630.tif	tennis_court/tennis_court_630.tif	NWPU45_20/train/tennis_court/tennis_court_630.tif
train	tennis_court	41	tennis_court_631.tif	tennis_court/tennis_court_631.tif	NWPU45_20/train/tennis_court/tennis_court_631.tif
train	tennis_court	41	tennis_court_635.tif	tennis_court/tennis_court_635.tif	NWPU45_20/train/tennis_court/tennis_court_635.tif
train	tennis_court	41	tennis_court_640.tif	tennis_court/tennis_court_640.tif	NWPU45_20/train/tennis_court/tennis_court_640.tif
train	tennis_court	41	tennis_court_641.tif	tennis_court/tennis_court_641.tif	NWPU45_20/train/tennis_court/tennis_court_641.tif
train	tennis_court	41	tennis_court_643.tif	tennis_court/tennis_court_643.tif	NWPU45_20/train/tennis_court/tennis_court_643.tif
train	tennis_court	41	tennis_court_660.tif	tennis_court/tennis_court_660.tif	NWPU45_20/train/tennis_court/tennis_court_660.tif
train	tennis_court	41	tennis_court_662.tif	tennis_court/tennis_court_662.tif	NWPU45_20/train/tennis_court/tennis_court_662.tif
train	tennis_court	41	tennis_court_673.tif	tennis_court/tennis_court_673.tif	NWPU45_20/train/tennis_court/tennis_court_673.tif
train	tennis_court	41	tennis_court_674.tif	tennis_court/tennis_court_674.tif	NWPU45_20/train/tennis_court/tennis_court_674.tif
train	tennis_court	41	tennis_court_690.tif	tennis_court/tennis_court_690.tif	NWPU45_20/train/tennis_court/tennis_court_690.tif
train	tennis_court	41	tennis_court_695.tif	tennis_court/tennis_court_695.tif	NWPU45_20/train/tennis_court/tennis_court_695.tif
train	terrace	42	terrace_003.tif	terrace/terrace_003.tif	NWPU45_20/train/terrace/terrace_003.tif
train	terrace	42	terrace_006.tif	terrace/terrace_006.tif	NWPU45_20/train/terrace/terrace_006.tif
train	terrace	42	terrace_009.tif	terrace/terrace_009.tif	NWPU45_20/train/terrace/terrace_009.tif
train	terrace	42	terrace_011.tif	terrace/terrace_011.tif	NWPU45_20/train/terrace/terrace_011.tif
train	terrace	42	terrace_014.tif	terrace/terrace_014.tif	NWPU45_20/train/terrace/terrace_014.tif
train	terrace	42	terrace_015.tif	terrace/terrace_015.tif	NWPU45_20/train/terrace/terrace_015.tif
train	terrace	42	terrace_016.tif	terrace/terrace_016.tif	NWPU45_20/train/terrace/terrace_016.tif
train	terrace	42	terrace_025.tif	terrace/terrace_025.tif	NWPU45_20/train/terrace/terrace_025.tif
train	terrace	42	terrace_029.tif	terrace/terrace_029.tif	NWPU45_20/train/terrace/terrace_029.tif
train	terrace	42	terrace_034.tif	terrace/terrace_034.tif	NWPU45_20/train/terrace/terrace_034.tif
train	terrace	42	terrace_040.tif	terrace/terrace_040.tif	NWPU45_20/train/terrace/terrace_040.tif
train	terrace	42	terrace_041.tif	terrace/terrace_041.tif	NWPU45_20/train/terrace/terrace_041.tif
train	terrace	42	terrace_043.tif	terrace/terrace_043.tif	NWPU45_20/train/terrace/terrace_043.tif
train	terrace	42	terrace_057.tif	terrace/terrace_057.tif	NWPU45_20/train/terrace/terrace_057.tif
train	terrace	42	terrace_059.tif	terrace/terrace_059.tif	NWPU45_20/train/terrace/terrace_059.tif
train	terrace	42	terrace_064.tif	terrace/terrace_064.tif	NWPU45_20/train/terrace/terrace_064.tif
train	terrace	42	terrace_065.tif	terrace/terrace_065.tif	NWPU45_20/train/terrace/terrace_065.tif
train	terrace	42	terrace_070.tif	terrace/terrace_070.tif	NWPU45_20/train/terrace/terrace_070.tif
train	terrace	42	terrace_075.tif	terrace/terrace_075.tif	NWPU45_20/train/terrace/terrace_075.tif
train	terrace	42	terrace_079.tif	terrace/terrace_079.tif	NWPU45_20/train/terrace/terrace_079.tif
train	terrace	42	terrace_087.tif	terrace/terrace_087.tif	NWPU45_20/train/terrace/terrace_087.tif
train	terrace	42	terrace_093.tif	terrace/terrace_093.tif	NWPU45_20/train/terrace/terrace_093.tif
train	terrace	42	terrace_097.tif	terrace/terrace_097.tif	NWPU45_20/train/terrace/terrace_097.tif
train	terrace	42	terrace_101.tif	terrace/terrace_101.tif	NWPU45_20/train/terrace/terrace_101.tif
train	terrace	42	terrace_102.tif	terrace/terrace_102.tif	NWPU45_20/train/terrace/terrace_102.tif
train	terrace	42	terrace_106.tif	terrace/terrace_106.tif	NWPU45_20/train/terrace/terrace_106.tif
train	terrace	42	terrace_107.tif	terrace/terrace_107.tif	NWPU45_20/train/terrace/terrace_107.tif
train	terrace	42	terrace_116.tif	terrace/terrace_116.tif	NWPU45_20/train/terrace/terrace_116.tif
train	terrace	42	terrace_119.tif	terrace/terrace_119.tif	NWPU45_20/train/terrace/terrace_119.tif
train	terrace	42	terrace_133.tif	terrace/terrace_133.tif	NWPU45_20/train/terrace/terrace_133.tif
train	terrace	42	terrace_139.tif	terrace/terrace_139.tif	NWPU45_20/train/terrace/terrace_139.tif
train	terrace	42	terrace_144.tif	terrace/terrace_144.tif	NWPU45_20/train/terrace/terrace_144.tif
train	terrace	42	terrace_150.tif	terrace/terrace_150.tif	NWPU45_20/train/terrace/terrace_150.tif
train	terrace	42	terrace_151.tif	terrace/terrace_151.tif	NWPU45_20/train/terrace/terrace_151.tif
train	terrace	42	terrace_159.tif	terrace/terrace_159.tif	NWPU45_20/train/terrace/terrace_159.tif
train	terrace	42	terrace_173.tif	terrace/terrace_173.tif	NWPU45_20/train/terrace/terrace_173.tif
train	terrace	42	terrace_175.tif	terrace/terrace_175.tif	NWPU45_20/train/terrace/terrace_175.tif
train	terrace	42	terrace_177.tif	terrace/terrace_177.tif	NWPU45_20/train/terrace/terrace_177.tif
train	terrace	42	terrace_178.tif	terrace/terrace_178.tif	NWPU45_20/train/terrace/terrace_178.tif
train	terrace	42	terrace_181.tif	terrace/terrace_181.tif	NWPU45_20/train/terrace/terrace_181.tif
train	terrace	42	terrace_186.tif	terrace/terrace_186.tif	NWPU45_20/train/terrace/terrace_186.tif
train	terrace	42	terrace_191.tif	terrace/terrace_191.tif	NWPU45_20/train/terrace/terrace_191.tif
train	terrace	42	terrace_193.tif	terrace/terrace_193.tif	NWPU45_20/train/terrace/terrace_193.tif
train	terrace	42	terrace_194.tif	terrace/terrace_194.tif	NWPU45_20/train/terrace/terrace_194.tif
train	terrace	42	terrace_199.tif	terrace/terrace_199.tif	NWPU45_20/train/terrace/terrace_199.tif
train	terrace	42	terrace_201.tif	terrace/terrace_201.tif	NWPU45_20/train/terrace/terrace_201.tif
train	terrace	42	terrace_205.tif	terrace/terrace_205.tif	NWPU45_20/train/terrace/terrace_205.tif
train	terrace	42	terrace_208.tif	terrace/terrace_208.tif	NWPU45_20/train/terrace/terrace_208.tif
train	terrace	42	terrace_210.tif	terrace/terrace_210.tif	NWPU45_20/train/terrace/terrace_210.tif
train	terrace	42	terrace_213.tif	terrace/terrace_213.tif	NWPU45_20/train/terrace/terrace_213.tif
train	terrace	42	terrace_228.tif	terrace/terrace_228.tif	NWPU45_20/train/terrace/terrace_228.tif
train	terrace	42	terrace_242.tif	terrace/terrace_242.tif	NWPU45_20/train/terrace/terrace_242.tif
train	terrace	42	terrace_244.tif	terrace/terrace_244.tif	NWPU45_20/train/terrace/terrace_244.tif
train	terrace	42	terrace_256.tif	terrace/terrace_256.tif	NWPU45_20/train/terrace/terrace_256.tif
train	terrace	42	terrace_257.tif	terrace/terrace_257.tif	NWPU45_20/train/terrace/terrace_257.tif
train	terrace	42	terrace_266.tif	terrace/terrace_266.tif	NWPU45_20/train/terrace/terrace_266.tif
train	terrace	42	terrace_267.tif	terrace/terrace_267.tif	NWPU45_20/train/terrace/terrace_267.tif
train	terrace	42	terrace_269.tif	terrace/terrace_269.tif	NWPU45_20/train/terrace/terrace_269.tif
train	terrace	42	terrace_273.tif	terrace/terrace_273.tif	NWPU45_20/train/terrace/terrace_273.tif
train	terrace	42	terrace_281.tif	terrace/terrace_281.tif	NWPU45_20/train/terrace/terrace_281.tif
train	terrace	42	terrace_294.tif	terrace/terrace_294.tif	NWPU45_20/train/terrace/terrace_294.tif
train	terrace	42	terrace_308.tif	terrace/terrace_308.tif	NWPU45_20/train/terrace/terrace_308.tif
train	terrace	42	terrace_309.tif	terrace/terrace_309.tif	NWPU45_20/train/terrace/terrace_309.tif
train	terrace	42	terrace_311.tif	terrace/terrace_311.tif	NWPU45_20/train/terrace/terrace_311.tif
train	terrace	42	terrace_312.tif	terrace/terrace_312.tif	NWPU45_20/train/terrace/terrace_312.tif
train	terrace	42	terrace_313.tif	terrace/terrace_313.tif	NWPU45_20/train/terrace/terrace_313.tif
train	terrace	42	terrace_316.tif	terrace/terrace_316.tif	NWPU45_20/train/terrace/terrace_316.tif
train	terrace	42	terrace_317.tif	terrace/terrace_317.tif	NWPU45_20/train/terrace/terrace_317.tif
train	terrace	42	terrace_322.tif	terrace/terrace_322.tif	NWPU45_20/train/terrace/terrace_322.tif
train	terrace	42	terrace_325.tif	terrace/terrace_325.tif	NWPU45_20/train/terrace/terrace_325.tif
train	terrace	42	terrace_327.tif	terrace/terrace_327.tif	NWPU45_20/train/terrace/terrace_327.tif
train	terrace	42	terrace_329.tif	terrace/terrace_329.tif	NWPU45_20/train/terrace/terrace_329.tif
train	terrace	42	terrace_336.tif	terrace/terrace_336.tif	NWPU45_20/train/terrace/terrace_336.tif
train	terrace	42	terrace_342.tif	terrace/terrace_342.tif	NWPU45_20/train/terrace/terrace_342.tif
train	terrace	42	terrace_348.tif	terrace/terrace_348.tif	NWPU45_20/train/terrace/terrace_348.tif
train	terrace	42	terrace_351.tif	terrace/terrace_351.tif	NWPU45_20/train/terrace/terrace_351.tif
train	terrace	42	terrace_354.tif	terrace/terrace_354.tif	NWPU45_20/train/terrace/terrace_354.tif
train	terrace	42	terrace_360.tif	terrace/terrace_360.tif	NWPU45_20/train/terrace/terrace_360.tif
train	terrace	42	terrace_365.tif	terrace/terrace_365.tif	NWPU45_20/train/terrace/terrace_365.tif
train	terrace	42	terrace_366.tif	terrace/terrace_366.tif	NWPU45_20/train/terrace/terrace_366.tif
train	terrace	42	terrace_367.tif	terrace/terrace_367.tif	NWPU45_20/train/terrace/terrace_367.tif
train	terrace	42	terrace_376.tif	terrace/terrace_376.tif	NWPU45_20/train/terrace/terrace_376.tif
train	terrace	42	terrace_379.tif	terrace/terrace_379.tif	NWPU45_20/train/terrace/terrace_379.tif
train	terrace	42	terrace_381.tif	terrace/terrace_381.tif	NWPU45_20/train/terrace/terrace_381.tif
train	terrace	42	terrace_385.tif	terrace/terrace_385.tif	NWPU45_20/train/terrace/terrace_385.tif
train	terrace	42	terrace_387.tif	terrace/terrace_387.tif	NWPU45_20/train/terrace/terrace_387.tif
train	terrace	42	terrace_396.tif	terrace/terrace_396.tif	NWPU45_20/train/terrace/terrace_396.tif
train	terrace	42	terrace_397.tif	terrace/terrace_397.tif	NWPU45_20/train/terrace/terrace_397.tif
train	terrace	42	terrace_399.tif	terrace/terrace_399.tif	NWPU45_20/train/terrace/terrace_399.tif
train	terrace	42	terrace_415.tif	terrace/terrace_415.tif	NWPU45_20/train/terrace/terrace_415.tif
train	terrace	42	terrace_416.tif	terrace/terrace_416.tif	NWPU45_20/train/terrace/terrace_416.tif
train	terrace	42	terrace_417.tif	terrace/terrace_417.tif	NWPU45_20/train/terrace/terrace_417.tif
train	terrace	42	terrace_418.tif	terrace/terrace_418.tif	NWPU45_20/train/terrace/terrace_418.tif
train	terrace	42	terrace_420.tif	terrace/terrace_420.tif	NWPU45_20/train/terrace/terrace_420.tif
train	terrace	42	terrace_421.tif	terrace/terrace_421.tif	NWPU45_20/train/terrace/terrace_421.tif
train	terrace	42	terrace_427.tif	terrace/terrace_427.tif	NWPU45_20/train/terrace/terrace_427.tif
train	terrace	42	terrace_454.tif	terrace/terrace_454.tif	NWPU45_20/train/terrace/terrace_454.tif
train	terrace	42	terrace_455.tif	terrace/terrace_455.tif	NWPU45_20/train/terrace/terrace_455.tif
train	terrace	42	terrace_459.tif	terrace/terrace_459.tif	NWPU45_20/train/terrace/terrace_459.tif
train	terrace	42	terrace_468.tif	terrace/terrace_468.tif	NWPU45_20/train/terrace/terrace_468.tif
train	terrace	42	terrace_473.tif	terrace/terrace_473.tif	NWPU45_20/train/terrace/terrace_473.tif
train	terrace	42	terrace_476.tif	terrace/terrace_476.tif	NWPU45_20/train/terrace/terrace_476.tif
train	terrace	42	terrace_478.tif	terrace/terrace_478.tif	NWPU45_20/train/terrace/terrace_478.tif
train	terrace	42	terrace_491.tif	terrace/terrace_491.tif	NWPU45_20/train/terrace/terrace_491.tif
train	terrace	42	terrace_497.tif	terrace/terrace_497.tif	NWPU45_20/train/terrace/terrace_497.tif
train	terrace	42	terrace_505.tif	terrace/terrace_505.tif	NWPU45_20/train/terrace/terrace_505.tif
train	terrace	42	terrace_508.tif	terrace/terrace_508.tif	NWPU45_20/train/terrace/terrace_508.tif
train	terrace	42	terrace_509.tif	terrace/terrace_509.tif	NWPU45_20/train/terrace/terrace_509.tif
train	terrace	42	terrace_516.tif	terrace/terrace_516.tif	NWPU45_20/train/terrace/terrace_516.tif
train	terrace	42	terrace_521.tif	terrace/terrace_521.tif	NWPU45_20/train/terrace/terrace_521.tif
train	terrace	42	terrace_523.tif	terrace/terrace_523.tif	NWPU45_20/train/terrace/terrace_523.tif
train	terrace	42	terrace_527.tif	terrace/terrace_527.tif	NWPU45_20/train/terrace/terrace_527.tif
train	terrace	42	terrace_537.tif	terrace/terrace_537.tif	NWPU45_20/train/terrace/terrace_537.tif
train	terrace	42	terrace_539.tif	terrace/terrace_539.tif	NWPU45_20/train/terrace/terrace_539.tif
train	terrace	42	terrace_543.tif	terrace/terrace_543.tif	NWPU45_20/train/terrace/terrace_543.tif
train	terrace	42	terrace_558.tif	terrace/terrace_558.tif	NWPU45_20/train/terrace/terrace_558.tif
train	terrace	42	terrace_560.tif	terrace/terrace_560.tif	NWPU45_20/train/terrace/terrace_560.tif
train	terrace	42	terrace_563.tif	terrace/terrace_563.tif	NWPU45_20/train/terrace/terrace_563.tif
train	terrace	42	terrace_570.tif	terrace/terrace_570.tif	NWPU45_20/train/terrace/terrace_570.tif
train	terrace	42	terrace_572.tif	terrace/terrace_572.tif	NWPU45_20/train/terrace/terrace_572.tif
train	terrace	42	terrace_574.tif	terrace/terrace_574.tif	NWPU45_20/train/terrace/terrace_574.tif
train	terrace	42	terrace_579.tif	terrace/terrace_579.tif	NWPU45_20/train/terrace/terrace_579.tif
train	terrace	42	terrace_582.tif	terrace/terrace_582.tif	NWPU45_20/train/terrace/terrace_582.tif
train	terrace	42	terrace_584.tif	terrace/terrace_584.tif	NWPU45_20/train/terrace/terrace_584.tif
train	terrace	42	terrace_587.tif	terrace/terrace_587.tif	NWPU45_20/train/terrace/terrace_587.tif
train	terrace	42	terrace_588.tif	terrace/terrace_588.tif	NWPU45_20/train/terrace/terrace_588.tif
train	terrace	42	terrace_595.tif	terrace/terrace_595.tif	NWPU45_20/train/terrace/terrace_595.tif
train	terrace	42	terrace_621.tif	terrace/terrace_621.tif	NWPU45_20/train/terrace/terrace_621.tif
train	terrace	42	terrace_630.tif	terrace/terrace_630.tif	NWPU45_20/train/terrace/terrace_630.tif
train	terrace	42	terrace_631.tif	terrace/terrace_631.tif	NWPU45_20/train/terrace/terrace_631.tif
train	terrace	42	terrace_635.tif	terrace/terrace_635.tif	NWPU45_20/train/terrace/terrace_635.tif
train	terrace	42	terrace_640.tif	terrace/terrace_640.tif	NWPU45_20/train/terrace/terrace_640.tif
train	terrace	42	terrace_641.tif	terrace/terrace_641.tif	NWPU45_20/train/terrace/terrace_641.tif
train	terrace	42	terrace_643.tif	terrace/terrace_643.tif	NWPU45_20/train/terrace/terrace_643.tif
train	terrace	42	terrace_660.tif	terrace/terrace_660.tif	NWPU45_20/train/terrace/terrace_660.tif
train	terrace	42	terrace_662.tif	terrace/terrace_662.tif	NWPU45_20/train/terrace/terrace_662.tif
train	terrace	42	terrace_673.tif	terrace/terrace_673.tif	NWPU45_20/train/terrace/terrace_673.tif
train	terrace	42	terrace_674.tif	terrace/terrace_674.tif	NWPU45_20/train/terrace/terrace_674.tif
train	terrace	42	terrace_690.tif	terrace/terrace_690.tif	NWPU45_20/train/terrace/terrace_690.tif
train	terrace	42	terrace_695.tif	terrace/terrace_695.tif	NWPU45_20/train/terrace/terrace_695.tif
train	thermal_power_station	43	thermal_power_station_003.tif	thermal_power_station/thermal_power_station_003.tif	NWPU45_20/train/thermal_power_station/thermal_power_station_003.tif
train	thermal_power_station	43	thermal_power_station_006.tif	thermal_power_station/thermal_power_station_006.tif	NWPU45_20/train/thermal_power_station/thermal_power_station_006.tif
train	thermal_power_station	43	thermal_power_station_009.tif	thermal_power_station/thermal_power_station_009.tif	NWPU45_20/train/thermal_power_station/thermal_power_station_009.tif
train	thermal_power_station	43	thermal_power_station_011.tif	thermal_power_station/thermal_power_station_011.tif	NWPU45_20/train/thermal_power_station/thermal_power_station_011.tif
train	thermal_power_station	43	thermal_power_station_014.tif	thermal_power_station/thermal_power_station_014.tif	NWPU45_20/train/thermal_power_station/thermal_power_station_014.tif
train	thermal_power_station	43	thermal_power_station_015.tif	thermal_power_station/thermal_power_station_015.tif	NWPU45_20/train/thermal_power_station/thermal_power_station_015.tif
train	thermal_power_station	43	thermal_power_station_016.tif	thermal_power_station/thermal_power_station_016.tif	NWPU45_20/train/thermal_power_station/thermal_power_station_016.tif
train	thermal_power_station	43	thermal_power_station_025.tif	thermal_power_station/thermal_power_station_025.tif	NWPU45_20/train/thermal_power_station/thermal_power_station_025.tif
train	thermal_power_station	43	thermal_power_station_029.tif	thermal_power_station/thermal_power_station_029.tif	NWPU45_20/train/thermal_power_station/thermal_power_station_029.tif
train	thermal_power_station	43	thermal_power_station_034.tif	thermal_power_station/thermal_power_station_034.tif	NWPU45_20/train/thermal_power_station/thermal_power_station_034.tif
train	thermal_power_station	43	thermal_power_station_040.tif	thermal_power_station/thermal_power_station_040.tif	NWPU45_20/train/thermal_power_station/thermal_power_station_040.tif
train	thermal_power_station	43	thermal_power_station_041.tif	thermal_power_station/thermal_power_station_041.tif	NWPU45_20/train/thermal_power_station/thermal_power_station_041.tif
train	thermal_power_station	43	thermal_power_station_043.tif	thermal_power_station/thermal_power_station_043.tif	NWPU45_20/train/thermal_power_station/thermal_power_station_043.tif
train	thermal_power_station	43	thermal_power_station_057.tif	thermal_power_station/thermal_power_station_057.tif	NWPU45_20/train/thermal_power_station/thermal_power_station_057.tif
train	thermal_power_station	43	thermal_power_station_059.tif	thermal_power_station/thermal_power_station_059.tif	NWPU45_20/train/thermal_power_station/thermal_power_station_059.tif
train	thermal_power_station	43	thermal_power_station_064.tif	thermal_power_station/thermal_power_station_064.tif	NWPU45_20/train/thermal_power_station/thermal_power_station_064.tif
train	thermal_power_station	43	thermal_power_station_065.tif	thermal_power_station/thermal_power_station_065.tif	NWPU45_20/train/thermal_power_station/thermal_power_station_065.tif
train	thermal_power_station	43	thermal_power_station_070.tif	thermal_power_station/thermal_power_station_070.tif	NWPU45_20/train/thermal_power_station/thermal_power_station_070.tif
train	thermal_power_station	43	thermal_power_station_075.tif	thermal_power_station/thermal_power_station_075.tif	NWPU45_20/train/thermal_power_station/thermal_power_station_075.tif
train	thermal_power_station	43	thermal_power_station_079.tif	thermal_power_station/thermal_power_station_079.tif	NWPU45_20/train/thermal_power_station/thermal_power_station_079.tif
train	thermal_power_station	43	thermal_power_station_087.tif	thermal_power_station/thermal_power_station_087.tif	NWPU45_20/train/thermal_power_station/thermal_power_station_087.tif
train	thermal_power_station	43	thermal_power_station_093.tif	thermal_power_station/thermal_power_station_093.tif	NWPU45_20/train/thermal_power_station/thermal_power_station_093.tif
train	thermal_power_station	43	thermal_power_station_097.tif	thermal_power_station/thermal_power_station_097.tif	NWPU45_20/train/thermal_power_station/thermal_power_station_097.tif
train	thermal_power_station	43	thermal_power_station_101.tif	thermal_power_station/thermal_power_station_101.tif	NWPU45_20/train/thermal_power_station/thermal_power_station_101.tif
train	thermal_power_station	43	thermal_power_station_102.tif	thermal_power_station/thermal_power_station_102.tif	NWPU45_20/train/thermal_power_station/thermal_power_station_102.tif
train	thermal_power_station	43	thermal_power_station_106.tif	thermal_power_station/thermal_power_station_106.tif	NWPU45_20/train/thermal_power_station/thermal_power_station_106.tif
train	thermal_power_station	43	thermal_power_station_107.tif	thermal_power_station/thermal_power_station_107.tif	NWPU45_20/train/thermal_power_station/thermal_power_station_107.tif
train	thermal_power_station	43	thermal_power_station_116.tif	thermal_power_station/thermal_power_station_116.tif	NWPU45_20/train/thermal_power_station/thermal_power_station_116.tif
train	thermal_power_station	43	thermal_power_station_119.tif	thermal_power_station/thermal_power_station_119.tif	NWPU45_20/train/thermal_power_station/thermal_power_station_119.tif
train	thermal_power_station	43	thermal_power_station_133.tif	thermal_power_station/thermal_power_station_133.tif	NWPU45_20/train/thermal_power_station/thermal_power_station_133.tif
train	thermal_power_station	43	thermal_power_station_139.tif	thermal_power_station/thermal_power_station_139.tif	NWPU45_20/train/thermal_power_station/thermal_power_station_139.tif
train	thermal_power_station	43	thermal_power_station_144.tif	thermal_power_station/thermal_power_station_144.tif	NWPU45_20/train/thermal_power_station/thermal_power_station_144.tif
train	thermal_power_station	43	thermal_power_station_150.tif	thermal_power_station/thermal_power_station_150.tif	NWPU45_20/train/thermal_power_station/thermal_power_station_150.tif
train	thermal_power_station	43	thermal_power_station_151.tif	thermal_power_station/thermal_power_station_151.tif	NWPU45_20/train/thermal_power_station/thermal_power_station_151.tif
train	thermal_power_station	43	thermal_power_station_159.tif	thermal_power_station/thermal_power_station_159.tif	NWPU45_20/train/thermal_power_station/thermal_power_station_159.tif
train	thermal_power_station	43	thermal_power_station_173.tif	thermal_power_station/thermal_power_station_173.tif	NWPU45_20/train/thermal_power_station/thermal_power_station_173.tif
train	thermal_power_station	43	thermal_power_station_175.tif	thermal_power_station/thermal_power_station_175.tif	NWPU45_20/train/thermal_power_station/thermal_power_station_175.tif
train	thermal_power_station	43	thermal_power_station_177.tif	thermal_power_station/thermal_power_station_177.tif	NWPU45_20/train/thermal_power_station/thermal_power_station_177.tif
train	thermal_power_station	43	thermal_power_station_178.tif	thermal_power_station/thermal_power_station_178.tif	NWPU45_20/train/thermal_power_station/thermal_power_station_178.tif
train	thermal_power_station	43	thermal_power_station_181.tif	thermal_power_station/thermal_power_station_181.tif	NWPU45_20/train/thermal_power_station/thermal_power_station_181.tif
train	thermal_power_station	43	thermal_power_station_186.tif	thermal_power_station/thermal_power_station_186.tif	NWPU45_20/train/thermal_power_station/thermal_power_station_186.tif
train	thermal_power_station	43	thermal_power_station_191.tif	thermal_power_station/thermal_power_station_191.tif	NWPU45_20/train/thermal_power_station/thermal_power_station_191.tif
train	thermal_power_station	43	thermal_power_station_193.tif	thermal_power_station/thermal_power_station_193.tif	NWPU45_20/train/thermal_power_station/thermal_power_station_193.tif
train	thermal_power_station	43	thermal_power_station_194.tif	thermal_power_station/thermal_power_station_194.tif	NWPU45_20/train/thermal_power_station/thermal_power_station_194.tif
train	thermal_power_station	43	thermal_power_station_199.tif	thermal_power_station/thermal_power_station_199.tif	NWPU45_20/train/thermal_power_station/thermal_power_station_199.tif
train	thermal_power_station	43	thermal_power_station_201.tif	thermal_power_station/thermal_power_station_201.tif	NWPU45_20/train/thermal_power_station/thermal_power_station_201.tif
train	thermal_power_station	43	thermal_power_station_205.tif	thermal_power_station/thermal_power_station_205.tif	NWPU45_20/train/thermal_power_station/thermal_power_station_205.tif
train	thermal_power_station	43	thermal_power_station_208.tif	thermal_power_station/thermal_power_station_208.tif	NWPU45_20/train/thermal_power_station/thermal_power_station_208.tif
train	thermal_power_station	43	thermal_power_station_210.tif	thermal_power_station/thermal_power_station_210.tif	NWPU45_20/train/thermal_power_station/thermal_power_station_210.tif
train	thermal_power_station	43	thermal_power_station_213.tif	thermal_power_station/thermal_power_station_213.tif	NWPU45_20/train/thermal_power_station/thermal_power_station_213.tif
train	thermal_power_station	43	thermal_power_station_228.tif	thermal_power_station/thermal_power_station_228.tif	NWPU45_20/train/thermal_power_station/thermal_power_station_228.tif
train	thermal_power_station	43	thermal_power_station_242.tif	thermal_power_station/thermal_power_station_242.tif	NWPU45_20/train/thermal_power_station/thermal_power_station_242.tif
train	thermal_power_station	43	thermal_power_station_244.tif	thermal_power_station/thermal_power_station_244.tif	NWPU45_20/train/thermal_power_station/thermal_power_station_244.tif
train	thermal_power_station	43	thermal_power_station_256.tif	thermal_power_station/thermal_power_station_256.tif	NWPU45_20/train/thermal_power_station/thermal_power_station_256.tif
train	thermal_power_station	43	thermal_power_station_257.tif	thermal_power_station/thermal_power_station_257.tif	NWPU45_20/train/thermal_power_station/thermal_power_station_257.tif
train	thermal_power_station	43	thermal_power_station_266.tif	thermal_power_station/thermal_power_station_266.tif	NWPU45_20/train/thermal_power_station/thermal_power_station_266.tif
train	thermal_power_station	43	thermal_power_station_267.tif	thermal_power_station/thermal_power_station_267.tif	NWPU45_20/train/thermal_power_station/thermal_power_station_267.tif
train	thermal_power_station	43	thermal_power_station_269.tif	thermal_power_station/thermal_power_station_269.tif	NWPU45_20/train/thermal_power_station/thermal_power_station_269.tif
train	thermal_power_station	43	thermal_power_station_273.tif	thermal_power_station/thermal_power_station_273.tif	NWPU45_20/train/thermal_power_station/thermal_power_station_273.tif
train	thermal_power_station	43	thermal_power_station_281.tif	thermal_power_station/thermal_power_station_281.tif	NWPU45_20/train/thermal_power_station/thermal_power_station_281.tif
train	thermal_power_station	43	thermal_power_station_294.tif	thermal_power_station/thermal_power_station_294.tif	NWPU45_20/train/thermal_power_station/thermal_power_station_294.tif
train	thermal_power_station	43	thermal_power_station_308.tif	thermal_power_station/thermal_power_station_308.tif	NWPU45_20/train/thermal_power_station/thermal_power_station_308.tif
train	thermal_power_station	43	thermal_power_station_309.tif	thermal_power_station/thermal_power_station_309.tif	NWPU45_20/train/thermal_power_station/thermal_power_station_309.tif
train	thermal_power_station	43	thermal_power_station_311.tif	thermal_power_station/thermal_power_station_311.tif	NWPU45_20/train/thermal_power_station/thermal_power_station_311.tif
train	thermal_power_station	43	thermal_power_station_312.tif	thermal_power_station/thermal_power_station_312.tif	NWPU45_20/train/thermal_power_station/thermal_power_station_312.tif
train	thermal_power_station	43	thermal_power_station_313.tif	thermal_power_station/thermal_power_station_313.tif	NWPU45_20/train/thermal_power_station/thermal_power_station_313.tif
train	thermal_power_station	43	thermal_power_station_316.tif	thermal_power_station/thermal_power_station_316.tif	NWPU45_20/train/thermal_power_station/thermal_power_station_316.tif
train	thermal_power_station	43	thermal_power_station_317.tif	thermal_power_station/thermal_power_station_317.tif	NWPU45_20/train/thermal_power_station/thermal_power_station_317.tif
train	thermal_power_station	43	thermal_power_station_322.tif	thermal_power_station/thermal_power_station_322.tif	NWPU45_20/train/thermal_power_station/thermal_power_station_322.tif
train	thermal_power_station	43	thermal_power_station_325.tif	thermal_power_station/thermal_power_station_325.tif	NWPU45_20/train/thermal_power_station/thermal_power_station_325.tif
train	thermal_power_station	43	thermal_power_station_327.tif	thermal_power_station/thermal_power_station_327.tif	NWPU45_20/train/thermal_power_station/thermal_power_station_327.tif
train	thermal_power_station	43	thermal_power_station_329.tif	thermal_power_station/thermal_power_station_329.tif	NWPU45_20/train/thermal_power_station/thermal_power_station_329.tif
train	thermal_power_station	43	thermal_power_station_336.tif	thermal_power_station/thermal_power_station_336.tif	NWPU45_20/train/thermal_power_station/thermal_power_station_336.tif
train	thermal_power_station	43	thermal_power_station_342.tif	thermal_power_station/thermal_power_station_342.tif	NWPU45_20/train/thermal_power_station/thermal_power_station_342.tif
train	thermal_power_station	43	thermal_power_station_348.tif	thermal_power_station/thermal_power_station_348.tif	NWPU45_20/train/thermal_power_station/thermal_power_station_348.tif
train	thermal_power_station	43	thermal_power_station_351.tif	thermal_power_station/thermal_power_station_351.tif	NWPU45_20/train/thermal_power_station/thermal_power_station_351.tif
train	thermal_power_station	43	thermal_power_station_354.tif	thermal_power_station/thermal_power_station_354.tif	NWPU45_20/train/thermal_power_station/thermal_power_station_354.tif
train	thermal_power_station	43	thermal_power_station_360.tif	thermal_power_station/thermal_power_station_360.tif	NWPU45_20/train/thermal_power_station/thermal_power_station_360.tif
train	thermal_power_station	43	thermal_power_station_365.tif	thermal_power_station/thermal_power_station_365.tif	NWPU45_20/train/thermal_power_station/thermal_power_station_365.tif
train	thermal_power_station	43	thermal_power_station_366.tif	thermal_power_station/thermal_power_station_366.tif	NWPU45_20/train/thermal_power_station/thermal_power_station_366.tif
train	thermal_power_station	43	thermal_power_station_367.tif	thermal_power_station/thermal_power_station_367.tif	NWPU45_20/train/thermal_power_station/thermal_power_station_367.tif
train	thermal_power_station	43	thermal_power_station_376.tif	thermal_power_station/thermal_power_station_376.tif	NWPU45_20/train/thermal_power_station/thermal_power_station_376.tif
train	thermal_power_station	43	thermal_power_station_379.tif	thermal_power_station/thermal_power_station_379.tif	NWPU45_20/train/thermal_power_station/thermal_power_station_379.tif
train	thermal_power_station	43	thermal_power_station_381.tif	thermal_power_station/thermal_power_station_381.tif	NWPU45_20/train/thermal_power_station/thermal_power_station_381.tif
train	thermal_power_station	43	thermal_power_station_385.tif	thermal_power_station/thermal_power_station_385.tif	NWPU45_20/train/thermal_power_station/thermal_power_station_385.tif
train	thermal_power_station	43	thermal_power_station_387.tif	thermal_power_station/thermal_power_station_387.tif	NWPU45_20/train/thermal_power_station/thermal_power_station_387.tif
train	thermal_power_station	43	thermal_power_station_396.tif	thermal_power_station/thermal_power_station_396.tif	NWPU45_20/train/thermal_power_station/thermal_power_station_396.tif
train	thermal_power_station	43	thermal_power_station_397.tif	thermal_power_station/thermal_power_station_397.tif	NWPU45_20/train/thermal_power_station/thermal_power_station_397.tif
train	thermal_power_station	43	thermal_power_station_399.tif	thermal_power_station/thermal_power_station_399.tif	NWPU45_20/train/thermal_power_station/thermal_power_station_399.tif
train	thermal_power_station	43	thermal_power_station_415.tif	thermal_power_station/thermal_power_station_415.tif	NWPU45_20/train/thermal_power_station/thermal_power_station_415.tif
train	thermal_power_station	43	thermal_power_station_416.tif	thermal_power_station/thermal_power_station_416.tif	NWPU45_20/train/thermal_power_station/thermal_power_station_416.tif
train	thermal_power_station	43	thermal_power_station_417.tif	thermal_power_station/thermal_power_station_417.tif	NWPU45_20/train/thermal_power_station/thermal_power_station_417.tif
train	thermal_power_station	43	thermal_power_station_418.tif	thermal_power_station/thermal_power_station_418.tif	NWPU45_20/train/thermal_power_station/thermal_power_station_418.tif
train	thermal_power_station	43	thermal_power_station_420.tif	thermal_power_station/thermal_power_station_420.tif	NWPU45_20/train/thermal_power_station/thermal_power_station_420.tif
train	thermal_power_station	43	thermal_power_station_421.tif	thermal_power_station/thermal_power_station_421.tif	NWPU45_20/train/thermal_power_station/thermal_power_station_421.tif
train	thermal_power_station	43	thermal_power_station_427.tif	thermal_power_station/thermal_power_station_427.tif	NWPU45_20/train/thermal_power_station/thermal_power_station_427.tif
train	thermal_power_station	43	thermal_power_station_454.tif	thermal_power_station/thermal_power_station_454.tif	NWPU45_20/train/thermal_power_station/thermal_power_station_454.tif
train	thermal_power_station	43	thermal_power_station_455.tif	thermal_power_station/thermal_power_station_455.tif	NWPU45_20/train/thermal_power_station/thermal_power_station_455.tif
train	thermal_power_station	43	thermal_power_station_459.tif	thermal_power_station/thermal_power_station_459.tif	NWPU45_20/train/thermal_power_station/thermal_power_station_459.tif
train	thermal_power_station	43	thermal_power_station_468.tif	thermal_power_station/thermal_power_station_468.tif	NWPU45_20/train/thermal_power_station/thermal_power_station_468.tif
train	thermal_power_station	43	thermal_power_station_473.tif	thermal_power_station/thermal_power_station_473.tif	NWPU45_20/train/thermal_power_station/thermal_power_station_473.tif
train	thermal_power_station	43	thermal_power_station_476.tif	thermal_power_station/thermal_power_station_476.tif	NWPU45_20/train/thermal_power_station/thermal_power_station_476.tif
train	thermal_power_station	43	thermal_power_station_478.tif	thermal_power_station/thermal_power_station_478.tif	NWPU45_20/train/thermal_power_station/thermal_power_station_478.tif
train	thermal_power_station	43	thermal_power_station_491.tif	thermal_power_station/thermal_power_station_491.tif	NWPU45_20/train/thermal_power_station/thermal_power_station_491.tif
train	thermal_power_station	43	thermal_power_station_497.tif	thermal_power_station/thermal_power_station_497.tif	NWPU45_20/train/thermal_power_station/thermal_power_station_497.tif
train	thermal_power_station	43	thermal_power_station_505.tif	thermal_power_station/thermal_power_station_505.tif	NWPU45_20/train/thermal_power_station/thermal_power_station_505.tif
train	thermal_power_station	43	thermal_power_station_508.tif	thermal_power_station/thermal_power_station_508.tif	NWPU45_20/train/thermal_power_station/thermal_power_station_508.tif
train	thermal_power_station	43	thermal_power_station_509.tif	thermal_power_station/thermal_power_station_509.tif	NWPU45_20/train/thermal_power_station/thermal_power_station_509.tif
train	thermal_power_station	43	thermal_power_station_516.tif	thermal_power_station/thermal_power_station_516.tif	NWPU45_20/train/thermal_power_station/thermal_power_station_516.tif
train	thermal_power_station	43	thermal_power_station_521.tif	thermal_power_station/thermal_power_station_521.tif	NWPU45_20/train/thermal_power_station/thermal_power_station_521.tif
train	thermal_power_station	43	thermal_power_station_523.tif	thermal_power_station/thermal_power_station_523.tif	NWPU45_20/train/thermal_power_station/thermal_power_station_523.tif
train	thermal_power_station	43	thermal_power_station_527.tif	thermal_power_station/thermal_power_station_527.tif	NWPU45_20/train/thermal_power_station/thermal_power_station_527.tif
train	thermal_power_station	43	thermal_power_station_537.tif	thermal_power_station/thermal_power_station_537.tif	NWPU45_20/train/thermal_power_station/thermal_power_station_537.tif
train	thermal_power_station	43	thermal_power_station_539.tif	thermal_power_station/thermal_power_station_539.tif	NWPU45_20/train/thermal_power_station/thermal_power_station_539.tif
train	thermal_power_station	43	thermal_power_station_543.tif	thermal_power_station/thermal_power_station_543.tif	NWPU45_20/train/thermal_power_station/thermal_power_station_543.tif
train	thermal_power_station	43	thermal_power_station_558.tif	thermal_power_station/thermal_power_station_558.tif	NWPU45_20/train/thermal_power_station/thermal_power_station_558.tif
train	thermal_power_station	43	thermal_power_station_560.tif	thermal_power_station/thermal_power_station_560.tif	NWPU45_20/train/thermal_power_station/thermal_power_station_560.tif
train	thermal_power_station	43	thermal_power_station_563.tif	thermal_power_station/thermal_power_station_563.tif	NWPU45_20/train/thermal_power_station/thermal_power_station_563.tif
train	thermal_power_station	43	thermal_power_station_570.tif	thermal_power_station/thermal_power_station_570.tif	NWPU45_20/train/thermal_power_station/thermal_power_station_570.tif
train	thermal_power_station	43	thermal_power_station_572.tif	thermal_power_station/thermal_power_station_572.tif	NWPU45_20/train/thermal_power_station/thermal_power_station_572.tif
train	thermal_power_station	43	thermal_power_station_574.tif	thermal_power_station/thermal_power_station_574.tif	NWPU45_20/train/thermal_power_station/thermal_power_station_574.tif
train	thermal_power_station	43	thermal_power_station_579.tif	thermal_power_station/thermal_power_station_579.tif	NWPU45_20/train/thermal_power_station/thermal_power_station_579.tif
train	thermal_power_station	43	thermal_power_station_582.tif	thermal_power_station/thermal_power_station_582.tif	NWPU45_20/train/thermal_power_station/thermal_power_station_582.tif
train	thermal_power_station	43	thermal_power_station_584.tif	thermal_power_station/thermal_power_station_584.tif	NWPU45_20/train/thermal_power_station/thermal_power_station_584.tif
train	thermal_power_station	43	thermal_power_station_587.tif	thermal_power_station/thermal_power_station_587.tif	NWPU45_20/train/thermal_power_station/thermal_power_station_587.tif
train	thermal_power_station	43	thermal_power_station_588.tif	thermal_power_station/thermal_power_station_588.tif	NWPU45_20/train/thermal_power_station/thermal_power_station_588.tif
train	thermal_power_station	43	thermal_power_station_595.tif	thermal_power_station/thermal_power_station_595.tif	NWPU45_20/train/thermal_power_station/thermal_power_station_595.tif
train	thermal_power_station	43	thermal_power_station_621.tif	thermal_power_station/thermal_power_station_621.tif	NWPU45_20/train/thermal_power_station/thermal_power_station_621.tif
train	thermal_power_station	43	thermal_power_station_630.tif	thermal_power_station/thermal_power_station_630.tif	NWPU45_20/train/thermal_power_station/thermal_power_station_630.tif
train	thermal_power_station	43	thermal_power_station_631.tif	thermal_power_station/thermal_power_station_631.tif	NWPU45_20/train/thermal_power_station/thermal_power_station_631.tif
train	thermal_power_station	43	thermal_power_station_635.tif	thermal_power_station/thermal_power_station_635.tif	NWPU45_20/train/thermal_power_station/thermal_power_station_635.tif
train	thermal_power_station	43	thermal_power_station_640.tif	thermal_power_station/thermal_power_station_640.tif	NWPU45_20/train/thermal_power_station/thermal_power_station_640.tif
train	thermal_power_station	43	thermal_power_station_641.tif	thermal_power_station/thermal_power_station_641.tif	NWPU45_20/train/thermal_power_station/thermal_power_station_641.tif
train	thermal_power_station	43	thermal_power_station_643.tif	thermal_power_station/thermal_power_station_643.tif	NWPU45_20/train/thermal_power_station/thermal_power_station_643.tif
train	thermal_power_station	43	thermal_power_station_660.tif	thermal_power_station/thermal_power_station_660.tif	NWPU45_20/train/thermal_power_station/thermal_power_station_660.tif
train	thermal_power_station	43	thermal_power_station_662.tif	thermal_power_station/thermal_power_station_662.tif	NWPU45_20/train/thermal_power_station/thermal_power_station_662.tif
train	thermal_power_station	43	thermal_power_station_673.tif	thermal_power_station/thermal_power_station_673.tif	NWPU45_20/train/thermal_power_station/thermal_power_station_673.tif
train	thermal_power_station	43	thermal_power_station_674.tif	thermal_power_station/thermal_power_station_674.tif	NWPU45_20/train/thermal_power_station/thermal_power_station_674.tif
train	thermal_power_station	43	thermal_power_station_690.tif	thermal_power_station/thermal_power_station_690.tif	NWPU45_20/train/thermal_power_station/thermal_power_station_690.tif
train	thermal_power_station	43	thermal_power_station_695.tif	thermal_power_station/thermal_power_station_695.tif	NWPU45_20/train/thermal_power_station/thermal_power_station_695.tif
train	wetland	44	wetland_003.tif	wetland/wetland_003.tif	NWPU45_20/train/wetland/wetland_003.tif
train	wetland	44	wetland_006.tif	wetland/wetland_006.tif	NWPU45_20/train/wetland/wetland_006.tif
train	wetland	44	wetland_009.tif	wetland/wetland_009.tif	NWPU45_20/train/wetland/wetland_009.tif
train	wetland	44	wetland_011.tif	wetland/wetland_011.tif	NWPU45_20/train/wetland/wetland_011.tif
train	wetland	44	wetland_014.tif	wetland/wetland_014.tif	NWPU45_20/train/wetland/wetland_014.tif
train	wetland	44	wetland_015.tif	wetland/wetland_015.tif	NWPU45_20/train/wetland/wetland_015.tif
train	wetland	44	wetland_016.tif	wetland/wetland_016.tif	NWPU45_20/train/wetland/wetland_016.tif
train	wetland	44	wetland_025.tif	wetland/wetland_025.tif	NWPU45_20/train/wetland/wetland_025.tif
train	wetland	44	wetland_029.tif	wetland/wetland_029.tif	NWPU45_20/train/wetland/wetland_029.tif
train	wetland	44	wetland_034.tif	wetland/wetland_034.tif	NWPU45_20/train/wetland/wetland_034.tif
train	wetland	44	wetland_040.tif	wetland/wetland_040.tif	NWPU45_20/train/wetland/wetland_040.tif
train	wetland	44	wetland_041.tif	wetland/wetland_041.tif	NWPU45_20/train/wetland/wetland_041.tif
train	wetland	44	wetland_043.tif	wetland/wetland_043.tif	NWPU45_20/train/wetland/wetland_043.tif
train	wetland	44	wetland_057.tif	wetland/wetland_057.tif	NWPU45_20/train/wetland/wetland_057.tif
train	wetland	44	wetland_059.tif	wetland/wetland_059.tif	NWPU45_20/train/wetland/wetland_059.tif
train	wetland	44	wetland_064.tif	wetland/wetland_064.tif	NWPU45_20/train/wetland/wetland_064.tif
train	wetland	44	wetland_065.tif	wetland/wetland_065.tif	NWPU45_20/train/wetland/wetland_065.tif
train	wetland	44	wetland_070.tif	wetland/wetland_070.tif	NWPU45_20/train/wetland/wetland_070.tif
train	wetland	44	wetland_075.tif	wetland/wetland_075.tif	NWPU45_20/train/wetland/wetland_075.tif
train	wetland	44	wetland_079.tif	wetland/wetland_079.tif	NWPU45_20/train/wetland/wetland_079.tif
train	wetland	44	wetland_087.tif	wetland/wetland_087.tif	NWPU45_20/train/wetland/wetland_087.tif
train	wetland	44	wetland_093.tif	wetland/wetland_093.tif	NWPU45_20/train/wetland/wetland_093.tif
train	wetland	44	wetland_097.tif	wetland/wetland_097.tif	NWPU45_20/train/wetland/wetland_097.tif
train	wetland	44	wetland_101.tif	wetland/wetland_101.tif	NWPU45_20/train/wetland/wetland_101.tif
train	wetland	44	wetland_102.tif	wetland/wetland_102.tif	NWPU45_20/train/wetland/wetland_102.tif
train	wetland	44	wetland_106.tif	wetland/wetland_106.tif	NWPU45_20/train/wetland/wetland_106.tif
train	wetland	44	wetland_107.tif	wetland/wetland_107.tif	NWPU45_20/train/wetland/wetland_107.tif
train	wetland	44	wetland_116.tif	wetland/wetland_116.tif	NWPU45_20/train/wetland/wetland_116.tif
train	wetland	44	wetland_119.tif	wetland/wetland_119.tif	NWPU45_20/train/wetland/wetland_119.tif
train	wetland	44	wetland_133.tif	wetland/wetland_133.tif	NWPU45_20/train/wetland/wetland_133.tif
train	wetland	44	wetland_139.tif	wetland/wetland_139.tif	NWPU45_20/train/wetland/wetland_139.tif
train	wetland	44	wetland_144.tif	wetland/wetland_144.tif	NWPU45_20/train/wetland/wetland_144.tif
train	wetland	44	wetland_150.tif	wetland/wetland_150.tif	NWPU45_20/train/wetland/wetland_150.tif
train	wetland	44	wetland_151.tif	wetland/wetland_151.tif	NWPU45_20/train/wetland/wetland_151.tif
train	wetland	44	wetland_159.tif	wetland/wetland_159.tif	NWPU45_20/train/wetland/wetland_159.tif
train	wetland	44	wetland_173.tif	wetland/wetland_173.tif	NWPU45_20/train/wetland/wetland_173.tif
train	wetland	44	wetland_175.tif	wetland/wetland_175.tif	NWPU45_20/train/wetland/wetland_175.tif
train	wetland	44	wetland_177.tif	wetland/wetland_177.tif	NWPU45_20/train/wetland/wetland_177.tif
train	wetland	44	wetland_178.tif	wetland/wetland_178.tif	NWPU45_20/train/wetland/wetland_178.tif
train	wetland	44	wetland_181.tif	wetland/wetland_181.tif	NWPU45_20/train/wetland/wetland_181.tif
train	wetland	44	wetland_186.tif	wetland/wetland_186.tif	NWPU45_20/train/wetland/wetland_186.tif
train	wetland	44	wetland_191.tif	wetland/wetland_191.tif	NWPU45_20/train/wetland/wetland_191.tif
train	wetland	44	wetland_193.tif	wetland/wetland_193.tif	NWPU45_20/train/wetland/wetland_193.tif
train	wetland	44	wetland_194.tif	wetland/wetland_194.tif	NWPU45_20/train/wetland/wetland_194.tif
train	wetland	44	wetland_199.tif	wetland/wetland_199.tif	NWPU45_20/train/wetland/wetland_199.tif
train	wetland	44	wetland_201.tif	wetland/wetland_201.tif	NWPU45_20/train/wetland/wetland_201.tif
train	wetland	44	wetland_205.tif	wetland/wetland_205.tif	NWPU45_20/train/wetland/wetland_205.tif
train	wetland	44	wetland_208.tif	wetland/wetland_208.tif	NWPU45_20/train/wetland/wetland_208.tif
train	wetland	44	wetland_210.tif	wetland/wetland_210.tif	NWPU45_20/train/wetland/wetland_210.tif
train	wetland	44	wetland_213.tif	wetland/wetland_213.tif	NWPU45_20/train/wetland/wetland_213.tif
train	wetland	44	wetland_228.tif	wetland/wetland_228.tif	NWPU45_20/train/wetland/wetland_228.tif
train	wetland	44	wetland_242.tif	wetland/wetland_242.tif	NWPU45_20/train/wetland/wetland_242.tif
train	wetland	44	wetland_244.tif	wetland/wetland_244.tif	NWPU45_20/train/wetland/wetland_244.tif
train	wetland	44	wetland_256.tif	wetland/wetland_256.tif	NWPU45_20/train/wetland/wetland_256.tif
train	wetland	44	wetland_257.tif	wetland/wetland_257.tif	NWPU45_20/train/wetland/wetland_257.tif
train	wetland	44	wetland_266.tif	wetland/wetland_266.tif	NWPU45_20/train/wetland/wetland_266.tif
train	wetland	44	wetland_267.tif	wetland/wetland_267.tif	NWPU45_20/train/wetland/wetland_267.tif
train	wetland	44	wetland_269.tif	wetland/wetland_269.tif	NWPU45_20/train/wetland/wetland_269.tif
train	wetland	44	wetland_273.tif	wetland/wetland_273.tif	NWPU45_20/train/wetland/wetland_273.tif
train	wetland	44	wetland_281.tif	wetland/wetland_281.tif	NWPU45_20/train/wetland/wetland_281.tif
train	wetland	44	wetland_294.tif	wetland/wetland_294.tif	NWPU45_20/train/wetland/wetland_294.tif
train	wetland	44	wetland_308.tif	wetland/wetland_308.tif	NWPU45_20/train/wetland/wetland_308.tif
train	wetland	44	wetland_309.tif	wetland/wetland_309.tif	NWPU45_20/train/wetland/wetland_309.tif
train	wetland	44	wetland_311.tif	wetland/wetland_311.tif	NWPU45_20/train/wetland/wetland_311.tif
train	wetland	44	wetland_312.tif	wetland/wetland_312.tif	NWPU45_20/train/wetland/wetland_312.tif
train	wetland	44	wetland_313.tif	wetland/wetland_313.tif	NWPU45_20/train/wetland/wetland_313.tif
train	wetland	44	wetland_316.tif	wetland/wetland_316.tif	NWPU45_20/train/wetland/wetland_316.tif
train	wetland	44	wetland_317.tif	wetland/wetland_317.tif	NWPU45_20/train/wetland/wetland_317.tif
train	wetland	44	wetland_322.tif	wetland/wetland_322.tif	NWPU45_20/train/wetland/wetland_322.tif
train	wetland	44	wetland_325.tif	wetland/wetland_325.tif	NWPU45_20/train/wetland/wetland_325.tif
train	wetland	44	wetland_327.tif	wetland/wetland_327.tif	NWPU45_20/train/wetland/wetland_327.tif
train	wetland	44	wetland_329.tif	wetland/wetland_329.tif	NWPU45_20/train/wetland/wetland_329.tif
train	wetland	44	wetland_336.tif	wetland/wetland_336.tif	NWPU45_20/train/wetland/wetland_336.tif
train	wetland	44	wetland_342.tif	wetland/wetland_342.tif	NWPU45_20/train/wetland/wetland_342.tif
train	wetland	44	wetland_348.tif	wetland/wetland_348.tif	NWPU45_20/train/wetland/wetland_348.tif
train	wetland	44	wetland_351.tif	wetland/wetland_351.tif	NWPU45_20/train/wetland/wetland_351.tif
train	wetland	44	wetland_354.tif	wetland/wetland_354.tif	NWPU45_20/train/wetland/wetland_354.tif
train	wetland	44	wetland_360.tif	wetland/wetland_360.tif	NWPU45_20/train/wetland/wetland_360.tif
train	wetland	44	wetland_365.tif	wetland/wetland_365.tif	NWPU45_20/train/wetland/wetland_365.tif
train	wetland	44	wetland_366.tif	wetland/wetland_366.tif	NWPU45_20/train/wetland/wetland_366.tif
train	wetland	44	wetland_367.tif	wetland/wetland_367.tif	NWPU45_20/train/wetland/wetland_367.tif
train	wetland	44	wetland_376.tif	wetland/wetland_376.tif	NWPU45_20/train/wetland/wetland_376.tif
train	wetland	44	wetland_379.tif	wetland/wetland_379.tif	NWPU45_20/train/wetland/wetland_379.tif
train	wetland	44	wetland_381.tif	wetland/wetland_381.tif	NWPU45_20/train/wetland/wetland_381.tif
train	wetland	44	wetland_385.tif	wetland/wetland_385.tif	NWPU45_20/train/wetland/wetland_385.tif
train	wetland	44	wetland_387.tif	wetland/wetland_387.tif	NWPU45_20/train/wetland/wetland_387.tif
train	wetland	44	wetland_396.tif	wetland/wetland_396.tif	NWPU45_20/train/wetland/wetland_396.tif
train	wetland	44	wetland_397.tif	wetland/wetland_397.tif	NWPU45_20/train/wetland/wetland_397.tif
train	wetland	44	wetland_399.tif	wetland/wetland_399.tif	NWPU45_20/train/wetland/wetland_399.tif
train	wetland	44	wetland_415.tif	wetland/wetland_415.tif	NWPU45_20/train/wetland/wetland_415.tif
train	wetland	44	wetland_416.tif	wetland/wetland_416.tif	NWPU45_20/train/wetland/wetland_416.tif
train	wetland	44	wetland_417.tif	wetland/wetland_417.tif	NWPU45_20/train/wetland/wetland_417.tif
train	wetland	44	wetland_418.tif	wetland/wetland_418.tif	NWPU45_20/train/wetland/wetland_418.tif
train	wetland	44	wetland_420.tif	wetland/wetland_420.tif	NWPU45_20/train/wetland/wetland_420.tif
train	wetland	44	wetland_421.tif	wetland/wetland_421.tif	NWPU45_20/train/wetland/wetland_421.tif
train	wetland	44	wetland_427.tif	wetland/wetland_427.tif	NWPU45_20/train/wetland/wetland_427.tif
train	wetland	44	wetland_454.tif	wetland/wetland_454.tif	NWPU45_20/train/wetland/wetland_454.tif
train	wetland	44	wetland_455.tif	wetland/wetland_455.tif	NWPU45_20/train/wetland/wetland_455.tif
train	wetland	44	wetland_459.tif	wetland/wetland_459.tif	NWPU45_20/train/wetland/wetland_459.tif
train	wetland	44	wetland_468.tif	wetland/wetland_468.tif	NWPU45_20/train/wetland/wetland_468.tif
train	wetland	44	wetland_473.tif	wetland/wetland_473.tif	NWPU45_20/train/wetland/wetland_473.tif
train	wetland	44	wetland_476.tif	wetland/wetland_476.tif	NWPU45_20/train/wetland/wetland_476.tif
train	wetland	44	wetland_478.tif	wetland/wetland_478.tif	NWPU45_20/train/wetland/wetland_478.tif
train	wetland	44	wetland_491.tif	wetland/wetland_491.tif	NWPU45_20/train/wetland/wetland_491.tif
train	wetland	44	wetland_497.tif	wetland/wetland_497.tif	NWPU45_20/train/wetland/wetland_497.tif
train	wetland	44	wetland_505.tif	wetland/wetland_505.tif	NWPU45_20/train/wetland/wetland_505.tif
train	wetland	44	wetland_508.tif	wetland/wetland_508.tif	NWPU45_20/train/wetland/wetland_508.tif
train	wetland	44	wetland_509.tif	wetland/wetland_509.tif	NWPU45_20/train/wetland/wetland_509.tif
train	wetland	44	wetland_516.tif	wetland/wetland_516.tif	NWPU45_20/train/wetland/wetland_516.tif
train	wetland	44	wetland_521.tif	wetland/wetland_521.tif	NWPU45_20/train/wetland/wetland_521.tif
train	wetland	44	wetland_523.tif	wetland/wetland_523.tif	NWPU45_20/train/wetland/wetland_523.tif
train	wetland	44	wetland_527.tif	wetland/wetland_527.tif	NWPU45_20/train/wetland/wetland_527.tif
train	wetland	44	wetland_537.tif	wetland/wetland_537.tif	NWPU45_20/train/wetland/wetland_537.tif
train	wetland	44	wetland_539.tif	wetland/wetland_539.tif	NWPU45_20/train/wetland/wetland_539.tif
train	wetland	44	wetland_543.tif	wetland/wetland_543.tif	NWPU45_20/train/wetland/wetland_543.tif
train	wetland	44	wetland_558.tif	wetland/wetland_558.tif	NWPU45_20/train/wetland/wetland_558.tif
train	wetland	44	wetland_560.tif	wetland/wetland_560.tif	NWPU45_20/train/wetland/wetland_560.tif
train	wetland	44	wetland_563.tif	wetland/wetland_563.tif	NWPU45_20/train/wetland/wetland_563.tif
train	wetland	44	wetland_570.tif	wetland/wetland_570.tif	NWPU45_20/train/wetland/wetland_570.tif
train	wetland	44	wetland_572.tif	wetland/wetland_572.tif	NWPU45_20/train/wetland/wetland_572.tif
train	wetland	44	wetland_574.tif	wetland/wetland_574.tif	NWPU45_20/train/wetland/wetland_574.tif
train	wetland	44	wetland_579.tif	wetland/wetland_579.tif	NWPU45_20/train/wetland/wetland_579.tif
train	wetland	44	wetland_582.tif	wetland/wetland_582.tif	NWPU45_20/train/wetland/wetland_582.tif
train	wetland	44	wetland_584.tif	wetland/wetland_584.tif	NWPU45_20/train/wetland/wetland_584.tif
train	wetland	44	wetland_587.tif	wetland/wetland_587.tif	NWPU45_20/train/wetland/wetland_587.tif
train	wetland	44	wetland_588.tif	wetland/wetland_588.tif	NWPU45_20/train/wetland/wetland_588.tif
train	wetland	44	wetland_595.tif	wetland/wetland_595.tif	NWPU45_20/train/wetland/wetland_595.tif
train	wetland	44	wetland_621.tif	wetland/wetland_621.tif	NWPU45_20/train/wetland/wetland_621.tif
train	wetland	44	wetland_630.tif	wetland/wetland_630.tif	NWPU45_20/train/wetland/wetland_630.tif
train	wetland	44	wetland_631.tif	wetland/wetland_631.tif	NWPU45_20/train/wetland/wetland_631.tif
train	wetland	44	wetland_635.tif	wetland/wetland_635.tif	NWPU45_20/train/wetland/wetland_635.tif
train	wetland	44	wetland_640.tif	wetland/wetland_640.tif	NWPU45_20/train/wetland/wetland_640.tif
train	wetland	44	wetland_641.tif	wetland/wetland_641.tif	NWPU45_20/train/wetland/wetland_641.tif
train	wetland	44	wetland_643.tif	wetland/wetland_643.tif	NWPU45_20/train/wetland/wetland_643.tif
train	wetland	44	wetland_660.tif	wetland/wetland_660.tif	NWPU45_20/train/wetland/wetland_660.tif
train	wetland	44	wetland_662.tif	wetland/wetland_662.tif	NWPU45_20/train/wetland/wetland_662.tif
train	wetland	44	wetland_673.tif	wetland/wetland_673.tif	NWPU45_20/train/wetland/wetland_673.tif
train	wetland	44	wetland_674.tif	wetland/wetland_674.tif	NWPU45_20/train/wetland/wetland_674.tif
train	wetland	44	wetland_690.tif	wetland/wetland_690.tif	NWPU45_20/train/wetland/wetland_690.tif
train	wetland	44	wetland_695.tif	wetland/wetland_695.tif	NWPU45_20/train/wetland/wetland_695.tif
